{"status":{"timestamp":"2020-04-25T06:00:03.026Z","error_code":0,"error_message":null,"elapsed":890,"credit_count":1,"notice":null},"data":[{"id":825,"name":"Tether","symbol":"USDT","slug":"tether","num_market_pairs":4685,"date_added":"2015-02-25T00:00:00.000Z","tags":[],"max_supply":null,"circulating_supply":6361032509,"total_supply":6998318752.17,"platform":{"id":1027,"name":"Ethereum","symbol":"ETH","slug":"ethereum","token_address":"31"},"cmc_rank":4,"last_updated":"2020-04-25T05:58:31.000Z","quote":{"USD":{"price":1.00358802043,"volume_24h":44307684937.9405,"percent_change_1h":-0.300283,"percent_change_24h":-0.135668,"percent_change_7d":-0.253994,"market_cap":6383856023.5981865,"last_updated":"2020-04-25T05:58:31.000Z"}}},{"id":1,"name":"Bitcoin","symbol":"BTC","slug":"bitcoin","num_market_pairs":7955,"date_added":"2013-04-28T00:00:00.000Z","tags":["mineable"],"max_supply":21000000,"circulating_supply":18344175,"total_supply":18344175,"platform":null,"cmc_rank":1,"last_updated":"2020-04-25T05:58:45.000Z","quote":{"USD":{"price":7572.35900493,"volume_24h":34177129919.1198,"percent_change_1h":0.108863,"percent_change_24h":0.34467,"percent_change_7d":6.11481,"market_cap":138908678749.26178,"last_updated":"2020-04-25T05:58:45.000Z"}}},{"id":1027,"name":"Ethereum","symbol":"ETH","slug":"ethereum","num_market_pairs":5179,"date_added":"2015-08-07T00:00:00.000Z","tags":["mineable"],"max_supply":null,"circulating_supply":110660535.9365,"total_supply":110660535.9365,"platform":null,"cmc_rank":2,"last_updated":"2020-04-25T05:58:32.000Z","quote":{"USD":{"price":193.908029881,"volume_24h":16859874632.1276,"percent_change_1h":2.29153,"percent_change_24h":2.47558,"percent_change_7d":11.6808,"market_cap":21457966509.022316,"last_updated":"2020-04-25T05:58:32.000Z"}}},{"id":2,"name":"Litecoin","symbol":"LTC","slug":"litecoin","num_market_pairs":600,"date_added":"2013-04-28T00:00:00.000Z","tags":["mineable"],"max_supply":84000000,"circulating_supply":64586355.7265572,"total_supply":64586355.7265572,"platform":null,"cmc_rank":7,"last_updated":"2020-04-25T05:58:07.000Z","quote":{"USD":{"price":45.3606199816,"volume_24h":4799512727.46723,"percent_change_1h":0.704225,"percent_change_24h":3.65044,"percent_change_7d":5.63049,"market_cap":2929677138.1087966,"last_updated":"2020-04-25T05:58:07.000Z"}}},{"id":1831,"name":"Bitcoin Cash","symbol":"BCH","slug":"bitcoin-cash","num_market_pairs":473,"date_added":"2017-07-23T00:00:00.000Z","tags":["mineable"],"max_supply":21000000,"circulating_supply":18389662.5,"total_supply":18389662.5,"platform":null,"cmc_rank":5,"last_updated":"2020-04-25T05:58:09.000Z","quote":{"USD":{"price":242.081255796,"volume_24h":3205936278.87856,"percent_change_1h":0.660619,"percent_change_24h":0.706706,"percent_change_7d":2.67734,"market_cap":4451792591.664609,"last_updated":"2020-04-25T05:58:09.000Z"}}},{"id":1765,"name":"EOS","symbol":"EOS","slug":"eos","num_market_pairs":378,"date_added":"2017-07-01T00:00:00.000Z","tags":[],"max_supply":null,"circulating_supply":922079673.6436,"total_supply":1018779685.6432,"platform":null,"cmc_rank":9,"last_updated":"2020-04-25T05:58:09.000Z","quote":{"USD":{"price":2.73190139775,"volume_24h":2952808235.68607,"percent_change_1h":0.626358,"percent_change_24h":0.536313,"percent_change_7d":2.68332,"market_cap":2519030749.263815,"last_updated":"2020-04-25T05:58:09.000Z"}}},{"id":3602,"name":"Bitcoin SV","symbol":"BSV","slug":"bitcoin-sv","num_market_pairs":183,"date_added":"2018-11-09T00:00:00.000Z","tags":["mineable"],"max_supply":21000000,"circulating_supply":18388133.3319233,"total_supply":18388133.3319233,"platform":null,"cmc_rank":6,"last_updated":"2020-04-25T05:58:19.000Z","quote":{"USD":{"price":196.118869121,"volume_24h":1848895530.80627,"percent_change_1h":1.15738,"percent_change_24h":-0.238331,"percent_change_7d":0.509117,"market_cap":3606259914.302963,"last_updated":"2020-04-25T05:58:19.000Z"}}},{"id":52,"name":"XRP","symbol":"XRP","slug":"xrp","num_market_pairs":545,"date_added":"2013-08-04T00:00:00.000Z","tags":[],"max_supply":100000000000,"circulating_supply":44089620959,"total_supply":99990980257,"platform":null,"cmc_rank":3,"last_updated":"2020-04-25T05:58:07.000Z","quote":{"USD":{"price":0.195541974304,"volume_24h":1783579234.47629,"percent_change_1h":0.594137,"percent_change_24h":-0.0531759,"percent_change_7d":2.3502,"market_cap":8621371528.637878,"last_updated":"2020-04-25T05:58:07.000Z"}}},{"id":1321,"name":"Ethereum Classic","symbol":"ETC","slug":"ethereum-classic","num_market_pairs":246,"date_added":"2016-07-24T00:00:00.000Z","tags":["mineable"],"max_supply":210700000,"circulating_supply":116313299,"total_supply":116313299,"platform":null,"cmc_rank":21,"last_updated":"2020-04-25T05:58:07.000Z","quote":{"USD":{"price":5.69756068901,"volume_24h":1684817173.4769,"percent_change_1h":1.01342,"percent_change_24h":1.04093,"percent_change_7d":3.87708,"market_cap":662702079.9914662,"last_updated":"2020-04-25T05:58:07.000Z"}}},{"id":1958,"name":"TRON","symbol":"TRX","slug":"tron","num_market_pairs":337,"date_added":"2017-09-13T00:00:00.000Z","tags":["mineable"],"max_supply":null,"circulating_supply":66682072191.4,"total_supply":99281283754.3,"platform":null,"cmc_rank":16,"last_updated":"2020-04-25T05:58:09.000Z","quote":{"USD":{"price":0.0141775037331,"volume_24h":1494224912.40973,"percent_change_1h":0.413246,"percent_change_24h":-0.26203,"percent_change_7d":8.45326,"market_cap":945385327.4244173,"last_updated":"2020-04-25T05:58:09.000Z"}}},{"id":131,"name":"Dash","symbol":"DASH","slug":"dash","num_market_pairs":297,"date_added":"2014-02-14T00:00:00.000Z","tags":["mineable"],"max_supply":18900000,"circulating_supply":9456712.90586949,"total_supply":9456712.90586949,"platform":null,"cmc_rank":18,"last_updated":"2020-04-25T05:58:06.000Z","quote":{"USD":{"price":82.7698438583,"volume_24h":664900546.643831,"percent_change_1h":1.0362,"percent_change_24h":0.48617,"percent_change_7d":5.41984,"market_cap":782730650.6315882,"last_updated":"2020-04-25T05:58:06.000Z"}}},{"id":1437,"name":"Zcash","symbol":"ZEC","slug":"zcash","num_market_pairs":238,"date_added":"2016-10-29T00:00:00.000Z","tags":["mineable"],"max_supply":21000000,"circulating_supply":9014831.25,"total_supply":9014831.25,"platform":null,"cmc_rank":26,"last_updated":"2020-04-25T05:58:08.000Z","quote":{"USD":{"price":44.6506857453,"volume_24h":598465406.428989,"percent_change_1h":0.801998,"percent_change_24h":-0.928567,"percent_change_7d":7.93895,"market_cap":402518397.19066,"last_updated":"2020-04-25T05:58:08.000Z"}}},{"id":1376,"name":"Neo","symbol":"NEO","slug":"neo","num_market_pairs":238,"date_added":"2016-09-08T00:00:00.000Z","tags":[],"max_supply":100000000,"circulating_supply":70538831,"total_supply":100000000,"platform":null,"cmc_rank":23,"last_updated":"2020-04-25T05:58:07.000Z","quote":{"USD":{"price":8.19641494495,"volume_24h":573164764.808611,"percent_change_1h":0.613322,"percent_change_24h":-0.189023,"percent_change_7d":7.38605,"market_cap":578165528.6077024,"last_updated":"2020-04-25T05:58:07.000Z"}}},{"id":2563,"name":"TrueUSD","symbol":"TUSD","slug":"trueusd","num_market_pairs":155,"date_added":"2018-03-06T00:00:00.000Z","tags":[],"max_supply":null,"circulating_supply":131065007.06,"total_supply":131065007.06,"platform":{"id":1027,"name":"Ethereum","symbol":"ETH","slug":"ethereum","token_address":"0x0000000000085d4780B73119b644AE5ecd22b376"},"cmc_rank":44,"last_updated":"2020-04-25T05:58:11.000Z","quote":{"USD":{"price":1.0067213828,"volume_24h":518415525.170548,"percent_change_1h":-0.181243,"percent_change_24h":0.349302,"percent_change_7d":0.226173,"market_cap":131945945.14413495,"last_updated":"2020-04-25T05:58:11.000Z"}}},{"id":3330,"name":"Paxos Standard","symbol":"PAX","slug":"paxos-standard","num_market_pairs":99,"date_added":"2018-09-27T00:00:00.000Z","tags":[],"max_supply":null,"circulating_supply":244951954.494264,"total_supply":249952064.83,"platform":{"id":1027,"name":"Ethereum","symbol":"ETH","slug":"ethereum","token_address":"0x8e870d67f660d95d5be530380d0ec0bd388289e1"},"cmc_rank":34,"last_updated":"2020-04-25T05:58:14.000Z","quote":{"USD":{"price":1.00269048524,"volume_24h":503892500.146397,"percent_change_1h":-0.172567,"percent_change_24h":-0.0756762,"percent_change_7d":-0.19144,"market_cap":245610994.11233997,"last_updated":"2020-04-25T05:58:14.000Z"}}},{"id":512,"name":"Stellar","symbol":"XLM","slug":"stellar","num_market_pairs":296,"date_added":"2014-08-05T00:00:00.000Z","tags":[],"max_supply":null,"circulating_supply":20295869288.7196,"total_supply":50001803873.8717,"platform":null,"cmc_rank":12,"last_updated":"2020-04-25T05:58:07.000Z","quote":{"USD":{"price":0.0628347627765,"volume_24h":495781370.22692,"percent_change_1h":0.576594,"percent_change_24h":-1.55814,"percent_change_7d":27.108,"market_cap":1275286132.099548,"last_updated":"2020-04-25T05:58:07.000Z"}}},{"id":3408,"name":"USD Coin","symbol":"USDC","slug":"usd-coin","num_market_pairs":219,"date_added":"2018-10-08T00:00:00.000Z","tags":[],"max_supply":null,"circulating_supply":750155152.808994,"total_supply":754158121.27,"platform":{"id":1027,"name":"Ethereum","symbol":"ETH","slug":"ethereum","token_address":"0xa0b86991c6218b36c1d19d4a2e9eb0ce3606eb48"},"cmc_rank":20,"last_updated":"2020-04-25T05:58:19.000Z","quote":{"USD":{"price":1.00404990199,"volume_24h":433544532.103166,"percent_change_1h":-0.168092,"percent_change_24h":0.0277644,"percent_change_7d":-0.0848298,"market_cap":753193207.655164,"last_updated":"2020-04-25T05:58:19.000Z"}}},{"id":1684,"name":"Qtum","symbol":"QTUM","slug":"qtum","num_market_pairs":172,"date_added":"2017-05-24T00:00:00.000Z","tags":[],"max_supply":107822406,"circulating_supply":96607300.359,"total_supply":102357300,"platform":null,"cmc_rank":42,"last_updated":"2020-04-25T05:58:07.000Z","quote":{"USD":{"price":1.45017368684,"volume_24h":357918086.906086,"percent_change_1h":1.37389,"percent_change_24h":0.921294,"percent_change_7d":2.95757,"market_cap":140097364.93727028,"last_updated":"2020-04-25T05:58:07.000Z"}}},{"id":1839,"name":"Binance Coin","symbol":"BNB","slug":"binance-coin","num_market_pairs":305,"date_added":"2017-07-25T00:00:00.000Z","tags":[],"max_supply":187536713,"circulating_supply":155536713,"total_supply":187536713,"platform":null,"cmc_rank":8,"last_updated":"2020-04-25T05:58:08.000Z","quote":{"USD":{"price":16.2224588253,"volume_24h":342969895.612518,"percent_change_1h":1.04423,"percent_change_24h":-0.303198,"percent_change_7d":1.45238,"market_cap":2523187922.465003,"last_updated":"2020-04-25T05:58:08.000Z"}}},{"id":2011,"name":"Tezos","symbol":"XTZ","slug":"tezos","num_market_pairs":90,"date_added":"2017-10-06T00:00:00.000Z","tags":[],"max_supply":null,"circulating_supply":708255589.198693,"total_supply":708255589.198693,"platform":null,"cmc_rank":10,"last_updated":"2020-04-25T05:58:08.000Z","quote":{"USD":{"price":2.73949220478,"volume_24h":341444789.639228,"percent_change_1h":0.82642,"percent_change_24h":4.7179,"percent_change_7d":28.3554,"market_cap":1940260665.6016855,"last_updated":"2020-04-25T05:58:08.000Z"}}},{"id":1975,"name":"Chainlink","symbol":"LINK","slug":"chainlink","num_market_pairs":170,"date_added":"2017-09-20T00:00:00.000Z","tags":[],"max_supply":null,"circulating_supply":350000000,"total_supply":1000000000,"platform":{"id":1027,"name":"Ethereum","symbol":"ETH","slug":"ethereum","token_address":"0x514910771af9ca656af840dff83e8264ecf986ca"},"cmc_rank":11,"last_updated":"2020-04-25T05:58:09.000Z","quote":{"USD":{"price":3.83933691532,"volume_24h":329202097.084975,"percent_change_1h":0.754573,"percent_change_24h":-0.560646,"percent_change_7d":8.34862,"market_cap":1343767920.362,"last_updated":"2020-04-25T05:58:09.000Z"}}},{"id":3794,"name":"Cosmos","symbol":"ATOM","slug":"cosmos","num_market_pairs":121,"date_added":"2019-03-14T00:00:00.000Z","tags":[],"max_supply":null,"circulating_supply":190688439.2,"total_supply":237928230.821588,"platform":null,"cmc_rank":24,"last_updated":"2020-04-25T05:58:18.000Z","quote":{"USD":{"price":2.77528590226,"volume_24h":261569932.686372,"percent_change_1h":1.63686,"percent_change_24h":12.2295,"percent_change_7d":14.9264,"market_cap":529214937.0357231,"last_updated":"2020-04-25T05:58:18.000Z"}}},{"id":2319,"name":"QCash","symbol":"QC","slug":"qcash","num_market_pairs":91,"date_added":"2019-12-12T00:00:00.000Z","tags":[],"max_supply":10000000000,"circulating_supply":460000200,"total_supply":10000000000,"platform":{"id":1684,"name":"Qtum","symbol":"QTUM","slug":"qtum","token_address":"f2033ede578e17fa6231047265010445bca8cf1c"},"cmc_rank":221,"last_updated":"2020-04-25T05:58:10.000Z","quote":{"USD":{"price":0.140363258568,"volume_24h":253926182.732617,"percent_change_1h":-0.270131,"percent_change_24h":-0.172709,"percent_change_7d":0.102906,"market_cap":64567127.013931714,"last_updated":"2020-04-25T05:58:10.000Z"}}},{"id":74,"name":"Dogecoin","symbol":"DOGE","slug":"dogecoin","num_market_pairs":239,"date_added":"2013-12-15T00:00:00.000Z","tags":["mineable"],"max_supply":null,"circulating_supply":124288752342.721,"total_supply":124288752342.721,"platform":null,"cmc_rank":32,"last_updated":"2020-04-25T05:58:06.000Z","quote":{"USD":{"price":0.00209898471832,"volume_24h":217303997.089559,"percent_change_1h":0.0292324,"percent_change_24h":0.946558,"percent_change_7d":4.08788,"market_cap":260880191.8264305,"last_updated":"2020-04-25T05:58:06.000Z"}}},{"id":2502,"name":"Huobi Token","symbol":"HT","slug":"huobi-token","num_market_pairs":136,"date_added":"2018-02-03T00:00:00.000Z","tags":[],"max_supply":null,"circulating_supply":222668092.971921,"total_supply":500000000,"platform":{"id":1027,"name":"Ethereum","symbol":"ETH","slug":"ethereum","token_address":"0x6f259637dcd74c767781e37bc6133cd6a68aa161"},"cmc_rank":17,"last_updated":"2020-04-25T05:58:10.000Z","quote":{"USD":{"price":3.98736721729,"volume_24h":208919546.297661,"percent_change_1h":0.139017,"percent_change_24h":0.143646,"percent_change_7d":3.68961,"market_cap":887859454.2527196,"last_updated":"2020-04-25T05:58:10.000Z"}}},{"id":3077,"name":"VeChain","symbol":"VET","slug":"vechain","num_market_pairs":98,"date_added":"2017-08-22T00:00:00.000Z","tags":[],"max_supply":null,"circulating_supply":55454734800,"total_supply":86712634466,"platform":null,"cmc_rank":35,"last_updated":"2020-04-25T05:58:13.000Z","quote":{"USD":{"price":0.00419808356226,"volume_24h":157164670.160071,"percent_change_1h":1.32814,"percent_change_24h":3.94743,"percent_change_7d":8.68664,"market_cap":232803610.6133676,"last_updated":"2020-04-25T05:58:13.000Z"}}},{"id":2010,"name":"Cardano","symbol":"ADA","slug":"cardano","num_market_pairs":131,"date_added":"2017-10-01T00:00:00.000Z","tags":["mineable"],"max_supply":45000000000,"circulating_supply":25927070538,"total_supply":31112483745,"platform":null,"cmc_rank":13,"last_updated":"2020-04-25T05:58:08.000Z","quote":{"USD":{"price":0.0428467868842,"volume_24h":153886784.576577,"percent_change_1h":0.783839,"percent_change_24h":-1.29309,"percent_change_7d":22.0066,"market_cap":1110891665.8733068,"last_updated":"2020-04-25T05:58:08.000Z"}}},{"id":3897,"name":"OKB","symbol":"OKB","slug":"okb","num_market_pairs":50,"date_added":"2019-04-30T00:00:00.000Z","tags":[],"max_supply":null,"circulating_supply":60000000,"total_supply":300000000,"platform":{"id":1027,"name":"Ethereum","symbol":"ETH","slug":"ethereum","token_address":"0x75231f58b43240c9718dd58b4967c5114342a86c"},"cmc_rank":30,"last_updated":"2020-04-25T05:58:18.000Z","quote":{"USD":{"price":4.94910518588,"volume_24h":142080891.183443,"percent_change_1h":-0.00559148,"percent_change_24h":-0.0885085,"percent_change_7d":4.46334,"market_cap":296946311.15279996,"last_updated":"2020-04-25T05:58:18.000Z"}}},{"id":2566,"name":"Ontology","symbol":"ONT","slug":"ontology","num_market_pairs":119,"date_added":"2018-03-08T00:00:00.000Z","tags":[],"max_supply":null,"circulating_supply":656746573,"total_supply":1000000000,"platform":null,"cmc_rank":29,"last_updated":"2020-04-25T05:58:11.000Z","quote":{"USD":{"price":0.471715618446,"volume_24h":126212196.290003,"percent_change_1h":2.17242,"percent_change_24h":6.57489,"percent_change_7d":13.5267,"market_cap":309797615.8449861,"last_updated":"2020-04-25T05:58:11.000Z"}}},{"id":328,"name":"Monero","symbol":"XMR","slug":"monero","num_market_pairs":146,"date_added":"2014-05-21T00:00:00.000Z","tags":["mineable"],"max_supply":null,"circulating_supply":17535990.4490881,"total_supply":17535990.4490881,"platform":null,"cmc_rank":14,"last_updated":"2020-04-25T05:58:06.000Z","quote":{"USD":{"price":61.402385254,"volume_24h":111753792.019517,"percent_change_1h":0.455655,"percent_change_24h":1.36072,"percent_change_7d":7.76748,"market_cap":1076751641.365372,"last_updated":"2020-04-25T05:58:06.000Z"}}},{"id":1168,"name":"Decred","symbol":"DCR","slug":"decred","num_market_pairs":49,"date_added":"2016-02-10T00:00:00.000Z","tags":["mineable"],"max_supply":21000000,"circulating_supply":11403620.3640393,"total_supply":11403620.3640393,"platform":null,"cmc_rank":41,"last_updated":"2020-04-25T05:58:06.000Z","quote":{"USD":{"price":12.5951767537,"volume_24h":90073410.8087401,"percent_change_1h":0.517083,"percent_change_24h":0.161385,"percent_change_7d":1.14953,"market_cap":143630614.11716774,"last_updated":"2020-04-25T05:58:06.000Z"}}},{"id":1808,"name":"OmiseGO","symbol":"OMG","slug":"omisego","num_market_pairs":209,"date_added":"2017-07-14T00:00:00.000Z","tags":[],"max_supply":null,"circulating_supply":140245398.245133,"total_supply":140245398.245133,"platform":{"id":1027,"name":"Ethereum","symbol":"ETH","slug":"ethereum","token_address":"0xd26114cd6EE289AccF82350c8d8487fedB8A0C07"},"cmc_rank":57,"last_updated":"2020-04-25T05:58:08.000Z","quote":{"USD":{"price":0.627460115006,"volume_24h":84736830.4462614,"percent_change_1h":0.608238,"percent_change_24h":2.04934,"percent_change_7d":8.38862,"market_cap":87998393.71195343,"last_updated":"2020-04-25T05:58:08.000Z"}}},{"id":1697,"name":"Basic Attention Token","symbol":"BAT","slug":"basic-attention-token","num_market_pairs":183,"date_added":"2017-06-01T00:00:00.000Z","tags":[],"max_supply":null,"circulating_supply":1457527137.0863,"total_supply":1500000000,"platform":{"id":1027,"name":"Ethereum","symbol":"ETH","slug":"ethereum","token_address":"0x0d8775f648430679a709e98d2b0cb6250d2887ef"},"cmc_rank":33,"last_updated":"2020-04-25T05:58:08.000Z","quote":{"USD":{"price":0.178301484222,"volume_24h":84661859.0481775,"percent_change_1h":0.195892,"percent_change_24h":4.02878,"percent_change_7d":6.16018,"market_cap":259879251.83632976,"last_updated":"2020-04-25T05:58:08.000Z"}}},{"id":4687,"name":"Binance USD","symbol":"BUSD","slug":"binance-usd","num_market_pairs":61,"date_added":"2019-09-20T00:00:00.000Z","tags":[],"max_supply":null,"circulating_supply":180220082.66,"total_supply":180220082.66,"platform":{"id":1027,"name":"Ethereum","symbol":"ETH","slug":"ethereum","token_address":"0x4Fabb145d64652a948d72533023f6E7A623C7C53"},"cmc_rank":36,"last_updated":"2020-04-25T05:58:19.000Z","quote":{"USD":{"price":1.00221961422,"volume_24h":71816894.7552787,"percent_change_1h":-0.27779,"percent_change_24h":-0.123924,"percent_change_7d":-0.251281,"market_cap":180620101.7182017,"last_updated":"2020-04-25T05:58:19.000Z"}}},{"id":3702,"name":"Beam","symbol":"BEAM","slug":"beam","num_market_pairs":32,"date_added":"2019-01-17T00:00:00.000Z","tags":["mineable"],"max_supply":262800000,"circulating_supply":60260600,"total_supply":60260600,"platform":null,"cmc_rank":156,"last_updated":"2020-04-25T05:58:17.000Z","quote":{"USD":{"price":0.2890042318,"volume_24h":70373547.3382021,"percent_change_1h":0.441174,"percent_change_24h":3.64494,"percent_change_7d":4.65499,"market_cap":17415568.41080708,"last_updated":"2020-04-25T05:58:17.000Z"}}},{"id":4030,"name":"Algorand","symbol":"ALGO","slug":"algorand","num_market_pairs":77,"date_added":"2019-06-20T00:00:00.000Z","tags":["mineable"],"max_supply":null,"circulating_supply":708287644.491192,"total_supply":3239559487.49119,"platform":null,"cmc_rank":39,"last_updated":"2020-04-25T05:58:19.000Z","quote":{"USD":{"price":0.212175154369,"volume_24h":68466329.678665,"percent_change_1h":1.93048,"percent_change_24h":6.34836,"percent_change_7d":10.1926,"market_cap":150281040.30757406,"last_updated":"2020-04-25T05:58:19.000Z"}}},{"id":5031,"name":"MimbleWimbleCoin","symbol":"MWC","slug":"mimblewimblecoin","num_market_pairs":7,"date_added":"2020-02-24T00:00:00.000Z","tags":[],"max_supply":20000000,"circulating_supply":8011107.4569404,"total_supply":10520750.4569404,"platform":null,"cmc_rank":208,"last_updated":"2020-04-25T05:58:19.000Z","quote":{"USD":{"price":16.9267222065,"volume_24h":68207495.9344656,"percent_change_1h":0.7814,"percent_change_24h":1.18244,"percent_change_7d":21.8278,"market_cap":135601790.49005082,"last_updated":"2020-04-25T05:58:19.000Z"}}},{"id":2307,"name":"Bibox Token","symbol":"BIX","slug":"bibox-token","num_market_pairs":27,"date_added":"2017-12-24T00:00:00.000Z","tags":[],"max_supply":null,"circulating_supply":97882450.27,"total_supply":251424733.27,"platform":{"id":1027,"name":"Ethereum","symbol":"ETH","slug":"ethereum","token_address":"0xb3104b4b9da82025e8b9f8fb28b3553ce2f67069"},"cmc_rank":328,"last_updated":"2020-04-25T05:58:09.000Z","quote":{"USD":{"price":0.0842901960052,"volume_24h":65283453.3374371,"percent_change_1h":1.11461,"percent_change_24h":0.10129,"percent_change_7d":5.87604,"market_cap":8250530.918727541,"last_updated":"2020-04-25T05:58:09.000Z"}}},{"id":4064,"name":"USDK","symbol":"USDK","slug":"usdk","num_market_pairs":37,"date_added":"2019-07-29T00:00:00.000Z","tags":[],"max_supply":null,"circulating_supply":28600072,"total_supply":28600072,"platform":{"id":1027,"name":"Ethereum","symbol":"ETH","slug":"ethereum","token_address":"0x1c48f86ae57291f7686349f12601910bd8d470bb"},"cmc_rank":251,"last_updated":"2020-04-25T05:58:18.000Z","quote":{"USD":{"price":1.0019223619,"volume_24h":64149227.8545804,"percent_change_1h":-0.330114,"percent_change_24h":-0.169049,"percent_change_7d":-0.279202,"market_cap":28655051.688750055,"last_updated":"2020-04-25T05:58:18.000Z"}}},{"id":3718,"name":"BitTorrent","symbol":"BTT","slug":"bittorrent","num_market_pairs":134,"date_added":"2019-01-31T00:00:00.000Z","tags":[],"max_supply":null,"circulating_supply":212116500000,"total_supply":990000000000,"platform":{"id":1958,"name":"TRON","symbol":"TRX","slug":"tron","token_address":"1002000"},"cmc_rank":80,"last_updated":"2020-04-25T05:58:18.000Z","quote":{"USD":{"price":0.000247800652655,"volume_24h":60594538.6718491,"percent_change_1h":1.39829,"percent_change_24h":3.18883,"percent_change_7d":7.17986,"market_cap":52562607.138894305,"last_updated":"2020-04-25T05:58:18.000Z"}}},{"id":1772,"name":"Storj","symbol":"STORJ","slug":"storj","num_market_pairs":32,"date_added":"2017-07-02T00:00:00.000Z","tags":[],"max_supply":null,"circulating_supply":135787438.700013,"total_supply":424999998.000013,"platform":{"id":1027,"name":"Ethereum","symbol":"ETH","slug":"ethereum","token_address":"0xb64ef51c888972c908cfacf59b47c1afbc0ab8ac"},"cmc_rank":180,"last_updated":"2020-04-25T05:58:07.000Z","quote":{"USD":{"price":0.10083232922,"volume_24h":58213812.8181027,"percent_change_1h":0.738356,"percent_change_24h":2.2686,"percent_change_7d":4.59446,"market_cap":13691763.722940281,"last_updated":"2020-04-25T05:58:07.000Z"}}},{"id":2349,"name":"Mixin","symbol":"XIN","slug":"mixin","num_market_pairs":8,"date_added":"2018-01-09T00:00:00.000Z","tags":[],"max_supply":1000000,"circulating_supply":510414.610609626,"total_supply":1000000,"platform":{"id":1027,"name":"Ethereum","symbol":"ETH","slug":"ethereum","token_address":"0xa974c709cfb4566686553a20790685a47aceaa33"},"cmc_rank":216,"last_updated":"2020-04-25T05:58:09.000Z","quote":{"USD":{"price":165.3912804,"volume_24h":55295621.6700593,"percent_change_1h":-0.275966,"percent_change_24h":-0.200206,"percent_change_7d":-0.700487,"market_cap":84418125.98359346,"last_updated":"2020-04-25T05:58:09.000Z"}}},{"id":2405,"name":"IOST","symbol":"IOST","slug":"iostoken","num_market_pairs":85,"date_added":"2018-01-16T00:00:00.000Z","tags":[],"max_supply":null,"circulating_supply":12013965608.8475,"total_supply":21000000000,"platform":null,"cmc_rank":91,"last_updated":"2020-04-25T05:58:09.000Z","quote":{"USD":{"price":0.00360288080371,"volume_24h":52963422.3436109,"percent_change_1h":1.50424,"percent_change_24h":7.27514,"percent_change_7d":6.60483,"market_cap":43284886.06854878,"last_updated":"2020-04-25T05:58:09.000Z"}}},{"id":2280,"name":"Filecoin [Futures]","symbol":"FIL","slug":"filecoin","num_market_pairs":4,"date_added":"2017-12-13T00:00:00.000Z","tags":["mineable"],"max_supply":null,"circulating_supply":null,"total_supply":null,"platform":null,"cmc_rank":2030,"last_updated":"2020-04-25T05:58:09.000Z","quote":{"USD":{"price":5.08377802619,"volume_24h":48520934.5460964,"percent_change_1h":-2.01944,"percent_change_24h":-1.73254,"percent_change_7d":3.94962,"market_cap":null,"last_updated":"2020-04-25T05:58:09.000Z"}}},{"id":1776,"name":"MCO","symbol":"MCO","slug":"crypto-com","num_market_pairs":61,"date_added":"2017-07-03T00:00:00.000Z","tags":[],"max_supply":null,"circulating_supply":15793831.0949625,"total_supply":31587682.3632061,"platform":{"id":1027,"name":"Ethereum","symbol":"ETH","slug":"ethereum","token_address":"0xb63b606ac810a52cca15e44bb630fd42d8d1d83d"},"cmc_rank":58,"last_updated":"2020-04-25T05:58:07.000Z","quote":{"USD":{"price":5.14861836648,"volume_24h":46215918.7311402,"percent_change_1h":0.528559,"percent_change_24h":-0.232804,"percent_change_7d":-1.42186,"market_cap":81316408.85260686,"last_updated":"2020-04-25T05:58:07.000Z"}}},{"id":1982,"name":"Kyber Network","symbol":"KNC","slug":"kyber-network","num_market_pairs":64,"date_added":"2017-09-24T00:00:00.000Z","tags":[],"max_supply":null,"circulating_supply":180432602.911872,"total_supply":210939151.730736,"platform":{"id":1027,"name":"Ethereum","symbol":"ETH","slug":"ethereum","token_address":"0xdd974d5c2e2928dea5f71b9825b8b646686bd200"},"cmc_rank":55,"last_updated":"2020-04-25T05:58:08.000Z","quote":{"USD":{"price":0.535891553917,"volume_24h":46105068.5135446,"percent_change_1h":3.81601,"percent_change_24h":10.3534,"percent_change_7d":11.1768,"market_cap":96692307.95173211,"last_updated":"2020-04-25T05:58:08.000Z"}}},{"id":3437,"name":"ABBC Coin","symbol":"ABBC","slug":"abbc-coin","num_market_pairs":42,"date_added":"2018-10-12T00:00:00.000Z","tags":["mineable"],"max_supply":null,"circulating_supply":555416924.350722,"total_supply":1003278750.0109,"platform":null,"cmc_rank":69,"last_updated":"2020-04-25T05:58:14.000Z","quote":{"USD":{"price":0.114527691995,"volume_24h":45615181.3598025,"percent_change_1h":0.014393,"percent_change_24h":-0.721235,"percent_change_7d":-2.68417,"market_cap":63610618.4408497,"last_updated":"2020-04-25T05:58:14.000Z"}}},{"id":2099,"name":"ICON","symbol":"ICX","slug":"icon","num_market_pairs":61,"date_added":"2017-10-27T00:00:00.000Z","tags":[],"max_supply":null,"circulating_supply":538129050.281071,"total_supply":800460000,"platform":null,"cmc_rank":40,"last_updated":"2020-04-25T05:58:08.000Z","quote":{"USD":{"price":0.274512305791,"volume_24h":43534849.9378028,"percent_change_1h":1.93624,"percent_change_24h":7.33168,"percent_change_7d":16.8823,"market_cap":147723046.40577775,"last_updated":"2020-04-25T05:58:08.000Z"}}},{"id":2083,"name":"Bitcoin Gold","symbol":"BTG","slug":"bitcoin-gold","num_market_pairs":73,"date_added":"2017-10-23T00:00:00.000Z","tags":["mineable"],"max_supply":21000000,"circulating_supply":17513923.589,"total_supply":17513923.589,"platform":null,"cmc_rank":37,"last_updated":"2020-04-25T05:58:08.000Z","quote":{"USD":{"price":9.45401989557,"volume_24h":41878889.8848373,"percent_change_1h":0.0431146,"percent_change_24h":0.503418,"percent_change_7d":-4.86239,"market_cap":165576982.05989873,"last_updated":"2020-04-25T05:58:08.000Z"}}},{"id":3657,"name":"Lambda","symbol":"LAMB","slug":"lambda","num_market_pairs":41,"date_added":"2019-01-02T00:00:00.000Z","tags":[],"max_supply":10000000000,"circulating_supply":646232764.627519,"total_supply":6000000000,"platform":{"id":1027,"name":"Ethereum","symbol":"ETH","slug":"ethereum","token_address":"0x8971f9fd7196e5cee2c1032b50f656855af7dd26"},"cmc_rank":320,"last_updated":"2020-04-25T05:58:17.000Z","quote":{"USD":{"price":0.0134045775087,"volume_24h":41864242.5449269,"percent_change_1h":0.872043,"percent_change_24h":2.17452,"percent_change_7d":-3.35821,"market_cap":8662477.182111062,"last_updated":"2020-04-25T05:58:17.000Z"}}},{"id":3306,"name":"Gemini Dollar","symbol":"GUSD","slug":"gemini-dollar","num_market_pairs":31,"date_added":"2018-10-05T00:00:00.000Z","tags":[],"max_supply":null,"circulating_supply":5884964.1,"total_supply":5884964.1,"platform":{"id":1027,"name":"Ethereum","symbol":"ETH","slug":"ethereum","token_address":"0x056Fd409E1d7A124BD7017459dFEa2F387b6d5Cd"},"cmc_rank":396,"last_updated":"2020-04-25T05:58:14.000Z","quote":{"USD":{"price":1.00820645448,"volume_24h":41497063.0255977,"percent_change_1h":-0.0308905,"percent_change_24h":0.434834,"percent_change_7d":0.284271,"market_cap":5933258.790003084,"last_updated":"2020-04-25T05:58:14.000Z"}}},{"id":4467,"name":"Nestree","symbol":"EGG","slug":"nestree","num_market_pairs":4,"date_added":"2019-09-09T00:00:00.000Z","tags":[],"max_supply":null,"circulating_supply":703068351.349625,"total_supply":2994901340,"platform":{"id":1027,"name":"Ethereum","symbol":"ETH","slug":"ethereum","token_address":"0x65ccd72c0813ce6f2703593b633202a0f3ca6a0c"},"cmc_rank":535,"last_updated":"2020-04-25T05:58:18.000Z","quote":{"USD":{"price":0.00487021395823,"volume_24h":41255378.8487816,"percent_change_1h":-1.21328,"percent_change_24h":-8.78259,"percent_change_7d":-38.3308,"market_cap":3424093.2983326972,"last_updated":"2020-04-25T05:58:18.000Z"}}},{"id":3351,"name":"ZB Token","symbol":"ZB","slug":"zb-token","num_market_pairs":11,"date_added":"2018-09-27T00:00:00.000Z","tags":[],"max_supply":null,"circulating_supply":463288810,"total_supply":2100000000,"platform":{"id":1027,"name":"Ethereum","symbol":"ETH","slug":"ethereum","token_address":"0xbd0793332e9fb844a52a205a233ef27a5b34b927"},"cmc_rank":49,"last_updated":"2020-04-25T05:58:14.000Z","quote":{"USD":{"price":0.240590809024,"volume_24h":36092211.332965,"percent_change_1h":-0.494718,"percent_change_24h":-0.911043,"percent_change_7d":0.65478,"market_cap":111463029.60966623,"last_updated":"2020-04-25T05:58:14.000Z"}}},{"id":2457,"name":"TrueChain","symbol":"TRUE","slug":"truechain","num_market_pairs":16,"date_added":"2018-01-24T00:00:00.000Z","tags":[],"max_supply":null,"circulating_supply":79575542.96,"total_supply":100000000,"platform":null,"cmc_rank":136,"last_updated":"2020-04-25T05:58:10.000Z","quote":{"USD":{"price":0.266123843641,"volume_24h":34455048.9859907,"percent_change_1h":0.280263,"percent_change_24h":-1.50254,"percent_change_7d":-3.35523,"market_cap":21176949.352334715,"last_updated":"2020-04-25T05:58:10.000Z"}}},{"id":1104,"name":"Augur","symbol":"REP","slug":"augur","num_market_pairs":73,"date_added":"2015-10-27T00:00:00.000Z","tags":[],"max_supply":null,"circulating_supply":11000000,"total_supply":11000000,"platform":{"id":1027,"name":"Ethereum","symbol":"ETH","slug":"ethereum","token_address":"0x1985365e9f78359a9b6ad760e32412f4a445e862"},"cmc_rank":48,"last_updated":"2020-04-25T05:58:07.000Z","quote":{"USD":{"price":10.2954141169,"volume_24h":32457166.2137358,"percent_change_1h":0.728579,"percent_change_24h":1.96914,"percent_change_7d":1.71681,"market_cap":113249555.2859,"last_updated":"2020-04-25T05:58:07.000Z"}}},{"id":624,"name":"bitCNY","symbol":"BITCNY","slug":"bitcny","num_market_pairs":23,"date_added":"2014-09-23T00:00:00.000Z","tags":[],"max_supply":null,"circulating_supply":31262000,"total_supply":31262000,"platform":{"id":463,"name":"BitShares","symbol":"BTS","slug":"bitshares","token_address":"CNY"},"cmc_rank":476,"last_updated":"2020-04-25T05:58:05.000Z","quote":{"USD":{"price":0.140715770926,"volume_24h":31540777.0869622,"percent_change_1h":-0.324361,"percent_change_24h":-0.290307,"percent_change_7d":-0.0162255,"market_cap":4399056.430688611,"last_updated":"2020-04-25T05:58:05.000Z"}}},{"id":3890,"name":"Matic Network","symbol":"MATIC","slug":"matic-network","num_market_pairs":51,"date_added":"2019-04-28T00:00:00.000Z","tags":[],"max_supply":null,"circulating_supply":2758503686,"total_supply":10000000000,"platform":{"id":1027,"name":"Ethereum","symbol":"ETH","slug":"ethereum","token_address":"0x7D1AfA7B718fb893dB30A3aBc0Cfc608AaCfeBB0"},"cmc_rank":94,"last_updated":"2020-04-25T05:58:18.000Z","quote":{"USD":{"price":0.0149732537639,"volume_24h":30204651.6896492,"percent_change_1h":1.42764,"percent_change_24h":-1.14988,"percent_change_7d":15.6794,"market_cap":41303775.69913152,"last_updated":"2020-04-25T05:58:18.000Z"}}},{"id":1896,"name":"0x","symbol":"ZRX","slug":"0x","num_market_pairs":179,"date_added":"2017-08-16T00:00:00.000Z","tags":[],"max_supply":null,"circulating_supply":652134957.432216,"total_supply":1000000000,"platform":{"id":1027,"name":"Ethereum","symbol":"ETH","slug":"ethereum","token_address":"0xe41d2489571d322189246dafa5ebde1f4699f498"},"cmc_rank":46,"last_updated":"2020-04-25T05:58:08.000Z","quote":{"USD":{"price":0.185914056931,"volume_24h":30011970.4202289,"percent_change_1h":1.02509,"percent_change_24h":3.90835,"percent_change_7d":5.89809,"market_cap":121241055.60274827,"last_updated":"2020-04-25T05:58:08.000Z"}}},{"id":5085,"name":"Building Cities Beyond Blockchain","symbol":"BCB","slug":"building-cities-beyond-blockchain","num_market_pairs":3,"date_added":"2019-12-30T00:00:00.000Z","tags":[],"max_supply":66000000,"circulating_supply":null,"total_supply":66000000,"platform":null,"cmc_rank":2031,"last_updated":"2020-04-25T05:58:20.000Z","quote":{"USD":{"price":2.61061796837,"volume_24h":29538713.456978,"percent_change_1h":-0.368683,"percent_change_24h":1.06643,"percent_change_7d":0.736486,"market_cap":null,"last_updated":"2020-04-25T05:58:20.000Z"}}},{"id":1274,"name":"Waves","symbol":"WAVES","slug":"waves","num_market_pairs":143,"date_added":"2016-06-02T00:00:00.000Z","tags":[],"max_supply":null,"circulating_supply":101758480,"total_supply":101758480,"platform":null,"cmc_rank":52,"last_updated":"2020-04-25T05:58:07.000Z","quote":{"USD":{"price":1.01909321524,"volume_24h":29036956.0328229,"percent_change_1h":0.375641,"percent_change_24h":-0.529224,"percent_change_7d":0.713114,"market_cap":103701376.56113525,"last_updated":"2020-04-25T05:58:07.000Z"}}},{"id":3709,"name":"Grin","symbol":"GRIN","slug":"grin","num_market_pairs":60,"date_added":"2019-01-27T00:00:00.000Z","tags":["mineable"],"max_supply":null,"circulating_supply":40057140,"total_supply":40057140,"platform":null,"cmc_rank":146,"last_updated":"2020-04-25T05:58:18.000Z","quote":{"USD":{"price":0.493886700022,"volume_24h":28724767.8568011,"percent_change_1h":-0.27303,"percent_change_24h":0.542567,"percent_change_7d":-0.073138,"market_cap":19783688.686919257,"last_updated":"2020-04-25T05:58:18.000Z"}}},{"id":5267,"name":"QUEENBEE","symbol":"QBZ","slug":"queenbee","num_market_pairs":2,"date_added":"2020-03-05T00:00:00.000Z","tags":[],"max_supply":null,"circulating_supply":null,"total_supply":8000000000,"platform":{"id":1027,"name":"Ethereum","symbol":"ETH","slug":"ethereum","token_address":"0x9bbc9286cdf6eefebf21df19bac71c6bdd7759d4"},"cmc_rank":2032,"last_updated":"2020-04-25T05:58:20.000Z","quote":{"USD":{"price":0.00833392488626,"volume_24h":28651424.9544998,"percent_change_1h":0.472937,"percent_change_24h":112.853,"percent_change_7d":78.5593,"market_cap":null,"last_updated":"2020-04-25T05:58:20.000Z"}}},{"id":4229,"name":"Yobit Token","symbol":"YO","slug":"yobit-token","num_market_pairs":11,"date_added":"2019-09-03T00:00:00.000Z","tags":[],"max_supply":null,"circulating_supply":null,"total_supply":17000,"platform":{"id":1027,"name":"Ethereum","symbol":"ETH","slug":"ethereum","token_address":"0xebf4ca5319f406602eeff68da16261f1216011b5"},"cmc_rank":2033,"last_updated":"2020-04-25T05:58:18.000Z","quote":{"USD":{"price":754.142549704,"volume_24h":27071291.1973542,"percent_change_1h":1.9283,"percent_change_24h":2.41443,"percent_change_7d":5.54253,"market_cap":null,"last_updated":"2020-04-25T05:58:18.000Z"}}},{"id":5217,"name":"3X Long Ethereum Token","symbol":"ETHBULL","slug":"3x-long-ethereum-token","num_market_pairs":7,"date_added":"2020-02-11T00:00:00.000Z","tags":[],"max_supply":null,"circulating_supply":null,"total_supply":2688.70054275,"platform":{"id":1027,"name":"Ethereum","symbol":"ETH","slug":"ethereum","token_address":"0x871baed4088b863fd6407159f3672d70cd34837d"},"cmc_rank":2034,"last_updated":"2020-04-25T05:58:19.000Z","quote":{"USD":{"price":202.525738976,"volume_24h":23874920.9803919,"percent_change_1h":8.44219,"percent_change_24h":8.65336,"percent_change_7d":32.1943,"market_cap":null,"last_updated":"2020-04-25T05:58:19.000Z"}}},{"id":5414,"name":"3x Long EOS Token","symbol":"EOSBULL","slug":"3x-long-eos-token","num_market_pairs":5,"date_added":"2020-04-06T00:00:00.000Z","tags":[],"max_supply":null,"circulating_supply":null,"total_supply":1057300.976,"platform":{"id":1027,"name":"Ethereum","symbol":"ETH","slug":"ethereum","token_address":"0xeaD7F3ae4e0Bb0D8785852Cc37CC9d0B5e75c06a"},"cmc_rank":2035,"last_updated":"2020-04-25T05:58:20.000Z","quote":{"USD":{"price":6.12560254558,"volume_24h":22303326.99614,"percent_change_1h":2.74246,"percent_change_24h":2.23183,"percent_change_7d":7.47434,"market_cap":null,"last_updated":"2020-04-25T05:58:20.000Z"}}},{"id":109,"name":"DigiByte","symbol":"DGB","slug":"digibyte","num_market_pairs":77,"date_added":"2014-02-06T00:00:00.000Z","tags":["mineable"],"max_supply":21000000000,"circulating_supply":13069396701.721,"total_supply":13069396701.721,"platform":null,"cmc_rank":38,"last_updated":"2020-04-25T05:58:05.000Z","quote":{"USD":{"price":0.0126686208012,"volume_24h":22239462.2084913,"percent_change_1h":-1.76248,"percent_change_24h":1.51595,"percent_change_7d":83.7501,"market_cap":165571230.91455734,"last_updated":"2020-04-25T05:58:05.000Z"}}},{"id":2299,"name":"aelf","symbol":"ELF","slug":"aelf","num_market_pairs":79,"date_added":"2017-12-21T00:00:00.000Z","tags":[],"max_supply":1000000000,"circulating_supply":544480199.986466,"total_supply":879999999.986466,"platform":{"id":1027,"name":"Ethereum","symbol":"ETH","slug":"ethereum","token_address":"0xbf2179859fc6d5bee9bf9158632dc51678a4100e"},"cmc_rank":100,"last_updated":"2020-04-25T05:58:09.000Z","quote":{"USD":{"price":0.0664816734953,"volume_24h":22164800.2584363,"percent_change_1h":-0.930506,"percent_change_24h":6.0141,"percent_change_7d":5.16432,"market_cap":36197954.880155884,"last_updated":"2020-04-25T05:58:09.000Z"}}},{"id":2062,"name":"Aion","symbol":"AION","slug":"aion","num_market_pairs":20,"date_added":"2017-10-18T00:00:00.000Z","tags":["mineable"],"max_supply":null,"circulating_supply":410411905,"total_supply":410411905,"platform":null,"cmc_rank":105,"last_updated":"2020-04-25T05:58:08.000Z","quote":{"USD":{"price":0.0843727024547,"volume_24h":21603444.3540826,"percent_change_1h":3.17268,"percent_change_24h":16.8177,"percent_change_7d":29.5981,"market_cap":34627561.5444316,"last_updated":"2020-04-25T05:58:08.000Z"}}},{"id":1759,"name":"Status","symbol":"SNT","slug":"status","num_market_pairs":84,"date_added":"2017-06-28T00:00:00.000Z","tags":[],"max_supply":null,"circulating_supply":3470483788,"total_supply":6804870174,"platform":{"id":1027,"name":"Ethereum","symbol":"ETH","slug":"ethereum","token_address":"0x744d70fdbe2ba4cf95131626614a1763df805b9e"},"cmc_rank":67,"last_updated":"2020-04-25T05:58:07.000Z","quote":{"USD":{"price":0.0191649079978,"volume_24h":20515450.501977,"percent_change_1h":1.0321,"percent_change_24h":-2.96038,"percent_change_7d":15.8723,"market_cap":66511502.50487644,"last_updated":"2020-04-25T05:58:07.000Z"}}},{"id":4779,"name":"HUSD","symbol":"HUSD","slug":"husd","num_market_pairs":18,"date_added":"2019-10-15T00:00:00.000Z","tags":[],"max_supply":null,"circulating_supply":null,"total_supply":87094416.0933887,"platform":{"id":1027,"name":"Ethereum","symbol":"ETH","slug":"ethereum","token_address":"0xdf574c24545e5ffecb9a659c229253d4111d87e1"},"cmc_rank":2036,"last_updated":"2020-04-25T05:58:20.000Z","quote":{"USD":{"price":1.00307899901,"volume_24h":20062694.2182714,"percent_change_1h":-0.238082,"percent_change_24h":-0.104076,"percent_change_7d":-0.159713,"market_cap":null,"last_updated":"2020-04-25T05:58:20.000Z"}}},{"id":5198,"name":"Creditcoin","symbol":"CTC","slug":"creditcoin","num_market_pairs":3,"date_added":"2020-01-31T00:00:00.000Z","tags":[],"max_supply":null,"circulating_supply":null,"total_supply":600000000,"platform":null,"cmc_rank":2037,"last_updated":"2020-04-25T05:58:20.000Z","quote":{"USD":{"price":0.373700612381,"volume_24h":20008874.3768641,"percent_change_1h":0.0160402,"percent_change_24h":-3.13293,"percent_change_7d":-9.83874,"market_cap":null,"last_updated":"2020-04-25T05:58:20.000Z"}}},{"id":4899,"name":"Yap Stone","symbol":"YAP","slug":"yap-stone","num_market_pairs":14,"date_added":"2019-11-09T00:00:00.000Z","tags":[],"max_supply":null,"circulating_supply":150000000,"total_supply":1000000000,"platform":{"id":1027,"name":"Ethereum","symbol":"ETH","slug":"ethereum","token_address":""},"cmc_rank":107,"last_updated":"2020-04-25T05:58:19.000Z","quote":{"USD":{"price":0.218669881568,"volume_24h":18438685.8498812,"percent_change_1h":-0.0616793,"percent_change_24h":2.28043,"percent_change_7d":5.85437,"market_cap":32800482.2352,"last_updated":"2020-04-25T05:58:19.000Z"}}},{"id":1866,"name":"Bytom","symbol":"BTM","slug":"bytom","num_market_pairs":54,"date_added":"2017-08-08T00:00:00.000Z","tags":["mineable"],"max_supply":null,"circulating_supply":1002499275,"total_supply":1407000000,"platform":null,"cmc_rank":72,"last_updated":"2020-04-25T05:58:07.000Z","quote":{"USD":{"price":0.0610082477819,"volume_24h":18053241.2428986,"percent_change_1h":0.51338,"percent_change_24h":4.71912,"percent_change_7d":4.07694,"market_cap":61160724.17037511,"last_updated":"2020-04-25T05:58:07.000Z"}}},{"id":2830,"name":"Seele","symbol":"SEELE","slug":"seele","num_market_pairs":18,"date_added":"2018-05-31T00:00:00.000Z","tags":[],"max_supply":null,"circulating_supply":699592066.289478,"total_supply":1000000000,"platform":{"id":1027,"name":"Ethereum","symbol":"ETH","slug":"ethereum","token_address":"0xb1eef147028e9f480dbc5ccaa3277d417d1b85f0"},"cmc_rank":74,"last_updated":"2020-04-25T05:58:12.000Z","quote":{"USD":{"price":0.0839184752386,"volume_24h":17807073.3518412,"percent_change_1h":1.16148,"percent_change_24h":4.99014,"percent_change_7d":6.98633,"market_cap":58708699.49203456,"last_updated":"2020-04-25T05:58:12.000Z"}}},{"id":5295,"name":"3X Long BNB Token","symbol":"BNBBULL","slug":"3x-long-bnb-token","num_market_pairs":5,"date_added":"2020-03-11T00:00:00.000Z","tags":[],"max_supply":null,"circulating_supply":null,"total_supply":4975.41633724,"platform":{"id":1027,"name":"Ethereum","symbol":"ETH","slug":"ethereum","token_address":"0x9d1a62c2ad99019768b9126fda004a9952853f6e"},"cmc_rank":2038,"last_updated":"2020-04-25T05:58:19.000Z","quote":{"USD":{"price":114.687859585,"volume_24h":17706015.2229026,"percent_change_1h":4.41157,"percent_change_24h":-0.101627,"percent_change_7d":4.71507,"market_cap":null,"last_updated":"2020-04-25T05:58:19.000Z"}}},{"id":2588,"name":"Loom Network","symbol":"LOOM","slug":"loom-network","num_market_pairs":65,"date_added":"2018-03-14T00:00:00.000Z","tags":[],"max_supply":null,"circulating_supply":970041175.954257,"total_supply":1000000000,"platform":{"id":1027,"name":"Ethereum","symbol":"ETH","slug":"ethereum","token_address":"0xa4e8c3ec456107ea67d3075bf9e3df3a75823db0"},"cmc_rank":171,"last_updated":"2020-04-25T05:58:11.000Z","quote":{"USD":{"price":0.0149635666196,"volume_24h":16471081.7369733,"percent_change_1h":-0.0169138,"percent_change_24h":2.42191,"percent_change_7d":3.23156,"market_cap":14515275.760146651,"last_updated":"2020-04-25T05:58:11.000Z"}}},{"id":5221,"name":"Handshake ","symbol":"HNS","slug":"handshake","num_market_pairs":10,"date_added":"2020-02-22T00:00:00.000Z","tags":[],"max_supply":null,"circulating_supply":268078892.322,"total_supply":2040000000,"platform":null,"cmc_rank":244,"last_updated":"2020-04-25T05:58:19.000Z","quote":{"USD":{"price":0.122971518061,"volume_24h":15619845.686118,"percent_change_1h":1.45156,"percent_change_24h":-2.07318,"percent_change_7d":0.0579183,"market_cap":32966068.348947696,"last_updated":"2020-04-25T05:58:19.000Z"}}},{"id":3945,"name":"Harmony","symbol":"ONE","slug":"harmony","num_market_pairs":20,"date_added":"2019-06-01T00:00:00.000Z","tags":[],"max_supply":null,"circulating_supply":4596807869,"total_supply":12600000000,"platform":null,"cmc_rank":189,"last_updated":"2020-04-25T05:58:18.000Z","quote":{"USD":{"price":0.00268088115272,"volume_24h":15606583.4444649,"percent_change_1h":2.80825,"percent_change_24h":-0.781025,"percent_change_7d":18.9522,"market_cap":12323495.578677086,"last_updated":"2020-04-25T05:58:18.000Z"}}},{"id":5429,"name":"DEAPcoin","symbol":"DEP","slug":"deapcoin","num_market_pairs":2,"date_added":"2020-04-10T00:00:00.000Z","tags":[],"max_supply":30000000000,"circulating_supply":null,"total_supply":30000000000,"platform":{"id":1027,"name":"Ethereum","symbol":"ETH","slug":"ethereum","token_address":"0x1a3496c18d558bd9c6c8f609e1b129f67ab08163"},"cmc_rank":2039,"last_updated":"2020-04-25T05:58:20.000Z","quote":{"USD":{"price":0.00514593136014,"volume_24h":15512829.9583934,"percent_change_1h":-0.207369,"percent_change_24h":-1.72812,"percent_change_7d":-2.39029,"market_cap":null,"last_updated":"2020-04-25T05:58:20.000Z"}}},{"id":4846,"name":"Kava","symbol":"KAVA","slug":"kava","num_market_pairs":15,"date_added":"2019-10-25T00:00:00.000Z","tags":[],"max_supply":null,"circulating_supply":35841807.721819,"total_supply":108631126.721819,"platform":{"id":1839,"name":"Binance Coin","symbol":"BNB","slug":"binance-coin","token_address":""},"cmc_rank":144,"last_updated":"2020-04-25T05:58:19.000Z","quote":{"USD":{"price":0.55358914527,"volume_24h":15424113.2419592,"percent_change_1h":0.624233,"percent_change_24h":2.02548,"percent_change_7d":3.92536,"market_cap":19841635.701653466,"last_updated":"2020-04-25T05:58:19.000Z"}}},{"id":873,"name":"NEM","symbol":"XEM","slug":"nem","num_market_pairs":92,"date_added":"2015-04-01T00:00:00.000Z","tags":[],"max_supply":null,"circulating_supply":8999999999,"total_supply":8999999999,"platform":null,"cmc_rank":27,"last_updated":"2020-04-25T05:58:06.000Z","quote":{"USD":{"price":0.0389294764943,"volume_24h":15380649.8237887,"percent_change_1h":0.30128,"percent_change_24h":-1.60417,"percent_change_7d":2.32478,"market_cap":350365288.40977055,"last_updated":"2020-04-25T05:58:06.000Z"}}},{"id":1966,"name":"Decentraland","symbol":"MANA","slug":"decentraland","num_market_pairs":75,"date_added":"2017-09-17T00:00:00.000Z","tags":[],"max_supply":null,"circulating_supply":1370185355.67155,"total_supply":2197929965.03415,"platform":{"id":1027,"name":"Ethereum","symbol":"ETH","slug":"ethereum","token_address":"0x0f5d2fb29fb7d3cfee444a200298f468908cc942"},"cmc_rank":95,"last_updated":"2020-04-25T05:58:08.000Z","quote":{"USD":{"price":0.0296115138483,"volume_24h":15342456.0440138,"percent_change_1h":0.0925084,"percent_change_24h":2.21335,"percent_change_7d":3.35134,"market_cap":40573262.63420596,"last_updated":"2020-04-25T05:58:08.000Z"}}},{"id":5477,"name":"ECOChain","symbol":"ECOC","slug":"ecochain","num_market_pairs":1,"date_added":"2020-04-20T00:00:00.000Z","tags":[],"max_supply":2000000000,"circulating_supply":null,"total_supply":223217150,"platform":null,"cmc_rank":2040,"last_updated":"2020-04-25T05:58:20.000Z","quote":{"USD":{"price":1.3298831661,"volume_24h":15072471.3191345,"percent_change_1h":-0.250508,"percent_change_24h":-0.312611,"percent_change_7d":null,"market_cap":null,"last_updated":"2020-04-25T05:58:20.000Z"}}},{"id":4041,"name":"MX Token","symbol":"MX","slug":"mx-token","num_market_pairs":8,"date_added":"2019-09-24T00:00:00.000Z","tags":[],"max_supply":null,"circulating_supply":193278361.2597,"total_supply":673963903.14,"platform":{"id":1027,"name":"Ethereum","symbol":"ETH","slug":"ethereum","token_address":"0x11eef04c884e24d9b7b4760e7476d06ddf797f36"},"cmc_rank":140,"last_updated":"2020-04-25T05:58:18.000Z","quote":{"USD":{"price":0.107869546358,"volume_24h":15053092.8370298,"percent_change_1h":-0.685345,"percent_change_24h":-2.14001,"percent_change_7d":7.02834,"market_cap":20848849.14990148,"last_updated":"2020-04-25T05:58:18.000Z"}}},{"id":2341,"name":"SwftCoin","symbol":"SWFTC","slug":"swftcoin","num_market_pairs":13,"date_added":"2018-01-04T00:00:00.000Z","tags":[],"max_supply":null,"circulating_supply":4004999999,"total_supply":10000000000,"platform":{"id":1027,"name":"Ethereum","symbol":"ETH","slug":"ethereum","token_address":"0x0bb217e40f8a5cb79adf04e1aab60e5abd0dfc1e"},"cmc_rank":399,"last_updated":"2020-04-25T05:58:09.000Z","quote":{"USD":{"price":0.00147665420393,"volume_24h":14307126.1940482,"percent_change_1h":1.17706,"percent_change_24h":7.57664,"percent_change_7d":16.6305,"market_cap":5914000.085262996,"last_updated":"2020-04-25T05:58:09.000Z"}}},{"id":1720,"name":"IOTA","symbol":"MIOTA","slug":"iota","num_market_pairs":53,"date_added":"2017-06-13T00:00:00.000Z","tags":[],"max_supply":2779530283,"circulating_supply":2779530283,"total_supply":2779530283,"platform":null,"cmc_rank":25,"last_updated":"2020-04-25T05:58:07.000Z","quote":{"USD":{"price":0.169153555465,"volume_24h":14184871.5689763,"percent_change_1h":1.06817,"percent_change_24h":3.25584,"percent_change_7d":6.36938,"market_cap":470167429.89208764,"last_updated":"2020-04-25T05:58:07.000Z"}}},{"id":5444,"name":"Cartesi","symbol":"CTSI","slug":"cartesi","num_market_pairs":4,"date_added":"2020-04-23T00:00:00.000Z","tags":[],"max_supply":null,"circulating_supply":null,"total_supply":1000000000,"platform":null,"cmc_rank":2041,"last_updated":"2020-04-25T05:58:20.000Z","quote":{"USD":{"price":0.0551507762542,"volume_24h":14038496.8333266,"percent_change_1h":2.08069,"percent_change_24h":-7.81353,"percent_change_7d":null,"market_cap":null,"last_updated":"2020-04-25T05:58:20.000Z"}}},{"id":5117,"name":"Origin Protocol","symbol":"OGN","slug":"origin-protocol","num_market_pairs":15,"date_added":"2020-01-09T00:00:00.000Z","tags":[],"max_supply":null,"circulating_supply":33523273.02,"total_supply":1000000000,"platform":{"id":1027,"name":"Ethereum","symbol":"ETH","slug":"ethereum","token_address":"0x8207c1ffc5b6804f6024322ccf34f29c3541ae26"},"cmc_rank":345,"last_updated":"2020-04-25T05:58:19.000Z","quote":{"USD":{"price":0.227422239166,"volume_24h":13648090.6344736,"percent_change_1h":0.806864,"percent_change_24h":-0.534246,"percent_change_7d":0.180626,"market_cap":7623937.814381555,"last_updated":"2020-04-25T05:58:19.000Z"}}},{"id":4273,"name":"Sessia","symbol":"KICKS","slug":"sessia","num_market_pairs":2,"date_added":"2019-08-21T00:00:00.000Z","tags":[],"max_supply":null,"circulating_supply":6145759.45571843,"total_supply":100000000,"platform":{"id":1027,"name":"Ethereum","symbol":"ETH","slug":"ethereum","token_address":"0xd91a6162f146ef85922d9a15ee6eb14a00344586"},"cmc_rank":983,"last_updated":"2020-04-25T05:58:18.000Z","quote":{"USD":{"price":0.107058557005,"volume_24h":13442573.1917142,"percent_change_1h":0.855418,"percent_change_24h":0.59093,"percent_change_7d":1.63468,"market_cap":657956.1390290493,"last_updated":"2020-04-25T05:58:18.000Z"}}},{"id":2456,"name":"OFCOIN","symbol":"OF","slug":"ofcoin","num_market_pairs":1,"date_added":"2018-01-24T00:00:00.000Z","tags":[],"max_supply":null,"circulating_supply":null,"total_supply":51200000000,"platform":null,"cmc_rank":2042,"last_updated":"2020-04-25T05:58:10.000Z","quote":{"USD":{"price":0.0000431776988562,"volume_24h":13161534.6116665,"percent_change_1h":-0.250768,"percent_change_24h":13.0614,"percent_change_7d":-4.64539,"market_cap":null,"last_updated":"2020-04-25T05:58:10.000Z"}}},{"id":1903,"name":"HyperCash","symbol":"HC","slug":"hypercash","num_market_pairs":32,"date_added":"2017-08-20T00:00:00.000Z","tags":["mineable"],"max_supply":84000000,"circulating_supply":44588487.713052,"total_supply":44588487.713052,"platform":null,"cmc_rank":87,"last_updated":"2020-04-25T05:58:07.000Z","quote":{"USD":{"price":1.0525700146,"volume_24h":13033873.5963153,"percent_change_1h":1.9102,"percent_change_24h":1.45163,"percent_change_7d":1.23823,"market_cap":46932505.16311906,"last_updated":"2020-04-25T05:58:07.000Z"}}},{"id":4078,"name":"Super Zero","symbol":"SERO","slug":"super-zero","num_market_pairs":15,"date_added":"2019-07-19T00:00:00.000Z","tags":[],"max_supply":647367590,"circulating_supply":257489238,"total_supply":645161760,"platform":null,"cmc_rank":149,"last_updated":"2020-04-25T05:58:18.000Z","quote":{"USD":{"price":0.0756260047176,"volume_24h":12893272.2126882,"percent_change_1h":-0.527658,"percent_change_24h":-1.33172,"percent_change_7d":3.42507,"market_cap":19472882.32771923,"last_updated":"2020-04-25T05:58:18.000Z"}}},{"id":4943,"name":"Multi-collateral DAI","symbol":"DAI","slug":"multi-collateral-dai","num_market_pairs":75,"date_added":"2019-11-22T00:00:00.000Z","tags":[],"max_supply":null,"circulating_supply":95030565.8990664,"total_supply":95431456.1112115,"platform":{"id":1027,"name":"Ethereum","symbol":"ETH","slug":"ethereum","token_address":"0x6b175474e89094c44da98b954eedeac495271d0f"},"cmc_rank":54,"last_updated":"2020-04-25T05:58:20.000Z","quote":{"USD":{"price":1.02056320445,"volume_24h":12539691.9584599,"percent_change_1h":0.568506,"percent_change_24h":0.478371,"percent_change_7d":-0.07232,"market_cap":96984698.8546481,"last_updated":"2020-04-25T05:58:20.000Z"}}},{"id":2130,"name":"Enjin Coin","symbol":"ENJ","slug":"enjin-coin","num_market_pairs":61,"date_added":"2017-11-01T00:00:00.000Z","tags":[],"max_supply":null,"circulating_supply":814772129.064264,"total_supply":1000000000,"platform":{"id":1027,"name":"Ethereum","symbol":"ETH","slug":"ethereum","token_address":"0xf629cbd94d3791c9250152bd8dfbdf380e2a3b9c"},"cmc_rank":51,"last_updated":"2020-04-25T05:58:08.000Z","quote":{"USD":{"price":0.131257488594,"volume_24h":12318809.417302,"percent_change_1h":1.08008,"percent_change_24h":5.94156,"percent_change_7d":37.0438,"market_cap":106944943.43736173,"last_updated":"2020-04-25T05:58:08.000Z"}}},{"id":1414,"name":"Zcoin","symbol":"XZC","slug":"zcoin","num_market_pairs":56,"date_added":"2016-10-06T00:00:00.000Z","tags":["mineable"],"max_supply":21400000,"circulating_supply":9973043.32977796,"total_supply":21400000,"platform":null,"cmc_rank":96,"last_updated":"2020-04-25T05:58:07.000Z","quote":{"USD":{"price":4.04987980521,"volume_24h":12239923.5265588,"percent_change_1h":0.487905,"percent_change_24h":-2.13824,"percent_change_7d":12.8783,"market_cap":40389626.77775205,"last_updated":"2020-04-25T05:58:07.000Z"}}},{"id":2570,"name":"TomoChain","symbol":"TOMO","slug":"tomochain","num_market_pairs":23,"date_added":"2018-03-08T00:00:00.000Z","tags":["mineable"],"max_supply":null,"circulating_supply":70459925,"total_supply":100000000,"platform":null,"cmc_rank":126,"last_updated":"2020-04-25T05:58:10.000Z","quote":{"USD":{"price":0.34362930549,"volume_24h":12038364.793106,"percent_change_1h":0.942058,"percent_change_24h":2.92351,"percent_change_7d":3.21915,"market_cap":24212095.092627488,"last_updated":"2020-04-25T05:58:10.000Z"}}},{"id":3053,"name":"YOU COIN","symbol":"YOU","slug":"you-coin","num_market_pairs":6,"date_added":"2018-08-01T00:00:00.000Z","tags":[],"max_supply":null,"circulating_supply":556120198.410192,"total_supply":2856000000,"platform":{"id":1027,"name":"Ethereum","symbol":"ETH","slug":"ethereum","token_address":"0x34364BEe11607b1963d66BCA665FDE93fCA666a8"},"cmc_rank":169,"last_updated":"2020-04-25T05:58:13.000Z","quote":{"USD":{"price":0.0264080816936,"volume_24h":11461233.9172351,"percent_change_1h":-0.683575,"percent_change_24h":-4.69339,"percent_change_7d":-0.261389,"market_cap":14686067.631077392,"last_updated":"2020-04-25T05:58:13.000Z"}}},{"id":1230,"name":"Steem","symbol":"STEEM","slug":"steem","num_market_pairs":31,"date_added":"2016-04-18T00:00:00.000Z","tags":[],"max_supply":null,"circulating_supply":374781867.976,"total_supply":391755961.976,"platform":null,"cmc_rank":71,"last_updated":"2020-04-25T05:58:06.000Z","quote":{"USD":{"price":0.164001775085,"volume_24h":11248698.0937516,"percent_change_1h":-0.319352,"percent_change_24h":4.20015,"percent_change_7d":6.45871,"market_cap":61464891.617736116,"last_updated":"2020-04-25T05:58:06.000Z"}}},{"id":3966,"name":"BitcoinHD","symbol":"BHD","slug":"bitcoinhd","num_market_pairs":11,"date_added":"2019-05-27T00:00:00.000Z","tags":[],"max_supply":21000000,"circulating_supply":6083016.35,"total_supply":6339465,"platform":null,"cmc_rank":237,"last_updated":"2020-04-25T05:58:17.000Z","quote":{"USD":{"price":6.43121025156,"volume_24h":11170593.4617758,"percent_change_1h":0.130554,"percent_change_24h":-0.244251,"percent_change_7d":11.4097,"market_cap":39121157.11052709,"last_updated":"2020-04-25T05:58:17.000Z"}}},{"id":3957,"name":"UNUS SED LEO","symbol":"LEO","slug":"unus-sed-leo","num_market_pairs":25,"date_added":"2019-05-21T00:00:00.000Z","tags":[],"max_supply":null,"circulating_supply":999498892.9,"total_supply":999498892.9,"platform":{"id":1027,"name":"Ethereum","symbol":"ETH","slug":"ethereum","token_address":"0x2af5d2ad76741191d15dfe7bf6ac92d4bd912ca3"},"cmc_rank":15,"last_updated":"2020-04-25T05:58:18.000Z","quote":{"USD":{"price":1.05029251919,"volume_24h":11117627.2882559,"percent_change_1h":-0.281593,"percent_change_24h":0.292557,"percent_change_7d":1.1296,"market_cap":1049766210.1515571,"last_updated":"2020-04-25T05:58:18.000Z"}}}]}