{"status":{"timestamp":"2020-04-24T21:00:02.424Z","error_code":0,"error_message":null,"elapsed":700,"credit_count":1,"notice":null},"data":[{"id":825,"name":"Tether","symbol":"USDT","slug":"tether","num_market_pairs":4681,"date_added":"2015-02-25T00:00:00.000Z","tags":[],"max_supply":null,"circulating_supply":6361032509,"total_supply":6998318752.17,"platform":{"id":1027,"name":"Ethereum","symbol":"ETH","slug":"ethereum","token_address":"31"},"cmc_rank":4,"last_updated":"2020-04-24T20:59:29.000Z","quote":{"USD":{"price":1.00553173901,"volume_24h":46747839419.8773,"percent_change_1h":0.004723,"percent_change_24h":1.9959,"percent_change_7d":0.0850798,"market_cap":6396220080.673914,"last_updated":"2020-04-24T20:59:29.000Z"}}},{"id":1,"name":"Bitcoin","symbol":"BTC","slug":"bitcoin","num_market_pairs":7952,"date_added":"2013-04-28T00:00:00.000Z","tags":["mineable"],"max_supply":21000000,"circulating_supply":18343562,"total_supply":18343562,"platform":null,"cmc_rank":1,"last_updated":"2020-04-24T20:58:45.000Z","quote":{"USD":{"price":7563.23620407,"volume_24h":35579152638.4382,"percent_change_1h":0.0747227,"percent_change_24h":1.30346,"percent_change_7d":6.53288,"market_cap":138736692230.0027,"last_updated":"2020-04-24T20:58:45.000Z"}}},{"id":1027,"name":"Ethereum","symbol":"ETH","slug":"ethereum","num_market_pairs":5179,"date_added":"2015-08-07T00:00:00.000Z","tags":["mineable"],"max_supply":null,"circulating_supply":110655539.1865,"total_supply":110655539.1865,"platform":null,"cmc_rank":2,"last_updated":"2020-04-24T20:59:30.000Z","quote":{"USD":{"price":189.472244107,"volume_24h":17533728832.8589,"percent_change_1h":-0.145201,"percent_change_24h":1.08436,"percent_change_7d":10.427,"market_cap":20966153332.536232,"last_updated":"2020-04-24T20:59:30.000Z"}}},{"id":2,"name":"Litecoin","symbol":"LTC","slug":"litecoin","num_market_pairs":600,"date_added":"2013-04-28T00:00:00.000Z","tags":["mineable"],"max_supply":84000000,"circulating_supply":64583630.7265572,"total_supply":64583630.7265572,"platform":null,"cmc_rank":7,"last_updated":"2020-04-24T20:59:09.000Z","quote":{"USD":{"price":44.8894996262,"volume_24h":4847564274.91428,"percent_change_1h":-0.0143478,"percent_change_24h":4.23372,"percent_change_7d":5.17524,"market_cap":2899126867.3584285,"last_updated":"2020-04-24T20:59:09.000Z"}}},{"id":1831,"name":"Bitcoin Cash","symbol":"BCH","slug":"bitcoin-cash","num_market_pairs":473,"date_added":"2017-07-23T00:00:00.000Z","tags":["mineable"],"max_supply":21000000,"circulating_supply":18389112.5,"total_supply":18389112.5,"platform":null,"cmc_rank":5,"last_updated":"2020-04-24T20:59:11.000Z","quote":{"USD":{"price":240.307344049,"volume_24h":3314346907.13846,"percent_change_1h":-0.0730953,"percent_change_24h":0.579762,"percent_change_7d":2.4995,"market_cap":4419038784.293266,"last_updated":"2020-04-24T20:59:11.000Z"}}},{"id":1765,"name":"EOS","symbol":"EOS","slug":"eos","num_market_pairs":378,"date_added":"2017-07-01T00:00:00.000Z","tags":[],"max_supply":null,"circulating_supply":922069058.5245,"total_supply":1018769070.5241,"platform":null,"cmc_rank":8,"last_updated":"2020-04-24T20:59:09.000Z","quote":{"USD":{"price":2.7251629159,"volume_24h":3151611368.79983,"percent_change_1h":-0.130416,"percent_change_24h":1.74156,"percent_change_7d":3.3177,"market_cap":2512788404.189794,"last_updated":"2020-04-24T20:59:09.000Z"}}},{"id":3602,"name":"Bitcoin SV","symbol":"BSV","slug":"bitcoin-sv","num_market_pairs":183,"date_added":"2018-11-09T00:00:00.000Z","tags":["mineable"],"max_supply":21000000,"circulating_supply":18387927.0819233,"total_supply":18387927.0819233,"platform":null,"cmc_rank":6,"last_updated":"2020-04-24T20:59:14.000Z","quote":{"USD":{"price":194.994584925,"volume_24h":1937361171.99077,"percent_change_1h":0.0509071,"percent_change_24h":-0.207785,"percent_change_7d":0.282396,"market_cap":3585546208.9708,"last_updated":"2020-04-24T20:59:14.000Z"}}},{"id":52,"name":"XRP","symbol":"XRP","slug":"xrp","num_market_pairs":545,"date_added":"2013-08-04T00:00:00.000Z","tags":[],"max_supply":100000000000,"circulating_supply":44089620959,"total_supply":99990980257,"platform":null,"cmc_rank":3,"last_updated":"2020-04-24T20:59:08.000Z","quote":{"USD":{"price":0.193673663441,"volume_24h":1903379975.89873,"percent_change_1h":-0.410736,"percent_change_24h":0.395103,"percent_change_7d":1.98732,"market_cap":8538998410.854626,"last_updated":"2020-04-24T20:59:08.000Z"}}},{"id":1321,"name":"Ethereum Classic","symbol":"ETC","slug":"ethereum-classic","num_market_pairs":246,"date_added":"2016-07-24T00:00:00.000Z","tags":["mineable"],"max_supply":210700000,"circulating_supply":116313299,"total_supply":116313299,"platform":null,"cmc_rank":21,"last_updated":"2020-04-24T20:59:07.000Z","quote":{"USD":{"price":5.63244560347,"volume_24h":1740718593.40724,"percent_change_1h":-0.138989,"percent_change_24h":-0.0878422,"percent_change_7d":3.91875,"market_cap":655128329.5776415,"last_updated":"2020-04-24T20:59:07.000Z"}}},{"id":1958,"name":"TRON","symbol":"TRX","slug":"tron","num_market_pairs":337,"date_added":"2017-09-13T00:00:00.000Z","tags":["mineable"],"max_supply":null,"circulating_supply":66682072191.4,"total_supply":99281283754.3,"platform":null,"cmc_rank":16,"last_updated":"2020-04-24T20:59:10.000Z","quote":{"USD":{"price":0.0141191371744,"volume_24h":1553348689.97467,"percent_change_1h":0.109836,"percent_change_24h":4.06452,"percent_change_7d":8.6929,"market_cap":941493324.3436202,"last_updated":"2020-04-24T20:59:10.000Z"}}},{"id":131,"name":"Dash","symbol":"DASH","slug":"dash","num_market_pairs":297,"date_added":"2014-02-14T00:00:00.000Z","tags":["mineable"],"max_supply":18900000,"circulating_supply":9456054.30096239,"total_supply":9456054.30096239,"platform":null,"cmc_rank":18,"last_updated":"2020-04-24T20:59:07.000Z","quote":{"USD":{"price":82.0835321212,"volume_24h":728377571.263337,"percent_change_1h":-0.0270632,"percent_change_24h":0.830225,"percent_change_7d":7.57061,"market_cap":776186336.9528577,"last_updated":"2020-04-24T20:59:07.000Z"}}},{"id":512,"name":"Stellar","symbol":"XLM","slug":"stellar","num_market_pairs":296,"date_added":"2014-08-05T00:00:00.000Z","tags":[],"max_supply":null,"circulating_supply":20292619302.7018,"total_supply":50001803873.8717,"platform":null,"cmc_rank":12,"last_updated":"2020-04-24T20:59:06.000Z","quote":{"USD":{"price":0.0627124826518,"volume_24h":716949928.59881,"percent_change_1h":0.175696,"percent_change_24h":-0.523197,"percent_change_7d":27.506,"market_cap":1272600535.9802685,"last_updated":"2020-04-24T20:59:06.000Z"}}},{"id":1437,"name":"Zcash","symbol":"ZEC","slug":"zcash","num_market_pairs":238,"date_added":"2016-10-29T00:00:00.000Z","tags":["mineable"],"max_supply":21000000,"circulating_supply":9012031.25,"total_supply":9012031.25,"platform":null,"cmc_rank":26,"last_updated":"2020-04-24T20:59:07.000Z","quote":{"USD":{"price":44.7123533484,"volume_24h":612393051.375679,"percent_change_1h":0.280315,"percent_change_24h":-0.452126,"percent_change_7d":13.0796,"market_cap":402949125.63682294,"last_updated":"2020-04-24T20:59:07.000Z"}}},{"id":1376,"name":"Neo","symbol":"NEO","slug":"neo","num_market_pairs":238,"date_added":"2016-09-08T00:00:00.000Z","tags":[],"max_supply":100000000,"circulating_supply":70538831,"total_supply":100000000,"platform":null,"cmc_rank":23,"last_updated":"2020-04-24T20:59:08.000Z","quote":{"USD":{"price":8.18597257802,"volume_24h":582241631.406291,"percent_change_1h":-0.266952,"percent_change_24h":4.74993,"percent_change_7d":8.29598,"market_cap":577428936.251587,"last_updated":"2020-04-24T20:59:08.000Z"}}},{"id":2563,"name":"TrueUSD","symbol":"TUSD","slug":"trueusd","num_market_pairs":155,"date_added":"2018-03-06T00:00:00.000Z","tags":[],"max_supply":null,"circulating_supply":131085198.91,"total_supply":131085198.91,"platform":{"id":1027,"name":"Ethereum","symbol":"ETH","slug":"ethereum","token_address":"0x0000000000085d4780B73119b644AE5ecd22b376"},"cmc_rank":44,"last_updated":"2020-04-24T20:59:10.000Z","quote":{"USD":{"price":1.00413457149,"volume_24h":547943654.10539,"percent_change_1h":-0.0138563,"percent_change_24h":1.91807,"percent_change_7d":0.0874991,"market_cap":131627180.03617427,"last_updated":"2020-04-24T20:59:10.000Z"}}},{"id":3330,"name":"Paxos Standard","symbol":"PAX","slug":"paxos-standard","num_market_pairs":99,"date_added":"2018-09-27T00:00:00.000Z","tags":[],"max_supply":null,"circulating_supply":244951954.494264,"total_supply":249952064.83,"platform":{"id":1027,"name":"Ethereum","symbol":"ETH","slug":"ethereum","token_address":"0x8e870d67f660d95d5be530380d0ec0bd388289e1"},"cmc_rank":34,"last_updated":"2020-04-24T20:59:13.000Z","quote":{"USD":{"price":1.00421891269,"volume_24h":531253106.076324,"percent_change_1h":-0.0202215,"percent_change_24h":1.94996,"percent_change_7d":0.0589614,"market_cap":245985385.40352017,"last_updated":"2020-04-24T20:59:13.000Z"}}},{"id":3408,"name":"USD Coin","symbol":"USDC","slug":"usd-coin","num_market_pairs":219,"date_added":"2018-10-08T00:00:00.000Z","tags":[],"max_supply":null,"circulating_supply":749843951.213755,"total_supply":754432211.26,"platform":{"id":1027,"name":"Ethereum","symbol":"ETH","slug":"ethereum","token_address":"0xa0b86991c6218b36c1d19d4a2e9eb0ce3606eb48"},"cmc_rank":20,"last_updated":"2020-04-24T20:59:13.000Z","quote":{"USD":{"price":1.00420925769,"volume_24h":442420740.156243,"percent_change_1h":-0.0567329,"percent_change_24h":1.79411,"percent_change_7d":0.0377394,"market_cap":753000237.6317015,"last_updated":"2020-04-24T20:59:13.000Z"}}},{"id":1839,"name":"Binance Coin","symbol":"BNB","slug":"binance-coin","num_market_pairs":305,"date_added":"2017-07-25T00:00:00.000Z","tags":[],"max_supply":187536713,"circulating_supply":155536713,"total_supply":187536713,"platform":null,"cmc_rank":9,"last_updated":"2020-04-24T20:59:09.000Z","quote":{"USD":{"price":16.0722977456,"volume_24h":387155468.851307,"percent_change_1h":0.132821,"percent_change_24h":0.518195,"percent_change_7d":2.08152,"market_cap":2499832361.7079344,"last_updated":"2020-04-24T20:59:09.000Z"}}},{"id":1975,"name":"Chainlink","symbol":"LINK","slug":"chainlink","num_market_pairs":170,"date_added":"2017-09-20T00:00:00.000Z","tags":[],"max_supply":null,"circulating_supply":350000000,"total_supply":1000000000,"platform":{"id":1027,"name":"Ethereum","symbol":"ETH","slug":"ethereum","token_address":"0x514910771af9ca656af840dff83e8264ecf986ca"},"cmc_rank":11,"last_updated":"2020-04-24T20:59:09.000Z","quote":{"USD":{"price":3.83795088414,"volume_24h":379100136.194148,"percent_change_1h":0.496214,"percent_change_24h":1.61672,"percent_change_7d":10.24,"market_cap":1343282809.4490001,"last_updated":"2020-04-24T20:59:09.000Z"}}},{"id":1684,"name":"Qtum","symbol":"QTUM","slug":"qtum","num_market_pairs":172,"date_added":"2017-05-24T00:00:00.000Z","tags":[],"max_supply":107822406,"circulating_supply":96607300.359,"total_supply":102357300,"platform":null,"cmc_rank":42,"last_updated":"2020-04-24T20:59:08.000Z","quote":{"USD":{"price":1.45075218096,"volume_24h":371743343.240074,"percent_change_1h":-0.219692,"percent_change_24h":3.95453,"percent_change_7d":4.05574,"market_cap":140153251.69247702,"last_updated":"2020-04-24T20:59:08.000Z"}}},{"id":2011,"name":"Tezos","symbol":"XTZ","slug":"tezos","num_market_pairs":89,"date_added":"2017-10-06T00:00:00.000Z","tags":[],"max_supply":null,"circulating_supply":708142181.195413,"total_supply":708142181.195413,"platform":null,"cmc_rank":10,"last_updated":"2020-04-24T20:59:08.000Z","quote":{"USD":{"price":2.73955134355,"volume_24h":349086975.834168,"percent_change_1h":-0.173275,"percent_change_24h":9.38702,"percent_change_7d":29.6113,"market_cap":1939991863.9183214,"last_updated":"2020-04-24T20:59:08.000Z"}}},{"id":2319,"name":"QCash","symbol":"QC","slug":"qcash","num_market_pairs":91,"date_added":"2019-12-12T00:00:00.000Z","tags":[],"max_supply":10000000000,"circulating_supply":460000200,"total_supply":10000000000,"platform":{"id":1684,"name":"Qtum","symbol":"QTUM","slug":"qtum","token_address":"f2033ede578e17fa6231047265010445bca8cf1c"},"cmc_rank":220,"last_updated":"2020-04-24T20:59:09.000Z","quote":{"USD":{"price":0.140818884484,"volume_24h":267773565.288262,"percent_change_1h":0.0119514,"percent_change_24h":1.80887,"percent_change_7d":0.606559,"market_cap":64776715.026416905,"last_updated":"2020-04-24T20:59:09.000Z"}}},{"id":3794,"name":"Cosmos","symbol":"ATOM","slug":"cosmos","num_market_pairs":121,"date_added":"2019-03-14T00:00:00.000Z","tags":[],"max_supply":null,"circulating_supply":190688439.2,"total_supply":237928230.821588,"platform":null,"cmc_rank":24,"last_updated":"2020-04-24T20:59:15.000Z","quote":{"USD":{"price":2.7432201481,"volume_24h":251550423.028079,"percent_change_1h":-0.787445,"percent_change_24h":12.0095,"percent_change_7d":14.3375,"market_cap":523100368.4231818,"last_updated":"2020-04-24T20:59:15.000Z"}}},{"id":2502,"name":"Huobi Token","symbol":"HT","slug":"huobi-token","num_market_pairs":136,"date_added":"2018-02-03T00:00:00.000Z","tags":[],"max_supply":null,"circulating_supply":222668092.971921,"total_supply":500000000,"platform":{"id":1027,"name":"Ethereum","symbol":"ETH","slug":"ethereum","token_address":"0x6f259637dcd74c767781e37bc6133cd6a68aa161"},"cmc_rank":17,"last_updated":"2020-04-24T20:59:10.000Z","quote":{"USD":{"price":4.00314077562,"volume_24h":244364037.810636,"percent_change_1h":-0.0694418,"percent_change_24h":2.33905,"percent_change_7d":4.44766,"market_cap":891371722.4054421,"last_updated":"2020-04-24T20:59:10.000Z"}}},{"id":74,"name":"Dogecoin","symbol":"DOGE","slug":"dogecoin","num_market_pairs":239,"date_added":"2013-12-15T00:00:00.000Z","tags":["mineable"],"max_supply":null,"circulating_supply":124288752342.721,"total_supply":124288752342.721,"platform":null,"cmc_rank":32,"last_updated":"2020-04-24T20:59:06.000Z","quote":{"USD":{"price":0.00210842563424,"volume_24h":208062806.287313,"percent_change_1h":-0.133759,"percent_change_24h":2.49293,"percent_change_7d":4.89887,"market_cap":262053591.4870998,"last_updated":"2020-04-24T20:59:06.000Z"}}},{"id":2010,"name":"Cardano","symbol":"ADA","slug":"cardano","num_market_pairs":131,"date_added":"2017-10-01T00:00:00.000Z","tags":["mineable"],"max_supply":45000000000,"circulating_supply":25927070538,"total_supply":31112483745,"platform":null,"cmc_rank":13,"last_updated":"2020-04-24T20:59:08.000Z","quote":{"USD":{"price":0.0424408559184,"volume_24h":183540151.478972,"percent_change_1h":0.182193,"percent_change_24h":3.65747,"percent_change_7d":22.3893,"market_cap":1100367065.0894516,"last_updated":"2020-04-24T20:59:08.000Z"}}},{"id":3897,"name":"OKB","symbol":"OKB","slug":"okb","num_market_pairs":50,"date_added":"2019-04-30T00:00:00.000Z","tags":[],"max_supply":null,"circulating_supply":60000000,"total_supply":300000000,"platform":{"id":1027,"name":"Ethereum","symbol":"ETH","slug":"ethereum","token_address":"0x75231f58b43240c9718dd58b4967c5114342a86c"},"cmc_rank":30,"last_updated":"2020-04-24T20:59:15.000Z","quote":{"USD":{"price":4.93305370306,"volume_24h":162392694.113131,"percent_change_1h":-0.19243,"percent_change_24h":1.22752,"percent_change_7d":5.27461,"market_cap":295983222.1836,"last_updated":"2020-04-24T20:59:15.000Z"}}},{"id":3077,"name":"VeChain","symbol":"VET","slug":"vechain","num_market_pairs":98,"date_added":"2017-08-22T00:00:00.000Z","tags":[],"max_supply":null,"circulating_supply":55454734800,"total_supply":86712634466,"platform":null,"cmc_rank":35,"last_updated":"2020-04-24T20:59:12.000Z","quote":{"USD":{"price":0.00413718416134,"volume_24h":152895106.661667,"percent_change_1h":-0.211343,"percent_change_24h":3.80791,"percent_change_7d":8.3998,"market_cap":229426450.4858701,"last_updated":"2020-04-24T20:59:12.000Z"}}},{"id":2566,"name":"Ontology","symbol":"ONT","slug":"ontology","num_market_pairs":119,"date_added":"2018-03-08T00:00:00.000Z","tags":[],"max_supply":null,"circulating_supply":656746573,"total_supply":1000000000,"platform":null,"cmc_rank":29,"last_updated":"2020-04-24T20:59:10.000Z","quote":{"USD":{"price":0.457841528076,"volume_24h":127225143.727737,"percent_change_1h":-0.834937,"percent_change_24h":7.24895,"percent_change_7d":11.9458,"market_cap":300685854.54099625,"last_updated":"2020-04-24T20:59:10.000Z"}}},{"id":328,"name":"Monero","symbol":"XMR","slug":"monero","num_market_pairs":146,"date_added":"2014-05-21T00:00:00.000Z","tags":["mineable"],"max_supply":null,"circulating_supply":17535564.7536973,"total_supply":17535564.7536973,"platform":null,"cmc_rank":14,"last_updated":"2020-04-24T20:59:06.000Z","quote":{"USD":{"price":60.7912400266,"volume_24h":116612534.873075,"percent_change_1h":0.202397,"percent_change_24h":2.13863,"percent_change_7d":7.02073,"market_cap":1066008725.9439994,"last_updated":"2020-04-24T20:59:06.000Z"}}},{"id":1697,"name":"Basic Attention Token","symbol":"BAT","slug":"basic-attention-token","num_market_pairs":183,"date_added":"2017-06-01T00:00:00.000Z","tags":[],"max_supply":null,"circulating_supply":1457527137.0863,"total_supply":1500000000,"platform":{"id":1027,"name":"Ethereum","symbol":"ETH","slug":"ethereum","token_address":"0x0d8775f648430679a709e98d2b0cb6250d2887ef"},"cmc_rank":33,"last_updated":"2020-04-24T20:59:07.000Z","quote":{"USD":{"price":0.178193858934,"volume_24h":89342964.6110816,"percent_change_1h":-0.368614,"percent_change_24h":4.68552,"percent_change_7d":6.47015,"market_cap":259722385.058433,"last_updated":"2020-04-24T20:59:07.000Z"}}},{"id":1168,"name":"Decred","symbol":"DCR","slug":"decred","num_market_pairs":49,"date_added":"2016-02-10T00:00:00.000Z","tags":["mineable"],"max_supply":21000000,"circulating_supply":11401956.2609925,"total_supply":11401956.2609925,"platform":null,"cmc_rank":41,"last_updated":"2020-04-24T20:59:06.000Z","quote":{"USD":{"price":12.575545805,"volume_24h":89258801.6722016,"percent_change_1h":0.663181,"percent_change_24h":1.03549,"percent_change_7d":0.704745,"market_cap":143385823.22671774,"last_updated":"2020-04-24T20:59:06.000Z"}}},{"id":4687,"name":"Binance USD","symbol":"BUSD","slug":"binance-usd","num_market_pairs":61,"date_added":"2019-09-20T00:00:00.000Z","tags":[],"max_supply":null,"circulating_supply":180220082.66,"total_supply":180220082.66,"platform":{"id":1027,"name":"Ethereum","symbol":"ETH","slug":"ethereum","token_address":"0x4Fabb145d64652a948d72533023f6E7A623C7C53"},"cmc_rank":36,"last_updated":"2020-04-24T20:59:17.000Z","quote":{"USD":{"price":1.0036859687,"volume_24h":88781442.1625439,"percent_change_1h":-0.0421884,"percent_change_24h":1.86532,"percent_change_7d":-0.00494176,"market_cap":180884368.24379617,"last_updated":"2020-04-24T20:59:17.000Z"}}},{"id":1808,"name":"OmiseGO","symbol":"OMG","slug":"omisego","num_market_pairs":209,"date_added":"2017-07-14T00:00:00.000Z","tags":[],"max_supply":null,"circulating_supply":140245398.245133,"total_supply":140245398.245133,"platform":{"id":1027,"name":"Ethereum","symbol":"ETH","slug":"ethereum","token_address":"0xd26114cd6EE289AccF82350c8d8487fedB8A0C07"},"cmc_rank":57,"last_updated":"2020-04-24T20:59:08.000Z","quote":{"USD":{"price":0.618658970425,"volume_24h":84610528.8879397,"percent_change_1h":0.308467,"percent_change_24h":3.91231,"percent_change_7d":7.8808,"market_cap":86764073.68517809,"last_updated":"2020-04-24T20:59:08.000Z"}}},{"id":4030,"name":"Algorand","symbol":"ALGO","slug":"algorand","num_market_pairs":77,"date_added":"2019-06-20T00:00:00.000Z","tags":["mineable"],"max_supply":null,"circulating_supply":707809433.592263,"total_supply":3239081276.59226,"platform":null,"cmc_rank":39,"last_updated":"2020-04-24T20:59:16.000Z","quote":{"USD":{"price":0.211486052181,"volume_24h":72294136.2940118,"percent_change_1h":-0.214317,"percent_change_24h":11.1795,"percent_change_7d":11.5086,"market_cap":149691822.80689737,"last_updated":"2020-04-24T20:59:16.000Z"}}},{"id":5031,"name":"MimbleWimbleCoin","symbol":"MWC","slug":"mimblewimblecoin","num_market_pairs":7,"date_added":"2020-02-24T00:00:00.000Z","tags":[],"max_supply":20000000,"circulating_supply":8010779.2569404,"total_supply":10520422.2569404,"platform":null,"cmc_rank":208,"last_updated":"2020-04-24T20:59:18.000Z","quote":{"USD":{"price":16.9721657058,"volume_24h":71339243.7345532,"percent_change_1h":1.05704,"percent_change_24h":5.21305,"percent_change_7d":14.5138,"market_cap":135960272.98137784,"last_updated":"2020-04-24T20:59:18.000Z"}}},{"id":4064,"name":"USDK","symbol":"USDK","slug":"usdk","num_market_pairs":37,"date_added":"2019-07-29T00:00:00.000Z","tags":[],"max_supply":null,"circulating_supply":28600072,"total_supply":28600072,"platform":{"id":1027,"name":"Ethereum","symbol":"ETH","slug":"ethereum","token_address":"0x1c48f86ae57291f7686349f12601910bd8d470bb"},"cmc_rank":251,"last_updated":"2020-04-24T20:59:16.000Z","quote":{"USD":{"price":1.00173272589,"volume_24h":71193020.4560713,"percent_change_1h":-0.270352,"percent_change_24h":1.53885,"percent_change_7d":-0.23572,"market_cap":28649628.085210264,"last_updated":"2020-04-24T20:59:16.000Z"}}},{"id":3702,"name":"Beam","symbol":"BEAM","slug":"beam","num_market_pairs":32,"date_added":"2019-01-17T00:00:00.000Z","tags":["mineable"],"max_supply":262800000,"circulating_supply":60238720,"total_supply":60238720,"platform":null,"cmc_rank":155,"last_updated":"2020-04-24T20:59:14.000Z","quote":{"USD":{"price":0.293516960827,"volume_24h":69185603.3568611,"percent_change_1h":-0.554682,"percent_change_24h":6.53997,"percent_change_7d":6.93172,"market_cap":17681086.018508624,"last_updated":"2020-04-24T20:59:14.000Z"}}},{"id":3718,"name":"BitTorrent","symbol":"BTT","slug":"bittorrent","num_market_pairs":134,"date_added":"2019-01-31T00:00:00.000Z","tags":[],"max_supply":null,"circulating_supply":212116500000,"total_supply":990000000000,"platform":{"id":1958,"name":"TRON","symbol":"TRX","slug":"tron","token_address":"1002000"},"cmc_rank":79,"last_updated":"2020-04-24T20:59:14.000Z","quote":{"USD":{"price":0.000244977457067,"volume_24h":66187049.9896698,"percent_change_1h":0.0450115,"percent_change_24h":6.3252,"percent_change_7d":6.45153,"market_cap":51963760.7719523,"last_updated":"2020-04-24T20:59:14.000Z"}}},{"id":2307,"name":"Bibox Token","symbol":"BIX","slug":"bibox-token","num_market_pairs":27,"date_added":"2017-12-24T00:00:00.000Z","tags":[],"max_supply":null,"circulating_supply":97882450.27,"total_supply":251424733.27,"platform":{"id":1027,"name":"Ethereum","symbol":"ETH","slug":"ethereum","token_address":"0xb3104b4b9da82025e8b9f8fb28b3553ce2f67069"},"cmc_rank":328,"last_updated":"2020-04-24T20:59:08.000Z","quote":{"USD":{"price":0.0847131992194,"volume_24h":64904492.9756369,"percent_change_1h":3.04761,"percent_change_24h":4.83515,"percent_change_7d":8.3966,"market_cap":8291935.509805523,"last_updated":"2020-04-24T20:59:08.000Z"}}},{"id":1772,"name":"Storj","symbol":"STORJ","slug":"storj","num_market_pairs":32,"date_added":"2017-07-02T00:00:00.000Z","tags":[],"max_supply":null,"circulating_supply":135787438.700013,"total_supply":424999998.000013,"platform":{"id":1027,"name":"Ethereum","symbol":"ETH","slug":"ethereum","token_address":"0xb64ef51c888972c908cfacf59b47c1afbc0ab8ac"},"cmc_rank":181,"last_updated":"2020-04-24T20:59:07.000Z","quote":{"USD":{"price":0.0991226596417,"volume_24h":54938918.9868987,"percent_change_1h":-0.00297759,"percent_change_24h":2.31639,"percent_change_7d":4.04516,"market_cap":13459612.069879593,"last_updated":"2020-04-24T20:59:07.000Z"}}},{"id":4467,"name":"Nestree","symbol":"EGG","slug":"nestree","num_market_pairs":4,"date_added":"2019-09-09T00:00:00.000Z","tags":[],"max_supply":null,"circulating_supply":703068351.349625,"total_supply":2994901340,"platform":{"id":1027,"name":"Ethereum","symbol":"ETH","slug":"ethereum","token_address":"0x65ccd72c0813ce6f2703593b633202a0f3ca6a0c"},"cmc_rank":550,"last_updated":"2020-04-24T20:59:16.000Z","quote":{"USD":{"price":0.00461474981746,"volume_24h":52613394.7152909,"percent_change_1h":1.81008,"percent_change_24h":16.685,"percent_change_7d":-42.7049,"market_cap":3244484.5460525854,"last_updated":"2020-04-24T20:59:16.000Z"}}},{"id":2405,"name":"IOST","symbol":"IOST","slug":"iostoken","num_market_pairs":85,"date_added":"2018-01-16T00:00:00.000Z","tags":[],"max_supply":null,"circulating_supply":12013965608.8475,"total_supply":21000000000,"platform":null,"cmc_rank":91,"last_updated":"2020-04-24T20:59:09.000Z","quote":{"USD":{"price":0.00362852985292,"volume_24h":51158520.960927,"percent_change_1h":0.401183,"percent_change_24h":8.25467,"percent_change_7d":10.0619,"market_cap":43593032.863657355,"last_updated":"2020-04-24T20:59:09.000Z"}}},{"id":2280,"name":"Filecoin [Futures]","symbol":"FIL","slug":"filecoin","num_market_pairs":4,"date_added":"2017-12-13T00:00:00.000Z","tags":["mineable"],"max_supply":null,"circulating_supply":null,"total_supply":null,"platform":null,"cmc_rank":2031,"last_updated":"2020-04-24T20:59:08.000Z","quote":{"USD":{"price":5.24664857082,"volume_24h":51119916.5188607,"percent_change_1h":0.745866,"percent_change_24h":8.12128,"percent_change_7d":5.01513,"market_cap":null,"last_updated":"2020-04-24T20:59:08.000Z"}}},{"id":2349,"name":"Mixin","symbol":"XIN","slug":"mixin","num_market_pairs":8,"date_added":"2018-01-09T00:00:00.000Z","tags":[],"max_supply":1000000,"circulating_supply":510414.610609626,"total_supply":1000000,"platform":{"id":1027,"name":"Ethereum","symbol":"ETH","slug":"ethereum","token_address":"0xa974c709cfb4566686553a20790685a47aceaa33"},"cmc_rank":216,"last_updated":"2020-04-24T20:59:08.000Z","quote":{"USD":{"price":165.021045713,"volume_24h":50051456.4710337,"percent_change_1h":-0.0384774,"percent_change_24h":0.708469,"percent_change_7d":-0.218192,"market_cap":84229152.7899942,"last_updated":"2020-04-24T20:59:08.000Z"}}},{"id":3437,"name":"ABBC Coin","symbol":"ABBC","slug":"abbc-coin","num_market_pairs":42,"date_added":"2018-10-12T00:00:00.000Z","tags":["mineable"],"max_supply":null,"circulating_supply":555416924.350722,"total_supply":1003278750.0109,"platform":null,"cmc_rank":69,"last_updated":"2020-04-24T20:59:13.000Z","quote":{"USD":{"price":0.114610096961,"volume_24h":47176364.9384288,"percent_change_1h":0.149991,"percent_change_24h":1.81245,"percent_change_7d":-0.173547,"market_cap":63656387.55361664,"last_updated":"2020-04-24T20:59:13.000Z"}}},{"id":2099,"name":"ICON","symbol":"ICX","slug":"icon","num_market_pairs":61,"date_added":"2017-10-27T00:00:00.000Z","tags":[],"max_supply":null,"circulating_supply":537255642.747258,"total_supply":800460000,"platform":null,"cmc_rank":40,"last_updated":"2020-04-24T20:59:08.000Z","quote":{"USD":{"price":0.271214485972,"volume_24h":46581027.7005847,"percent_change_1h":0.908109,"percent_change_24h":9.70783,"percent_change_7d":16.1436,"market_cap":145711512.98325402,"last_updated":"2020-04-24T20:59:08.000Z"}}},{"id":1982,"name":"Kyber Network","symbol":"KNC","slug":"kyber-network","num_market_pairs":64,"date_added":"2017-09-24T00:00:00.000Z","tags":[],"max_supply":null,"circulating_supply":180432602.911872,"total_supply":210939151.730736,"platform":{"id":1027,"name":"Ethereum","symbol":"ETH","slug":"ethereum","token_address":"0xdd974d5c2e2928dea5f71b9825b8b646686bd200"},"cmc_rank":55,"last_updated":"2020-04-24T20:59:08.000Z","quote":{"USD":{"price":0.516103821837,"volume_24h":45589801.4410895,"percent_change_1h":0.351806,"percent_change_24h":8.24248,"percent_change_7d":7.76441,"market_cap":93121955.94681495,"last_updated":"2020-04-24T20:59:08.000Z"}}},{"id":1776,"name":"MCO","symbol":"MCO","slug":"crypto-com","num_market_pairs":61,"date_added":"2017-07-03T00:00:00.000Z","tags":[],"max_supply":null,"circulating_supply":15793831.0949625,"total_supply":31587682.3632061,"platform":{"id":1027,"name":"Ethereum","symbol":"ETH","slug":"ethereum","token_address":"0xb63b606ac810a52cca15e44bb630fd42d8d1d83d"},"cmc_rank":58,"last_updated":"2020-04-24T20:59:07.000Z","quote":{"USD":{"price":5.09072336116,"volume_24h":42933319.3830314,"percent_change_1h":0.0235301,"percent_change_24h":-1.34166,"percent_change_7d":-2.03276,"market_cap":80402024.91734083,"last_updated":"2020-04-24T20:59:07.000Z"}}},{"id":2083,"name":"Bitcoin Gold","symbol":"BTG","slug":"bitcoin-gold","num_market_pairs":73,"date_added":"2017-10-23T00:00:00.000Z","tags":["mineable"],"max_supply":21000000,"circulating_supply":17513923.589,"total_supply":17513923.589,"platform":null,"cmc_rank":38,"last_updated":"2020-04-24T20:59:08.000Z","quote":{"USD":{"price":9.46560763734,"volume_24h":42637563.0352719,"percent_change_1h":-0.151951,"percent_change_24h":1.18838,"percent_change_7d":-5.08938,"market_cap":165779928.8838276,"last_updated":"2020-04-24T20:59:08.000Z"}}},{"id":3890,"name":"Matic Network","symbol":"MATIC","slug":"matic-network","num_market_pairs":51,"date_added":"2019-04-28T00:00:00.000Z","tags":[],"max_supply":null,"circulating_supply":2758503686,"total_supply":10000000000,"platform":{"id":1027,"name":"Ethereum","symbol":"ETH","slug":"ethereum","token_address":"0x7D1AfA7B718fb893dB30A3aBc0Cfc608AaCfeBB0"},"cmc_rank":93,"last_updated":"2020-04-24T20:59:15.000Z","quote":{"USD":{"price":0.0148782603506,"volume_24h":42391976.8576699,"percent_change_1h":-0.310072,"percent_change_24h":6.11692,"percent_change_7d":15.4297,"market_cap":41041736.01839775,"last_updated":"2020-04-24T20:59:15.000Z"}}},{"id":4229,"name":"Yobit Token","symbol":"YO","slug":"yobit-token","num_market_pairs":11,"date_added":"2019-09-03T00:00:00.000Z","tags":[],"max_supply":null,"circulating_supply":null,"total_supply":17000,"platform":{"id":1027,"name":"Ethereum","symbol":"ETH","slug":"ethereum","token_address":"0xebf4ca5319f406602eeff68da16261f1216011b5"},"cmc_rank":2032,"last_updated":"2020-04-24T20:59:16.000Z","quote":{"USD":{"price":748.01761052,"volume_24h":42373228.1863136,"percent_change_1h":1.35827,"percent_change_24h":1.91076,"percent_change_7d":5.61271,"market_cap":null,"last_updated":"2020-04-24T20:59:16.000Z"}}},{"id":3306,"name":"Gemini Dollar","symbol":"GUSD","slug":"gemini-dollar","num_market_pairs":31,"date_added":"2018-10-05T00:00:00.000Z","tags":[],"max_supply":null,"circulating_supply":5770999.35,"total_supply":5770999.35,"platform":{"id":1027,"name":"Ethereum","symbol":"ETH","slug":"ethereum","token_address":"0x056Fd409E1d7A124BD7017459dFEa2F387b6d5Cd"},"cmc_rank":396,"last_updated":"2020-04-24T20:59:12.000Z","quote":{"USD":{"price":1.00852841674,"volume_24h":41643842.4242324,"percent_change_1h":0.259486,"percent_change_24h":2.45458,"percent_change_7d":0.668655,"market_cap":5820216.837463069,"last_updated":"2020-04-24T20:59:12.000Z"}}},{"id":3657,"name":"Lambda","symbol":"LAMB","slug":"lambda","num_market_pairs":41,"date_added":"2019-01-02T00:00:00.000Z","tags":[],"max_supply":10000000000,"circulating_supply":645958325.627519,"total_supply":6000000000,"platform":{"id":1027,"name":"Ethereum","symbol":"ETH","slug":"ethereum","token_address":"0x8971f9fd7196e5cee2c1032b50f656855af7dd26"},"cmc_rank":320,"last_updated":"2020-04-24T20:59:14.000Z","quote":{"USD":{"price":0.0131915659195,"volume_24h":41147159.2313653,"percent_change_1h":-0.583495,"percent_change_24h":1.70818,"percent_change_7d":-3.62916,"market_cap":8521201.833765263,"last_updated":"2020-04-24T20:59:14.000Z"}}},{"id":3709,"name":"Grin","symbol":"GRIN","slug":"grin","num_market_pairs":60,"date_added":"2019-01-27T00:00:00.000Z","tags":["mineable"],"max_supply":null,"circulating_supply":40024740,"total_supply":40024740,"platform":null,"cmc_rank":143,"last_updated":"2020-04-24T20:59:14.000Z","quote":{"USD":{"price":0.50142441063,"volume_24h":37339194.9995869,"percent_change_1h":0.559672,"percent_change_24h":3.3119,"percent_change_7d":3.21702,"market_cap":20069381.665118985,"last_updated":"2020-04-24T20:59:14.000Z"}}},{"id":624,"name":"bitCNY","symbol":"BITCNY","slug":"bitcny","num_market_pairs":23,"date_added":"2014-09-23T00:00:00.000Z","tags":[],"max_supply":null,"circulating_supply":31264500,"total_supply":31264500,"platform":{"id":463,"name":"BitShares","symbol":"BTS","slug":"bitshares","token_address":"CNY"},"cmc_rank":476,"last_updated":"2020-04-24T20:59:05.000Z","quote":{"USD":{"price":0.141219880503,"volume_24h":36789132.1879563,"percent_change_1h":0.0531634,"percent_change_24h":1.64067,"percent_change_7d":0.451079,"market_cap":4415168.953986043,"last_updated":"2020-04-24T20:59:05.000Z"}}},{"id":3351,"name":"ZB Token","symbol":"ZB","slug":"zb-token","num_market_pairs":11,"date_added":"2018-09-27T00:00:00.000Z","tags":[],"max_supply":null,"circulating_supply":463288810,"total_supply":2100000000,"platform":{"id":1027,"name":"Ethereum","symbol":"ETH","slug":"ethereum","token_address":"0xbd0793332e9fb844a52a205a233ef27a5b34b927"},"cmc_rank":49,"last_updated":"2020-04-24T20:59:12.000Z","quote":{"USD":{"price":0.24197585251,"volume_24h":35078881.0924095,"percent_change_1h":-0.0201819,"percent_change_24h":1.65363,"percent_change_7d":1.60163,"market_cap":112104704.75809342,"last_updated":"2020-04-24T20:59:12.000Z"}}},{"id":5085,"name":"Building Cities Beyond Blockchain","symbol":"BCB","slug":"building-cities-beyond-blockchain","num_market_pairs":3,"date_added":"2019-12-30T00:00:00.000Z","tags":[],"max_supply":66000000,"circulating_supply":null,"total_supply":66000000,"platform":null,"cmc_rank":2033,"last_updated":"2020-04-24T20:59:18.000Z","quote":{"USD":{"price":2.62114016877,"volume_24h":34800883.2764546,"percent_change_1h":-0.0513122,"percent_change_24h":3.91934,"percent_change_7d":1.67333,"market_cap":null,"last_updated":"2020-04-24T20:59:18.000Z"}}},{"id":2457,"name":"TrueChain","symbol":"TRUE","slug":"truechain","num_market_pairs":16,"date_added":"2018-01-24T00:00:00.000Z","tags":[],"max_supply":null,"circulating_supply":79575542.96,"total_supply":100000000,"platform":null,"cmc_rank":133,"last_updated":"2020-04-24T20:59:09.000Z","quote":{"USD":{"price":0.269593250646,"volume_24h":33422221.7898221,"percent_change_1h":0.032825,"percent_change_24h":1.32647,"percent_change_7d":0.208484,"market_cap":21453029.29850682,"last_updated":"2020-04-24T20:59:09.000Z"}}},{"id":1274,"name":"Waves","symbol":"WAVES","slug":"waves","num_market_pairs":143,"date_added":"2016-06-02T00:00:00.000Z","tags":[],"max_supply":null,"circulating_supply":101755168,"total_supply":101755168,"platform":null,"cmc_rank":52,"last_updated":"2020-04-24T20:59:07.000Z","quote":{"USD":{"price":1.0248613277,"volume_24h":32048062.2270191,"percent_change_1h":0.646645,"percent_change_24h":1.35182,"percent_change_7d":1.90449,"market_cap":104284936.57681656,"last_updated":"2020-04-24T20:59:07.000Z"}}},{"id":1104,"name":"Augur","symbol":"REP","slug":"augur","num_market_pairs":73,"date_added":"2015-10-27T00:00:00.000Z","tags":[],"max_supply":null,"circulating_supply":11000000,"total_supply":11000000,"platform":{"id":1027,"name":"Ethereum","symbol":"ETH","slug":"ethereum","token_address":"0x1985365e9f78359a9b6ad760e32412f4a445e862"},"cmc_rank":48,"last_updated":"2020-04-24T20:59:06.000Z","quote":{"USD":{"price":10.234448163,"volume_24h":31097468.7781125,"percent_change_1h":0.107994,"percent_change_24h":2.16466,"percent_change_7d":2.08039,"market_cap":112578929.793,"last_updated":"2020-04-24T20:59:06.000Z"}}},{"id":1896,"name":"0x","symbol":"ZRX","slug":"0x","num_market_pairs":179,"date_added":"2017-08-16T00:00:00.000Z","tags":[],"max_supply":null,"circulating_supply":652134957.432216,"total_supply":1000000000,"platform":{"id":1027,"name":"Ethereum","symbol":"ETH","slug":"ethereum","token_address":"0xe41d2489571d322189246dafa5ebde1f4699f498"},"cmc_rank":47,"last_updated":"2020-04-24T20:59:08.000Z","quote":{"USD":{"price":0.185635274744,"volume_24h":29393339.7052355,"percent_change_1h":-0.840685,"percent_change_24h":6.44699,"percent_change_7d":6.85253,"market_cap":121059251.99309616,"last_updated":"2020-04-24T20:59:08.000Z"}}},{"id":5267,"name":"QUEENBEE","symbol":"QBZ","slug":"queenbee","num_market_pairs":2,"date_added":"2020-03-05T00:00:00.000Z","tags":[],"max_supply":null,"circulating_supply":null,"total_supply":8000000000,"platform":{"id":1027,"name":"Ethereum","symbol":"ETH","slug":"ethereum","token_address":"0x9bbc9286cdf6eefebf21df19bac71c6bdd7759d4"},"cmc_rank":2034,"last_updated":"2020-04-24T20:59:18.000Z","quote":{"USD":{"price":0.00843889041564,"volume_24h":25795890.9109875,"percent_change_1h":-3.87349,"percent_change_24h":141.107,"percent_change_7d":85.354,"market_cap":null,"last_updated":"2020-04-24T20:59:18.000Z"}}},{"id":109,"name":"DigiByte","symbol":"DGB","slug":"digibyte","num_market_pairs":77,"date_added":"2014-02-06T00:00:00.000Z","tags":["mineable"],"max_supply":21000000000,"circulating_supply":13068096678.9317,"total_supply":13068096678.9317,"platform":null,"cmc_rank":37,"last_updated":"2020-04-24T20:59:05.000Z","quote":{"USD":{"price":0.0126954880544,"volume_24h":23662512.5468984,"percent_change_1h":-3.69038,"percent_change_24h":25.3225,"percent_change_7d":97.2489,"market_cap":165905865.2811217,"last_updated":"2020-04-24T20:59:05.000Z"}}},{"id":1759,"name":"Status","symbol":"SNT","slug":"status","num_market_pairs":84,"date_added":"2017-06-28T00:00:00.000Z","tags":[],"max_supply":null,"circulating_supply":3470483788,"total_supply":6804870174,"platform":{"id":1027,"name":"Ethereum","symbol":"ETH","slug":"ethereum","token_address":"0x744d70fdbe2ba4cf95131626614a1763df805b9e"},"cmc_rank":67,"last_updated":"2020-04-24T20:59:07.000Z","quote":{"USD":{"price":0.0192438802737,"volume_24h":22218025.3906593,"percent_change_1h":0.981383,"percent_change_24h":5.11028,"percent_change_7d":17.0745,"market_cap":66785574.50808886,"last_updated":"2020-04-24T20:59:07.000Z"}}},{"id":4779,"name":"HUSD","symbol":"HUSD","slug":"husd","num_market_pairs":18,"date_added":"2019-10-15T00:00:00.000Z","tags":[],"max_supply":null,"circulating_supply":null,"total_supply":87094416.0933887,"platform":{"id":1027,"name":"Ethereum","symbol":"ETH","slug":"ethereum","token_address":"0xdf574c24545e5ffecb9a659c229253d4111d87e1"},"cmc_rank":2035,"last_updated":"2020-04-24T20:59:17.000Z","quote":{"USD":{"price":1.00463993182,"volume_24h":21365434.3752803,"percent_change_1h":0.0075956,"percent_change_24h":1.9987,"percent_change_7d":0.113222,"market_cap":null,"last_updated":"2020-04-24T20:59:17.000Z"}}},{"id":2062,"name":"Aion","symbol":"AION","slug":"aion","num_market_pairs":20,"date_added":"2017-10-18T00:00:00.000Z","tags":["mineable"],"max_supply":null,"circulating_supply":410411905,"total_supply":410411905,"platform":null,"cmc_rank":100,"last_updated":"2020-04-24T20:59:07.000Z","quote":{"USD":{"price":0.0876280301677,"volume_24h":20877509.5166826,"percent_change_1h":2.50535,"percent_change_24h":27.452,"percent_change_7d":36.1143,"market_cap":35963586.79252323,"last_updated":"2020-04-24T20:59:07.000Z"}}},{"id":5198,"name":"Creditcoin","symbol":"CTC","slug":"creditcoin","num_market_pairs":3,"date_added":"2020-01-31T00:00:00.000Z","tags":[],"max_supply":null,"circulating_supply":null,"total_supply":600000000,"platform":null,"cmc_rank":2036,"last_updated":"2020-04-24T20:59:18.000Z","quote":{"USD":{"price":0.375773423108,"volume_24h":20767573.065201,"percent_change_1h":-0.204776,"percent_change_24h":-2.66478,"percent_change_7d":-9.83946,"market_cap":null,"last_updated":"2020-04-24T20:59:18.000Z"}}},{"id":5217,"name":"3X Long Ethereum Token","symbol":"ETHBULL","slug":"3x-long-ethereum-token","num_market_pairs":7,"date_added":"2020-02-11T00:00:00.000Z","tags":[],"max_supply":null,"circulating_supply":null,"total_supply":2688.70054275,"platform":{"id":1027,"name":"Ethereum","symbol":"ETH","slug":"ethereum","token_address":"0x871baed4088b863fd6407159f3672d70cd34837d"},"cmc_rank":2037,"last_updated":"2020-04-24T20:59:18.000Z","quote":{"USD":{"price":186.768723882,"volume_24h":19557681.2713107,"percent_change_1h":-0.380788,"percent_change_24h":-0.392845,"percent_change_7d":26.4392,"market_cap":null,"last_updated":"2020-04-24T20:59:18.000Z"}}},{"id":2299,"name":"aelf","symbol":"ELF","slug":"aelf","num_market_pairs":79,"date_added":"2017-12-21T00:00:00.000Z","tags":[],"max_supply":1000000000,"circulating_supply":544480199.986466,"total_supply":879999999.986466,"platform":{"id":1027,"name":"Ethereum","symbol":"ETH","slug":"ethereum","token_address":"0xbf2179859fc6d5bee9bf9158632dc51678a4100e"},"cmc_rank":103,"last_updated":"2020-04-24T20:59:09.000Z","quote":{"USD":{"price":0.0645952731131,"volume_24h":19365732.4385145,"percent_change_1h":-0.151692,"percent_change_24h":3.8069,"percent_change_7d":1.63141,"market_cap":35170847.22280108,"last_updated":"2020-04-24T20:59:09.000Z"}}},{"id":5444,"name":"Cartesi","symbol":"CTSI","slug":"cartesi","num_market_pairs":4,"date_added":"2020-04-23T00:00:00.000Z","tags":[],"max_supply":null,"circulating_supply":null,"total_supply":1000000000,"platform":null,"cmc_rank":2038,"last_updated":"2020-04-24T20:59:18.000Z","quote":{"USD":{"price":0.051393839012,"volume_24h":18772841.5092057,"percent_change_1h":-1.00777,"percent_change_24h":-16.1775,"percent_change_7d":null,"market_cap":null,"last_updated":"2020-04-24T20:59:18.000Z"}}},{"id":2341,"name":"SwftCoin","symbol":"SWFTC","slug":"swftcoin","num_market_pairs":13,"date_added":"2018-01-04T00:00:00.000Z","tags":[],"max_supply":null,"circulating_supply":4004999999,"total_supply":10000000000,"platform":{"id":1027,"name":"Ethereum","symbol":"ETH","slug":"ethereum","token_address":"0x0bb217e40f8a5cb79adf04e1aab60e5abd0dfc1e"},"cmc_rank":398,"last_updated":"2020-04-24T20:59:08.000Z","quote":{"USD":{"price":0.00144270564342,"volume_24h":18374829.1894528,"percent_change_1h":0.107141,"percent_change_24h":8.29515,"percent_change_7d":14.2443,"market_cap":5778036.100454395,"last_updated":"2020-04-24T20:59:08.000Z"}}},{"id":2830,"name":"Seele","symbol":"SEELE","slug":"seele","num_market_pairs":18,"date_added":"2018-05-31T00:00:00.000Z","tags":[],"max_supply":null,"circulating_supply":699592066.289478,"total_supply":1000000000,"platform":{"id":1027,"name":"Ethereum","symbol":"ETH","slug":"ethereum","token_address":"0xb1eef147028e9f480dbc5ccaa3277d417d1b85f0"},"cmc_rank":76,"last_updated":"2020-04-24T20:59:10.000Z","quote":{"USD":{"price":0.0792768588838,"volume_24h":18032979.8470764,"percent_change_1h":-0.0824092,"percent_change_24h":5.94542,"percent_change_7d":2.69339,"market_cap":55461461.515457,"last_updated":"2020-04-24T20:59:10.000Z"}}},{"id":4899,"name":"Yap Stone","symbol":"YAP","slug":"yap-stone","num_market_pairs":14,"date_added":"2019-11-09T00:00:00.000Z","tags":[],"max_supply":null,"circulating_supply":150000000,"total_supply":1000000000,"platform":{"id":1027,"name":"Ethereum","symbol":"ETH","slug":"ethereum","token_address":""},"cmc_rank":108,"last_updated":"2020-04-24T20:59:17.000Z","quote":{"USD":{"price":0.213538100803,"volume_24h":17837491.697736,"percent_change_1h":0.171153,"percent_change_24h":1.87432,"percent_change_7d":3.72238,"market_cap":32030715.12045,"last_updated":"2020-04-24T20:59:17.000Z"}}},{"id":5414,"name":"3x Long EOS Token","symbol":"EOSBULL","slug":"3x-long-eos-token","num_market_pairs":5,"date_added":"2020-04-06T00:00:00.000Z","tags":[],"max_supply":null,"circulating_supply":null,"total_supply":1057300.976,"platform":{"id":1027,"name":"Ethereum","symbol":"ETH","slug":"ethereum","token_address":"0xeaD7F3ae4e0Bb0D8785852Cc37CC9d0B5e75c06a"},"cmc_rank":2039,"last_updated":"2020-04-24T20:59:18.000Z","quote":{"USD":{"price":5.98454096391,"volume_24h":17825018.4758667,"percent_change_1h":-0.339258,"percent_change_24h":0.608967,"percent_change_7d":7.17381,"market_cap":null,"last_updated":"2020-04-24T20:59:18.000Z"}}},{"id":873,"name":"NEM","symbol":"XEM","slug":"nem","num_market_pairs":92,"date_added":"2015-04-01T00:00:00.000Z","tags":[],"max_supply":null,"circulating_supply":8999999999,"total_supply":8999999999,"platform":null,"cmc_rank":27,"last_updated":"2020-04-24T20:59:06.000Z","quote":{"USD":{"price":0.0385035574281,"volume_24h":17804489.7633655,"percent_change_1h":-0.564381,"percent_change_24h":3.25144,"percent_change_7d":1.90206,"market_cap":346532016.81439644,"last_updated":"2020-04-24T20:59:06.000Z"}}},{"id":5429,"name":"DEAPcoin","symbol":"DEP","slug":"deapcoin","num_market_pairs":2,"date_added":"2020-04-10T00:00:00.000Z","tags":[],"max_supply":30000000000,"circulating_supply":null,"total_supply":30000000000,"platform":{"id":1027,"name":"Ethereum","symbol":"ETH","slug":"ethereum","token_address":"0x1a3496c18d558bd9c6c8f609e1b129f67ab08163"},"cmc_rank":2040,"last_updated":"2020-04-24T20:59:18.000Z","quote":{"USD":{"price":0.00515641026111,"volume_24h":17117756.9045088,"percent_change_1h":0.659051,"percent_change_24h":1.57531,"percent_change_7d":-6.18329,"market_cap":null,"last_updated":"2020-04-24T20:59:18.000Z"}}},{"id":5221,"name":"Handshake ","symbol":"HNS","slug":"handshake","num_market_pairs":10,"date_added":"2020-02-22T00:00:00.000Z","tags":[],"max_supply":null,"circulating_supply":268078892.322,"total_supply":2040000000,"platform":null,"cmc_rank":245,"last_updated":"2020-04-24T20:59:18.000Z","quote":{"USD":{"price":0.122905502091,"volume_24h":16581448.2709779,"percent_change_1h":0.460956,"percent_change_24h":-1.34541,"percent_change_7d":0.536262,"market_cap":32948370.860834535,"last_updated":"2020-04-24T20:59:18.000Z"}}},{"id":2588,"name":"Loom Network","symbol":"LOOM","slug":"loom-network","num_market_pairs":65,"date_added":"2018-03-14T00:00:00.000Z","tags":[],"max_supply":null,"circulating_supply":970041175.954257,"total_supply":1000000000,"platform":{"id":1027,"name":"Ethereum","symbol":"ETH","slug":"ethereum","token_address":"0xa4e8c3ec456107ea67d3075bf9e3df3a75823db0"},"cmc_rank":171,"last_updated":"2020-04-24T20:59:10.000Z","quote":{"USD":{"price":0.0149609204289,"volume_24h":16241327.7952406,"percent_change_1h":0.244645,"percent_change_24h":2.91213,"percent_change_7d":2.8854,"market_cap":14512708.846208222,"last_updated":"2020-04-24T20:59:10.000Z"}}},{"id":1866,"name":"Bytom","symbol":"BTM","slug":"bytom","num_market_pairs":54,"date_added":"2017-08-08T00:00:00.000Z","tags":["mineable"],"max_supply":null,"circulating_supply":1002499275,"total_supply":1407000000,"platform":null,"cmc_rank":72,"last_updated":"2020-04-24T20:59:07.000Z","quote":{"USD":{"price":0.0593118080802,"volume_24h":15688023.6900283,"percent_change_1h":-0.513426,"percent_change_24h":3.06409,"percent_change_7d":2.57598,"market_cap":59460044.59933964,"last_updated":"2020-04-24T20:59:07.000Z"}}},{"id":5295,"name":"3X Long BNB Token","symbol":"BNBBULL","slug":"3x-long-bnb-token","num_market_pairs":5,"date_added":"2020-03-11T00:00:00.000Z","tags":[],"max_supply":null,"circulating_supply":null,"total_supply":4975.41633724,"platform":{"id":1027,"name":"Ethereum","symbol":"ETH","slug":"ethereum","token_address":"0x9d1a62c2ad99019768b9126fda004a9952853f6e"},"cmc_rank":2041,"last_updated":"2020-04-24T20:59:18.000Z","quote":{"USD":{"price":110.052362256,"volume_24h":15111512.4680581,"percent_change_1h":0.0889944,"percent_change_24h":-2.208,"percent_change_7d":5.94899,"market_cap":null,"last_updated":"2020-04-24T20:59:18.000Z"}}},{"id":1720,"name":"IOTA","symbol":"MIOTA","slug":"iota","num_market_pairs":53,"date_added":"2017-06-13T00:00:00.000Z","tags":[],"max_supply":2779530283,"circulating_supply":2779530283,"total_supply":2779530283,"platform":null,"cmc_rank":25,"last_updated":"2020-04-24T20:59:07.000Z","quote":{"USD":{"price":0.167431141296,"volume_24h":14905812.9632505,"percent_change_1h":0.414893,"percent_change_24h":4.31652,"percent_change_7d":5.95949,"market_cap":465379927.5494839,"last_updated":"2020-04-24T20:59:07.000Z"}}},{"id":1966,"name":"Decentraland","symbol":"MANA","slug":"decentraland","num_market_pairs":75,"date_added":"2017-09-17T00:00:00.000Z","tags":[],"max_supply":null,"circulating_supply":1370185655.67155,"total_supply":2197930265.03415,"platform":{"id":1027,"name":"Ethereum","symbol":"ETH","slug":"ethereum","token_address":"0x0f5d2fb29fb7d3cfee444a200298f468908cc942"},"cmc_rank":95,"last_updated":"2020-04-24T20:59:07.000Z","quote":{"USD":{"price":0.0293487306836,"volume_24h":14680568.7501194,"percent_change_1h":0.548764,"percent_change_24h":3.42236,"percent_change_7d":3.34998,"market_cap":40213209.7948362,"last_updated":"2020-04-24T20:59:07.000Z"}}},{"id":4846,"name":"Kava","symbol":"KAVA","slug":"kava","num_market_pairs":15,"date_added":"2019-10-25T00:00:00.000Z","tags":[],"max_supply":null,"circulating_supply":35836745.721819,"total_supply":108626064.721819,"platform":{"id":1839,"name":"Binance Coin","symbol":"BNB","slug":"binance-coin","token_address":""},"cmc_rank":148,"last_updated":"2020-04-24T20:59:17.000Z","quote":{"USD":{"price":0.54160609268,"volume_24h":14475456.2049842,"percent_change_1h":-0.442707,"percent_change_24h":1.00955,"percent_change_7d":3.40393,"market_cap":19409399.824761096,"last_updated":"2020-04-24T20:59:17.000Z"}}},{"id":4942,"name":"Digital Gold","symbol":"GOLD","slug":"digital-gold","num_market_pairs":3,"date_added":"2019-11-18T00:00:00.000Z","tags":[],"max_supply":null,"circulating_supply":11545.843,"total_supply":17190.718,"platform":{"id":1027,"name":"Ethereum","symbol":"ETH","slug":"ethereum","token_address":"0x0d16450d347c12c086d6c94c76c5aaac35ea07e0"},"cmc_rank":987,"last_updated":"2020-04-24T20:59:17.000Z","quote":{"USD":{"price":55.3977882295,"volume_24h":14363423.6033552,"percent_change_1h":1.33087,"percent_change_24h":2.76943,"percent_change_7d":0.91687,"market_cap":639614.165445055,"last_updated":"2020-04-24T20:59:17.000Z"}}},{"id":4273,"name":"Sessia","symbol":"KICKS","slug":"sessia","num_market_pairs":2,"date_added":"2019-08-21T00:00:00.000Z","tags":[],"max_supply":null,"circulating_supply":6145759.45571843,"total_supply":100000000,"platform":{"id":1027,"name":"Ethereum","symbol":"ETH","slug":"ethereum","token_address":"0xd91a6162f146ef85922d9a15ee6eb14a00344586"},"cmc_rank":975,"last_updated":"2020-04-24T20:59:16.000Z","quote":{"USD":{"price":0.108210337592,"volume_24h":14224813.4978566,"percent_change_1h":2.02577,"percent_change_24h":1.51979,"percent_change_7d":3.54895,"market_cap":665034.7054625174,"last_updated":"2020-04-24T20:59:16.000Z"}}},{"id":5117,"name":"Origin Protocol","symbol":"OGN","slug":"origin-protocol","num_market_pairs":15,"date_added":"2020-01-09T00:00:00.000Z","tags":[],"max_supply":null,"circulating_supply":33523273.02,"total_supply":1000000000,"platform":{"id":1027,"name":"Ethereum","symbol":"ETH","slug":"ethereum","token_address":"0x8207c1ffc5b6804f6024322ccf34f29c3541ae26"},"cmc_rank":336,"last_updated":"2020-04-24T20:59:18.000Z","quote":{"USD":{"price":0.230607170758,"volume_24h":14168583.5470003,"percent_change_1h":0.0941858,"percent_change_24h":2.62738,"percent_change_7d":2.88545,"market_cap":7730707.145690194,"last_updated":"2020-04-24T20:59:18.000Z"}}},{"id":1925,"name":"Waltonchain","symbol":"WTC","slug":"waltonchain","num_market_pairs":41,"date_added":"2017-08-27T00:00:00.000Z","tags":[],"max_supply":100000000,"circulating_supply":69650283.0106683,"total_supply":70000000,"platform":{"id":1027,"name":"Ethereum","symbol":"ETH","slug":"ethereum","token_address":"0xb7cb1c96db6b22b0d3d9536e0108d062bd488f74"},"cmc_rank":142,"last_updated":"2020-04-24T20:59:07.000Z","quote":{"USD":{"price":0.296284489682,"volume_24h":14068942.4708163,"percent_change_1h":-0.762242,"percent_change_24h":3.30861,"percent_change_7d":-4.39404,"market_cap":20636298.55802273,"last_updated":"2020-04-24T20:59:07.000Z"}}},{"id":2130,"name":"Enjin Coin","symbol":"ENJ","slug":"enjin-coin","num_market_pairs":61,"date_added":"2017-11-01T00:00:00.000Z","tags":[],"max_supply":null,"circulating_supply":814772129.064264,"total_supply":1000000000,"platform":{"id":1027,"name":"Ethereum","symbol":"ETH","slug":"ethereum","token_address":"0xf629cbd94d3791c9250152bd8dfbdf380e2a3b9c"},"cmc_rank":50,"last_updated":"2020-04-24T20:59:08.000Z","quote":{"USD":{"price":0.131696709597,"volume_24h":13811875.0315502,"percent_change_1h":1.92805,"percent_change_24h":8.26319,"percent_change_7d":38.382,"market_cap":107302808.46910578,"last_updated":"2020-04-24T20:59:08.000Z"}}},{"id":3945,"name":"Harmony","symbol":"ONE","slug":"harmony","num_market_pairs":20,"date_added":"2019-06-01T00:00:00.000Z","tags":[],"max_supply":null,"circulating_supply":4596807869,"total_supply":12600000000,"platform":null,"cmc_rank":189,"last_updated":"2020-04-24T20:59:15.000Z","quote":{"USD":{"price":0.00266824179182,"volume_24h":13466541.4091713,"percent_change_1h":1.29289,"percent_change_24h":0.789388,"percent_change_7d":19.3526,"market_cap":12265394.865032837,"last_updated":"2020-04-24T20:59:15.000Z"}}},{"id":4078,"name":"Super Zero","symbol":"SERO","slug":"super-zero","num_market_pairs":15,"date_added":"2019-07-19T00:00:00.000Z","tags":[],"max_supply":647367590,"circulating_supply":257456320,"total_supply":645172541,"platform":null,"cmc_rank":147,"last_updated":"2020-04-24T20:59:15.000Z","quote":{"USD":{"price":0.0757527798883,"volume_24h":13375779.1530418,"percent_change_1h":-0.786605,"percent_change_24h":0.71088,"percent_change_7d":3.95782,"market_cap":19503031.93981173,"last_updated":"2020-04-24T20:59:15.000Z"}}},{"id":1903,"name":"HyperCash","symbol":"HC","slug":"hypercash","num_market_pairs":32,"date_added":"2017-08-20T00:00:00.000Z","tags":["mineable"],"max_supply":84000000,"circulating_supply":44588005.041052,"total_supply":44588005.041052,"platform":null,"cmc_rank":85,"last_updated":"2020-04-24T20:59:07.000Z","quote":{"USD":{"price":1.0516150616,"volume_24h":13342314.6594388,"percent_change_1h":-0.0258346,"percent_change_24h":3.47308,"percent_change_7d":1.37875,"market_cap":46889417.667867005,"last_updated":"2020-04-24T20:59:07.000Z"}}},{"id":2456,"name":"OFCOIN","symbol":"OF","slug":"ofcoin","num_market_pairs":1,"date_added":"2018-01-24T00:00:00.000Z","tags":[],"max_supply":null,"circulating_supply":null,"total_supply":51200000000,"platform":null,"cmc_rank":2042,"last_updated":"2020-04-24T20:59:09.000Z","quote":{"USD":{"price":0.000050288596224,"volume_24h":13327355.0324787,"percent_change_1h":0.00462606,"percent_change_24h":37.8268,"percent_change_7d":11.228,"market_cap":null,"last_updated":"2020-04-24T20:59:09.000Z"}}},{"id":4943,"name":"Multi-collateral DAI","symbol":"DAI","slug":"multi-collateral-dai","num_market_pairs":75,"date_added":"2019-11-22T00:00:00.000Z","tags":[],"max_supply":null,"circulating_supply":94939448.0168126,"total_supply":95340338.2289576,"platform":{"id":1027,"name":"Ethereum","symbol":"ETH","slug":"ethereum","token_address":"0x6b175474e89094c44da98b954eedeac495271d0f"},"cmc_rank":54,"last_updated":"2020-04-24T20:59:18.000Z","quote":{"USD":{"price":1.01303366035,"volume_24h":13012471.5378638,"percent_change_1h":-0.213741,"percent_change_24h":1.34271,"percent_change_7d":-0.307949,"market_cap":96176856.53608021,"last_updated":"2020-04-24T20:59:18.000Z"}}},{"id":5477,"name":"ECOChain","symbol":"ECOC","slug":"ecochain","num_market_pairs":1,"date_added":"2020-04-20T00:00:00.000Z","tags":[],"max_supply":2000000000,"circulating_supply":null,"total_supply":223217150,"platform":null,"cmc_rank":2043,"last_updated":"2020-04-24T20:59:18.000Z","quote":{"USD":{"price":1.33052562118,"volume_24h":12814208.8202786,"percent_change_1h":0.0823135,"percent_change_24h":1.62253,"percent_change_7d":null,"market_cap":null,"last_updated":"2020-04-24T20:59:18.000Z"}}},{"id":1414,"name":"Zcoin","symbol":"XZC","slug":"zcoin","num_market_pairs":56,"date_added":"2016-10-06T00:00:00.000Z","tags":["mineable"],"max_supply":21400000,"circulating_supply":9970543.32977796,"total_supply":21400000,"platform":null,"cmc_rank":94,"last_updated":"2020-04-24T20:59:06.000Z","quote":{"USD":{"price":4.06709617854,"volume_24h":12678048.8553477,"percent_change_1h":0.116032,"percent_change_24h":0.139368,"percent_change_7d":15.4899,"market_cap":40551158.674507424,"last_updated":"2020-04-24T20:59:06.000Z"}}},{"id":2570,"name":"TomoChain","symbol":"TOMO","slug":"tomochain","num_market_pairs":23,"date_added":"2018-03-08T00:00:00.000Z","tags":["mineable"],"max_supply":null,"circulating_supply":70456100,"total_supply":100000000,"platform":null,"cmc_rank":127,"last_updated":"2020-04-24T20:59:09.000Z","quote":{"USD":{"price":0.340986091982,"volume_24h":12458614.4029428,"percent_change_1h":0.0442289,"percent_change_24h":4.74729,"percent_change_7d":1.22177,"market_cap":24024550.195292987,"last_updated":"2020-04-24T20:59:09.000Z"}}},{"id":4041,"name":"MX Token","symbol":"MX","slug":"mx-token","num_market_pairs":8,"date_added":"2019-09-24T00:00:00.000Z","tags":[],"max_supply":null,"circulating_supply":193278361.2597,"total_supply":673963903.14,"platform":{"id":1027,"name":"Ethereum","symbol":"ETH","slug":"ethereum","token_address":"0x11eef04c884e24d9b7b4760e7476d06ddf797f36"},"cmc_rank":138,"last_updated":"2020-04-24T20:59:15.000Z","quote":{"USD":{"price":0.108509491911,"volume_24h":12333334.1045508,"percent_change_1h":0.374293,"percent_change_24h":-2.00899,"percent_change_7d":9.91264,"market_cap":20972536.77768075,"last_updated":"2020-04-24T20:59:15.000Z"}}},{"id":3053,"name":"YOU COIN","symbol":"YOU","slug":"you-coin","num_market_pairs":6,"date_added":"2018-08-01T00:00:00.000Z","tags":[],"max_supply":null,"circulating_supply":556120198.410192,"total_supply":2856000000,"platform":{"id":1027,"name":"Ethereum","symbol":"ETH","slug":"ethereum","token_address":"0x34364BEe11607b1963d66BCA665FDE93fCA666a8"},"cmc_rank":168,"last_updated":"2020-04-24T20:59:11.000Z","quote":{"USD":{"price":0.0265127475106,"volume_24h":11402900.6023319,"percent_change_1h":0.896173,"percent_change_24h":-5.84082,"percent_change_7d":-0.377344,"market_cap":14744274.405994195,"last_updated":"2020-04-24T20:59:11.000Z"}}},{"id":3957,"name":"UNUS SED LEO","symbol":"LEO","slug":"unus-sed-leo","num_market_pairs":25,"date_added":"2019-05-21T00:00:00.000Z","tags":[],"max_supply":null,"circulating_supply":999498892.9,"total_supply":999498892.9,"platform":{"id":1027,"name":"Ethereum","symbol":"ETH","slug":"ethereum","token_address":"0x2af5d2ad76741191d15dfe7bf6ac92d4bd912ca3"},"cmc_rank":15,"last_updated":"2020-04-24T20:59:15.000Z","quote":{"USD":{"price":1.05218324307,"volume_24h":11354994.5751517,"percent_change_1h":0.022787,"percent_change_24h":2.30864,"percent_change_7d":1.60939,"market_cap":1051655986.5763966,"last_updated":"2020-04-24T20:59:15.000Z"}}}]}