{"status":{"timestamp":"2020-04-25T03:00:01.341Z","error_code":0,"error_message":null,"elapsed":101,"credit_count":1,"notice":null},"data":[{"id":825,"name":"Tether","symbol":"USDT","slug":"tether","num_market_pairs":4685,"date_added":"2015-02-25T00:00:00.000Z","tags":[],"max_supply":null,"circulating_supply":6361032509,"total_supply":6998318752.17,"platform":{"id":1027,"name":"Ethereum","symbol":"ETH","slug":"ethereum","token_address":"31"},"cmc_rank":4,"last_updated":"2020-04-25T02:58:27.000Z","quote":{"USD":{"price":1.00900779912,"volume_24h":44195084498.9713,"percent_change_1h":0.0544097,"percent_change_24h":0.400339,"percent_change_7d":0.353247,"market_cap":6418331412.036861,"last_updated":"2020-04-25T02:58:27.000Z"}}},{"id":1,"name":"Bitcoin","symbol":"BTC","slug":"bitcoin","num_market_pairs":7955,"date_added":"2013-04-28T00:00:00.000Z","tags":["mineable"],"max_supply":21000000,"circulating_supply":18343962,"total_supply":18343962,"platform":null,"cmc_rank":1,"last_updated":"2020-04-25T02:57:46.000Z","quote":{"USD":{"price":7549.70350051,"volume_24h":34544429198.9306,"percent_change_1h":0.0205489,"percent_change_24h":0.233618,"percent_change_7d":5.92561,"market_cap":138491474124.6224,"last_updated":"2020-04-25T02:57:46.000Z"}}},{"id":1027,"name":"Ethereum","symbol":"ETH","slug":"ethereum","num_market_pairs":5179,"date_added":"2015-08-07T00:00:00.000Z","tags":["mineable"],"max_supply":null,"circulating_supply":110658864.249,"total_supply":110658864.249,"platform":null,"cmc_rank":2,"last_updated":"2020-04-25T02:58:31.000Z","quote":{"USD":{"price":188.765352808,"volume_24h":16379382656.2094,"percent_change_1h":-0.00904094,"percent_change_24h":-0.270687,"percent_change_7d":9.06671,"market_cap":20888559551.295063,"last_updated":"2020-04-25T02:58:31.000Z"}}},{"id":2,"name":"Litecoin","symbol":"LTC","slug":"litecoin","num_market_pairs":600,"date_added":"2013-04-28T00:00:00.000Z","tags":["mineable"],"max_supply":84000000,"circulating_supply":64585455.7265572,"total_supply":64585455.7265572,"platform":null,"cmc_rank":7,"last_updated":"2020-04-25T02:58:05.000Z","quote":{"USD":{"price":44.7798570219,"volume_24h":4348312611.97463,"percent_change_1h":0.150277,"percent_change_24h":2.09474,"percent_change_7d":4.25847,"market_cap":2892127473.129484,"last_updated":"2020-04-25T02:58:05.000Z"}}},{"id":1831,"name":"Bitcoin Cash","symbol":"BCH","slug":"bitcoin-cash","num_market_pairs":473,"date_added":"2017-07-23T00:00:00.000Z","tags":["mineable"],"max_supply":21000000,"circulating_supply":18389262.5,"total_supply":18389262.5,"platform":null,"cmc_rank":5,"last_updated":"2020-04-25T02:58:06.000Z","quote":{"USD":{"price":239.151050078,"volume_24h":3097559316.0939,"percent_change_1h":0.0506388,"percent_change_24h":-0.573546,"percent_change_7d":1.51883,"market_cap":4397811437.034987,"last_updated":"2020-04-25T02:58:06.000Z"}}},{"id":1765,"name":"EOS","symbol":"EOS","slug":"eos","num_market_pairs":378,"date_added":"2017-07-01T00:00:00.000Z","tags":[],"max_supply":null,"circulating_supply":922075982.9577,"total_supply":1018775994.9573,"platform":null,"cmc_rank":9,"last_updated":"2020-04-25T02:58:04.000Z","quote":{"USD":{"price":2.70790336365,"volume_24h":2961933198.98876,"percent_change_1h":-0.0780758,"percent_change_24h":-0.127839,"percent_change_7d":1.9537,"market_cap":2496892655.7920356,"last_updated":"2020-04-25T02:58:04.000Z"}}},{"id":3602,"name":"Bitcoin SV","symbol":"BSV","slug":"bitcoin-sv","num_market_pairs":183,"date_added":"2018-11-09T00:00:00.000Z","tags":["mineable"],"max_supply":21000000,"circulating_supply":18388052.0819233,"total_supply":18388052.0819233,"platform":null,"cmc_rank":6,"last_updated":"2020-04-25T02:58:13.000Z","quote":{"USD":{"price":194.025441339,"volume_24h":1859477184.04403,"percent_change_1h":0.157501,"percent_change_24h":-1.33882,"percent_change_7d":-0.543283,"market_cap":3567749920.5596857,"last_updated":"2020-04-25T02:58:13.000Z"}}},{"id":52,"name":"XRP","symbol":"XRP","slug":"xrp","num_market_pairs":545,"date_added":"2013-08-04T00:00:00.000Z","tags":[],"max_supply":100000000000,"circulating_supply":44089620959,"total_supply":99990980257,"platform":null,"cmc_rank":3,"last_updated":"2020-04-25T02:58:03.000Z","quote":{"USD":{"price":0.193387507271,"volume_24h":1802684861.90572,"percent_change_1h":-0.237025,"percent_change_24h":-1.24566,"percent_change_7d":1.29379,"market_cap":8526381893.7842455,"last_updated":"2020-04-25T02:58:03.000Z"}}},{"id":1321,"name":"Ethereum Classic","symbol":"ETC","slug":"ethereum-classic","num_market_pairs":246,"date_added":"2016-07-24T00:00:00.000Z","tags":["mineable"],"max_supply":210700000,"circulating_supply":116313299,"total_supply":116313299,"platform":null,"cmc_rank":21,"last_updated":"2020-04-25T02:58:03.000Z","quote":{"USD":{"price":5.63714407684,"volume_24h":1669112542.96792,"percent_change_1h":-0.0978327,"percent_change_24h":-0.278184,"percent_change_7d":2.99724,"market_cap":655674824.5155699,"last_updated":"2020-04-25T02:58:03.000Z"}}},{"id":1958,"name":"TRON","symbol":"TRX","slug":"tron","num_market_pairs":337,"date_added":"2017-09-13T00:00:00.000Z","tags":["mineable"],"max_supply":null,"circulating_supply":66682072191.4,"total_supply":99281283754.3,"platform":null,"cmc_rank":16,"last_updated":"2020-04-25T02:58:03.000Z","quote":{"USD":{"price":0.0140278238378,"volume_24h":1492387020.05826,"percent_change_1h":0.0909054,"percent_change_24h":-1.26904,"percent_change_7d":7.3717,"market_cap":935404361.8404214,"last_updated":"2020-04-25T02:58:03.000Z"}}},{"id":131,"name":"Dash","symbol":"DASH","slug":"dash","num_market_pairs":297,"date_added":"2014-02-14T00:00:00.000Z","tags":["mineable"],"max_supply":18900000,"circulating_supply":9456495.44198507,"total_supply":9456495.44198507,"platform":null,"cmc_rank":18,"last_updated":"2020-04-25T02:58:02.000Z","quote":{"USD":{"price":81.9302802537,"volume_24h":681069308.982147,"percent_change_1h":0.209921,"percent_change_24h":-0.400885,"percent_change_7d":5.08441,"market_cap":774773321.7796736,"last_updated":"2020-04-25T02:58:02.000Z"}}},{"id":512,"name":"Stellar","symbol":"XLM","slug":"stellar","num_market_pairs":296,"date_added":"2014-08-05T00:00:00.000Z","tags":[],"max_supply":null,"circulating_supply":20295869293.0104,"total_supply":50001803873.8717,"platform":null,"cmc_rank":12,"last_updated":"2020-04-25T02:58:03.000Z","quote":{"USD":{"price":0.0622380613817,"volume_24h":595171730.562151,"percent_change_1h":0.0672545,"percent_change_24h":-3.15019,"percent_change_7d":26.031,"market_cap":1263175558.8533413,"last_updated":"2020-04-25T02:58:03.000Z"}}},{"id":1437,"name":"Zcash","symbol":"ZEC","slug":"zcash","num_market_pairs":238,"date_added":"2016-10-29T00:00:00.000Z","tags":["mineable"],"max_supply":21000000,"circulating_supply":9013906.25,"total_supply":9013906.25,"platform":null,"cmc_rank":26,"last_updated":"2020-04-25T02:58:03.000Z","quote":{"USD":{"price":44.0326692171,"volume_24h":581863213.856421,"percent_change_1h":-0.214018,"percent_change_24h":-2.49089,"percent_change_7d":7.56023,"market_cap":396906352.2602003,"last_updated":"2020-04-25T02:58:03.000Z"}}},{"id":1376,"name":"Neo","symbol":"NEO","slug":"neo","num_market_pairs":238,"date_added":"2016-09-08T00:00:00.000Z","tags":[],"max_supply":100000000,"circulating_supply":70538831,"total_supply":100000000,"platform":null,"cmc_rank":23,"last_updated":"2020-04-25T02:58:03.000Z","quote":{"USD":{"price":8.11040327415,"volume_24h":572673238.677159,"percent_change_1h":0.460593,"percent_change_24h":-0.146876,"percent_change_7d":6.6028,"market_cap":572098365.8971136,"last_updated":"2020-04-25T02:58:03.000Z"}}},{"id":2563,"name":"TrueUSD","symbol":"TUSD","slug":"trueusd","num_market_pairs":155,"date_added":"2018-03-06T00:00:00.000Z","tags":[],"max_supply":null,"circulating_supply":131055015.06,"total_supply":131055015.06,"platform":{"id":1027,"name":"Ethereum","symbol":"ETH","slug":"ethereum","token_address":"0x0000000000085d4780B73119b644AE5ecd22b376"},"cmc_rank":43,"last_updated":"2020-04-25T02:58:05.000Z","quote":{"USD":{"price":1.0076293149,"volume_24h":535061942.6338,"percent_change_1h":0.028705,"percent_change_24h":0.415341,"percent_change_7d":0.379673,"market_cap":132054875.03911698,"last_updated":"2020-04-25T02:58:05.000Z"}}},{"id":3330,"name":"Paxos Standard","symbol":"PAX","slug":"paxos-standard","num_market_pairs":99,"date_added":"2018-09-27T00:00:00.000Z","tags":[],"max_supply":null,"circulating_supply":244951954.494264,"total_supply":249952064.83,"platform":{"id":1027,"name":"Ethereum","symbol":"ETH","slug":"ethereum","token_address":"0x8e870d67f660d95d5be530380d0ec0bd388289e1"},"cmc_rank":34,"last_updated":"2020-04-25T02:58:12.000Z","quote":{"USD":{"price":1.00739911537,"volume_24h":525631126.040657,"percent_change_1h":0.0112934,"percent_change_24h":0.397116,"percent_change_7d":0.331449,"market_cap":246764382.26567402,"last_updated":"2020-04-25T02:58:12.000Z"}}},{"id":3408,"name":"USD Coin","symbol":"USDC","slug":"usd-coin","num_market_pairs":219,"date_added":"2018-10-08T00:00:00.000Z","tags":[],"max_supply":null,"circulating_supply":750158951.073755,"total_supply":754161919.53,"platform":{"id":1027,"name":"Ethereum","symbol":"ETH","slug":"ethereum","token_address":"0xa0b86991c6218b36c1d19d4a2e9eb0ce3606eb48"},"cmc_rank":20,"last_updated":"2020-04-25T02:58:12.000Z","quote":{"USD":{"price":1.00793438171,"volume_24h":439028202.73761,"percent_change_1h":0.0841554,"percent_change_24h":0.468628,"percent_change_7d":0.355251,"market_cap":756110998.5347474,"last_updated":"2020-04-25T02:58:12.000Z"}}},{"id":1839,"name":"Binance Coin","symbol":"BNB","slug":"binance-coin","num_market_pairs":305,"date_added":"2017-07-25T00:00:00.000Z","tags":[],"max_supply":187536713,"circulating_supply":155536713,"total_supply":187536713,"platform":null,"cmc_rank":8,"last_updated":"2020-04-25T02:58:04.000Z","quote":{"USD":{"price":16.1214070236,"volume_24h":365035762.731366,"percent_change_1h":0.627299,"percent_change_24h":-0.565949,"percent_change_7d":1.3477,"market_cap":2507470657.3858576,"last_updated":"2020-04-25T02:58:04.000Z"}}},{"id":1684,"name":"Qtum","symbol":"QTUM","slug":"qtum","num_market_pairs":172,"date_added":"2017-05-24T00:00:00.000Z","tags":[],"max_supply":107822406,"circulating_supply":96607300.359,"total_supply":102357300,"platform":null,"cmc_rank":42,"last_updated":"2020-04-25T02:58:03.000Z","quote":{"USD":{"price":1.4279571601,"volume_24h":356172473.615723,"percent_change_1h":0.0520038,"percent_change_24h":0.131316,"percent_change_7d":1.59519,"market_cap":137951086.26556537,"last_updated":"2020-04-25T02:58:03.000Z"}}},{"id":2011,"name":"Tezos","symbol":"XTZ","slug":"tezos","num_market_pairs":90,"date_added":"2017-10-06T00:00:00.000Z","tags":[],"max_supply":null,"circulating_supply":708255589.198693,"total_supply":708255589.198693,"platform":null,"cmc_rank":10,"last_updated":"2020-04-25T02:58:03.000Z","quote":{"USD":{"price":2.71330687661,"volume_24h":344494549.87227,"percent_change_1h":0.458118,"percent_change_24h":4.60623,"percent_change_7d":27.6867,"market_cap":1921714760.570281,"last_updated":"2020-04-25T02:58:03.000Z"}}},{"id":1975,"name":"Chainlink","symbol":"LINK","slug":"chainlink","num_market_pairs":170,"date_added":"2017-09-20T00:00:00.000Z","tags":[],"max_supply":null,"circulating_supply":350000000,"total_supply":1000000000,"platform":{"id":1027,"name":"Ethereum","symbol":"ETH","slug":"ethereum","token_address":"0x514910771af9ca656af840dff83e8264ecf986ca"},"cmc_rank":11,"last_updated":"2020-04-25T02:58:03.000Z","quote":{"USD":{"price":3.7922218289,"volume_24h":310119873.960162,"percent_change_1h":-0.0945853,"percent_change_24h":-1.70111,"percent_change_7d":7.74554,"market_cap":1327277640.115,"last_updated":"2020-04-25T02:58:03.000Z"}}},{"id":3794,"name":"Cosmos","symbol":"ATOM","slug":"cosmos","num_market_pairs":121,"date_added":"2019-03-14T00:00:00.000Z","tags":[],"max_supply":null,"circulating_supply":190688439.2,"total_supply":237928230.821588,"platform":null,"cmc_rank":24,"last_updated":"2020-04-25T02:58:13.000Z","quote":{"USD":{"price":2.72120553227,"volume_24h":261321591.432746,"percent_change_1h":0.113853,"percent_change_24h":10.2382,"percent_change_7d":12.8369,"market_cap":518902435.6909715,"last_updated":"2020-04-25T02:58:13.000Z"}}},{"id":2502,"name":"Huobi Token","symbol":"HT","slug":"huobi-token","num_market_pairs":136,"date_added":"2018-02-03T00:00:00.000Z","tags":[],"max_supply":null,"circulating_supply":222668092.971921,"total_supply":500000000,"platform":{"id":1027,"name":"Ethereum","symbol":"ETH","slug":"ethereum","token_address":"0x6f259637dcd74c767781e37bc6133cd6a68aa161"},"cmc_rank":17,"last_updated":"2020-04-25T02:58:05.000Z","quote":{"USD":{"price":3.98620121422,"volume_24h":233869935.285684,"percent_change_1h":-0.114205,"percent_change_24h":0.655072,"percent_change_7d":3.71104,"market_cap":887599822.5727233,"last_updated":"2020-04-25T02:58:05.000Z"}}},{"id":2319,"name":"QCash","symbol":"QC","slug":"qcash","num_market_pairs":91,"date_added":"2019-12-12T00:00:00.000Z","tags":[],"max_supply":10000000000,"circulating_supply":460000200,"total_supply":10000000000,"platform":{"id":1684,"name":"Qtum","symbol":"QTUM","slug":"qtum","token_address":"f2033ede578e17fa6231047265010445bca8cf1c"},"cmc_rank":220,"last_updated":"2020-04-25T02:58:03.000Z","quote":{"USD":{"price":0.141037004763,"volume_24h":229404705.493653,"percent_change_1h":0.00713409,"percent_change_24h":0.227849,"percent_change_7d":0.671549,"market_cap":64877050.39838095,"last_updated":"2020-04-25T02:58:03.000Z"}}},{"id":74,"name":"Dogecoin","symbol":"DOGE","slug":"dogecoin","num_market_pairs":239,"date_added":"2013-12-15T00:00:00.000Z","tags":["mineable"],"max_supply":null,"circulating_supply":124288752342.721,"total_supply":124288752342.721,"platform":null,"cmc_rank":32,"last_updated":"2020-04-25T02:58:01.000Z","quote":{"USD":{"price":0.00209990348329,"volume_24h":214507957.854955,"percent_change_1h":0.171952,"percent_change_24h":1.08456,"percent_change_7d":4.25243,"market_cap":260994383.97824794,"last_updated":"2020-04-25T02:58:01.000Z"}}},{"id":2010,"name":"Cardano","symbol":"ADA","slug":"cardano","num_market_pairs":131,"date_added":"2017-10-01T00:00:00.000Z","tags":["mineable"],"max_supply":45000000000,"circulating_supply":25927070538,"total_supply":31112483745,"platform":null,"cmc_rank":13,"last_updated":"2020-04-25T02:58:03.000Z","quote":{"USD":{"price":0.0422408152889,"volume_24h":157880976.734215,"percent_change_1h":0.668766,"percent_change_24h":-2.66111,"percent_change_7d":20.7569,"market_cap":1095180597.5779393,"last_updated":"2020-04-25T02:58:03.000Z"}}},{"id":3077,"name":"VeChain","symbol":"VET","slug":"vechain","num_market_pairs":98,"date_added":"2017-08-22T00:00:00.000Z","tags":[],"max_supply":null,"circulating_supply":55454734800,"total_supply":86712634466,"platform":null,"cmc_rank":35,"last_updated":"2020-04-25T02:58:10.000Z","quote":{"USD":{"price":0.00413371708269,"volume_24h":154761655.666034,"percent_change_1h":-0.0107932,"percent_change_24h":3.47705,"percent_change_7d":7.35289,"market_cap":229234184.55880362,"last_updated":"2020-04-25T02:58:10.000Z"}}},{"id":3897,"name":"OKB","symbol":"OKB","slug":"okb","num_market_pairs":50,"date_added":"2019-04-30T00:00:00.000Z","tags":[],"max_supply":null,"circulating_supply":60000000,"total_supply":300000000,"platform":{"id":1027,"name":"Ethereum","symbol":"ETH","slug":"ethereum","token_address":"0x75231f58b43240c9718dd58b4967c5114342a86c"},"cmc_rank":30,"last_updated":"2020-04-25T02:58:13.000Z","quote":{"USD":{"price":4.94472672096,"volume_24h":153670406.250352,"percent_change_1h":0.0222631,"percent_change_24h":0.220371,"percent_change_7d":4.73246,"market_cap":296683603.2576,"last_updated":"2020-04-25T02:58:13.000Z"}}},{"id":2566,"name":"Ontology","symbol":"ONT","slug":"ontology","num_market_pairs":119,"date_added":"2018-03-08T00:00:00.000Z","tags":[],"max_supply":null,"circulating_supply":656746573,"total_supply":1000000000,"platform":null,"cmc_rank":29,"last_updated":"2020-04-25T02:58:04.000Z","quote":{"USD":{"price":0.453959739471,"volume_24h":124944724.604559,"percent_change_1h":0.162211,"percent_change_24h":4.35839,"percent_change_7d":9.71516,"market_cap":298136503.1775521,"last_updated":"2020-04-25T02:58:04.000Z"}}},{"id":328,"name":"Monero","symbol":"XMR","slug":"monero","num_market_pairs":146,"date_added":"2014-05-21T00:00:00.000Z","tags":["mineable"],"max_supply":null,"circulating_supply":17535879.2662346,"total_supply":17535879.2662346,"platform":null,"cmc_rank":14,"last_updated":"2020-04-25T02:58:01.000Z","quote":{"USD":{"price":60.7086613303,"volume_24h":112504759.635896,"percent_change_1h":0.162076,"percent_change_24h":1.14442,"percent_change_7d":6.63976,"market_cap":1064579755.5028659,"last_updated":"2020-04-25T02:58:01.000Z"}}},{"id":1168,"name":"Decred","symbol":"DCR","slug":"decred","num_market_pairs":49,"date_added":"2016-02-10T00:00:00.000Z","tags":["mineable"],"max_supply":21000000,"circulating_supply":11403086.9976781,"total_supply":11403086.9976781,"platform":null,"cmc_rank":40,"last_updated":"2020-04-25T02:58:01.000Z","quote":{"USD":{"price":12.5108484847,"volume_24h":90249034.4903676,"percent_change_1h":-0.180833,"percent_change_24h":-0.582085,"percent_change_7d":0.384658,"market_cap":142662293.68580332,"last_updated":"2020-04-25T02:58:01.000Z"}}},{"id":1697,"name":"Basic Attention Token","symbol":"BAT","slug":"basic-attention-token","num_market_pairs":183,"date_added":"2017-06-01T00:00:00.000Z","tags":[],"max_supply":null,"circulating_supply":1457527137.0863,"total_supply":1500000000,"platform":{"id":1027,"name":"Ethereum","symbol":"ETH","slug":"ethereum","token_address":"0x0d8775f648430679a709e98d2b0cb6250d2887ef"},"cmc_rank":33,"last_updated":"2020-04-25T02:58:03.000Z","quote":{"USD":{"price":0.178396239138,"volume_24h":88277356.2272262,"percent_change_1h":0.668008,"percent_change_24h":4.36769,"percent_change_7d":6.32281,"market_cap":260017359.6977721,"last_updated":"2020-04-25T02:58:03.000Z"}}},{"id":1808,"name":"OmiseGO","symbol":"OMG","slug":"omisego","num_market_pairs":209,"date_added":"2017-07-14T00:00:00.000Z","tags":[],"max_supply":null,"circulating_supply":140245398.245133,"total_supply":140245398.245133,"platform":{"id":1027,"name":"Ethereum","symbol":"ETH","slug":"ethereum","token_address":"0xd26114cd6EE289AccF82350c8d8487fedB8A0C07"},"cmc_rank":57,"last_updated":"2020-04-25T02:58:03.000Z","quote":{"USD":{"price":0.615716119014,"volume_24h":87340058.0870067,"percent_change_1h":-0.665183,"percent_change_24h":0.885022,"percent_change_7d":6.43528,"market_cap":86351352.31706615,"last_updated":"2020-04-25T02:58:03.000Z"}}},{"id":4687,"name":"Binance USD","symbol":"BUSD","slug":"binance-usd","num_market_pairs":61,"date_added":"2019-09-20T00:00:00.000Z","tags":[],"max_supply":null,"circulating_supply":180220082.66,"total_supply":180220082.66,"platform":{"id":1027,"name":"Ethereum","symbol":"ETH","slug":"ethereum","token_address":"0x4Fabb145d64652a948d72533023f6E7A623C7C53"},"cmc_rank":36,"last_updated":"2020-04-25T02:58:15.000Z","quote":{"USD":{"price":1.00820623887,"volume_24h":78222020.7113096,"percent_change_1h":0.0938701,"percent_change_24h":0.480377,"percent_change_7d":0.397301,"market_cap":181699011.7074791,"last_updated":"2020-04-25T02:58:15.000Z"}}},{"id":3702,"name":"Beam","symbol":"BEAM","slug":"beam","num_market_pairs":32,"date_added":"2019-01-17T00:00:00.000Z","tags":["mineable"],"max_supply":262800000,"circulating_supply":60253320,"total_supply":60253320,"platform":null,"cmc_rank":155,"last_updated":"2020-04-25T02:58:12.000Z","quote":{"USD":{"price":0.28652501549,"volume_24h":71824578.0450651,"percent_change_1h":-0.390499,"percent_change_24h":2.47788,"percent_change_7d":3.76117,"market_cap":17264083.446323924,"last_updated":"2020-04-25T02:58:12.000Z"}}},{"id":5031,"name":"MimbleWimbleCoin","symbol":"MWC","slug":"mimblewimblecoin","num_market_pairs":7,"date_added":"2020-02-24T00:00:00.000Z","tags":[],"max_supply":20000000,"circulating_supply":8010996.4569404,"total_supply":10520639.4569404,"platform":null,"cmc_rank":208,"last_updated":"2020-04-25T02:58:15.000Z","quote":{"USD":{"price":16.7121018996,"volume_24h":67790714.9079532,"percent_change_1h":-1.4872,"percent_change_24h":-2.59051,"percent_change_7d":18.3252,"market_cap":133880589.10572253,"last_updated":"2020-04-25T02:58:15.000Z"}}},{"id":4030,"name":"Algorand","symbol":"ALGO","slug":"algorand","num_market_pairs":77,"date_added":"2019-06-20T00:00:00.000Z","tags":["mineable"],"max_supply":null,"circulating_supply":708222646.076776,"total_supply":3239494489.07678,"platform":null,"cmc_rank":39,"last_updated":"2020-04-25T02:58:14.000Z","quote":{"USD":{"price":0.20636484604,"volume_24h":66592139.8295205,"percent_change_1h":-0.168664,"percent_change_24h":2.82642,"percent_change_7d":7.66085,"market_cap":146152257.3196753,"last_updated":"2020-04-25T02:58:14.000Z"}}},{"id":2307,"name":"Bibox Token","symbol":"BIX","slug":"bibox-token","num_market_pairs":27,"date_added":"2017-12-24T00:00:00.000Z","tags":[],"max_supply":null,"circulating_supply":97882450.27,"total_supply":251424733.27,"platform":{"id":1027,"name":"Ethereum","symbol":"ETH","slug":"ethereum","token_address":"0xb3104b4b9da82025e8b9f8fb28b3553ce2f67069"},"cmc_rank":335,"last_updated":"2020-04-25T02:58:03.000Z","quote":{"USD":{"price":0.080804282544,"volume_24h":65098628.7887295,"percent_change_1h":-0.940875,"percent_change_24h":-1.56253,"percent_change_7d":2.22312,"market_cap":7909321.167716109,"last_updated":"2020-04-25T02:58:03.000Z"}}},{"id":3718,"name":"BitTorrent","symbol":"BTT","slug":"bittorrent","num_market_pairs":134,"date_added":"2019-01-31T00:00:00.000Z","tags":[],"max_supply":null,"circulating_supply":212116500000,"total_supply":990000000000,"platform":{"id":1958,"name":"TRON","symbol":"TRX","slug":"tron","token_address":"1002000"},"cmc_rank":80,"last_updated":"2020-04-25T02:58:13.000Z","quote":{"USD":{"price":0.000241550033841,"volume_24h":64245028.4455301,"percent_change_1h":0.23696,"percent_change_24h":1.9416,"percent_change_7d":4.60226,"market_cap":51236747.753234476,"last_updated":"2020-04-25T02:58:13.000Z"}}},{"id":4064,"name":"USDK","symbol":"USDK","slug":"usdk","num_market_pairs":37,"date_added":"2019-07-29T00:00:00.000Z","tags":[],"max_supply":null,"circulating_supply":28600072,"total_supply":28600072,"platform":{"id":1027,"name":"Ethereum","symbol":"ETH","slug":"ethereum","token_address":"0x1c48f86ae57291f7686349f12601910bd8d470bb"},"cmc_rank":251,"last_updated":"2020-04-25T02:58:14.000Z","quote":{"USD":{"price":1.00699548649,"volume_24h":63851059.9524994,"percent_change_1h":0.0021743,"percent_change_24h":0.332778,"percent_change_7d":0.277408,"market_cap":28800143.417289026,"last_updated":"2020-04-25T02:58:14.000Z"}}},{"id":1772,"name":"Storj","symbol":"STORJ","slug":"storj","num_market_pairs":32,"date_added":"2017-07-02T00:00:00.000Z","tags":[],"max_supply":null,"circulating_supply":135787438.700013,"total_supply":424999998.000013,"platform":{"id":1027,"name":"Ethereum","symbol":"ETH","slug":"ethereum","token_address":"0xb64ef51c888972c908cfacf59b47c1afbc0ab8ac"},"cmc_rank":181,"last_updated":"2020-04-25T02:58:01.000Z","quote":{"USD":{"price":0.0994584865079,"volume_24h":57495791.8676943,"percent_change_1h":-0.211354,"percent_change_24h":0.798493,"percent_change_7d":3.45163,"market_cap":13505213.139887542,"last_updated":"2020-04-25T02:58:01.000Z"}}},{"id":2349,"name":"Mixin","symbol":"XIN","slug":"mixin","num_market_pairs":8,"date_added":"2018-01-09T00:00:00.000Z","tags":[],"max_supply":1000000,"circulating_supply":510414.610609626,"total_supply":1000000,"platform":{"id":1027,"name":"Ethereum","symbol":"ETH","slug":"ethereum","token_address":"0xa974c709cfb4566686553a20790685a47aceaa33"},"cmc_rank":215,"last_updated":"2020-04-25T02:58:03.000Z","quote":{"USD":{"price":164.153716131,"volume_24h":54872634.535894,"percent_change_1h":-0.0225524,"percent_change_24h":-0.789263,"percent_change_7d":-1.26615,"market_cap":83786455.09912746,"last_updated":"2020-04-25T02:58:03.000Z"}}},{"id":2405,"name":"IOST","symbol":"IOST","slug":"iostoken","num_market_pairs":85,"date_added":"2018-01-16T00:00:00.000Z","tags":[],"max_supply":null,"circulating_supply":12013965608.8475,"total_supply":21000000000,"platform":null,"cmc_rank":91,"last_updated":"2020-04-25T02:58:03.000Z","quote":{"USD":{"price":0.00353916703144,"volume_24h":51698953.2152182,"percent_change_1h":-0.483993,"percent_change_24h":5.57462,"percent_change_7d":5.56442,"market_cap":42519430.99968706,"last_updated":"2020-04-25T02:58:03.000Z"}}},{"id":2280,"name":"Filecoin [Futures]","symbol":"FIL","slug":"filecoin","num_market_pairs":4,"date_added":"2017-12-13T00:00:00.000Z","tags":["mineable"],"max_supply":null,"circulating_supply":null,"total_supply":null,"platform":null,"cmc_rank":2030,"last_updated":"2020-04-25T02:58:03.000Z","quote":{"USD":{"price":5.12671568609,"volume_24h":49205893.8620355,"percent_change_1h":-1.13976,"percent_change_24h":0.494257,"percent_change_7d":4.7268,"market_cap":null,"last_updated":"2020-04-25T02:58:03.000Z"}}},{"id":3437,"name":"ABBC Coin","symbol":"ABBC","slug":"abbc-coin","num_market_pairs":42,"date_added":"2018-10-12T00:00:00.000Z","tags":["mineable"],"max_supply":null,"circulating_supply":555416924.350722,"total_supply":1003278750.0109,"platform":null,"cmc_rank":69,"last_updated":"2020-04-25T02:58:11.000Z","quote":{"USD":{"price":0.114622457448,"volume_24h":46141315.3440664,"percent_change_1h":0.120302,"percent_change_24h":-0.772575,"percent_change_7d":-1.79543,"market_cap":63663252.77728966,"last_updated":"2020-04-25T02:58:11.000Z"}}},{"id":4467,"name":"Nestree","symbol":"EGG","slug":"nestree","num_market_pairs":4,"date_added":"2019-09-09T00:00:00.000Z","tags":[],"max_supply":null,"circulating_supply":703068351.349625,"total_supply":2994901340,"platform":{"id":1027,"name":"Ethereum","symbol":"ETH","slug":"ethereum","token_address":"0x65ccd72c0813ce6f2703593b633202a0f3ca6a0c"},"cmc_rank":515,"last_updated":"2020-04-25T02:58:15.000Z","quote":{"USD":{"price":0.00531284126871,"volume_24h":45776112.4015128,"percent_change_1h":1.99535,"percent_change_24h":3.53543,"percent_change_7d":-34.155,"market_cap":3735290.55177419,"last_updated":"2020-04-25T02:58:15.000Z"}}},{"id":1982,"name":"Kyber Network","symbol":"KNC","slug":"kyber-network","num_market_pairs":64,"date_added":"2017-09-24T00:00:00.000Z","tags":[],"max_supply":null,"circulating_supply":180432602.911872,"total_supply":210939151.730736,"platform":{"id":1027,"name":"Ethereum","symbol":"ETH","slug":"ethereum","token_address":"0xdd974d5c2e2928dea5f71b9825b8b646686bd200"},"cmc_rank":55,"last_updated":"2020-04-25T02:58:02.000Z","quote":{"USD":{"price":0.513221611523,"volume_24h":44899874.1304542,"percent_change_1h":1.1676,"percent_change_24h":6.47956,"percent_change_7d":6.71091,"market_cap":92601911.2377205,"last_updated":"2020-04-25T02:58:02.000Z"}}},{"id":1776,"name":"MCO","symbol":"MCO","slug":"crypto-com","num_market_pairs":61,"date_added":"2017-07-03T00:00:00.000Z","tags":[],"max_supply":null,"circulating_supply":15793831.0949625,"total_supply":31587682.3632061,"platform":{"id":1027,"name":"Ethereum","symbol":"ETH","slug":"ethereum","token_address":"0xb63b606ac810a52cca15e44bb630fd42d8d1d83d"},"cmc_rank":58,"last_updated":"2020-04-25T02:58:02.000Z","quote":{"USD":{"price":5.13423894486,"volume_24h":44715667.3385817,"percent_change_1h":0.735603,"percent_change_24h":-2.01234,"percent_change_7d":-1.58738,"market_cap":81089302.69629732,"last_updated":"2020-04-25T02:58:02.000Z"}}},{"id":2083,"name":"Bitcoin Gold","symbol":"BTG","slug":"bitcoin-gold","num_market_pairs":73,"date_added":"2017-10-23T00:00:00.000Z","tags":["mineable"],"max_supply":21000000,"circulating_supply":17513923.589,"total_supply":17513923.589,"platform":null,"cmc_rank":38,"last_updated":"2020-04-25T02:58:02.000Z","quote":{"USD":{"price":9.45057066187,"volume_24h":42450004.7735376,"percent_change_1h":-0.012753,"percent_change_24h":0.134264,"percent_change_7d":-5.10306,"market_cap":165516572.44443634,"last_updated":"2020-04-25T02:58:02.000Z"}}},{"id":2099,"name":"ICON","symbol":"ICX","slug":"icon","num_market_pairs":61,"date_added":"2017-10-27T00:00:00.000Z","tags":[],"max_supply":null,"circulating_supply":538104644.741883,"total_supply":800460000,"platform":null,"cmc_rank":41,"last_updated":"2020-04-25T02:58:02.000Z","quote":{"USD":{"price":0.263694190095,"volume_24h":42383868.9791305,"percent_change_1h":-0.166476,"percent_change_24h":4.17163,"percent_change_7d":12.5333,"market_cap":141895068.48156855,"last_updated":"2020-04-25T02:58:02.000Z"}}},{"id":3306,"name":"Gemini Dollar","symbol":"GUSD","slug":"gemini-dollar","num_market_pairs":31,"date_added":"2018-10-05T00:00:00.000Z","tags":[],"max_supply":null,"circulating_supply":5884964.1,"total_supply":5884964.1,"platform":{"id":1027,"name":"Ethereum","symbol":"ETH","slug":"ethereum","token_address":"0x056Fd409E1d7A124BD7017459dFEa2F387b6d5Cd"},"cmc_rank":392,"last_updated":"2020-04-25T02:58:10.000Z","quote":{"USD":{"price":1.00747408872,"volume_24h":41507953.1868749,"percent_change_1h":0.0551652,"percent_change_24h":0.46763,"percent_change_7d":0.297175,"market_cap":5928948.843797415,"last_updated":"2020-04-25T02:58:10.000Z"}}},{"id":3657,"name":"Lambda","symbol":"LAMB","slug":"lambda","num_market_pairs":41,"date_added":"2019-01-02T00:00:00.000Z","tags":[],"max_supply":10000000000,"circulating_supply":646232764.627519,"total_supply":6000000000,"platform":{"id":1027,"name":"Ethereum","symbol":"ETH","slug":"ethereum","token_address":"0x8971f9fd7196e5cee2c1032b50f656855af7dd26"},"cmc_rank":323,"last_updated":"2020-04-25T02:58:12.000Z","quote":{"USD":{"price":0.0131625195369,"volume_24h":41489416.5719478,"percent_change_1h":0.782669,"percent_change_24h":0.565024,"percent_change_7d":-4.72497,"market_cap":8506051.389794618,"last_updated":"2020-04-25T02:58:12.000Z"}}},{"id":4229,"name":"Yobit Token","symbol":"YO","slug":"yobit-token","num_market_pairs":11,"date_added":"2019-09-03T00:00:00.000Z","tags":[],"max_supply":null,"circulating_supply":null,"total_supply":17000,"platform":{"id":1027,"name":"Ethereum","symbol":"ETH","slug":"ethereum","token_address":"0xebf4ca5319f406602eeff68da16261f1216011b5"},"cmc_rank":2031,"last_updated":"2020-04-25T02:58:14.000Z","quote":{"USD":{"price":730.088044735,"volume_24h":40157410.7773915,"percent_change_1h":-1.36672,"percent_change_24h":-0.503713,"percent_change_7d":2.36802,"market_cap":null,"last_updated":"2020-04-25T02:58:14.000Z"}}},{"id":3709,"name":"Grin","symbol":"GRIN","slug":"grin","num_market_pairs":60,"date_added":"2019-01-27T00:00:00.000Z","tags":["mineable"],"max_supply":null,"circulating_supply":40045440,"total_supply":40045440,"platform":null,"cmc_rank":144,"last_updated":"2020-04-25T02:58:13.000Z","quote":{"USD":{"price":0.494454076385,"volume_24h":37308102.2703557,"percent_change_1h":-0.128891,"percent_change_24h":0.421087,"percent_change_7d":0.170908,"market_cap":19800631.048630934,"last_updated":"2020-04-25T02:58:13.000Z"}}},{"id":3351,"name":"ZB Token","symbol":"ZB","slug":"zb-token","num_market_pairs":11,"date_added":"2018-09-27T00:00:00.000Z","tags":[],"max_supply":null,"circulating_supply":463288810,"total_supply":2100000000,"platform":{"id":1027,"name":"Ethereum","symbol":"ETH","slug":"ethereum","token_address":"0xbd0793332e9fb844a52a205a233ef27a5b34b927"},"cmc_rank":49,"last_updated":"2020-04-25T02:58:12.000Z","quote":{"USD":{"price":0.238761876866,"volume_24h":36391893.2219555,"percent_change_1h":-0.976035,"percent_change_24h":-1.44496,"percent_change_7d":-0.139092,"market_cap":110615705.80661567,"last_updated":"2020-04-25T02:58:12.000Z"}}},{"id":2457,"name":"TrueChain","symbol":"TRUE","slug":"truechain","num_market_pairs":16,"date_added":"2018-01-24T00:00:00.000Z","tags":[],"max_supply":null,"circulating_supply":79575542.96,"total_supply":100000000,"platform":null,"cmc_rank":136,"last_updated":"2020-04-25T02:58:03.000Z","quote":{"USD":{"price":0.267276838443,"volume_24h":34502350.8341731,"percent_change_1h":-0.103775,"percent_change_24h":-0.79611,"percent_change_7d":-1.62585,"market_cap":21268699.539733924,"last_updated":"2020-04-25T02:58:03.000Z"}}},{"id":624,"name":"bitCNY","symbol":"BITCNY","slug":"bitcny","num_market_pairs":23,"date_added":"2014-09-23T00:00:00.000Z","tags":[],"max_supply":null,"circulating_supply":31260200,"total_supply":31260200,"platform":{"id":463,"name":"BitShares","symbol":"BTS","slug":"bitshares","token_address":"CNY"},"cmc_rank":475,"last_updated":"2020-04-25T02:58:00.000Z","quote":{"USD":{"price":0.141375233705,"volume_24h":32828514.0983821,"percent_change_1h":-0.104768,"percent_change_24h":0.166246,"percent_change_7d":0.515137,"market_cap":4419418.080665041,"last_updated":"2020-04-25T02:58:00.000Z"}}},{"id":3890,"name":"Matic Network","symbol":"MATIC","slug":"matic-network","num_market_pairs":51,"date_added":"2019-04-28T00:00:00.000Z","tags":[],"max_supply":null,"circulating_supply":2758503686,"total_supply":10000000000,"platform":{"id":1027,"name":"Ethereum","symbol":"ETH","slug":"ethereum","token_address":"0x7D1AfA7B718fb893dB30A3aBc0Cfc608AaCfeBB0"},"cmc_rank":93,"last_updated":"2020-04-25T02:58:13.000Z","quote":{"USD":{"price":0.0146564310033,"volume_24h":31723305.0005058,"percent_change_1h":-0.0142199,"percent_change_24h":-3.63226,"percent_change_7d":13.3514,"market_cap":40429818.94620773,"last_updated":"2020-04-25T02:58:13.000Z"}}},{"id":1104,"name":"Augur","symbol":"REP","slug":"augur","num_market_pairs":73,"date_added":"2015-10-27T00:00:00.000Z","tags":[],"max_supply":null,"circulating_supply":11000000,"total_supply":11000000,"platform":{"id":1027,"name":"Ethereum","symbol":"ETH","slug":"ethereum","token_address":"0x1985365e9f78359a9b6ad760e32412f4a445e862"},"cmc_rank":48,"last_updated":"2020-04-25T02:58:01.000Z","quote":{"USD":{"price":10.1213051487,"volume_24h":31559171.3904064,"percent_change_1h":-0.888667,"percent_change_24h":0.358244,"percent_change_7d":0.275937,"market_cap":111334356.63569999,"last_updated":"2020-04-25T02:58:01.000Z"}}},{"id":5085,"name":"Building Cities Beyond Blockchain","symbol":"BCB","slug":"building-cities-beyond-blockchain","num_market_pairs":3,"date_added":"2019-12-30T00:00:00.000Z","tags":[],"max_supply":66000000,"circulating_supply":null,"total_supply":66000000,"platform":null,"cmc_rank":2032,"last_updated":"2020-04-25T02:58:15.000Z","quote":{"USD":{"price":2.61532349863,"volume_24h":30878962.0220872,"percent_change_1h":-0.258354,"percent_change_24h":0.900786,"percent_change_7d":1.18644,"market_cap":null,"last_updated":"2020-04-25T02:58:15.000Z"}}},{"id":1274,"name":"Waves","symbol":"WAVES","slug":"waves","num_market_pairs":143,"date_added":"2016-06-02T00:00:00.000Z","tags":[],"max_supply":null,"circulating_supply":101757364,"total_supply":101757364,"platform":null,"cmc_rank":52,"last_updated":"2020-04-25T02:58:01.000Z","quote":{"USD":{"price":1.01419496456,"volume_24h":30874532.0759642,"percent_change_1h":0.0586175,"percent_change_24h":-0.524031,"percent_change_7d":0.455757,"market_cap":103201806.17569901,"last_updated":"2020-04-25T02:58:01.000Z"}}},{"id":1896,"name":"0x","symbol":"ZRX","slug":"0x","num_market_pairs":179,"date_added":"2017-08-16T00:00:00.000Z","tags":[],"max_supply":null,"circulating_supply":652134957.432216,"total_supply":1000000000,"platform":{"id":1027,"name":"Ethereum","symbol":"ETH","slug":"ethereum","token_address":"0xe41d2489571d322189246dafa5ebde1f4699f498"},"cmc_rank":46,"last_updated":"2020-04-25T02:58:03.000Z","quote":{"USD":{"price":0.183582387929,"volume_24h":29447527.0995675,"percent_change_1h":-0.208536,"percent_change_24h":2.58428,"percent_change_7d":4.84341,"market_cap":119720492.737383,"last_updated":"2020-04-25T02:58:03.000Z"}}},{"id":5267,"name":"QUEENBEE","symbol":"QBZ","slug":"queenbee","num_market_pairs":2,"date_added":"2020-03-05T00:00:00.000Z","tags":[],"max_supply":null,"circulating_supply":null,"total_supply":8000000000,"platform":{"id":1027,"name":"Ethereum","symbol":"ETH","slug":"ethereum","token_address":"0x9bbc9286cdf6eefebf21df19bac71c6bdd7759d4"},"cmc_rank":2033,"last_updated":"2020-04-25T02:58:16.000Z","quote":{"USD":{"price":0.00836636287232,"volume_24h":28310680.975037,"percent_change_1h":-3.11683,"percent_change_24h":115.665,"percent_change_7d":82.6174,"market_cap":null,"last_updated":"2020-04-25T02:58:16.000Z"}}},{"id":109,"name":"DigiByte","symbol":"DGB","slug":"digibyte","num_market_pairs":77,"date_added":"2014-02-06T00:00:00.000Z","tags":["mineable"],"max_supply":21000000000,"circulating_supply":13068979623.4714,"total_supply":13068979623.4714,"platform":null,"cmc_rank":37,"last_updated":"2020-04-25T02:58:00.000Z","quote":{"USD":{"price":0.0129730961044,"volume_24h":24258666.7219992,"percent_change_1h":-0.496759,"percent_change_24h":16.5503,"percent_change_7d":94.4442,"market_cap":169545128.6417398,"last_updated":"2020-04-25T02:58:00.000Z"}}},{"id":1759,"name":"Status","symbol":"SNT","slug":"status","num_market_pairs":84,"date_added":"2017-06-28T00:00:00.000Z","tags":[],"max_supply":null,"circulating_supply":3470483788,"total_supply":6804870174,"platform":{"id":1027,"name":"Ethereum","symbol":"ETH","slug":"ethereum","token_address":"0x744d70fdbe2ba4cf95131626614a1763df805b9e"},"cmc_rank":68,"last_updated":"2020-04-25T02:58:02.000Z","quote":{"USD":{"price":0.018969686659,"volume_24h":22079681.919843,"percent_change_1h":0.471935,"percent_change_24h":-2.5328,"percent_change_7d":14.955,"market_cap":65833990.01349939,"last_updated":"2020-04-25T02:58:02.000Z"}}},{"id":2062,"name":"Aion","symbol":"AION","slug":"aion","num_market_pairs":20,"date_added":"2017-10-18T00:00:00.000Z","tags":["mineable"],"max_supply":null,"circulating_supply":410411905,"total_supply":410411905,"platform":null,"cmc_rank":105,"last_updated":"2020-04-25T02:58:02.000Z","quote":{"USD":{"price":0.0816583702457,"volume_24h":21650249.0412838,"percent_change_1h":-0.855669,"percent_change_24h":12.8508,"percent_change_7d":25.6049,"market_cap":33513567.291733053,"last_updated":"2020-04-25T02:58:02.000Z"}}},{"id":5217,"name":"3X Long Ethereum Token","symbol":"ETHBULL","slug":"3x-long-ethereum-token","num_market_pairs":7,"date_added":"2020-02-11T00:00:00.000Z","tags":[],"max_supply":null,"circulating_supply":null,"total_supply":2688.70054275,"platform":{"id":1027,"name":"Ethereum","symbol":"ETH","slug":"ethereum","token_address":"0x871baed4088b863fd6407159f3672d70cd34837d"},"cmc_rank":2034,"last_updated":"2020-04-25T02:58:15.000Z","quote":{"USD":{"price":183.796177981,"volume_24h":20849448.5574335,"percent_change_1h":0.26239,"percent_change_24h":-1.33266,"percent_change_7d":21.0426,"market_cap":null,"last_updated":"2020-04-25T02:58:15.000Z"}}},{"id":5414,"name":"3x Long EOS Token","symbol":"EOSBULL","slug":"3x-long-eos-token","num_market_pairs":5,"date_added":"2020-04-06T00:00:00.000Z","tags":[],"max_supply":null,"circulating_supply":null,"total_supply":1057300.976,"platform":{"id":1027,"name":"Ethereum","symbol":"ETH","slug":"ethereum","token_address":"0xeaD7F3ae4e0Bb0D8785852Cc37CC9d0B5e75c06a"},"cmc_rank":2035,"last_updated":"2020-04-25T02:58:16.000Z","quote":{"USD":{"price":5.88072043287,"volume_24h":20636096.9501113,"percent_change_1h":-0.488072,"percent_change_24h":-0.896827,"percent_change_7d":3.39538,"market_cap":null,"last_updated":"2020-04-25T02:58:16.000Z"}}},{"id":2299,"name":"aelf","symbol":"ELF","slug":"aelf","num_market_pairs":79,"date_added":"2017-12-21T00:00:00.000Z","tags":[],"max_supply":1000000000,"circulating_supply":544480199.986466,"total_supply":879999999.986466,"platform":{"id":1027,"name":"Ethereum","symbol":"ETH","slug":"ethereum","token_address":"0xbf2179859fc6d5bee9bf9158632dc51678a4100e"},"cmc_rank":103,"last_updated":"2020-04-25T02:58:03.000Z","quote":{"USD":{"price":0.0649255180902,"volume_24h":20413922.7215074,"percent_change_1h":-0.0523762,"percent_change_24h":2.95647,"percent_change_7d":2.41117,"market_cap":35350659.073977016,"last_updated":"2020-04-25T02:58:03.000Z"}}},{"id":5198,"name":"Creditcoin","symbol":"CTC","slug":"creditcoin","num_market_pairs":3,"date_added":"2020-01-31T00:00:00.000Z","tags":[],"max_supply":null,"circulating_supply":null,"total_supply":600000000,"platform":null,"cmc_rank":2036,"last_updated":"2020-04-25T02:58:15.000Z","quote":{"USD":{"price":0.373928469577,"volume_24h":20151492.4674413,"percent_change_1h":-0.700573,"percent_change_24h":-4.46978,"percent_change_7d":-10.3427,"market_cap":null,"last_updated":"2020-04-25T02:58:15.000Z"}}},{"id":4779,"name":"HUSD","symbol":"HUSD","slug":"husd","num_market_pairs":18,"date_added":"2019-10-15T00:00:00.000Z","tags":[],"max_supply":null,"circulating_supply":null,"total_supply":87094416.0933887,"platform":{"id":1027,"name":"Ethereum","symbol":"ETH","slug":"ethereum","token_address":"0xdf574c24545e5ffecb9a659c229253d4111d87e1"},"cmc_rank":2037,"last_updated":"2020-04-25T02:58:15.000Z","quote":{"USD":{"price":1.0073532056,"volume_24h":19383157.5787116,"percent_change_1h":-0.0321382,"percent_change_24h":0.323323,"percent_change_7d":0.330033,"market_cap":null,"last_updated":"2020-04-25T02:58:15.000Z"}}},{"id":4899,"name":"Yap Stone","symbol":"YAP","slug":"yap-stone","num_market_pairs":14,"date_added":"2019-11-09T00:00:00.000Z","tags":[],"max_supply":null,"circulating_supply":150000000,"total_supply":1000000000,"platform":{"id":1027,"name":"Ethereum","symbol":"ETH","slug":"ethereum","token_address":""},"cmc_rank":107,"last_updated":"2020-04-25T02:58:15.000Z","quote":{"USD":{"price":0.218961189524,"volume_24h":18510563.2522575,"percent_change_1h":0.0776271,"percent_change_24h":2.7343,"percent_change_7d":5.98019,"market_cap":32844178.428600002,"last_updated":"2020-04-25T02:58:15.000Z"}}},{"id":2830,"name":"Seele","symbol":"SEELE","slug":"seele","num_market_pairs":18,"date_added":"2018-05-31T00:00:00.000Z","tags":[],"max_supply":null,"circulating_supply":699592066.289478,"total_supply":1000000000,"platform":{"id":1027,"name":"Ethereum","symbol":"ETH","slug":"ethereum","token_address":"0xb1eef147028e9f480dbc5ccaa3277d417d1b85f0"},"cmc_rank":74,"last_updated":"2020-04-25T02:58:06.000Z","quote":{"USD":{"price":0.0837894975222,"volume_24h":18246322.9855711,"percent_change_1h":4.47013,"percent_change_24h":8.98921,"percent_change_7d":7.2489,"market_cap":58618467.70491299,"last_updated":"2020-04-25T02:58:06.000Z"}}},{"id":5429,"name":"DEAPcoin","symbol":"DEP","slug":"deapcoin","num_market_pairs":2,"date_added":"2020-04-10T00:00:00.000Z","tags":[],"max_supply":30000000000,"circulating_supply":null,"total_supply":30000000000,"platform":{"id":1027,"name":"Ethereum","symbol":"ETH","slug":"ethereum","token_address":"0x1a3496c18d558bd9c6c8f609e1b129f67ab08163"},"cmc_rank":2038,"last_updated":"2020-04-25T02:58:16.000Z","quote":{"USD":{"price":0.00515432810791,"volume_24h":17043012.484751,"percent_change_1h":0.0389542,"percent_change_24h":-1.58718,"percent_change_7d":-3.55278,"market_cap":null,"last_updated":"2020-04-25T02:58:16.000Z"}}},{"id":5221,"name":"Handshake ","symbol":"HNS","slug":"handshake","num_market_pairs":10,"date_added":"2020-02-22T00:00:00.000Z","tags":[],"max_supply":null,"circulating_supply":268078892.322,"total_supply":2040000000,"platform":null,"cmc_rank":244,"last_updated":"2020-04-25T02:58:15.000Z","quote":{"USD":{"price":0.121366461032,"volume_24h":16799012.2854877,"percent_change_1h":0.061962,"percent_change_24h":-3.58207,"percent_change_7d":-1.17526,"market_cap":32535786.438499734,"last_updated":"2020-04-25T02:58:15.000Z"}}},{"id":2588,"name":"Loom Network","symbol":"LOOM","slug":"loom-network","num_market_pairs":65,"date_added":"2018-03-14T00:00:00.000Z","tags":[],"max_supply":null,"circulating_supply":970041175.954257,"total_supply":1000000000,"platform":{"id":1027,"name":"Ethereum","symbol":"ETH","slug":"ethereum","token_address":"0xa4e8c3ec456107ea67d3075bf9e3df3a75823db0"},"cmc_rank":172,"last_updated":"2020-04-25T02:58:05.000Z","quote":{"USD":{"price":0.0148930673111,"volume_24h":16509027.454897,"percent_change_1h":-0.0966914,"percent_change_24h":2.20565,"percent_change_7d":2.76701,"market_cap":14446888.528025348,"last_updated":"2020-04-25T02:58:05.000Z"}}},{"id":873,"name":"NEM","symbol":"XEM","slug":"nem","num_market_pairs":92,"date_added":"2015-04-01T00:00:00.000Z","tags":[],"max_supply":null,"circulating_supply":8999999999,"total_supply":8999999999,"platform":null,"cmc_rank":27,"last_updated":"2020-04-25T02:58:01.000Z","quote":{"USD":{"price":0.0385266428126,"volume_24h":16295560.8534466,"percent_change_1h":-0.068816,"percent_change_24h":0.266306,"percent_change_7d":1.20902,"market_cap":346739785.2748734,"last_updated":"2020-04-25T02:58:01.000Z"}}},{"id":1866,"name":"Bytom","symbol":"BTM","slug":"bytom","num_market_pairs":54,"date_added":"2017-08-08T00:00:00.000Z","tags":["mineable"],"max_supply":null,"circulating_supply":1002499275,"total_supply":1407000000,"platform":null,"cmc_rank":72,"last_updated":"2020-04-25T02:58:02.000Z","quote":{"USD":{"price":0.059516575734,"volume_24h":16286483.3299313,"percent_change_1h":0.869079,"percent_change_24h":2.94881,"percent_change_7d":1.881,"market_cap":59665324.02381759,"last_updated":"2020-04-25T02:58:02.000Z"}}},{"id":5295,"name":"3X Long BNB Token","symbol":"BNBBULL","slug":"3x-long-bnb-token","num_market_pairs":5,"date_added":"2020-03-11T00:00:00.000Z","tags":[],"max_supply":null,"circulating_supply":null,"total_supply":4975.41633724,"platform":{"id":1027,"name":"Ethereum","symbol":"ETH","slug":"ethereum","token_address":"0x9d1a62c2ad99019768b9126fda004a9952853f6e"},"cmc_rank":2039,"last_updated":"2020-04-25T02:58:16.000Z","quote":{"USD":{"price":107.750378246,"volume_24h":16043157.599799,"percent_change_1h":0.149095,"percent_change_24h":-5.20908,"percent_change_7d":0.106185,"market_cap":null,"last_updated":"2020-04-25T02:58:16.000Z"}}},{"id":4846,"name":"Kava","symbol":"KAVA","slug":"kava","num_market_pairs":15,"date_added":"2019-10-25T00:00:00.000Z","tags":[],"max_supply":null,"circulating_supply":35840254.721819,"total_supply":108629573.721819,"platform":{"id":1839,"name":"Binance Coin","symbol":"BNB","slug":"binance-coin","token_address":""},"cmc_rank":145,"last_updated":"2020-04-25T02:58:15.000Z","quote":{"USD":{"price":0.55023541337,"volume_24h":15890697.752885,"percent_change_1h":0.142737,"percent_change_24h":1.50583,"percent_change_7d":4.06805,"market_cap":19720577.37214617,"last_updated":"2020-04-25T02:58:15.000Z"}}},{"id":2341,"name":"SwftCoin","symbol":"SWFTC","slug":"swftcoin","num_market_pairs":13,"date_added":"2018-01-04T00:00:00.000Z","tags":[],"max_supply":null,"circulating_supply":4004999999,"total_supply":10000000000,"platform":{"id":1027,"name":"Ethereum","symbol":"ETH","slug":"ethereum","token_address":"0x0bb217e40f8a5cb79adf04e1aab60e5abd0dfc1e"},"cmc_rank":403,"last_updated":"2020-04-25T02:58:03.000Z","quote":{"USD":{"price":0.00144312914995,"volume_24h":15609000.8795652,"percent_change_1h":-0.106778,"percent_change_24h":5.4523,"percent_change_7d":14.0444,"market_cap":5779732.244106621,"last_updated":"2020-04-25T02:58:03.000Z"}}},{"id":4041,"name":"MX Token","symbol":"MX","slug":"mx-token","num_market_pairs":8,"date_added":"2019-09-24T00:00:00.000Z","tags":[],"max_supply":null,"circulating_supply":193278361.2597,"total_supply":673963903.14,"platform":{"id":1027,"name":"Ethereum","symbol":"ETH","slug":"ethereum","token_address":"0x11eef04c884e24d9b7b4760e7476d06ddf797f36"},"cmc_rank":140,"last_updated":"2020-04-25T02:58:14.000Z","quote":{"USD":{"price":0.10799594177,"volume_24h":15091023.2896251,"percent_change_1h":-0.118257,"percent_change_24h":-2.91933,"percent_change_7d":7.70677,"market_cap":20873278.648003586,"last_updated":"2020-04-25T02:58:14.000Z"}}},{"id":1966,"name":"Decentraland","symbol":"MANA","slug":"decentraland","num_market_pairs":75,"date_added":"2017-09-17T00:00:00.000Z","tags":[],"max_supply":null,"circulating_supply":1370185355.67155,"total_supply":2197929965.03415,"platform":{"id":1027,"name":"Ethereum","symbol":"ETH","slug":"ethereum","token_address":"0x0f5d2fb29fb7d3cfee444a200298f468908cc942"},"cmc_rank":94,"last_updated":"2020-04-25T02:58:02.000Z","quote":{"USD":{"price":0.0294737008934,"volume_24h":14591950.5578862,"percent_change_1h":0.112453,"percent_change_24h":2.24673,"percent_change_7d":3.01751,"market_cap":40384433.34158016,"last_updated":"2020-04-25T02:58:02.000Z"}}},{"id":3945,"name":"Harmony","symbol":"ONE","slug":"harmony","num_market_pairs":20,"date_added":"2019-06-01T00:00:00.000Z","tags":[],"max_supply":null,"circulating_supply":4596807869,"total_supply":12600000000,"platform":null,"cmc_rank":195,"last_updated":"2020-04-25T02:58:13.000Z","quote":{"USD":{"price":0.00259998836588,"volume_24h":14361232.4713961,"percent_change_1h":-1.08207,"percent_change_24h":-2.75335,"percent_change_7d":15.7222,"market_cap":11951646.979585635,"last_updated":"2020-04-25T02:58:13.000Z"}}},{"id":1720,"name":"IOTA","symbol":"MIOTA","slug":"iota","num_market_pairs":53,"date_added":"2017-06-13T00:00:00.000Z","tags":[],"max_supply":2779530283,"circulating_supply":2779530283,"total_supply":2779530283,"platform":null,"cmc_rank":25,"last_updated":"2020-04-25T02:58:02.000Z","quote":{"USD":{"price":0.16803405609,"volume_24h":14312950.6769733,"percent_change_1h":0.228399,"percent_change_24h":2.30566,"percent_change_7d":5.76393,"market_cap":467055747.4774756,"last_updated":"2020-04-25T02:58:02.000Z"}}},{"id":5444,"name":"Cartesi","symbol":"CTSI","slug":"cartesi","num_market_pairs":4,"date_added":"2020-04-23T00:00:00.000Z","tags":[],"max_supply":null,"circulating_supply":null,"total_supply":1000000000,"platform":null,"cmc_rank":2040,"last_updated":"2020-04-25T02:58:16.000Z","quote":{"USD":{"price":0.0526062139652,"volume_24h":14181011.6596648,"percent_change_1h":0.414152,"percent_change_24h":-11.5484,"percent_change_7d":null,"market_cap":null,"last_updated":"2020-04-25T02:58:16.000Z"}}},{"id":4273,"name":"Sessia","symbol":"KICKS","slug":"sessia","num_market_pairs":2,"date_added":"2019-08-21T00:00:00.000Z","tags":[],"max_supply":null,"circulating_supply":6145759.45571843,"total_supply":100000000,"platform":{"id":1027,"name":"Ethereum","symbol":"ETH","slug":"ethereum","token_address":"0xd91a6162f146ef85922d9a15ee6eb14a00344586"},"cmc_rank":984,"last_updated":"2020-04-25T02:58:14.000Z","quote":{"USD":{"price":0.105284384065,"volume_24h":14057133.0761731,"percent_change_1h":-0.172234,"percent_change_24h":-2.25044,"percent_change_7d":0.256469,"market_cap":647052.4989069646,"last_updated":"2020-04-25T02:58:14.000Z"}}},{"id":5117,"name":"Origin Protocol","symbol":"OGN","slug":"origin-protocol","num_market_pairs":15,"date_added":"2020-01-09T00:00:00.000Z","tags":[],"max_supply":null,"circulating_supply":33523273.02,"total_supply":1000000000,"platform":{"id":1027,"name":"Ethereum","symbol":"ETH","slug":"ethereum","token_address":"0x8207c1ffc5b6804f6024322ccf34f29c3541ae26"},"cmc_rank":343,"last_updated":"2020-04-25T02:58:15.000Z","quote":{"USD":{"price":0.224818901978,"volume_24h":13877139.7063078,"percent_change_1h":0.00213036,"percent_change_24h":-2.40659,"percent_change_7d":-0.49357,"market_cap":7536665.431065112,"last_updated":"2020-04-25T02:58:15.000Z"}}},{"id":4942,"name":"Digital Gold","symbol":"GOLD","slug":"digital-gold","num_market_pairs":3,"date_added":"2019-11-18T00:00:00.000Z","tags":[],"max_supply":null,"circulating_supply":11545.784,"total_supply":17190.659,"platform":{"id":1027,"name":"Ethereum","symbol":"ETH","slug":"ethereum","token_address":"0x0d16450d347c12c086d6c94c76c5aaac35ea07e0"},"cmc_rank":999,"last_updated":"2020-04-25T02:58:15.000Z","quote":{"USD":{"price":53.653256597,"volume_24h":13636022.0822543,"percent_change_1h":-0.667683,"percent_change_24h":-1.88244,"percent_change_7d":-1.88285,"market_cap":619468.9115655371,"last_updated":"2020-04-25T02:58:15.000Z"}}},{"id":4078,"name":"Super Zero","symbol":"SERO","slug":"super-zero","num_market_pairs":15,"date_added":"2019-07-19T00:00:00.000Z","tags":[],"max_supply":647367590,"circulating_supply":257478211,"total_supply":645165386,"platform":null,"cmc_rank":147,"last_updated":"2020-04-25T02:58:14.000Z","quote":{"USD":{"price":0.0762008452949,"volume_24h":13469517.4317741,"percent_change_1h":0.000856593,"percent_change_24h":0.0240942,"percent_change_7d":4.58434,"market_cap":19620057.323218618,"last_updated":"2020-04-25T02:58:14.000Z"}}},{"id":2456,"name":"OFCOIN","symbol":"OF","slug":"ofcoin","num_market_pairs":1,"date_added":"2018-01-24T00:00:00.000Z","tags":[],"max_supply":null,"circulating_supply":null,"total_supply":51200000000,"platform":null,"cmc_rank":2041,"last_updated":"2020-04-25T02:58:03.000Z","quote":{"USD":{"price":0.0000504296131404,"volume_24h":13134899.0557407,"percent_change_1h":-0.0335091,"percent_change_24h":25.6094,"percent_change_7d":11.4548,"market_cap":null,"last_updated":"2020-04-25T02:58:03.000Z"}}},{"id":5477,"name":"ECOChain","symbol":"ECOC","slug":"ecochain","num_market_pairs":1,"date_added":"2020-04-20T00:00:00.000Z","tags":[],"max_supply":2000000000,"circulating_supply":null,"total_supply":223217150,"platform":null,"cmc_rank":2042,"last_updated":"2020-04-25T02:58:16.000Z","quote":{"USD":{"price":1.33332975359,"volume_24h":12836394.136649,"percent_change_1h":-0.0104718,"percent_change_24h":-0.579297,"percent_change_7d":null,"market_cap":null,"last_updated":"2020-04-25T02:58:16.000Z"}}},{"id":2130,"name":"Enjin Coin","symbol":"ENJ","slug":"enjin-coin","num_market_pairs":61,"date_added":"2017-11-01T00:00:00.000Z","tags":[],"max_supply":null,"circulating_supply":814772129.064264,"total_supply":1000000000,"platform":{"id":1027,"name":"Ethereum","symbol":"ETH","slug":"ethereum","token_address":"0xf629cbd94d3791c9250152bd8dfbdf380e2a3b9c"},"cmc_rank":51,"last_updated":"2020-04-25T02:58:02.000Z","quote":{"USD":{"price":0.128886528321,"volume_24h":12778286.9022859,"percent_change_1h":0.309766,"percent_change_24h":4.52931,"percent_change_7d":34.9483,"market_cap":105013151.08780274,"last_updated":"2020-04-25T02:58:02.000Z"}}},{"id":1903,"name":"HyperCash","symbol":"HC","slug":"hypercash","num_market_pairs":32,"date_added":"2017-08-20T00:00:00.000Z","tags":["mineable"],"max_supply":84000000,"circulating_supply":44588332.513052,"total_supply":44588332.513052,"platform":null,"cmc_rank":87,"last_updated":"2020-04-25T02:58:02.000Z","quote":{"USD":{"price":1.03607678797,"volume_24h":12370665.4290677,"percent_change_1h":-0.460375,"percent_change_24h":0.0854228,"percent_change_7d":-0.265185,"market_cap":46196936.33106123,"last_updated":"2020-04-25T02:58:02.000Z"}}},{"id":4943,"name":"Multi-collateral DAI","symbol":"DAI","slug":"multi-collateral-dai","num_market_pairs":75,"date_added":"2019-11-22T00:00:00.000Z","tags":[],"max_supply":null,"circulating_supply":95021307.1731655,"total_supply":95422197.3853106,"platform":{"id":1027,"name":"Ethereum","symbol":"ETH","slug":"ethereum","token_address":"0x6b175474e89094c44da98b954eedeac495271d0f"},"cmc_rank":54,"last_updated":"2020-04-25T02:58:15.000Z","quote":{"USD":{"price":1.0132440671,"volume_24h":12358073.8167483,"percent_change_1h":0.0763777,"percent_change_24h":-0.265516,"percent_change_7d":-0.681531,"market_cap":96279775.74129662,"last_updated":"2020-04-25T02:58:15.000Z"}}},{"id":1414,"name":"Zcoin","symbol":"XZC","slug":"zcoin","num_market_pairs":56,"date_added":"2016-10-06T00:00:00.000Z","tags":["mineable"],"max_supply":21400000,"circulating_supply":9972168.32977796,"total_supply":21400000,"platform":null,"cmc_rank":95,"last_updated":"2020-04-25T02:58:02.000Z","quote":{"USD":{"price":4.03148291224,"volume_24h":12248075.4749829,"percent_change_1h":-0.38189,"percent_change_24h":-1.92159,"percent_change_7d":12.8607,"market_cap":40202626.21948075,"last_updated":"2020-04-25T02:58:02.000Z"}}},{"id":2570,"name":"TomoChain","symbol":"TOMO","slug":"tomochain","num_market_pairs":23,"date_added":"2018-03-08T00:00:00.000Z","tags":["mineable"],"max_supply":null,"circulating_supply":70458575,"total_supply":100000000,"platform":null,"cmc_rank":126,"last_updated":"2020-04-25T02:58:04.000Z","quote":{"USD":{"price":0.341110613053,"volume_24h":12140368.5646697,"percent_change_1h":0.0222261,"percent_change_24h":2.91064,"percent_change_7d":1.9338,"market_cap":24034167.71309078,"last_updated":"2020-04-25T02:58:04.000Z"}}},{"id":5216,"name":"3X Short Ethereum Token","symbol":"ETHBEAR","slug":"3x-short-ethereum-token","num_market_pairs":7,"date_added":"2020-02-11T00:00:00.000Z","tags":[],"max_supply":null,"circulating_supply":null,"total_supply":173633.2933466,"platform":{"id":1027,"name":"Ethereum","symbol":"ETH","slug":"ethereum","token_address":"0x2f5e2c9002c058c063d21a06b6cabb50950130c8"},"cmc_rank":2043,"last_updated":"2020-04-25T02:58:15.000Z","quote":{"USD":{"price":2.88426988247,"volume_24h":11798488.498247,"percent_change_1h":-0.0179837,"percent_change_24h":1.93971,"percent_change_7d":-28.8995,"market_cap":null,"last_updated":"2020-04-25T02:58:15.000Z"}}},{"id":3053,"name":"YOU COIN","symbol":"YOU","slug":"you-coin","num_market_pairs":6,"date_added":"2018-08-01T00:00:00.000Z","tags":[],"max_supply":null,"circulating_supply":556120198.410192,"total_supply":2856000000,"platform":{"id":1027,"name":"Ethereum","symbol":"ETH","slug":"ethereum","token_address":"0x34364BEe11607b1963d66BCA665FDE93fCA666a8"},"cmc_rank":166,"last_updated":"2020-04-25T02:58:09.000Z","quote":{"USD":{"price":0.0267568446711,"volume_24h":11352610.8142408,"percent_change_1h":0.336436,"percent_change_24h":-6.517,"percent_change_7d":0.995382,"market_cap":14880021.767322822,"last_updated":"2020-04-25T02:58:09.000Z"}}},{"id":3957,"name":"UNUS SED LEO","symbol":"LEO","slug":"unus-sed-leo","num_market_pairs":25,"date_added":"2019-05-21T00:00:00.000Z","tags":[],"max_supply":null,"circulating_supply":999498892.9,"total_supply":999498892.9,"platform":{"id":1027,"name":"Ethereum","symbol":"ETH","slug":"ethereum","token_address":"0x2af5d2ad76741191d15dfe7bf6ac92d4bd912ca3"},"cmc_rank":15,"last_updated":"2020-04-25T02:58:14.000Z","quote":{"USD":{"price":1.0556506349,"volume_24h":11350383.4499744,"percent_change_1h":-0.0417774,"percent_change_24h":0.854962,"percent_change_7d":1.77632,"market_cap":1055121640.8717322,"last_updated":"2020-04-25T02:58:14.000Z"}}}]}