{"status":{"timestamp":"2020-04-26T09:00:02.417Z","error_code":0,"error_message":null,"elapsed":236,"credit_count":1,"notice":null},"data":[{"id":825,"name":"Tether","symbol":"USDT","slug":"tether","num_market_pairs":4686,"date_added":"2015-02-25T00:00:00.000Z","tags":[],"max_supply":null,"circulating_supply":6361032509,"total_supply":6998318752.17,"platform":{"id":1027,"name":"Ethereum","symbol":"ETH","slug":"ethereum","token_address":"31"},"cmc_rank":4,"last_updated":"2020-04-26T08:58:28.000Z","quote":{"USD":{"price":1.00866960414,"volume_24h":41757883281.833,"percent_change_1h":0.106111,"percent_change_24h":0.310054,"percent_change_7d":0.0939546,"market_cap":6416180142.774701,"last_updated":"2020-04-26T08:58:28.000Z"}}},{"id":1,"name":"Bitcoin","symbol":"BTC","slug":"bitcoin","num_market_pairs":7956,"date_added":"2013-04-28T00:00:00.000Z","tags":["mineable"],"max_supply":21000000,"circulating_supply":18346050,"total_supply":18346050,"platform":null,"cmc_rank":1,"last_updated":"2020-04-26T08:58:44.000Z","quote":{"USD":{"price":7604.07634587,"volume_24h":30963306783.1678,"percent_change_1h":-0.00896313,"percent_change_24h":0.276357,"percent_change_7d":5.22697,"market_cap":139504764845.14832,"last_updated":"2020-04-26T08:58:44.000Z"}}},{"id":1027,"name":"Ethereum","symbol":"ETH","slug":"ethereum","num_market_pairs":5179,"date_added":"2015-08-07T00:00:00.000Z","tags":["mineable"],"max_supply":null,"circulating_supply":110675985.999,"total_supply":110675985.999,"platform":null,"cmc_rank":2,"last_updated":"2020-04-26T08:58:27.000Z","quote":{"USD":{"price":195.704929054,"volume_24h":16464309358.5399,"percent_change_1h":0.303344,"percent_change_24h":0.200691,"percent_change_7d":6.15042,"market_cap":21659835987.91579,"last_updated":"2020-04-26T08:58:27.000Z"}}},{"id":2,"name":"Litecoin","symbol":"LTC","slug":"litecoin","num_market_pairs":600,"date_added":"2013-04-28T00:00:00.000Z","tags":["mineable"],"max_supply":84000000,"circulating_supply":64594305.7265572,"total_supply":64594305.7265572,"platform":null,"cmc_rank":7,"last_updated":"2020-04-26T08:58:10.000Z","quote":{"USD":{"price":44.8743590163,"volume_24h":4611738628.83528,"percent_change_1h":0.0932036,"percent_change_24h":-0.629863,"percent_change_7d":2.7633,"market_cap":2898628065.582171,"last_updated":"2020-04-26T08:58:10.000Z"}}},{"id":1831,"name":"Bitcoin Cash","symbol":"BCH","slug":"bitcoin-cash","num_market_pairs":473,"date_added":"2017-07-23T00:00:00.000Z","tags":["mineable"],"max_supply":21000000,"circulating_supply":18390631.25,"total_supply":18390631.25,"platform":null,"cmc_rank":5,"last_updated":"2020-04-26T08:58:08.000Z","quote":{"USD":{"price":240.773704076,"volume_24h":3167321429.55332,"percent_change_1h":0.0308133,"percent_change_24h":-0.496571,"percent_change_7d":-0.227493,"market_cap":4427980406.358338,"last_updated":"2020-04-26T08:58:08.000Z"}}},{"id":1765,"name":"EOS","symbol":"EOS","slug":"eos","num_market_pairs":378,"date_added":"2017-07-01T00:00:00.000Z","tags":[],"max_supply":null,"circulating_supply":922110810.8368,"total_supply":1018810822.8364,"platform":null,"cmc_rank":9,"last_updated":"2020-04-26T08:58:07.000Z","quote":{"USD":{"price":2.72190160402,"volume_24h":3034468961.26344,"percent_change_1h":0.0153983,"percent_change_24h":-0.383815,"percent_change_7d":1.09207,"market_cap":2509894895.1008687,"last_updated":"2020-04-26T08:58:07.000Z"}}},{"id":3602,"name":"Bitcoin SV","symbol":"BSV","slug":"bitcoin-sv","num_market_pairs":183,"date_added":"2018-11-09T00:00:00.000Z","tags":["mineable"],"max_supply":21000000,"circulating_supply":18389083.3319233,"total_supply":18389083.3319233,"platform":null,"cmc_rank":6,"last_updated":"2020-04-26T08:58:13.000Z","quote":{"USD":{"price":196.405456212,"volume_24h":1893371373.81582,"percent_change_1h":0.068119,"percent_change_24h":0.22534,"percent_change_7d":-2.6718,"market_cap":3611716301.12688,"last_updated":"2020-04-26T08:58:13.000Z"}}},{"id":1321,"name":"Ethereum Classic","symbol":"ETC","slug":"ethereum-classic","num_market_pairs":246,"date_added":"2016-07-24T00:00:00.000Z","tags":["mineable"],"max_supply":210700000,"circulating_supply":116313299,"total_supply":116313299,"platform":null,"cmc_rank":21,"last_updated":"2020-04-26T08:58:07.000Z","quote":{"USD":{"price":5.87092069642,"volume_24h":1812965690.09913,"percent_change_1h":-0.584868,"percent_change_24h":2.97754,"percent_change_7d":4.82028,"market_cap":682866154.3679876,"last_updated":"2020-04-26T08:58:07.000Z"}}},{"id":52,"name":"XRP","symbol":"XRP","slug":"xrp","num_market_pairs":545,"date_added":"2013-08-04T00:00:00.000Z","tags":[],"max_supply":100000000000,"circulating_supply":44089620959,"total_supply":99990980257,"platform":null,"cmc_rank":3,"last_updated":"2020-04-26T08:58:08.000Z","quote":{"USD":{"price":0.195416515064,"volume_24h":1567438359.48527,"percent_change_1h":0.0339738,"percent_change_24h":-0.232429,"percent_change_7d":0.831968,"market_cap":8615840078.300474,"last_updated":"2020-04-26T08:58:08.000Z"}}},{"id":1958,"name":"TRON","symbol":"TRX","slug":"tron","num_market_pairs":337,"date_added":"2017-09-13T00:00:00.000Z","tags":["mineable"],"max_supply":null,"circulating_supply":66682072191.4,"total_supply":99281283754.3,"platform":null,"cmc_rank":16,"last_updated":"2020-04-26T08:58:08.000Z","quote":{"USD":{"price":0.0140708447119,"volume_24h":1382017049.51046,"percent_change_1h":0.196554,"percent_change_24h":0.258716,"percent_change_7d":5.90732,"market_cap":938273082.8728948,"last_updated":"2020-04-26T08:58:08.000Z"}}},{"id":131,"name":"Dash","symbol":"DASH","slug":"dash","num_market_pairs":297,"date_added":"2014-02-14T00:00:00.000Z","tags":["mineable"],"max_supply":18900000,"circulating_supply":9458598.6284101,"total_supply":9458598.6284101,"platform":null,"cmc_rank":18,"last_updated":"2020-04-26T08:58:06.000Z","quote":{"USD":{"price":86.185294801,"volume_24h":924412233.700538,"percent_change_1h":-0.32721,"percent_change_24h":4.10599,"percent_change_7d":7.15172,"market_cap":815192111.1938586,"last_updated":"2020-04-26T08:58:06.000Z"}}},{"id":1376,"name":"Neo","symbol":"NEO","slug":"neo","num_market_pairs":238,"date_added":"2016-09-08T00:00:00.000Z","tags":[],"max_supply":100000000,"circulating_supply":70538831,"total_supply":100000000,"platform":null,"cmc_rank":23,"last_updated":"2020-04-26T08:58:08.000Z","quote":{"USD":{"price":8.42306315104,"volume_24h":587850165.299201,"percent_change_1h":-0.110005,"percent_change_24h":2.18227,"percent_change_7d":8.04531,"market_cap":594153028.113538,"last_updated":"2020-04-26T08:58:08.000Z"}}},{"id":1437,"name":"Zcash","symbol":"ZEC","slug":"zcash","num_market_pairs":238,"date_added":"2016-10-29T00:00:00.000Z","tags":["mineable"],"max_supply":21000000,"circulating_supply":9022818.75,"total_supply":9022818.75,"platform":null,"cmc_rank":26,"last_updated":"2020-04-26T08:58:07.000Z","quote":{"USD":{"price":44.828227014,"volume_24h":580547284.635181,"percent_change_1h":-0.0294718,"percent_change_24h":0.306394,"percent_change_7d":1.47654,"market_cap":404476967.2311757,"last_updated":"2020-04-26T08:58:07.000Z"}}},{"id":512,"name":"Stellar","symbol":"XLM","slug":"stellar","num_market_pairs":296,"date_added":"2014-08-05T00:00:00.000Z","tags":[],"max_supply":null,"circulating_supply":20295869248.636,"total_supply":50001803871.8717,"platform":null,"cmc_rank":12,"last_updated":"2020-04-26T08:58:07.000Z","quote":{"USD":{"price":0.0618704208152,"volume_24h":492482829.312903,"percent_change_1h":0.00734118,"percent_change_24h":-1.34316,"percent_change_7d":23.485,"market_cap":1255713971.2233865,"last_updated":"2020-04-26T08:58:07.000Z"}}},{"id":3330,"name":"Paxos Standard","symbol":"PAX","slug":"paxos-standard","num_market_pairs":99,"date_added":"2018-09-27T00:00:00.000Z","tags":[],"max_supply":null,"circulating_supply":244951954.494264,"total_supply":249952064.83,"platform":{"id":1027,"name":"Ethereum","symbol":"ETH","slug":"ethereum","token_address":"0x8e870d67f660d95d5be530380d0ec0bd388289e1"},"cmc_rank":34,"last_updated":"2020-04-26T08:58:12.000Z","quote":{"USD":{"price":1.00713608855,"volume_24h":471883782.167266,"percent_change_1h":0.101051,"percent_change_24h":0.29862,"percent_change_7d":0.0970726,"market_cap":246699953.33203065,"last_updated":"2020-04-26T08:58:12.000Z"}}},{"id":2563,"name":"TrueUSD","symbol":"TUSD","slug":"trueusd","num_market_pairs":155,"date_added":"2018-03-06T00:00:00.000Z","tags":[],"max_supply":null,"circulating_supply":131819274.05,"total_supply":131819274.05,"platform":{"id":1027,"name":"Ethereum","symbol":"ETH","slug":"ethereum","token_address":"0x0000000000085d4780B73119b644AE5ecd22b376"},"cmc_rank":44,"last_updated":"2020-04-26T08:58:10.000Z","quote":{"USD":{"price":1.00710578883,"volume_24h":458339301.365504,"percent_change_1h":0.0852981,"percent_change_24h":0.265235,"percent_change_7d":0.153956,"market_cap":132755953.97512318,"last_updated":"2020-04-26T08:58:10.000Z"}}},{"id":1839,"name":"Binance Coin","symbol":"BNB","slug":"binance-coin","num_market_pairs":305,"date_added":"2017-07-25T00:00:00.000Z","tags":[],"max_supply":187536713,"circulating_supply":155536713,"total_supply":187536713,"platform":null,"cmc_rank":8,"last_updated":"2020-04-26T08:58:08.000Z","quote":{"USD":{"price":16.3214352882,"volume_24h":374374201.88664,"percent_change_1h":0.335698,"percent_change_24h":0.55996,"percent_change_7d":-0.553029,"market_cap":2538582396.1688356,"last_updated":"2020-04-26T08:58:08.000Z"}}},{"id":1684,"name":"Qtum","symbol":"QTUM","slug":"qtum","num_market_pairs":172,"date_added":"2017-05-24T00:00:00.000Z","tags":[],"max_supply":107822406,"circulating_supply":96607300.359,"total_supply":102357300,"platform":null,"cmc_rank":42,"last_updated":"2020-04-26T08:58:07.000Z","quote":{"USD":{"price":1.49322640491,"volume_24h":370852589.124662,"percent_change_1h":-0.108241,"percent_change_24h":1.22751,"percent_change_7d":4.99553,"market_cap":144256571.80313012,"last_updated":"2020-04-26T08:58:07.000Z"}}},{"id":3408,"name":"USD Coin","symbol":"USDC","slug":"usd-coin","num_market_pairs":219,"date_added":"2018-10-08T00:00:00.000Z","tags":[],"max_supply":null,"circulating_supply":751388095.758994,"total_supply":755391159.49,"platform":{"id":1027,"name":"Ethereum","symbol":"ETH","slug":"ethereum","token_address":"0xa0b86991c6218b36c1d19d4a2e9eb0ce3606eb48"},"cmc_rank":20,"last_updated":"2020-04-26T08:58:14.000Z","quote":{"USD":{"price":1.00775040625,"volume_24h":369015956.276946,"percent_change_1h":0.0889654,"percent_change_24h":0.255382,"percent_change_7d":0.228733,"market_cap":757211658.7525401,"last_updated":"2020-04-26T08:58:14.000Z"}}},{"id":1975,"name":"Chainlink","symbol":"LINK","slug":"chainlink","num_market_pairs":170,"date_added":"2017-09-20T00:00:00.000Z","tags":[],"max_supply":null,"circulating_supply":350000000,"total_supply":1000000000,"platform":{"id":1027,"name":"Ethereum","symbol":"ETH","slug":"ethereum","token_address":"0x514910771af9ca656af840dff83e8264ecf986ca"},"cmc_rank":11,"last_updated":"2020-04-26T08:58:07.000Z","quote":{"USD":{"price":3.73662689213,"volume_24h":350207954.614633,"percent_change_1h":-0.0499435,"percent_change_24h":-2.44634,"percent_change_7d":0.807083,"market_cap":1307819412.2454998,"last_updated":"2020-04-26T08:58:07.000Z"}}},{"id":2011,"name":"Tezos","symbol":"XTZ","slug":"tezos","num_market_pairs":90,"date_added":"2017-10-06T00:00:00.000Z","tags":[],"max_supply":null,"circulating_supply":708369475.303005,"total_supply":708369475.303005,"platform":null,"cmc_rank":10,"last_updated":"2020-04-26T08:58:07.000Z","quote":{"USD":{"price":2.79135112306,"volume_24h":290360911.764306,"percent_change_1h":0.0437448,"percent_change_24h":2.11795,"percent_change_7d":20.534,"market_cap":1977307930.4284658,"last_updated":"2020-04-26T08:58:07.000Z"}}},{"id":74,"name":"Dogecoin","symbol":"DOGE","slug":"dogecoin","num_market_pairs":239,"date_added":"2013-12-15T00:00:00.000Z","tags":["mineable"],"max_supply":null,"circulating_supply":124302538913.54,"total_supply":124302538913.54,"platform":null,"cmc_rank":31,"last_updated":"2020-04-26T08:58:06.000Z","quote":{"USD":{"price":0.00218734064606,"volume_24h":240387555.155358,"percent_change_1h":0.0936403,"percent_change_24h":3.82077,"percent_change_7d":6.44589,"market_cap":271891995.7740409,"last_updated":"2020-04-26T08:58:06.000Z"}}},{"id":3794,"name":"Cosmos","symbol":"ATOM","slug":"cosmos","num_market_pairs":121,"date_added":"2019-03-14T00:00:00.000Z","tags":[],"max_supply":null,"circulating_supply":190688439.2,"total_supply":237928230.821588,"platform":null,"cmc_rank":24,"last_updated":"2020-04-26T08:58:14.000Z","quote":{"USD":{"price":2.80864074461,"volume_24h":227942783.192598,"percent_change_1h":-0.864488,"percent_change_24h":-0.772546,"percent_change_7d":12.5046,"market_cap":535575319.8632067,"last_updated":"2020-04-26T08:58:14.000Z"}}},{"id":2319,"name":"QCash","symbol":"QC","slug":"qcash","num_market_pairs":91,"date_added":"2019-12-12T00:00:00.000Z","tags":[],"max_supply":10000000000,"circulating_supply":460000200,"total_supply":10000000000,"platform":{"id":1684,"name":"Qtum","symbol":"QTUM","slug":"qtum","token_address":"f2033ede578e17fa6231047265010445bca8cf1c"},"cmc_rank":221,"last_updated":"2020-04-26T08:58:09.000Z","quote":{"USD":{"price":0.140959883814,"volume_24h":221601011.763032,"percent_change_1h":0.0712596,"percent_change_24h":0.118922,"percent_change_7d":0.319314,"market_cap":64841574.746416755,"last_updated":"2020-04-26T08:58:09.000Z"}}},{"id":3077,"name":"VeChain","symbol":"VET","slug":"vechain","num_market_pairs":98,"date_added":"2017-08-22T00:00:00.000Z","tags":[],"max_supply":null,"circulating_supply":55454734800,"total_supply":86712634466,"platform":null,"cmc_rank":35,"last_updated":"2020-04-26T08:58:12.000Z","quote":{"USD":{"price":0.00422996004163,"volume_24h":153711163.192176,"percent_change_1h":-0.321188,"percent_change_24h":1.59515,"percent_change_7d":6.85252,"market_cap":234571312.32318863,"last_updated":"2020-04-26T08:58:12.000Z"}}},{"id":2502,"name":"Huobi Token","symbol":"HT","slug":"huobi-token","num_market_pairs":136,"date_added":"2018-02-03T00:00:00.000Z","tags":[],"max_supply":null,"circulating_supply":222668092.971921,"total_supply":500000000,"platform":{"id":1027,"name":"Ethereum","symbol":"ETH","slug":"ethereum","token_address":"0x6f259637dcd74c767781e37bc6133cd6a68aa161"},"cmc_rank":17,"last_updated":"2020-04-26T08:58:10.000Z","quote":{"USD":{"price":3.98715434901,"volume_24h":135695534.470382,"percent_change_1h":0.10711,"percent_change_24h":-0.358592,"percent_change_7d":1.66418,"market_cap":887812055.2787578,"last_updated":"2020-04-26T08:58:10.000Z"}}},{"id":3897,"name":"OKB","symbol":"OKB","slug":"okb","num_market_pairs":50,"date_added":"2019-04-30T00:00:00.000Z","tags":[],"max_supply":null,"circulating_supply":60000000,"total_supply":300000000,"platform":{"id":1027,"name":"Ethereum","symbol":"ETH","slug":"ethereum","token_address":"0x75231f58b43240c9718dd58b4967c5114342a86c"},"cmc_rank":30,"last_updated":"2020-04-26T08:58:14.000Z","quote":{"USD":{"price":4.90120079858,"volume_24h":130354252.760224,"percent_change_1h":0.0584111,"percent_change_24h":-0.502137,"percent_change_7d":1.69663,"market_cap":294072047.9148,"last_updated":"2020-04-26T08:58:14.000Z"}}},{"id":2566,"name":"Ontology","symbol":"ONT","slug":"ontology","num_market_pairs":119,"date_added":"2018-03-08T00:00:00.000Z","tags":[],"max_supply":null,"circulating_supply":656746573,"total_supply":1000000000,"platform":null,"cmc_rank":29,"last_updated":"2020-04-26T08:58:10.000Z","quote":{"USD":{"price":0.465807216222,"volume_24h":119366942.572149,"percent_change_1h":-0.138495,"percent_change_24h":-0.732807,"percent_change_7d":10.8989,"market_cap":305917292.93246853,"last_updated":"2020-04-26T08:58:10.000Z"}}},{"id":2456,"name":"OFCOIN","symbol":"OF","slug":"ofcoin","num_market_pairs":1,"date_added":"2018-01-24T00:00:00.000Z","tags":[],"max_supply":null,"circulating_supply":null,"total_supply":51200000000,"platform":null,"cmc_rank":2030,"last_updated":"2020-04-26T08:58:09.000Z","quote":{"USD":{"price":0.0000453869126015,"volume_24h":113730555.854815,"percent_change_1h":0.0748566,"percent_change_24h":-2.22376,"percent_change_7d":0.148741,"market_cap":null,"last_updated":"2020-04-26T08:58:09.000Z"}}},{"id":328,"name":"Monero","symbol":"XMR","slug":"monero","num_market_pairs":146,"date_added":"2014-05-21T00:00:00.000Z","tags":["mineable"],"max_supply":null,"circulating_supply":17537340.931128,"total_supply":17537340.931128,"platform":null,"cmc_rank":14,"last_updated":"2020-04-26T08:58:06.000Z","quote":{"USD":{"price":61.6504539964,"volume_24h":102246122.036245,"percent_change_1h":0.286648,"percent_change_24h":0.159265,"percent_change_7d":6.278,"market_cap":1081185030.2936895,"last_updated":"2020-04-26T08:58:06.000Z"}}},{"id":1168,"name":"Decred","symbol":"DCR","slug":"decred","num_market_pairs":49,"date_added":"2016-02-10T00:00:00.000Z","tags":["mineable"],"max_supply":21000000,"circulating_supply":11408661.4381041,"total_supply":11408661.4381041,"platform":null,"cmc_rank":41,"last_updated":"2020-04-26T08:58:05.000Z","quote":{"USD":{"price":12.7511896602,"volume_24h":91682948.1032536,"percent_change_1h":0.0024863,"percent_change_24h":0.726578,"percent_change_7d":0.281547,"market_cap":145474005.76627547,"last_updated":"2020-04-26T08:58:05.000Z"}}},{"id":1697,"name":"Basic Attention Token","symbol":"BAT","slug":"basic-attention-token","num_market_pairs":183,"date_added":"2017-06-01T00:00:00.000Z","tags":[],"max_supply":null,"circulating_supply":1457527137.0863,"total_supply":1500000000,"platform":{"id":1027,"name":"Ethereum","symbol":"ETH","slug":"ethereum","token_address":"0x0d8775f648430679a709e98d2b0cb6250d2887ef"},"cmc_rank":33,"last_updated":"2020-04-26T08:58:06.000Z","quote":{"USD":{"price":0.18488115157,"volume_24h":88460526.984271,"percent_change_1h":0.553875,"percent_change_24h":0.916757,"percent_change_7d":8.51921,"market_cap":269469295.5490404,"last_updated":"2020-04-26T08:58:06.000Z"}}},{"id":1808,"name":"OmiseGO","symbol":"OMG","slug":"omisego","num_market_pairs":209,"date_added":"2017-07-14T00:00:00.000Z","tags":[],"max_supply":null,"circulating_supply":140245398.245133,"total_supply":140245398.245133,"platform":{"id":1027,"name":"Ethereum","symbol":"ETH","slug":"ethereum","token_address":"0xd26114cd6EE289AccF82350c8d8487fedB8A0C07"},"cmc_rank":57,"last_updated":"2020-04-26T08:58:07.000Z","quote":{"USD":{"price":0.64203540538,"volume_24h":86380102.4183409,"percent_change_1h":-0.228846,"percent_change_24h":1.34599,"percent_change_7d":7.94807,"market_cap":90042511.11499351,"last_updated":"2020-04-26T08:58:07.000Z"}}},{"id":2010,"name":"Cardano","symbol":"ADA","slug":"cardano","num_market_pairs":131,"date_added":"2017-10-01T00:00:00.000Z","tags":["mineable"],"max_supply":45000000000,"circulating_supply":25927070538,"total_supply":31112483745,"platform":null,"cmc_rank":13,"last_updated":"2020-04-26T08:58:08.000Z","quote":{"USD":{"price":0.042396734175,"volume_24h":84778684.3201693,"percent_change_1h":-0.0470957,"percent_change_24h":-1.72567,"percent_change_7d":16.5428,"market_cap":1099223117.53606,"last_updated":"2020-04-26T08:58:08.000Z"}}},{"id":3702,"name":"Beam","symbol":"BEAM","slug":"beam","num_market_pairs":32,"date_added":"2019-01-17T00:00:00.000Z","tags":["mineable"],"max_supply":262800000,"circulating_supply":60325520,"total_supply":60325520,"platform":null,"cmc_rank":137,"last_updated":"2020-04-26T08:58:13.000Z","quote":{"USD":{"price":0.356034402736,"volume_24h":77366123.1211692,"percent_change_1h":4.32531,"percent_change_24h":22.1593,"percent_change_7d":27.7335,"market_cap":21477960.482938625,"last_updated":"2020-04-26T08:58:13.000Z"}}},{"id":1982,"name":"Kyber Network","symbol":"KNC","slug":"kyber-network","num_market_pairs":64,"date_added":"2017-09-24T00:00:00.000Z","tags":[],"max_supply":null,"circulating_supply":180432602.911872,"total_supply":210939151.730736,"platform":{"id":1027,"name":"Ethereum","symbol":"ETH","slug":"ethereum","token_address":"0xdd974d5c2e2928dea5f71b9825b8b646686bd200"},"cmc_rank":50,"last_updated":"2020-04-26T08:58:07.000Z","quote":{"USD":{"price":0.631411438111,"volume_24h":76556403.7713915,"percent_change_1h":3.17255,"percent_change_24h":18.8701,"percent_change_7d":29.3809,"market_cap":113927209.2866961,"last_updated":"2020-04-26T08:58:07.000Z"}}},{"id":4064,"name":"USDK","symbol":"USDK","slug":"usdk","num_market_pairs":37,"date_added":"2019-07-29T00:00:00.000Z","tags":[],"max_supply":null,"circulating_supply":28600072,"total_supply":28600072,"platform":{"id":1027,"name":"Ethereum","symbol":"ETH","slug":"ethereum","token_address":"0x1c48f86ae57291f7686349f12601910bd8d470bb"},"cmc_rank":252,"last_updated":"2020-04-26T08:58:14.000Z","quote":{"USD":{"price":1.00808234107,"volume_24h":71516467.775266,"percent_change_1h":0.174977,"percent_change_24h":0.445907,"percent_change_7d":0.103262,"market_cap":28831227.536530554,"last_updated":"2020-04-26T08:58:14.000Z"}}},{"id":5031,"name":"MimbleWimbleCoin","symbol":"MWC","slug":"mimblewimblecoin","num_market_pairs":7,"date_added":"2020-02-24T00:00:00.000Z","tags":[],"max_supply":20000000,"circulating_supply":8012069.2569404,"total_supply":10521712.2569404,"platform":null,"cmc_rank":209,"last_updated":"2020-04-26T08:58:15.000Z","quote":{"USD":{"price":18.3069870298,"volume_24h":68140057.3731613,"percent_change_1h":0.517755,"percent_change_24h":9.7623,"percent_change_7d":33.6937,"market_cap":146676847.9686672,"last_updated":"2020-04-26T08:58:15.000Z"}}},{"id":1772,"name":"Storj","symbol":"STORJ","slug":"storj","num_market_pairs":32,"date_added":"2017-07-02T00:00:00.000Z","tags":[],"max_supply":null,"circulating_supply":135787438.700013,"total_supply":424999998.000013,"platform":{"id":1027,"name":"Ethereum","symbol":"ETH","slug":"ethereum","token_address":"0xb64ef51c888972c908cfacf59b47c1afbc0ab8ac"},"cmc_rank":181,"last_updated":"2020-04-26T08:58:06.000Z","quote":{"USD":{"price":0.101485159766,"volume_24h":68096496.5219097,"percent_change_1h":0.262469,"percent_change_24h":0.795348,"percent_change_7d":4.03708,"market_cap":13780409.910686752,"last_updated":"2020-04-26T08:58:06.000Z"}}},{"id":3718,"name":"BitTorrent","symbol":"BTT","slug":"bittorrent","num_market_pairs":134,"date_added":"2019-01-31T00:00:00.000Z","tags":[],"max_supply":null,"circulating_supply":212116500000,"total_supply":990000000000,"platform":{"id":1958,"name":"TRON","symbol":"TRX","slug":"tron","token_address":"1002000"},"cmc_rank":79,"last_updated":"2020-04-26T08:58:13.000Z","quote":{"USD":{"price":0.000246776911186,"volume_24h":63012846.2956485,"percent_change_1h":0.125969,"percent_change_24h":0.0395735,"percent_change_7d":5.7158,"market_cap":52345454.68158517,"last_updated":"2020-04-26T08:58:13.000Z"}}},{"id":4030,"name":"Algorand","symbol":"ALGO","slug":"algorand","num_market_pairs":77,"date_added":"2019-06-20T00:00:00.000Z","tags":["mineable"],"max_supply":null,"circulating_supply":709060263.438547,"total_supply":3240332106.43855,"platform":null,"cmc_rank":40,"last_updated":"2020-04-26T08:58:14.000Z","quote":{"USD":{"price":0.217582325161,"volume_24h":62148289.9027509,"percent_change_1h":1.41925,"percent_change_24h":1.21462,"percent_change_7d":11.369,"market_cap":154278980.79823026,"last_updated":"2020-04-26T08:58:14.000Z"}}},{"id":2307,"name":"Bibox Token","symbol":"BIX","slug":"bibox-token","num_market_pairs":27,"date_added":"2017-12-24T00:00:00.000Z","tags":[],"max_supply":null,"circulating_supply":97882450.27,"total_supply":251424733.27,"platform":{"id":1027,"name":"Ethereum","symbol":"ETH","slug":"ethereum","token_address":"0xb3104b4b9da82025e8b9f8fb28b3553ce2f67069"},"cmc_rank":340,"last_updated":"2020-04-26T08:58:08.000Z","quote":{"USD":{"price":0.0823310492605,"volume_24h":58435578.4970487,"percent_change_1h":-1.34923,"percent_change_24h":-1.49155,"percent_change_7d":2.33637,"market_cap":8058764.834917811,"last_updated":"2020-04-26T08:58:08.000Z"}}},{"id":1776,"name":"MCO","symbol":"MCO","slug":"crypto-com","num_market_pairs":61,"date_added":"2017-07-03T00:00:00.000Z","tags":[],"max_supply":null,"circulating_supply":15793831.0949625,"total_supply":31587682.3632061,"platform":{"id":1027,"name":"Ethereum","symbol":"ETH","slug":"ethereum","token_address":"0xb63b606ac810a52cca15e44bb630fd42d8d1d83d"},"cmc_rank":59,"last_updated":"2020-04-26T08:58:06.000Z","quote":{"USD":{"price":5.10237571213,"volume_24h":53013239.6937959,"percent_change_1h":0.0834833,"percent_change_24h":-0.733026,"percent_change_7d":-1.99315,"market_cap":80586060.18042022,"last_updated":"2020-04-26T08:58:06.000Z"}}},{"id":2349,"name":"Mixin","symbol":"XIN","slug":"mixin","num_market_pairs":8,"date_added":"2018-01-09T00:00:00.000Z","tags":[],"max_supply":1000000,"circulating_supply":510507.036636976,"total_supply":1000000,"platform":{"id":1027,"name":"Ethereum","symbol":"ETH","slug":"ethereum","token_address":"0xa974c709cfb4566686553a20790685a47aceaa33"},"cmc_rank":215,"last_updated":"2020-04-26T08:58:08.000Z","quote":{"USD":{"price":170.002463164,"volume_24h":51336399.3891124,"percent_change_1h":1.2676,"percent_change_24h":2.94599,"percent_change_7d":0.133476,"market_cap":86787453.69084032,"last_updated":"2020-04-26T08:58:08.000Z"}}},{"id":4687,"name":"Binance USD","symbol":"BUSD","slug":"binance-usd","num_market_pairs":61,"date_added":"2019-09-20T00:00:00.000Z","tags":[],"max_supply":null,"circulating_supply":190748647.59,"total_supply":190748647.59,"platform":{"id":1027,"name":"Ethereum","symbol":"ETH","slug":"ethereum","token_address":"0x4Fabb145d64652a948d72533023f6E7A623C7C53"},"cmc_rank":37,"last_updated":"2020-04-26T08:58:15.000Z","quote":{"USD":{"price":1.00723109833,"volume_24h":51296462.2584716,"percent_change_1h":0.0615846,"percent_change_24h":0.301035,"percent_change_7d":0.0939206,"market_cap":192127969.8170378,"last_updated":"2020-04-26T08:58:15.000Z"}}},{"id":3657,"name":"Lambda","symbol":"LAMB","slug":"lambda","num_market_pairs":41,"date_added":"2019-01-02T00:00:00.000Z","tags":[],"max_supply":10000000000,"circulating_supply":647978756.78715,"total_supply":6000000000,"platform":{"id":1027,"name":"Ethereum","symbol":"ETH","slug":"ethereum","token_address":"0x8971f9fd7196e5cee2c1032b50f656855af7dd26"},"cmc_rank":313,"last_updated":"2020-04-26T08:58:13.000Z","quote":{"USD":{"price":0.014194603516,"volume_24h":45952889.4392655,"percent_change_1h":0.94212,"percent_change_24h":5.48324,"percent_change_7d":3.36541,"market_cap":9197801.539384188,"last_updated":"2020-04-26T08:58:13.000Z"}}},{"id":3437,"name":"ABBC Coin","symbol":"ABBC","slug":"abbc-coin","num_market_pairs":42,"date_added":"2018-10-12T00:00:00.000Z","tags":["mineable"],"max_supply":null,"circulating_supply":555416924.350722,"total_supply":1003278750.0109,"platform":null,"cmc_rank":68,"last_updated":"2020-04-26T08:58:12.000Z","quote":{"USD":{"price":0.117520052207,"volume_24h":44987739.9786557,"percent_change_1h":0.300143,"percent_change_24h":2.37865,"percent_change_7d":1.48359,"market_cap":65272625.94634821,"last_updated":"2020-04-26T08:58:12.000Z"}}},{"id":2130,"name":"Enjin Coin","symbol":"ENJ","slug":"enjin-coin","num_market_pairs":61,"date_added":"2017-11-01T00:00:00.000Z","tags":[],"max_supply":null,"circulating_supply":814772129.064264,"total_supply":1000000000,"platform":{"id":1027,"name":"Ethereum","symbol":"ETH","slug":"ethereum","token_address":"0xf629cbd94d3791c9250152bd8dfbdf380e2a3b9c"},"cmc_rank":47,"last_updated":"2020-04-26T08:58:08.000Z","quote":{"USD":{"price":0.151410013133,"volume_24h":43500833.5661106,"percent_change_1h":-0.99244,"percent_change_24h":9.77756,"percent_change_7d":44.875,"market_cap":123364658.7620226,"last_updated":"2020-04-26T08:58:08.000Z"}}},{"id":2280,"name":"Filecoin [Futures]","symbol":"FIL","slug":"filecoin","num_market_pairs":4,"date_added":"2017-12-13T00:00:00.000Z","tags":["mineable"],"max_supply":null,"circulating_supply":null,"total_supply":null,"platform":null,"cmc_rank":2031,"last_updated":"2020-04-26T08:58:08.000Z","quote":{"USD":{"price":5.12562176062,"volume_24h":43185981.8117228,"percent_change_1h":-0.471621,"percent_change_24h":-0.425752,"percent_change_7d":1.03958,"market_cap":null,"last_updated":"2020-04-26T08:58:08.000Z"}}},{"id":3306,"name":"Gemini Dollar","symbol":"GUSD","slug":"gemini-dollar","num_market_pairs":31,"date_added":"2018-10-05T00:00:00.000Z","tags":[],"max_supply":null,"circulating_supply":5884964.1,"total_supply":5884964.1,"platform":{"id":1027,"name":"Ethereum","symbol":"ETH","slug":"ethereum","token_address":"0x056Fd409E1d7A124BD7017459dFEa2F387b6d5Cd"},"cmc_rank":401,"last_updated":"2020-04-26T08:58:12.000Z","quote":{"USD":{"price":1.01010658515,"volume_24h":41166705.0617973,"percent_change_1h":-0.0858878,"percent_change_24h":0.0436721,"percent_change_7d":1.06147,"market_cap":5944440.990781343,"last_updated":"2020-04-26T08:58:12.000Z"}}},{"id":4229,"name":"Yobit Token","symbol":"YO","slug":"yobit-token","num_market_pairs":11,"date_added":"2019-09-03T00:00:00.000Z","tags":[],"max_supply":null,"circulating_supply":null,"total_supply":17000,"platform":{"id":1027,"name":"Ethereum","symbol":"ETH","slug":"ethereum","token_address":"0xebf4ca5319f406602eeff68da16261f1216011b5"},"cmc_rank":2032,"last_updated":"2020-04-26T08:58:14.000Z","quote":{"USD":{"price":774.838782297,"volume_24h":40073486.2432868,"percent_change_1h":0.741047,"percent_change_24h":1.41841,"percent_change_7d":7.05723,"market_cap":null,"last_updated":"2020-04-26T08:58:14.000Z"}}},{"id":3351,"name":"ZB Token","symbol":"ZB","slug":"zb-token","num_market_pairs":11,"date_added":"2018-09-27T00:00:00.000Z","tags":[],"max_supply":null,"circulating_supply":463288810,"total_supply":2100000000,"platform":{"id":1027,"name":"Ethereum","symbol":"ETH","slug":"ethereum","token_address":"0xbd0793332e9fb844a52a205a233ef27a5b34b927"},"cmc_rank":52,"last_updated":"2020-04-26T08:58:12.000Z","quote":{"USD":{"price":0.244401531373,"volume_24h":38646398.0118389,"percent_change_1h":0.001728,"percent_change_24h":0.104482,"percent_change_7d":1.24797,"market_cap":113228494.63197483,"last_updated":"2020-04-26T08:58:12.000Z"}}},{"id":1274,"name":"Waves","symbol":"WAVES","slug":"waves","num_market_pairs":144,"date_added":"2016-06-02T00:00:00.000Z","tags":[],"max_supply":null,"circulating_supply":101768284,"total_supply":101768284,"platform":null,"cmc_rank":53,"last_updated":"2020-04-26T08:58:06.000Z","quote":{"USD":{"price":1.02226170942,"volume_24h":38543097.3405408,"percent_change_1h":-0.0370565,"percent_change_24h":-0.301306,"percent_change_7d":-1.06579,"market_cap":104033819.96658003,"last_updated":"2020-04-26T08:58:06.000Z"}}},{"id":2083,"name":"Bitcoin Gold","symbol":"BTG","slug":"bitcoin-gold","num_market_pairs":73,"date_added":"2017-10-23T00:00:00.000Z","tags":["mineable"],"max_supply":21000000,"circulating_supply":17513923.589,"total_supply":17513923.589,"platform":null,"cmc_rank":38,"last_updated":"2020-04-26T08:58:08.000Z","quote":{"USD":{"price":9.47523935159,"volume_24h":38219833.6176964,"percent_change_1h":0.0241988,"percent_change_24h":0.0579115,"percent_change_7d":-4.28565,"market_cap":165948617.99123317,"last_updated":"2020-04-26T08:58:08.000Z"}}},{"id":3709,"name":"Grin","symbol":"GRIN","slug":"grin","num_market_pairs":60,"date_added":"2019-01-27T00:00:00.000Z","tags":["mineable"],"max_supply":null,"circulating_supply":40153860,"total_supply":40153860,"platform":null,"cmc_rank":141,"last_updated":"2020-04-26T08:58:13.000Z","quote":{"USD":{"price":0.530187356816,"volume_24h":38170545.1243272,"percent_change_1h":1.97739,"percent_change_24h":6.72602,"percent_change_7d":7.00383,"market_cap":21289068.89935971,"last_updated":"2020-04-26T08:58:13.000Z"}}},{"id":2099,"name":"ICON","symbol":"ICX","slug":"icon","num_market_pairs":61,"date_added":"2017-10-27T00:00:00.000Z","tags":[],"max_supply":null,"circulating_supply":538349013.807799,"total_supply":800460000,"platform":null,"cmc_rank":39,"last_updated":"2020-04-26T08:58:08.000Z","quote":{"USD":{"price":0.29017325625,"volume_24h":36134525.0083366,"percent_change_1h":0.698938,"percent_change_24h":5.05362,"percent_change_7d":18.6679,"market_cap":156214486.33558524,"last_updated":"2020-04-26T08:58:08.000Z"}}},{"id":1104,"name":"Augur","symbol":"REP","slug":"augur","num_market_pairs":73,"date_added":"2015-10-27T00:00:00.000Z","tags":[],"max_supply":null,"circulating_supply":11000000,"total_supply":11000000,"platform":{"id":1027,"name":"Ethereum","symbol":"ETH","slug":"ethereum","token_address":"0x1985365e9f78359a9b6ad760e32412f4a445e862"},"cmc_rank":49,"last_updated":"2020-04-26T08:58:05.000Z","quote":{"USD":{"price":10.4204078543,"volume_24h":35759861.3639696,"percent_change_1h":0.436137,"percent_change_24h":1.158,"percent_change_7d":2.56259,"market_cap":114624486.3973,"last_updated":"2020-04-26T08:58:05.000Z"}}},{"id":2457,"name":"TrueChain","symbol":"TRUE","slug":"truechain","num_market_pairs":16,"date_added":"2018-01-24T00:00:00.000Z","tags":[],"max_supply":null,"circulating_supply":79575542.96,"total_supply":100000000,"platform":null,"cmc_rank":140,"last_updated":"2020-04-26T08:58:09.000Z","quote":{"USD":{"price":0.267941095509,"volume_24h":34308897.2015608,"percent_change_1h":0.0437701,"percent_change_24h":-0.257356,"percent_change_7d":-2.96608,"market_cap":21321558.156425893,"last_updated":"2020-04-26T08:58:09.000Z"}}},{"id":2405,"name":"IOST","symbol":"IOST","slug":"iostoken","num_market_pairs":85,"date_added":"2018-01-16T00:00:00.000Z","tags":[],"max_supply":null,"circulating_supply":12013965608.8475,"total_supply":21000000000,"platform":null,"cmc_rank":93,"last_updated":"2020-04-26T08:58:09.000Z","quote":{"USD":{"price":0.00354932432396,"volume_24h":32272375.3120019,"percent_change_1h":-0.205898,"percent_change_24h":-1.19411,"percent_change_7d":5.18076,"market_cap":42641460.36270134,"last_updated":"2020-04-26T08:58:09.000Z"}}},{"id":2577,"name":"Ravencoin","symbol":"RVN","slug":"ravencoin","num_market_pairs":50,"date_added":"2018-03-10T00:00:00.000Z","tags":["mineable"],"max_supply":21000000000,"circulating_supply":6024430000,"total_supply":6024430000,"platform":null,"cmc_rank":46,"last_updated":"2020-04-26T08:58:10.000Z","quote":{"USD":{"price":0.0205146348063,"volume_24h":31573594.9796875,"percent_change_1h":1.96306,"percent_change_24h":13.7385,"percent_change_7d":20.5508,"market_cap":123588981.36611791,"last_updated":"2020-04-26T08:58:10.000Z"}}},{"id":109,"name":"DigiByte","symbol":"DGB","slug":"digibyte","num_market_pairs":77,"date_added":"2014-02-06T00:00:00.000Z","tags":["mineable"],"max_supply":21000000000,"circulating_supply":13073281300.7103,"total_supply":13073281300.7103,"platform":null,"cmc_rank":36,"last_updated":"2020-04-26T08:58:05.000Z","quote":{"USD":{"price":0.0154808280437,"volume_24h":28437639.573807,"percent_change_1h":1.02333,"percent_change_24h":19.35,"percent_change_7d":97.8216,"market_cap":202385219.78321484,"last_updated":"2020-04-26T08:58:05.000Z"}}},{"id":624,"name":"bitCNY","symbol":"BITCNY","slug":"bitcny","num_market_pairs":23,"date_added":"2014-09-23T00:00:00.000Z","tags":[],"max_supply":null,"circulating_supply":31209700,"total_supply":31209700,"platform":{"id":463,"name":"BitShares","symbol":"BTS","slug":"bitshares","token_address":"CNY"},"cmc_rank":485,"last_updated":"2020-04-26T08:58:05.000Z","quote":{"USD":{"price":0.141409577295,"volume_24h":25826473.9306439,"percent_change_1h":0.0653408,"percent_change_24h":0.201366,"percent_change_7d":0.244827,"market_cap":4413350.484503762,"last_updated":"2020-04-26T08:58:05.000Z"}}},{"id":1896,"name":"0x","symbol":"ZRX","slug":"0x","num_market_pairs":179,"date_added":"2017-08-16T00:00:00.000Z","tags":[],"max_supply":null,"circulating_supply":652285423.432216,"total_supply":1000000000,"platform":{"id":1027,"name":"Ethereum","symbol":"ETH","slug":"ethereum","token_address":"0xe41d2489571d322189246dafa5ebde1f4699f498"},"cmc_rank":48,"last_updated":"2020-04-26T08:58:07.000Z","quote":{"USD":{"price":0.186657744821,"volume_24h":25275422.7347536,"percent_change_1h":-0.357654,"percent_change_24h":0.247793,"percent_change_7d":4.57748,"market_cap":121754126.11746852,"last_updated":"2020-04-26T08:58:07.000Z"}}},{"id":5429,"name":"DEAPcoin","symbol":"DEP","slug":"deapcoin","num_market_pairs":2,"date_added":"2020-04-10T00:00:00.000Z","tags":[],"max_supply":30000000000,"circulating_supply":null,"total_supply":30000000000,"platform":{"id":1027,"name":"Ethereum","symbol":"ETH","slug":"ethereum","token_address":"0x1a3496c18d558bd9c6c8f609e1b129f67ab08163"},"cmc_rank":2033,"last_updated":"2020-04-26T08:58:16.000Z","quote":{"USD":{"price":0.00524354089199,"volume_24h":24416556.7703153,"percent_change_1h":0.143368,"percent_change_24h":1.73837,"percent_change_7d":-3.18232,"market_cap":null,"last_updated":"2020-04-26T08:58:16.000Z"}}},{"id":5217,"name":"3X Long Ethereum Token","symbol":"ETHBULL","slug":"3x-long-ethereum-token","num_market_pairs":7,"date_added":"2020-02-11T00:00:00.000Z","tags":[],"max_supply":null,"circulating_supply":null,"total_supply":2688.70054275,"platform":{"id":1027,"name":"Ethereum","symbol":"ETH","slug":"ethereum","token_address":"0x871baed4088b863fd6407159f3672d70cd34837d"},"cmc_rank":2034,"last_updated":"2020-04-26T08:58:16.000Z","quote":{"USD":{"price":203.537373674,"volume_24h":23810949.764208,"percent_change_1h":0.538323,"percent_change_24h":-0.446307,"percent_change_7d":14.7099,"market_cap":null,"last_updated":"2020-04-26T08:58:16.000Z"}}},{"id":5414,"name":"3x Long EOS Token","symbol":"EOSBULL","slug":"3x-long-eos-token","num_market_pairs":5,"date_added":"2020-04-06T00:00:00.000Z","tags":[],"max_supply":null,"circulating_supply":null,"total_supply":1057300.976,"platform":{"id":1027,"name":"Ethereum","symbol":"ETH","slug":"ethereum","token_address":"0xeaD7F3ae4e0Bb0D8785852Cc37CC9d0B5e75c06a"},"cmc_rank":2035,"last_updated":"2020-04-26T08:58:16.000Z","quote":{"USD":{"price":5.94088269895,"volume_24h":22216833.338749,"percent_change_1h":-0.56812,"percent_change_24h":-2.452,"percent_change_7d":1.82666,"market_cap":null,"last_updated":"2020-04-26T08:58:16.000Z"}}},{"id":3890,"name":"Matic Network","symbol":"MATIC","slug":"matic-network","num_market_pairs":51,"date_added":"2019-04-28T00:00:00.000Z","tags":[],"max_supply":null,"circulating_supply":2758503686,"total_supply":10000000000,"platform":{"id":1027,"name":"Ethereum","symbol":"ETH","slug":"ethereum","token_address":"0x7D1AfA7B718fb893dB30A3aBc0Cfc608AaCfeBB0"},"cmc_rank":94,"last_updated":"2020-04-26T08:58:14.000Z","quote":{"USD":{"price":0.0151482053957,"volume_24h":20368846.4500453,"percent_change_1h":-0.687038,"percent_change_24h":-0.181582,"percent_change_7d":13.6596,"market_cap":41786380.420323536,"last_updated":"2020-04-26T08:58:14.000Z"}}},{"id":5198,"name":"Creditcoin","symbol":"CTC","slug":"creditcoin","num_market_pairs":3,"date_added":"2020-01-31T00:00:00.000Z","tags":[],"max_supply":null,"circulating_supply":null,"total_supply":600000000,"platform":null,"cmc_rank":2036,"last_updated":"2020-04-26T08:58:16.000Z","quote":{"USD":{"price":0.362938536827,"volume_24h":20357437.2808593,"percent_change_1h":-0.548418,"percent_change_24h":-2.02243,"percent_change_7d":-12.1175,"market_cap":null,"last_updated":"2020-04-26T08:58:16.000Z"}}},{"id":4779,"name":"HUSD","symbol":"HUSD","slug":"husd","num_market_pairs":18,"date_added":"2019-10-15T00:00:00.000Z","tags":[],"max_supply":null,"circulating_supply":null,"total_supply":87094416.0933887,"platform":{"id":1027,"name":"Ethereum","symbol":"ETH","slug":"ethereum","token_address":"0xdf574c24545e5ffecb9a659c229253d4111d87e1"},"cmc_rank":2037,"last_updated":"2020-04-26T08:58:15.000Z","quote":{"USD":{"price":1.00788739645,"volume_24h":20176310.1547801,"percent_change_1h":0.102361,"percent_change_24h":0.318225,"percent_change_7d":0.145126,"market_cap":null,"last_updated":"2020-04-26T08:58:15.000Z"}}},{"id":2299,"name":"aelf","symbol":"ELF","slug":"aelf","num_market_pairs":79,"date_added":"2017-12-21T00:00:00.000Z","tags":[],"max_supply":1000000000,"circulating_supply":544480199.986466,"total_supply":879999999.986466,"platform":{"id":1027,"name":"Ethereum","symbol":"ETH","slug":"ethereum","token_address":"0xbf2179859fc6d5bee9bf9158632dc51678a4100e"},"cmc_rank":102,"last_updated":"2020-04-26T08:58:08.000Z","quote":{"USD":{"price":0.0649712180535,"volume_24h":18871452.6143467,"percent_change_1h":-0.223036,"percent_change_24h":-1.43498,"percent_change_7d":1.61181,"market_cap":35375541.79913397,"last_updated":"2020-04-26T08:58:08.000Z"}}},{"id":2341,"name":"SwftCoin","symbol":"SWFTC","slug":"swftcoin","num_market_pairs":13,"date_added":"2018-01-04T00:00:00.000Z","tags":[],"max_supply":null,"circulating_supply":4004999999,"total_supply":10000000000,"platform":{"id":1027,"name":"Ethereum","symbol":"ETH","slug":"ethereum","token_address":"0x0bb217e40f8a5cb79adf04e1aab60e5abd0dfc1e"},"cmc_rank":392,"last_updated":"2020-04-26T08:58:08.000Z","quote":{"USD":{"price":0.00153340509127,"volume_24h":18476844.7287239,"percent_change_1h":1.41372,"percent_change_24h":3.01439,"percent_change_7d":19.716,"market_cap":6141287.389002945,"last_updated":"2020-04-26T08:58:08.000Z"}}},{"id":5085,"name":"Building Cities Beyond Blockchain","symbol":"BCB","slug":"building-cities-beyond-blockchain","num_market_pairs":3,"date_added":"2019-12-30T00:00:00.000Z","tags":[],"max_supply":66000000,"circulating_supply":null,"total_supply":66000000,"platform":null,"cmc_rank":2038,"last_updated":"2020-04-26T08:58:15.000Z","quote":{"USD":{"price":2.59108477459,"volume_24h":18337579.5331342,"percent_change_1h":-0.194374,"percent_change_24h":-1.04954,"percent_change_7d":-0.730064,"market_cap":null,"last_updated":"2020-04-26T08:58:15.000Z"}}},{"id":2588,"name":"Loom Network","symbol":"LOOM","slug":"loom-network","num_market_pairs":65,"date_added":"2018-03-14T00:00:00.000Z","tags":[],"max_supply":null,"circulating_supply":970041175.954257,"total_supply":1000000000,"platform":{"id":1027,"name":"Ethereum","symbol":"ETH","slug":"ethereum","token_address":"0xa4e8c3ec456107ea67d3075bf9e3df3a75823db0"},"cmc_rank":170,"last_updated":"2020-04-26T08:58:10.000Z","quote":{"USD":{"price":0.0152611634346,"volume_24h":17932949.9337806,"percent_change_1h":0.579683,"percent_change_24h":1.04103,"percent_change_7d":3.50933,"market_cap":14803956.924529491,"last_updated":"2020-04-26T08:58:10.000Z"}}},{"id":5117,"name":"Origin Protocol","symbol":"OGN","slug":"origin-protocol","num_market_pairs":15,"date_added":"2020-01-09T00:00:00.000Z","tags":[],"max_supply":null,"circulating_supply":33523273.02,"total_supply":1000000000,"platform":{"id":1027,"name":"Ethereum","symbol":"ETH","slug":"ethereum","token_address":"0x8207c1ffc5b6804f6024322ccf34f29c3541ae26"},"cmc_rank":336,"last_updated":"2020-04-26T08:58:16.000Z","quote":{"USD":{"price":0.242029328875,"volume_24h":17667331.8396053,"percent_change_1h":-0.374784,"percent_change_24h":6.33135,"percent_change_7d":3.50768,"market_cap":8113615.270723995,"last_updated":"2020-04-26T08:58:16.000Z"}}},{"id":1866,"name":"Bytom","symbol":"BTM","slug":"bytom","num_market_pairs":54,"date_added":"2017-08-08T00:00:00.000Z","tags":["mineable"],"max_supply":null,"circulating_supply":1002499275,"total_supply":1407000000,"platform":null,"cmc_rank":72,"last_updated":"2020-04-26T08:58:06.000Z","quote":{"USD":{"price":0.061120481666,"volume_24h":17548627.4795611,"percent_change_1h":1.14566,"percent_change_24h":1.37516,"percent_change_7d":3.18763,"market_cap":61273238.5578158,"last_updated":"2020-04-26T08:58:06.000Z"}}},{"id":5221,"name":"Handshake ","symbol":"HNS","slug":"handshake","num_market_pairs":10,"date_added":"2020-02-22T00:00:00.000Z","tags":[],"max_supply":null,"circulating_supply":268078892.322,"total_supply":2040000000,"platform":null,"cmc_rank":246,"last_updated":"2020-04-26T08:58:16.000Z","quote":{"USD":{"price":0.117807020475,"volume_24h":17339968.1520444,"percent_change_1h":-0.530712,"percent_change_24h":-1.46855,"percent_change_7d":-3.96865,"market_cap":31581575.556693174,"last_updated":"2020-04-26T08:58:16.000Z"}}},{"id":4899,"name":"Yap Stone","symbol":"YAP","slug":"yap-stone","num_market_pairs":14,"date_added":"2019-11-09T00:00:00.000Z","tags":[],"max_supply":null,"circulating_supply":150000000,"total_supply":1000000000,"platform":{"id":1027,"name":"Ethereum","symbol":"ETH","slug":"ethereum","token_address":""},"cmc_rank":107,"last_updated":"2020-04-26T08:58:15.000Z","quote":{"USD":{"price":0.216602123085,"volume_24h":17206981.977699,"percent_change_1h":-0.981311,"percent_change_24h":-1.73889,"percent_change_7d":2.42689,"market_cap":32490318.46275,"last_updated":"2020-04-26T08:58:15.000Z"}}},{"id":3945,"name":"Harmony","symbol":"ONE","slug":"harmony","num_market_pairs":20,"date_added":"2019-06-01T00:00:00.000Z","tags":[],"max_supply":null,"circulating_supply":4596807869,"total_supply":12600000000,"platform":null,"cmc_rank":194,"last_updated":"2020-04-26T08:58:14.000Z","quote":{"USD":{"price":0.00261619401761,"volume_24h":17156524.7859199,"percent_change_1h":-0.757115,"percent_change_24h":-2.43311,"percent_change_7d":13.1928,"market_cap":12026141.246980373,"last_updated":"2020-04-26T08:58:14.000Z"}}},{"id":1903,"name":"HyperCash","symbol":"HC","slug":"hypercash","num_market_pairs":32,"date_added":"2017-08-20T00:00:00.000Z","tags":["mineable"],"max_supply":84000000,"circulating_supply":44589720.001052,"total_supply":44589720.001052,"platform":null,"cmc_rank":85,"last_updated":"2020-04-26T08:58:06.000Z","quote":{"USD":{"price":1.06706867756,"volume_24h":16947162.2959153,"percent_change_1h":0.138586,"percent_change_24h":0.504963,"percent_change_7d":1.52411,"market_cap":47580293.55429324,"last_updated":"2020-04-26T08:58:06.000Z"}}},{"id":2830,"name":"Seele","symbol":"SEELE","slug":"seele","num_market_pairs":18,"date_added":"2018-05-31T00:00:00.000Z","tags":[],"max_supply":null,"circulating_supply":699592066.289478,"total_supply":1000000000,"platform":{"id":1027,"name":"Ethereum","symbol":"ETH","slug":"ethereum","token_address":"0xb1eef147028e9f480dbc5ccaa3277d417d1b85f0"},"cmc_rank":70,"last_updated":"2020-04-26T08:58:11.000Z","quote":{"USD":{"price":0.0894748050232,"volume_24h":16317028.1038674,"percent_change_1h":0.245561,"percent_change_24h":7.19607,"percent_change_7d":15.4543,"market_cap":62595863.72702865,"last_updated":"2020-04-26T08:58:11.000Z"}}},{"id":4846,"name":"Kava","symbol":"KAVA","slug":"kava","num_market_pairs":15,"date_added":"2019-10-25T00:00:00.000Z","tags":[],"max_supply":null,"circulating_supply":35857678.721819,"total_supply":108646997.721819,"platform":{"id":1839,"name":"Binance Coin","symbol":"BNB","slug":"binance-coin","token_address":""},"cmc_rank":139,"last_updated":"2020-04-26T08:58:15.000Z","quote":{"USD":{"price":0.596498517821,"volume_24h":15609686.3443877,"percent_change_1h":-1.49984,"percent_change_24h":6.64008,"percent_change_7d":7.20101,"market_cap":21389052.210066643,"last_updated":"2020-04-26T08:58:15.000Z"}}},{"id":1966,"name":"Decentraland","symbol":"MANA","slug":"decentraland","num_market_pairs":75,"date_added":"2017-09-17T00:00:00.000Z","tags":[],"max_supply":null,"circulating_supply":1370182655.67155,"total_supply":2197927265.03415,"platform":{"id":1027,"name":"Ethereum","symbol":"ETH","slug":"ethereum","token_address":"0x0f5d2fb29fb7d3cfee444a200298f468908cc942"},"cmc_rank":96,"last_updated":"2020-04-26T08:58:07.000Z","quote":{"USD":{"price":0.0290845138857,"volume_24h":15364660.2848226,"percent_change_1h":-0.0652843,"percent_change_24h":-1.19871,"percent_change_7d":-1.56111,"market_cap":39851096.474824496,"last_updated":"2020-04-26T08:58:07.000Z"}}},{"id":5295,"name":"3X Long BNB Token","symbol":"BNBBULL","slug":"3x-long-bnb-token","num_market_pairs":5,"date_added":"2020-03-11T00:00:00.000Z","tags":[],"max_supply":null,"circulating_supply":null,"total_supply":4975.41633724,"platform":{"id":1027,"name":"Ethereum","symbol":"ETH","slug":"ethereum","token_address":"0x9d1a62c2ad99019768b9126fda004a9952853f6e"},"cmc_rank":2039,"last_updated":"2020-04-26T08:58:16.000Z","quote":{"USD":{"price":114.865033588,"volume_24h":15299152.8026472,"percent_change_1h":0.86009,"percent_change_24h":1.07652,"percent_change_7d":-1.7552,"market_cap":null,"last_updated":"2020-04-26T08:58:16.000Z"}}},{"id":1785,"name":"Gas","symbol":"GAS","slug":"gas","num_market_pairs":52,"date_added":"2017-07-06T00:00:00.000Z","tags":[],"max_supply":100000000,"circulating_supply":10128375.105773,"total_supply":17190378,"platform":{"id":1376,"name":"Neo","symbol":"NEO","slug":"neo","token_address":"602c79718b16e442de58778e148d0b1084e3b2dffd5de6b7b16cee7969282de7"},"cmc_rank":187,"last_updated":"2020-04-26T08:58:06.000Z","quote":{"USD":{"price":1.25547876124,"volume_24h":14575736.1819048,"percent_change_1h":0.0634029,"percent_change_24h":3.49117,"percent_change_7d":9.89442,"market_cap":12715959.83116994,"last_updated":"2020-04-26T08:58:06.000Z"}}},{"id":4041,"name":"MX Token","symbol":"MX","slug":"mx-token","num_market_pairs":8,"date_added":"2019-09-24T00:00:00.000Z","tags":[],"max_supply":null,"circulating_supply":193278361.2597,"total_supply":673963903.14,"platform":{"id":1027,"name":"Ethereum","symbol":"ETH","slug":"ethereum","token_address":"0x11eef04c884e24d9b7b4760e7476d06ddf797f36"},"cmc_rank":142,"last_updated":"2020-04-26T08:58:14.000Z","quote":{"USD":{"price":0.110004857864,"volume_24h":13528470.4508673,"percent_change_1h":0.607026,"percent_change_24h":0.036889,"percent_change_7d":7.65207,"market_cap":21261558.658560142,"last_updated":"2020-04-26T08:58:14.000Z"}}},{"id":4679,"name":"Band Protocol","symbol":"BAND","slug":"band-protocol","num_market_pairs":9,"date_added":"2019-09-18T00:00:00.000Z","tags":[],"max_supply":null,"circulating_supply":19894032.5175,"total_supply":100000000,"platform":{"id":1027,"name":"Ethereum","symbol":"ETH","slug":"ethereum","token_address":"0xba11d00c5f74255f56a5e366f4f77f5a186d7f55"},"cmc_rank":157,"last_updated":"2020-04-26T08:58:15.000Z","quote":{"USD":{"price":0.870038628408,"volume_24h":13472653.8393886,"percent_change_1h":3.63983,"percent_change_24h":10.9375,"percent_change_7d":70.4291,"market_cap":17308576.765029848,"last_updated":"2020-04-26T08:58:15.000Z"}}},{"id":4942,"name":"Digital Gold","symbol":"GOLD","slug":"digital-gold","num_market_pairs":3,"date_added":"2019-11-18T00:00:00.000Z","tags":[],"max_supply":null,"circulating_supply":11545.726,"total_supply":17190.601,"platform":{"id":1027,"name":"Ethereum","symbol":"ETH","slug":"ethereum","token_address":"0x0d16450d347c12c086d6c94c76c5aaac35ea07e0"},"cmc_rank":984,"last_updated":"2020-04-26T08:58:15.000Z","quote":{"USD":{"price":56.1024404728,"volume_24h":13300391.4130666,"percent_change_1h":1.04602,"percent_change_24h":1.43679,"percent_change_7d":1.41337,"market_cap":647743.4056302593,"last_updated":"2020-04-26T08:58:15.000Z"}}},{"id":2570,"name":"TomoChain","symbol":"TOMO","slug":"tomochain","num_market_pairs":23,"date_added":"2018-03-08T00:00:00.000Z","tags":["mineable"],"max_supply":null,"circulating_supply":70471850,"total_supply":100000000,"platform":null,"cmc_rank":126,"last_updated":"2020-04-26T08:58:09.000Z","quote":{"USD":{"price":0.356093591399,"volume_24h":13107465.6339136,"percent_change_1h":0.290688,"percent_change_24h":2.6326,"percent_change_7d":1.51636,"market_cap":25094574.15903162,"last_updated":"2020-04-26T08:58:09.000Z"}}},{"id":4078,"name":"Super Zero","symbol":"SERO","slug":"super-zero","num_market_pairs":15,"date_added":"2019-07-19T00:00:00.000Z","tags":[],"max_supply":647367590,"circulating_supply":257591080,"total_supply":645128714,"platform":null,"cmc_rank":153,"last_updated":"2020-04-26T08:58:14.000Z","quote":{"USD":{"price":0.0763088294618,"volume_24h":12945188.7244237,"percent_change_1h":0.154148,"percent_change_24h":0.0426855,"percent_change_7d":0.44663,"market_cap":19656473.794600878,"last_updated":"2020-04-26T08:58:14.000Z"}}},{"id":5161,"name":"WazirX","symbol":"WRX","slug":"wazirx","num_market_pairs":12,"date_added":"2020-02-06T00:00:00.000Z","tags":[],"max_supply":null,"circulating_supply":107404950.010102,"total_supply":1000000000,"platform":{"id":1839,"name":"Binance Coin","symbol":"BNB","slug":"binance-coin","token_address":"bnb19cvhgyrxmkw30hlqs9c5lp966drjzyylytl74z"},"cmc_rank":165,"last_updated":"2020-04-26T08:58:16.000Z","quote":{"USD":{"price":0.145109810694,"volume_24h":12628192.4073055,"percent_change_1h":1.24149,"percent_change_24h":5.00566,"percent_change_7d":-0.459123,"market_cap":15585511.963564435,"last_updated":"2020-04-26T08:58:16.000Z"}}},{"id":3966,"name":"BitcoinHD","symbol":"BHD","slug":"bitcoinhd","num_market_pairs":11,"date_added":"2019-05-27T00:00:00.000Z","tags":[],"max_supply":21000000,"circulating_supply":6083016.35,"total_supply":6339465,"platform":null,"cmc_rank":238,"last_updated":"2020-04-26T08:58:14.000Z","quote":{"USD":{"price":6.62432257827,"volume_24h":12557881.3688091,"percent_change_1h":-0.212108,"percent_change_24h":3.33063,"percent_change_7d":11.7977,"market_cap":40295862.551290564,"last_updated":"2020-04-26T08:58:14.000Z"}}},{"id":3029,"name":"Zel","symbol":"ZEL","slug":"zel","num_market_pairs":16,"date_added":"2018-08-02T00:00:00.000Z","tags":["mineable"],"max_supply":210000000,"circulating_supply":100376300,"total_supply":100376300,"platform":null,"cmc_rank":586,"last_updated":"2020-04-26T08:58:11.000Z","quote":{"USD":{"price":0.0284884195223,"volume_24h":12477273.9874215,"percent_change_1h":0.863982,"percent_change_24h":-5.75484,"percent_change_7d":-2.06273,"market_cap":2859562.1444962416,"last_updated":"2020-04-26T08:58:11.000Z"}}},{"id":1720,"name":"IOTA","symbol":"MIOTA","slug":"iota","num_market_pairs":53,"date_added":"2017-06-13T00:00:00.000Z","tags":[],"max_supply":2779530283,"circulating_supply":2779530283,"total_supply":2779530283,"platform":null,"cmc_rank":25,"last_updated":"2020-04-26T08:58:06.000Z","quote":{"USD":{"price":0.173168658045,"volume_24h":12361588.3844678,"percent_change_1h":0.054404,"percent_change_24h":1.45129,"percent_change_7d":7.67151,"market_cap":481327529.1025491,"last_updated":"2020-04-26T08:58:06.000Z"}}},{"id":4943,"name":"Multi-collateral DAI","symbol":"DAI","slug":"multi-collateral-dai","num_market_pairs":75,"date_added":"2019-11-22T00:00:00.000Z","tags":[],"max_supply":null,"circulating_supply":95641573.5101125,"total_supply":96042463.7222576,"platform":{"id":1027,"name":"Ethereum","symbol":"ETH","slug":"ethereum","token_address":"0x6b175474e89094c44da98b954eedeac495271d0f"},"cmc_rank":56,"last_updated":"2020-04-26T08:58:16.000Z","quote":{"USD":{"price":1.01417892051,"volume_24h":12152362.9846557,"percent_change_1h":0.180753,"percent_change_24h":-0.900042,"percent_change_7d":0.394621,"market_cap":96997667.7783637,"last_updated":"2020-04-26T08:58:16.000Z"}}},{"id":1759,"name":"Status","symbol":"SNT","slug":"status","num_market_pairs":84,"date_added":"2017-06-28T00:00:00.000Z","tags":[],"max_supply":null,"circulating_supply":3470483788,"total_supply":6804870174,"platform":{"id":1027,"name":"Ethereum","symbol":"ETH","slug":"ethereum","token_address":"0x744d70fdbe2ba4cf95131626614a1763df805b9e"},"cmc_rank":67,"last_updated":"2020-04-26T08:58:06.000Z","quote":{"USD":{"price":0.019089264586,"volume_24h":11995455.1926477,"percent_change_1h":-0.11046,"percent_change_24h":-0.882395,"percent_change_7d":13.8756,"market_cap":66248983.27055553,"last_updated":"2020-04-26T08:58:06.000Z"}}},{"id":3217,"name":"Ontology Gas","symbol":"ONG","slug":"ontology-gas","num_market_pairs":53,"date_added":"2018-08-23T00:00:00.000Z","tags":[],"max_supply":null,"circulating_supply":null,"total_supply":1000000000,"platform":{"id":2566,"name":"Ontology","symbol":"ONT","slug":"ontology","token_address":""},"cmc_rank":2040,"last_updated":"2020-04-26T08:58:12.000Z","quote":{"USD":{"price":0.0904833917775,"volume_24h":11835949.101784,"percent_change_1h":0.885156,"percent_change_24h":1.18445,"percent_change_7d":4.85789,"market_cap":null,"last_updated":"2020-04-26T08:58:12.000Z"}}},{"id":3053,"name":"YOU COIN","symbol":"YOU","slug":"you-coin","num_market_pairs":6,"date_added":"2018-08-01T00:00:00.000Z","tags":[],"max_supply":null,"circulating_supply":556120198.410192,"total_supply":2856000000,"platform":{"id":1027,"name":"Ethereum","symbol":"ETH","slug":"ethereum","token_address":"0x34364BEe11607b1963d66BCA665FDE93fCA666a8"},"cmc_rank":178,"last_updated":"2020-04-26T08:58:11.000Z","quote":{"USD":{"price":0.0254828623727,"volume_24h":11622460.5742384,"percent_change_1h":0.658997,"percent_change_24h":-5.59049,"percent_change_7d":-5.95699,"market_cap":14171534.478765542,"last_updated":"2020-04-26T08:58:11.000Z"}}},{"id":4273,"name":"Sessia","symbol":"KICKS","slug":"sessia","num_market_pairs":2,"date_added":"2019-08-21T00:00:00.000Z","tags":[],"max_supply":null,"circulating_supply":6145759.45571843,"total_supply":100000000,"platform":{"id":1027,"name":"Ethereum","symbol":"ETH","slug":"ethereum","token_address":"0xd91a6162f146ef85922d9a15ee6eb14a00344586"},"cmc_rank":983,"last_updated":"2020-04-26T08:58:15.000Z","quote":{"USD":{"price":0.105978669626,"volume_24h":11571968.4202385,"percent_change_1h":-0.0576075,"percent_change_24h":-0.67534,"percent_change_7d":1.62499,"market_cap":651319.410958449,"last_updated":"2020-04-26T08:58:15.000Z"}}},{"id":5216,"name":"3X Short Ethereum Token","symbol":"ETHBEAR","slug":"3x-short-ethereum-token","num_market_pairs":7,"date_added":"2020-02-11T00:00:00.000Z","tags":[],"max_supply":null,"circulating_supply":null,"total_supply":173633.2933466,"platform":{"id":1027,"name":"Ethereum","symbol":"ETH","slug":"ethereum","token_address":"0x2f5e2c9002c058c063d21a06b6cabb50950130c8"},"cmc_rank":2041,"last_updated":"2020-04-26T08:58:16.000Z","quote":{"USD":{"price":2.59130388765,"volume_24h":11477259.8314508,"percent_change_1h":-0.265598,"percent_change_24h":1.36284,"percent_change_7d":-20.219,"market_cap":null,"last_updated":"2020-04-26T08:58:16.000Z"}}},{"id":3957,"name":"UNUS SED LEO","symbol":"LEO","slug":"unus-sed-leo","num_market_pairs":25,"date_added":"2019-05-21T00:00:00.000Z","tags":[],"max_supply":null,"circulating_supply":999498892.9,"total_supply":999498892.9,"platform":{"id":1027,"name":"Ethereum","symbol":"ETH","slug":"ethereum","token_address":"0x2af5d2ad76741191d15dfe7bf6ac92d4bd912ca3"},"cmc_rank":15,"last_updated":"2020-04-26T08:58:14.000Z","quote":{"USD":{"price":1.05564085922,"volume_24h":11186360.3334828,"percent_change_1h":0.108458,"percent_change_24h":0.233862,"percent_change_7d":1.35949,"market_cap":1055111870.0903947,"last_updated":"2020-04-26T08:58:14.000Z"}}}]}