{"status":{"timestamp":"2020-04-25T21:00:02.115Z","error_code":0,"error_message":null,"elapsed":214,"credit_count":1,"notice":null},"data":[{"id":825,"name":"Tether","symbol":"USDT","slug":"tether","num_market_pairs":4686,"date_added":"2015-02-25T00:00:00.000Z","tags":[],"max_supply":null,"circulating_supply":6361032509,"total_supply":6998318752.17,"platform":{"id":1027,"name":"Ethereum","symbol":"ETH","slug":"ethereum","token_address":"31"},"cmc_rank":4,"last_updated":"2020-04-25T20:58:30.000Z","quote":{"USD":{"price":1.00260403603,"volume_24h":45486471383.8394,"percent_change_1h":0.426874,"percent_change_24h":-0.272298,"percent_change_7d":0.0369506,"market_cap":6377596866.841436,"last_updated":"2020-04-25T20:58:30.000Z"}}},{"id":1,"name":"Bitcoin","symbol":"BTC","slug":"bitcoin","num_market_pairs":7956,"date_added":"2013-04-28T00:00:00.000Z","tags":["mineable"],"max_supply":21000000,"circulating_supply":18345175,"total_supply":18345175,"platform":null,"cmc_rank":1,"last_updated":"2020-04-25T20:58:49.000Z","quote":{"USD":{"price":7561.92794507,"volume_24h":33626612230.0925,"percent_change_1h":0.394774,"percent_change_24h":0.0246587,"percent_change_7d":4.42844,"market_cap":138724891489.69952,"last_updated":"2020-04-25T20:58:49.000Z"}}},{"id":1027,"name":"Ethereum","symbol":"ETH","slug":"ethereum","num_market_pairs":5179,"date_added":"2015-08-07T00:00:00.000Z","tags":["mineable"],"max_supply":null,"circulating_supply":110669145.5615,"total_supply":110669145.5615,"platform":null,"cmc_rank":2,"last_updated":"2020-04-25T20:58:33.000Z","quote":{"USD":{"price":194.909883566,"volume_24h":18213389272.7039,"percent_change_1h":0.423686,"percent_change_24h":2.77925,"percent_change_7d":5.74855,"market_cap":21570510275.74067,"last_updated":"2020-04-25T20:58:33.000Z"}}},{"id":2,"name":"Litecoin","symbol":"LTC","slug":"litecoin","num_market_pairs":600,"date_added":"2013-04-28T00:00:00.000Z","tags":["mineable"],"max_supply":84000000,"circulating_supply":64590518.2265572,"total_supply":64590518.2265572,"platform":null,"cmc_rank":7,"last_updated":"2020-04-25T20:58:12.000Z","quote":{"USD":{"price":44.786266706,"volume_24h":4833928510.20171,"percent_change_1h":0.720572,"percent_change_24h":-0.217399,"percent_change_7d":1.99042,"market_cap":2892768175.973345,"last_updated":"2020-04-25T20:58:12.000Z"}}},{"id":1831,"name":"Bitcoin Cash","symbol":"BCH","slug":"bitcoin-cash","num_market_pairs":473,"date_added":"2017-07-23T00:00:00.000Z","tags":["mineable"],"max_supply":21000000,"circulating_supply":18389975,"total_supply":18389975,"platform":null,"cmc_rank":5,"last_updated":"2020-04-25T20:58:13.000Z","quote":{"USD":{"price":240.155324677,"volume_24h":3314142234.5032,"percent_change_1h":0.652444,"percent_change_24h":-0.0707293,"percent_change_7d":-0.978469,"market_cap":4416450416.926913,"last_updated":"2020-04-25T20:58:13.000Z"}}},{"id":1765,"name":"EOS","symbol":"EOS","slug":"eos","num_market_pairs":378,"date_added":"2017-07-01T00:00:00.000Z","tags":[],"max_supply":null,"circulating_supply":922096985.2358,"total_supply":1018796997.2354,"platform":null,"cmc_rank":9,"last_updated":"2020-04-25T20:58:11.000Z","quote":{"USD":{"price":2.71040200192,"volume_24h":3278519550.55439,"percent_change_1h":0.449907,"percent_change_24h":-0.549826,"percent_change_7d":-0.0985775,"market_cap":2499253514.747509,"last_updated":"2020-04-25T20:58:11.000Z"}}},{"id":3602,"name":"Bitcoin SV","symbol":"BSV","slug":"bitcoin-sv","num_market_pairs":183,"date_added":"2018-11-09T00:00:00.000Z","tags":["mineable"],"max_supply":21000000,"circulating_supply":18388777.0819233,"total_supply":18388777.0819233,"platform":null,"cmc_rank":6,"last_updated":"2020-04-25T20:58:16.000Z","quote":{"USD":{"price":195.139592872,"volume_24h":2000964081.61981,"percent_change_1h":0.399702,"percent_change_24h":0.0249068,"percent_change_7d":-3.07395,"market_cap":3588378473.1804767,"last_updated":"2020-04-25T20:58:16.000Z"}}},{"id":1321,"name":"Ethereum Classic","symbol":"ETC","slug":"ethereum-classic","num_market_pairs":246,"date_added":"2016-07-24T00:00:00.000Z","tags":["mineable"],"max_supply":210700000,"circulating_supply":116313299,"total_supply":116313299,"platform":null,"cmc_rank":21,"last_updated":"2020-04-25T20:58:09.000Z","quote":{"USD":{"price":5.76510614574,"volume_24h":1747110879.94886,"percent_change_1h":0.209729,"percent_change_24h":2.22211,"percent_change_7d":2.81981,"market_cap":670558514.8961942,"last_updated":"2020-04-25T20:58:09.000Z"}}},{"id":52,"name":"XRP","symbol":"XRP","slug":"xrp","num_market_pairs":545,"date_added":"2013-08-04T00:00:00.000Z","tags":[],"max_supply":100000000000,"circulating_supply":44089620959,"total_supply":99990980257,"platform":null,"cmc_rank":3,"last_updated":"2020-04-25T20:58:10.000Z","quote":{"USD":{"price":0.194973453642,"volume_24h":1681106771.97981,"percent_change_1h":0.509458,"percent_change_24h":0.440239,"percent_change_7d":0.345452,"market_cap":8596305668.142939,"last_updated":"2020-04-25T20:58:10.000Z"}}},{"id":1958,"name":"TRON","symbol":"TRX","slug":"tron","num_market_pairs":337,"date_added":"2017-09-13T00:00:00.000Z","tags":["mineable"],"max_supply":null,"circulating_supply":66682072191.4,"total_supply":99281283754.3,"platform":null,"cmc_rank":16,"last_updated":"2020-04-25T20:58:11.000Z","quote":{"USD":{"price":0.0140303679989,"volume_24h":1495619794.48822,"percent_change_1h":0.619069,"percent_change_24h":-0.429249,"percent_change_7d":5.17127,"market_cap":935574011.7745582,"last_updated":"2020-04-25T20:58:11.000Z"}}},{"id":131,"name":"Dash","symbol":"DASH","slug":"dash","num_market_pairs":297,"date_added":"2014-02-14T00:00:00.000Z","tags":["mineable"],"max_supply":18900000,"circulating_supply":9457772.26564931,"total_supply":9457772.26564931,"platform":null,"cmc_rank":18,"last_updated":"2020-04-25T20:58:08.000Z","quote":{"USD":{"price":85.3460257362,"volume_24h":852929055.876942,"percent_change_1h":0.888556,"percent_change_24h":4.00743,"percent_change_7d":7.25708,"market_cap":807183275.1912246,"last_updated":"2020-04-25T20:58:08.000Z"}}},{"id":1437,"name":"Zcash","symbol":"ZEC","slug":"zcash","num_market_pairs":238,"date_added":"2016-10-29T00:00:00.000Z","tags":["mineable"],"max_supply":21000000,"circulating_supply":9019218.75,"total_supply":9019218.75,"platform":null,"cmc_rank":26,"last_updated":"2020-04-25T20:58:08.000Z","quote":{"USD":{"price":45.1305253589,"volume_24h":635193981.87687,"percent_change_1h":0.639723,"percent_change_24h":1.10936,"percent_change_7d":7.29292,"market_cap":407042080.51434135,"last_updated":"2020-04-25T20:58:08.000Z"}}},{"id":1376,"name":"Neo","symbol":"NEO","slug":"neo","num_market_pairs":238,"date_added":"2016-09-08T00:00:00.000Z","tags":[],"max_supply":100000000,"circulating_supply":70538831,"total_supply":100000000,"platform":null,"cmc_rank":22,"last_updated":"2020-04-25T20:58:09.000Z","quote":{"USD":{"price":8.51735509067,"volume_24h":626762552.46575,"percent_change_1h":1.19936,"percent_change_24h":3.94587,"percent_change_7d":8.59571,"market_cap":600804271.3077608,"last_updated":"2020-04-25T20:58:09.000Z"}}},{"id":512,"name":"Stellar","symbol":"XLM","slug":"stellar","num_market_pairs":296,"date_added":"2014-08-05T00:00:00.000Z","tags":[],"max_supply":null,"circulating_supply":20295869266.974,"total_supply":50001803872.8717,"platform":null,"cmc_rank":12,"last_updated":"2020-04-25T20:58:08.000Z","quote":{"USD":{"price":0.0622563439998,"volume_24h":542144114.086415,"percent_change_1h":0.602511,"percent_change_24h":-0.400012,"percent_change_7d":23.7602,"market_cap":1263546618.8597019,"last_updated":"2020-04-25T20:58:08.000Z"}}},{"id":2563,"name":"TrueUSD","symbol":"TUSD","slug":"trueusd","num_market_pairs":155,"date_added":"2018-03-06T00:00:00.000Z","tags":[],"max_supply":null,"circulating_supply":131626094.28,"total_supply":131626094.28,"platform":{"id":1027,"name":"Ethereum","symbol":"ETH","slug":"ethereum","token_address":"0x0000000000085d4780B73119b644AE5ecd22b376"},"cmc_rank":44,"last_updated":"2020-04-25T20:58:11.000Z","quote":{"USD":{"price":1.00120402983,"volume_24h":453216534.946577,"percent_change_1h":0.425254,"percent_change_24h":-0.307826,"percent_change_7d":0.0986376,"market_cap":131784576.02391951,"last_updated":"2020-04-25T20:58:11.000Z"}}},{"id":3330,"name":"Paxos Standard","symbol":"PAX","slug":"paxos-standard","num_market_pairs":99,"date_added":"2018-09-27T00:00:00.000Z","tags":[],"max_supply":null,"circulating_supply":244951954.494264,"total_supply":249952064.83,"platform":{"id":1027,"name":"Ethereum","symbol":"ETH","slug":"ethereum","token_address":"0x8e870d67f660d95d5be530380d0ec0bd388289e1"},"cmc_rank":34,"last_updated":"2020-04-25T20:58:14.000Z","quote":{"USD":{"price":1.00113677906,"volume_24h":445668225.765555,"percent_change_1h":0.405458,"percent_change_24h":-0.284167,"percent_change_7d":0.0763834,"market_cap":245230410.7468392,"last_updated":"2020-04-25T20:58:14.000Z"}}},{"id":3408,"name":"USD Coin","symbol":"USDC","slug":"usd-coin","num_market_pairs":219,"date_added":"2018-10-08T00:00:00.000Z","tags":[],"max_supply":null,"circulating_supply":751392696.538994,"total_supply":755395665.17,"platform":{"id":1027,"name":"Ethereum","symbol":"ETH","slug":"ethereum","token_address":"0xa0b86991c6218b36c1d19d4a2e9eb0ce3606eb48"},"cmc_rank":20,"last_updated":"2020-04-25T20:58:14.000Z","quote":{"USD":{"price":1.00190818488,"volume_24h":390042330.049118,"percent_change_1h":0.398177,"percent_change_24h":-0.260803,"percent_change_7d":0.146339,"market_cap":752826492.7214721,"last_updated":"2020-04-25T20:58:14.000Z"}}},{"id":1684,"name":"Qtum","symbol":"QTUM","slug":"qtum","num_market_pairs":172,"date_added":"2017-05-24T00:00:00.000Z","tags":[],"max_supply":107822406,"circulating_supply":96607300.359,"total_supply":102357300,"platform":null,"cmc_rank":42,"last_updated":"2020-04-25T20:58:09.000Z","quote":{"USD":{"price":1.48732532779,"volume_24h":387015613.867667,"percent_change_1h":0.435087,"percent_change_24h":2.62369,"percent_change_7d":4.01177,"market_cap":143686484.67335665,"last_updated":"2020-04-25T20:58:09.000Z"}}},{"id":1839,"name":"Binance Coin","symbol":"BNB","slug":"binance-coin","num_market_pairs":305,"date_added":"2017-07-25T00:00:00.000Z","tags":[],"max_supply":187536713,"circulating_supply":155536713,"total_supply":187536713,"platform":null,"cmc_rank":8,"last_updated":"2020-04-25T20:58:10.000Z","quote":{"USD":{"price":16.2776293893,"volume_24h":355149474.85033,"percent_change_1h":0.361826,"percent_change_24h":1.33783,"percent_change_7d":-1.2245,"market_cap":2531768970.6439195,"last_updated":"2020-04-25T20:58:10.000Z"}}},{"id":1975,"name":"Chainlink","symbol":"LINK","slug":"chainlink","num_market_pairs":170,"date_added":"2017-09-20T00:00:00.000Z","tags":[],"max_supply":null,"circulating_supply":350000000,"total_supply":1000000000,"platform":{"id":1027,"name":"Ethereum","symbol":"ETH","slug":"ethereum","token_address":"0x514910771af9ca656af840dff83e8264ecf986ca"},"cmc_rank":11,"last_updated":"2020-04-25T20:58:09.000Z","quote":{"USD":{"price":3.82265649186,"volume_24h":317414853.824897,"percent_change_1h":0.290618,"percent_change_24h":-0.160569,"percent_change_7d":2.62916,"market_cap":1337929772.151,"last_updated":"2020-04-25T20:58:09.000Z"}}},{"id":2011,"name":"Tezos","symbol":"XTZ","slug":"tezos","num_market_pairs":90,"date_added":"2017-10-06T00:00:00.000Z","tags":[],"max_supply":null,"circulating_supply":708255589.198693,"total_supply":708255589.198693,"platform":null,"cmc_rank":10,"last_updated":"2020-04-25T20:58:09.000Z","quote":{"USD":{"price":2.85409495623,"volume_24h":298469069.925267,"percent_change_1h":0.794604,"percent_change_24h":4.02377,"percent_change_7d":23.5676,"market_cap":2021428704.8536966,"last_updated":"2020-04-25T20:58:09.000Z"}}},{"id":2319,"name":"QCash","symbol":"QC","slug":"qcash","num_market_pairs":91,"date_added":"2019-12-12T00:00:00.000Z","tags":[],"max_supply":10000000000,"circulating_supply":460000200,"total_supply":10000000000,"platform":{"id":1684,"name":"Qtum","symbol":"QTUM","slug":"qtum","token_address":"f2033ede578e17fa6231047265010445bca8cf1c"},"cmc_rank":221,"last_updated":"2020-04-25T20:58:10.000Z","quote":{"USD":{"price":0.140308540916,"volume_24h":276365656.186078,"percent_change_1h":0.360546,"percent_change_24h":-0.341949,"percent_change_7d":0.305011,"market_cap":64541956.88306819,"last_updated":"2020-04-25T20:58:10.000Z"}}},{"id":3794,"name":"Cosmos","symbol":"ATOM","slug":"cosmos","num_market_pairs":121,"date_added":"2019-03-14T00:00:00.000Z","tags":[],"max_supply":null,"circulating_supply":190688439.2,"total_supply":237928230.821588,"platform":null,"cmc_rank":24,"last_updated":"2020-04-25T20:58:15.000Z","quote":{"USD":{"price":2.87901382006,"volume_24h":249704252.770935,"percent_change_1h":0.826914,"percent_change_24h":4.47323,"percent_change_7d":16.1227,"market_cap":548994651.7824711,"last_updated":"2020-04-25T20:58:15.000Z"}}},{"id":74,"name":"Dogecoin","symbol":"DOGE","slug":"dogecoin","num_market_pairs":239,"date_added":"2013-12-15T00:00:00.000Z","tags":["mineable"],"max_supply":null,"circulating_supply":124302538913.54,"total_supply":124302538913.54,"platform":null,"cmc_rank":33,"last_updated":"2020-04-25T20:58:07.000Z","quote":{"USD":{"price":0.00212766512459,"volume_24h":225188344.605656,"percent_change_1h":0.594599,"percent_change_24h":0.925113,"percent_change_7d":3.77117,"market_cap":264474176.94433042,"last_updated":"2020-04-25T20:58:07.000Z"}}},{"id":2502,"name":"Huobi Token","symbol":"HT","slug":"huobi-token","num_market_pairs":136,"date_added":"2018-02-03T00:00:00.000Z","tags":[],"max_supply":null,"circulating_supply":222668092.971921,"total_supply":500000000,"platform":{"id":1027,"name":"Ethereum","symbol":"ETH","slug":"ethereum","token_address":"0x6f259637dcd74c767781e37bc6133cd6a68aa161"},"cmc_rank":17,"last_updated":"2020-04-25T20:58:11.000Z","quote":{"USD":{"price":3.96698257258,"volume_24h":200137693.267535,"percent_change_1h":0.262839,"percent_change_24h":-0.83347,"percent_change_7d":1.14279,"market_cap":883320444.2892338,"last_updated":"2020-04-25T20:58:11.000Z"}}},{"id":3077,"name":"VeChain","symbol":"VET","slug":"vechain","num_market_pairs":98,"date_added":"2017-08-22T00:00:00.000Z","tags":[],"max_supply":null,"circulating_supply":55454734800,"total_supply":86712634466,"platform":null,"cmc_rank":35,"last_updated":"2020-04-25T20:58:13.000Z","quote":{"USD":{"price":0.00427994617278,"volume_24h":159666213.274557,"percent_change_1h":1.43232,"percent_change_24h":3.3312,"percent_change_7d":8.50075,"market_cap":237343279.9697899,"last_updated":"2020-04-25T20:58:13.000Z"}}},{"id":3897,"name":"OKB","symbol":"OKB","slug":"okb","num_market_pairs":50,"date_added":"2019-04-30T00:00:00.000Z","tags":[],"max_supply":null,"circulating_supply":60000000,"total_supply":300000000,"platform":{"id":1027,"name":"Ethereum","symbol":"ETH","slug":"ethereum","token_address":"0x75231f58b43240c9718dd58b4967c5114342a86c"},"cmc_rank":30,"last_updated":"2020-04-25T20:58:15.000Z","quote":{"USD":{"price":4.8870867084,"volume_24h":124262924.144652,"percent_change_1h":0.339936,"percent_change_24h":-0.887127,"percent_change_7d":1.64258,"market_cap":293225202.504,"last_updated":"2020-04-25T20:58:15.000Z"}}},{"id":2566,"name":"Ontology","symbol":"ONT","slug":"ontology","num_market_pairs":119,"date_added":"2018-03-08T00:00:00.000Z","tags":[],"max_supply":null,"circulating_supply":656746573,"total_supply":1000000000,"platform":null,"cmc_rank":29,"last_updated":"2020-04-25T20:58:10.000Z","quote":{"USD":{"price":0.468886434749,"volume_24h":118564301.657265,"percent_change_1h":0.59499,"percent_change_24h":1.98731,"percent_change_7d":10.7621,"market_cap":307939559.14759386,"last_updated":"2020-04-25T20:58:10.000Z"}}},{"id":2456,"name":"OFCOIN","symbol":"OF","slug":"ofcoin","num_market_pairs":1,"date_added":"2018-01-24T00:00:00.000Z","tags":[],"max_supply":null,"circulating_supply":null,"total_supply":51200000000,"platform":null,"cmc_rank":2030,"last_updated":"2020-04-25T20:58:09.000Z","quote":{"USD":{"price":0.0000451041352668,"volume_24h":117337036.73099,"percent_change_1h":0.392411,"percent_change_24h":-10.2786,"percent_change_7d":0.0880927,"market_cap":null,"last_updated":"2020-04-25T20:58:09.000Z"}}},{"id":2010,"name":"Cardano","symbol":"ADA","slug":"cardano","num_market_pairs":131,"date_added":"2017-10-01T00:00:00.000Z","tags":["mineable"],"max_supply":45000000000,"circulating_supply":25927070538,"total_supply":31112483745,"platform":null,"cmc_rank":13,"last_updated":"2020-04-25T20:58:09.000Z","quote":{"USD":{"price":0.0424307918084,"volume_24h":110651933.958847,"percent_change_1h":0.478208,"percent_change_24h":0.0258331,"percent_change_7d":16.9213,"market_cap":1100106132.1995795,"last_updated":"2020-04-25T20:58:09.000Z"}}},{"id":328,"name":"Monero","symbol":"XMR","slug":"monero","num_market_pairs":146,"date_added":"2014-05-21T00:00:00.000Z","tags":["mineable"],"max_supply":null,"circulating_supply":17536752.7283672,"total_supply":17536752.7283672,"platform":null,"cmc_rank":14,"last_updated":"2020-04-25T20:58:06.000Z","quote":{"USD":{"price":61.1181368178,"volume_24h":100496070.9974,"percent_change_1h":0.699807,"percent_change_24h":0.51565,"percent_change_7d":5.34104,"market_cap":1071813652.5922738,"last_updated":"2020-04-25T20:58:06.000Z"}}},{"id":1168,"name":"Decred","symbol":"DCR","slug":"decred","num_market_pairs":49,"date_added":"2016-02-10T00:00:00.000Z","tags":["mineable"],"max_supply":21000000,"circulating_supply":11406275.0046139,"total_supply":11406275.0046139,"platform":null,"cmc_rank":41,"last_updated":"2020-04-25T20:58:07.000Z","quote":{"USD":{"price":12.7538596702,"volume_24h":89013066.8034016,"percent_change_1h":0.590272,"percent_change_24h":1.88384,"percent_change_7d":0.17246,"market_cap":145474030.76855555,"last_updated":"2020-04-25T20:58:07.000Z"}}},{"id":1808,"name":"OmiseGO","symbol":"OMG","slug":"omisego","num_market_pairs":209,"date_added":"2017-07-14T00:00:00.000Z","tags":[],"max_supply":null,"circulating_supply":140245398.245133,"total_supply":140245398.245133,"platform":{"id":1027,"name":"Ethereum","symbol":"ETH","slug":"ethereum","token_address":"0xd26114cd6EE289AccF82350c8d8487fedB8A0C07"},"cmc_rank":57,"last_updated":"2020-04-25T20:58:09.000Z","quote":{"USD":{"price":0.627773519662,"volume_24h":85558719.4031727,"percent_change_1h":0.124882,"percent_change_24h":1.33462,"percent_change_7d":5.5019,"market_cap":88042347.27274603,"last_updated":"2020-04-25T20:58:09.000Z"}}},{"id":1697,"name":"Basic Attention Token","symbol":"BAT","slug":"basic-attention-token","num_market_pairs":183,"date_added":"2017-06-01T00:00:00.000Z","tags":[],"max_supply":null,"circulating_supply":1457527137.0863,"total_supply":1500000000,"platform":{"id":1027,"name":"Ethereum","symbol":"ETH","slug":"ethereum","token_address":"0x0d8775f648430679a709e98d2b0cb6250d2887ef"},"cmc_rank":32,"last_updated":"2020-04-25T20:58:09.000Z","quote":{"USD":{"price":0.184311878842,"volume_24h":81816221.1981238,"percent_change_1h":0.177211,"percent_change_24h":3.28186,"percent_change_7d":7.54491,"market_cap":268639565.09957725,"last_updated":"2020-04-25T20:58:09.000Z"}}},{"id":1772,"name":"Storj","symbol":"STORJ","slug":"storj","num_market_pairs":32,"date_added":"2017-07-02T00:00:00.000Z","tags":[],"max_supply":null,"circulating_supply":135787438.700013,"total_supply":424999998.000013,"platform":{"id":1027,"name":"Ethereum","symbol":"ETH","slug":"ethereum","token_address":"0xb64ef51c888972c908cfacf59b47c1afbc0ab8ac"},"cmc_rank":181,"last_updated":"2020-04-25T20:58:07.000Z","quote":{"USD":{"price":0.101469822101,"volume_24h":74579799.1190571,"percent_change_1h":0.178518,"percent_change_24h":2.10448,"percent_change_7d":3.79886,"market_cap":13778327.248440763,"last_updated":"2020-04-25T20:58:07.000Z"}}},{"id":3702,"name":"Beam","symbol":"BEAM","slug":"beam","num_market_pairs":32,"date_added":"2019-01-17T00:00:00.000Z","tags":["mineable"],"max_supply":262800000,"circulating_supply":60296320,"total_supply":60296320,"platform":null,"cmc_rank":152,"last_updated":"2020-04-25T20:58:14.000Z","quote":{"USD":{"price":0.315586818512,"volume_24h":73623225.7550591,"percent_change_1h":2.44341,"percent_change_24h":8.01779,"percent_change_7d":12.6993,"market_cap":19028723.796781477,"last_updated":"2020-04-25T20:58:14.000Z"}}},{"id":4064,"name":"USDK","symbol":"USDK","slug":"usdk","num_market_pairs":37,"date_added":"2019-07-29T00:00:00.000Z","tags":[],"max_supply":null,"circulating_supply":28600072,"total_supply":28600072,"platform":{"id":1027,"name":"Ethereum","symbol":"ETH","slug":"ethereum","token_address":"0x1c48f86ae57291f7686349f12601910bd8d470bb"},"cmc_rank":251,"last_updated":"2020-04-25T20:58:15.000Z","quote":{"USD":{"price":1.00127315077,"volume_24h":70595185.192247,"percent_change_1h":0.40994,"percent_change_24h":-0.245833,"percent_change_7d":-0.0323084,"market_cap":28636484.203688852,"last_updated":"2020-04-25T20:58:15.000Z"}}},{"id":5031,"name":"MimbleWimbleCoin","symbol":"MWC","slug":"mimblewimblecoin","num_market_pairs":7,"date_added":"2020-02-24T00:00:00.000Z","tags":[],"max_supply":20000000,"circulating_supply":8011638.4569404,"total_supply":10521281.4569404,"platform":null,"cmc_rank":208,"last_updated":"2020-04-25T20:58:17.000Z","quote":{"USD":{"price":17.9826057593,"volume_24h":69639238.7852495,"percent_change_1h":5.00939,"percent_change_24h":7.49307,"percent_change_7d":32.3519,"market_cap":144070135.8572058,"last_updated":"2020-04-25T20:58:17.000Z"}}},{"id":3718,"name":"BitTorrent","symbol":"BTT","slug":"bittorrent","num_market_pairs":134,"date_added":"2019-01-31T00:00:00.000Z","tags":[],"max_supply":null,"circulating_supply":212116500000,"total_supply":990000000000,"platform":{"id":1958,"name":"TRON","symbol":"TRX","slug":"tron","token_address":"1002000"},"cmc_rank":80,"last_updated":"2020-04-25T20:58:15.000Z","quote":{"USD":{"price":0.000244845101414,"volume_24h":65035964.2353227,"percent_change_1h":0.568259,"percent_change_24h":0.132677,"percent_change_7d":4.83176,"market_cap":51935685.954082735,"last_updated":"2020-04-25T20:58:15.000Z"}}},{"id":4030,"name":"Algorand","symbol":"ALGO","slug":"algorand","num_market_pairs":77,"date_added":"2019-06-20T00:00:00.000Z","tags":["mineable"],"max_supply":null,"circulating_supply":708612639.026819,"total_supply":3239884482.02682,"platform":null,"cmc_rank":39,"last_updated":"2020-04-25T20:58:16.000Z","quote":{"USD":{"price":0.215178554946,"volume_24h":64323066.7165027,"percent_change_1h":0.183452,"percent_change_24h":1.87372,"percent_change_7d":8.46962,"market_cap":152478243.68226242,"last_updated":"2020-04-25T20:58:16.000Z"}}},{"id":2307,"name":"Bibox Token","symbol":"BIX","slug":"bibox-token","num_market_pairs":27,"date_added":"2017-12-24T00:00:00.000Z","tags":[],"max_supply":null,"circulating_supply":97882450.27,"total_supply":251424733.27,"platform":{"id":1027,"name":"Ethereum","symbol":"ETH","slug":"ethereum","token_address":"0xb3104b4b9da82025e8b9f8fb28b3553ce2f67069"},"cmc_rank":334,"last_updated":"2020-04-25T20:58:09.000Z","quote":{"USD":{"price":0.0832308195457,"volume_24h":63250954.9327326,"percent_change_1h":1.3672,"percent_change_24h":-1.55748,"percent_change_7d":2.70402,"market_cap":8146836.555113324,"last_updated":"2020-04-25T20:58:09.000Z"}}},{"id":4687,"name":"Binance USD","symbol":"BUSD","slug":"binance-usd","num_market_pairs":61,"date_added":"2019-09-20T00:00:00.000Z","tags":[],"max_supply":null,"circulating_supply":190748647.59,"total_supply":190748647.59,"platform":{"id":1027,"name":"Ethereum","symbol":"ETH","slug":"ethereum","token_address":"0x4Fabb145d64652a948d72533023f6E7A623C7C53"},"cmc_rank":37,"last_updated":"2020-04-25T20:58:16.000Z","quote":{"USD":{"price":1.00113523877,"volume_24h":54081001.4492864,"percent_change_1h":0.407947,"percent_change_24h":-0.266393,"percent_change_7d":0.067768,"market_cap":190965192.85006925,"last_updated":"2020-04-25T20:58:16.000Z"}}},{"id":1776,"name":"MCO","symbol":"MCO","slug":"crypto-com","num_market_pairs":61,"date_added":"2017-07-03T00:00:00.000Z","tags":[],"max_supply":null,"circulating_supply":15793831.0949625,"total_supply":31587682.3632061,"platform":{"id":1027,"name":"Ethereum","symbol":"ETH","slug":"ethereum","token_address":"0xb63b606ac810a52cca15e44bb630fd42d8d1d83d"},"cmc_rank":59,"last_updated":"2020-04-25T20:58:07.000Z","quote":{"USD":{"price":5.09260418515,"volume_24h":53844864.3650279,"percent_change_1h":0.457079,"percent_change_24h":0.0467769,"percent_change_7d":-3.98461,"market_cap":80431730.33375823,"last_updated":"2020-04-25T20:58:07.000Z"}}},{"id":2349,"name":"Mixin","symbol":"XIN","slug":"mixin","num_market_pairs":8,"date_added":"2018-01-09T00:00:00.000Z","tags":[],"max_supply":1000000,"circulating_supply":510473.266535786,"total_supply":1000000,"platform":{"id":1027,"name":"Ethereum","symbol":"ETH","slug":"ethereum","token_address":"0xa974c709cfb4566686553a20790685a47aceaa33"},"cmc_rank":216,"last_updated":"2020-04-25T20:58:09.000Z","quote":{"USD":{"price":170.39500488,"volume_24h":51950991.5207291,"percent_change_1h":0.493101,"percent_change_24h":3.15713,"percent_change_7d":0.816599,"market_cap":86982094.74247478,"last_updated":"2020-04-25T20:58:09.000Z"}}},{"id":1982,"name":"Kyber Network","symbol":"KNC","slug":"kyber-network","num_market_pairs":64,"date_added":"2017-09-24T00:00:00.000Z","tags":[],"max_supply":null,"circulating_supply":180432602.911872,"total_supply":210939151.730736,"platform":{"id":1027,"name":"Ethereum","symbol":"ETH","slug":"ethereum","token_address":"0xdd974d5c2e2928dea5f71b9825b8b646686bd200"},"cmc_rank":54,"last_updated":"2020-04-25T20:58:08.000Z","quote":{"USD":{"price":0.545037270493,"volume_24h":49293361.6946943,"percent_change_1h":0.361761,"percent_change_24h":5.70167,"percent_change_7d":10.5139,"market_cap":98342493.39903404,"last_updated":"2020-04-25T20:58:08.000Z"}}},{"id":2280,"name":"Filecoin [Futures]","symbol":"FIL","slug":"filecoin","num_market_pairs":4,"date_added":"2017-12-13T00:00:00.000Z","tags":["mineable"],"max_supply":null,"circulating_supply":null,"total_supply":null,"platform":null,"cmc_rank":2031,"last_updated":"2020-04-25T20:58:09.000Z","quote":{"USD":{"price":5.09529822957,"volume_24h":49220237.5580772,"percent_change_1h":-1.01744,"percent_change_24h":-1.93554,"percent_change_7d":1.46787,"market_cap":null,"last_updated":"2020-04-25T20:58:09.000Z"}}},{"id":3437,"name":"ABBC Coin","symbol":"ABBC","slug":"abbc-coin","num_market_pairs":42,"date_added":"2018-10-12T00:00:00.000Z","tags":["mineable"],"max_supply":null,"circulating_supply":555416924.350722,"total_supply":1003278750.0109,"platform":null,"cmc_rank":69,"last_updated":"2020-04-25T20:58:14.000Z","quote":{"USD":{"price":0.114725249818,"volume_24h":44894678.8782074,"percent_change_1h":0.26867,"percent_change_24h":0.120172,"percent_change_7d":-2.90102,"market_cap":63720345.399281785,"last_updated":"2020-04-25T20:58:14.000Z"}}},{"id":3657,"name":"Lambda","symbol":"LAMB","slug":"lambda","num_market_pairs":41,"date_added":"2019-01-02T00:00:00.000Z","tags":[],"max_supply":10000000000,"circulating_supply":647017614.163218,"total_supply":6000000000,"platform":{"id":1027,"name":"Ethereum","symbol":"ETH","slug":"ethereum","token_address":"0x8971f9fd7196e5cee2c1032b50f656855af7dd26"},"cmc_rank":318,"last_updated":"2020-04-25T20:58:14.000Z","quote":{"USD":{"price":0.0138445162536,"volume_24h":44362670.5309002,"percent_change_1h":0.605388,"percent_change_24h":4.79373,"percent_change_7d":-0.0258157,"market_cap":8957645.875648165,"last_updated":"2020-04-25T20:58:14.000Z"}}},{"id":3306,"name":"Gemini Dollar","symbol":"GUSD","slug":"gemini-dollar","num_market_pairs":31,"date_added":"2018-10-05T00:00:00.000Z","tags":[],"max_supply":null,"circulating_supply":5884964.1,"total_supply":5884964.1,"platform":{"id":1027,"name":"Ethereum","symbol":"ETH","slug":"ethereum","token_address":"0x056Fd409E1d7A124BD7017459dFEa2F387b6d5Cd"},"cmc_rank":401,"last_updated":"2020-04-25T20:58:13.000Z","quote":{"USD":{"price":1.00580747561,"volume_24h":42218521.7208105,"percent_change_1h":0.415522,"percent_change_24h":-0.0980243,"percent_change_7d":0.756894,"market_cap":5919140.885476475,"last_updated":"2020-04-25T20:58:13.000Z"}}},{"id":4229,"name":"Yobit Token","symbol":"YO","slug":"yobit-token","num_market_pairs":11,"date_added":"2019-09-03T00:00:00.000Z","tags":[],"max_supply":null,"circulating_supply":null,"total_supply":17000,"platform":{"id":1027,"name":"Ethereum","symbol":"ETH","slug":"ethereum","token_address":"0xebf4ca5319f406602eeff68da16261f1216011b5"},"cmc_rank":2032,"last_updated":"2020-04-25T20:58:17.000Z","quote":{"USD":{"price":771.161900668,"volume_24h":42113353.0692275,"percent_change_1h":1.11507,"percent_change_24h":3.84792,"percent_change_7d":6.48872,"market_cap":null,"last_updated":"2020-04-25T20:58:17.000Z"}}},{"id":3351,"name":"ZB Token","symbol":"ZB","slug":"zb-token","num_market_pairs":11,"date_added":"2018-09-27T00:00:00.000Z","tags":[],"max_supply":null,"circulating_supply":463288810,"total_supply":2100000000,"platform":{"id":1027,"name":"Ethereum","symbol":"ETH","slug":"ethereum","token_address":"0xbd0793332e9fb844a52a205a233ef27a5b34b927"},"cmc_rank":49,"last_updated":"2020-04-25T20:58:13.000Z","quote":{"USD":{"price":0.246538889328,"volume_24h":41031579.4246328,"percent_change_1h":0.27772,"percent_change_24h":1.90081,"percent_change_7d":1.97705,"market_cap":114218708.65549082,"last_updated":"2020-04-25T20:58:13.000Z"}}},{"id":2405,"name":"IOST","symbol":"IOST","slug":"iostoken","num_market_pairs":85,"date_added":"2018-01-16T00:00:00.000Z","tags":[],"max_supply":null,"circulating_supply":12013965608.8475,"total_supply":21000000000,"platform":null,"cmc_rank":92,"last_updated":"2020-04-25T20:58:09.000Z","quote":{"USD":{"price":0.00355814625796,"volume_24h":38931523.1328502,"percent_change_1h":1.21266,"percent_change_24h":-1.97139,"percent_change_7d":4.62359,"market_cap":42747446.77438086,"last_updated":"2020-04-25T20:58:09.000Z"}}},{"id":2083,"name":"Bitcoin Gold","symbol":"BTG","slug":"bitcoin-gold","num_market_pairs":73,"date_added":"2017-10-23T00:00:00.000Z","tags":["mineable"],"max_supply":21000000,"circulating_supply":17513923.589,"total_supply":17513923.589,"platform":null,"cmc_rank":38,"last_updated":"2020-04-25T20:58:09.000Z","quote":{"USD":{"price":9.43230702523,"volume_24h":38419852.6244214,"percent_change_1h":0.398336,"percent_change_24h":-0.373535,"percent_change_7d":-5.67628,"market_cap":165196704.5078661,"last_updated":"2020-04-25T20:58:09.000Z"}}},{"id":1104,"name":"Augur","symbol":"REP","slug":"augur","num_market_pairs":73,"date_added":"2015-10-27T00:00:00.000Z","tags":[],"max_supply":null,"circulating_supply":11000000,"total_supply":11000000,"platform":{"id":1027,"name":"Ethereum","symbol":"ETH","slug":"ethereum","token_address":"0x1985365e9f78359a9b6ad760e32412f4a445e862"},"cmc_rank":51,"last_updated":"2020-04-25T20:58:07.000Z","quote":{"USD":{"price":10.1909451034,"volume_24h":34961821.6344613,"percent_change_1h":0.182788,"percent_change_24h":-0.338406,"percent_change_7d":-0.0307032,"market_cap":112100396.1374,"last_updated":"2020-04-25T20:58:07.000Z"}}},{"id":2130,"name":"Enjin Coin","symbol":"ENJ","slug":"enjin-coin","num_market_pairs":61,"date_added":"2017-11-01T00:00:00.000Z","tags":[],"max_supply":null,"circulating_supply":814772129.064264,"total_supply":1000000000,"platform":{"id":1027,"name":"Ethereum","symbol":"ETH","slug":"ethereum","token_address":"0xf629cbd94d3791c9250152bd8dfbdf380e2a3b9c"},"cmc_rank":48,"last_updated":"2020-04-25T20:58:09.000Z","quote":{"USD":{"price":0.146928444709,"volume_24h":34281712.4442249,"percent_change_1h":0.918188,"percent_change_24h":12.4982,"percent_change_7d":44.9849,"market_cap":119713201.71565293,"last_updated":"2020-04-25T20:58:09.000Z"}}},{"id":2099,"name":"ICON","symbol":"ICX","slug":"icon","num_market_pairs":61,"date_added":"2017-10-27T00:00:00.000Z","tags":[],"max_supply":null,"circulating_supply":538251947.412349,"total_supply":800460000,"platform":null,"cmc_rank":40,"last_updated":"2020-04-25T20:58:08.000Z","quote":{"USD":{"price":0.275742929092,"volume_24h":33801479.0641661,"percent_change_1h":-0.148994,"percent_change_24h":2.13601,"percent_change_7d":13.6879,"market_cap":148419168.56895426,"last_updated":"2020-04-25T20:58:08.000Z"}}},{"id":2457,"name":"TrueChain","symbol":"TRUE","slug":"truechain","num_market_pairs":16,"date_added":"2018-01-24T00:00:00.000Z","tags":[],"max_supply":null,"circulating_supply":79575542.96,"total_supply":100000000,"platform":null,"cmc_rank":137,"last_updated":"2020-04-25T20:58:11.000Z","quote":{"USD":{"price":0.270616733425,"volume_24h":33310047.4203364,"percent_change_1h":0.459206,"percent_change_24h":0.358073,"percent_change_7d":-3.56393,"market_cap":21534473.49635595,"last_updated":"2020-04-25T20:58:11.000Z"}}},{"id":3709,"name":"Grin","symbol":"GRIN","slug":"grin","num_market_pairs":60,"date_added":"2019-01-27T00:00:00.000Z","tags":["mineable"],"max_supply":null,"circulating_supply":40110480,"total_supply":40110480,"platform":null,"cmc_rank":147,"last_updated":"2020-04-25T20:58:14.000Z","quote":{"USD":{"price":0.497224309162,"volume_24h":33117143.2993513,"percent_change_1h":0.0401748,"percent_change_24h":-0.484875,"percent_change_7d":-1.24756,"market_cap":19943905.708156217,"last_updated":"2020-04-25T20:58:14.000Z"}}},{"id":1274,"name":"Waves","symbol":"WAVES","slug":"waves","num_market_pairs":144,"date_added":"2016-06-02T00:00:00.000Z","tags":[],"max_supply":null,"circulating_supply":101763874,"total_supply":101763874,"platform":null,"cmc_rank":52,"last_updated":"2020-04-25T20:58:07.000Z","quote":{"USD":{"price":1.02158026346,"volume_24h":32364540.0421329,"percent_change_1h":0.127145,"percent_change_24h":0.0540969,"percent_change_7d":-1.19529,"market_cap":103959965.21163024,"last_updated":"2020-04-25T20:58:07.000Z"}}},{"id":624,"name":"bitCNY","symbol":"BITCNY","slug":"bitcny","num_market_pairs":23,"date_added":"2014-09-23T00:00:00.000Z","tags":[],"max_supply":null,"circulating_supply":31247500,"total_supply":31247500,"platform":{"id":463,"name":"BitShares","symbol":"BTS","slug":"bitshares","token_address":"CNY"},"cmc_rank":481,"last_updated":"2020-04-25T20:58:06.000Z","quote":{"USD":{"price":0.140570726797,"volume_24h":28720413.1288787,"percent_change_1h":0.421303,"percent_change_24h":-0.407252,"percent_change_7d":0.0837456,"market_cap":4392483.785589257,"last_updated":"2020-04-25T20:58:06.000Z"}}},{"id":5217,"name":"3X Long Ethereum Token","symbol":"ETHBULL","slug":"3x-long-ethereum-token","num_market_pairs":7,"date_added":"2020-02-11T00:00:00.000Z","tags":[],"max_supply":null,"circulating_supply":null,"total_supply":2688.70054275,"platform":{"id":1027,"name":"Ethereum","symbol":"ETH","slug":"ethereum","token_address":"0x871baed4088b863fd6407159f3672d70cd34837d"},"cmc_rank":2033,"last_updated":"2020-04-25T20:58:17.000Z","quote":{"USD":{"price":203.781955973,"volume_24h":27023649.8421918,"percent_change_1h":0.413982,"percent_change_24h":8.85493,"percent_change_7d":11.9707,"market_cap":null,"last_updated":"2020-04-25T20:58:17.000Z"}}},{"id":1896,"name":"0x","symbol":"ZRX","slug":"0x","num_market_pairs":179,"date_added":"2017-08-16T00:00:00.000Z","tags":[],"max_supply":null,"circulating_supply":652134957.432216,"total_supply":1000000000,"platform":{"id":1027,"name":"Ethereum","symbol":"ETH","slug":"ethereum","token_address":"0xe41d2489571d322189246dafa5ebde1f4699f498"},"cmc_rank":47,"last_updated":"2020-04-25T20:58:09.000Z","quote":{"USD":{"price":0.185078752657,"volume_24h":26004179.473441,"percent_change_1h":0.0202228,"percent_change_24h":-0.847426,"percent_change_7d":3.97356,"market_cap":120696324.48558034,"last_updated":"2020-04-25T20:58:09.000Z"}}},{"id":109,"name":"DigiByte","symbol":"DGB","slug":"digibyte","num_market_pairs":77,"date_added":"2014-02-06T00:00:00.000Z","tags":["mineable"],"max_supply":21000000000,"circulating_supply":13071565984.5997,"total_supply":13071565984.5997,"platform":null,"cmc_rank":36,"last_updated":"2020-04-25T20:58:06.000Z","quote":{"USD":{"price":0.015540830504,"volume_24h":22840395.6441161,"percent_change_1h":-2.93186,"percent_change_24h":22.3184,"percent_change_7d":102.388,"market_cap":203142991.38851583,"last_updated":"2020-04-25T20:58:06.000Z"}}},{"id":5414,"name":"3x Long EOS Token","symbol":"EOSBULL","slug":"3x-long-eos-token","num_market_pairs":5,"date_added":"2020-04-06T00:00:00.000Z","tags":[],"max_supply":null,"circulating_supply":null,"total_supply":1057300.976,"platform":{"id":1027,"name":"Ethereum","symbol":"ETH","slug":"ethereum","token_address":"0xeaD7F3ae4e0Bb0D8785852Cc37CC9d0B5e75c06a"},"cmc_rank":2034,"last_updated":"2020-04-25T20:58:17.000Z","quote":{"USD":{"price":5.94331843449,"volume_24h":22691672.0832054,"percent_change_1h":0.715831,"percent_change_24h":-0.87431,"percent_change_7d":-2.6001,"market_cap":null,"last_updated":"2020-04-25T20:58:17.000Z"}}},{"id":5085,"name":"Building Cities Beyond Blockchain","symbol":"BCB","slug":"building-cities-beyond-blockchain","num_market_pairs":3,"date_added":"2019-12-30T00:00:00.000Z","tags":[],"max_supply":66000000,"circulating_supply":null,"total_supply":66000000,"platform":null,"cmc_rank":2035,"last_updated":"2020-04-25T20:58:17.000Z","quote":{"USD":{"price":2.58808200508,"volume_24h":22690615.0595982,"percent_change_1h":0.239635,"percent_change_24h":-1.32662,"percent_change_7d":-0.789451,"market_cap":null,"last_updated":"2020-04-25T20:58:17.000Z"}}},{"id":3890,"name":"Matic Network","symbol":"MATIC","slug":"matic-network","num_market_pairs":51,"date_added":"2019-04-28T00:00:00.000Z","tags":[],"max_supply":null,"circulating_supply":2758503686,"total_supply":10000000000,"platform":{"id":1027,"name":"Ethereum","symbol":"ETH","slug":"ethereum","token_address":"0x7D1AfA7B718fb893dB30A3aBc0Cfc608AaCfeBB0"},"cmc_rank":95,"last_updated":"2020-04-25T20:58:15.000Z","quote":{"USD":{"price":0.0149841998638,"volume_24h":22336206.2150273,"percent_change_1h":-0.0184753,"percent_change_24h":0.407981,"percent_change_7d":12.4799,"market_cap":41333970.556053,"last_updated":"2020-04-25T20:58:15.000Z"}}},{"id":4779,"name":"HUSD","symbol":"HUSD","slug":"husd","num_market_pairs":18,"date_added":"2019-10-15T00:00:00.000Z","tags":[],"max_supply":null,"circulating_supply":null,"total_supply":87094416.0933887,"platform":{"id":1027,"name":"Ethereum","symbol":"ETH","slug":"ethereum","token_address":"0xdf574c24545e5ffecb9a659c229253d4111d87e1"},"cmc_rank":2036,"last_updated":"2020-04-25T20:58:16.000Z","quote":{"USD":{"price":1.00166977185,"volume_24h":21323452.6965404,"percent_change_1h":0.406686,"percent_change_24h":-0.271806,"percent_change_7d":0.0625997,"market_cap":null,"last_updated":"2020-04-25T20:58:16.000Z"}}},{"id":2299,"name":"aelf","symbol":"ELF","slug":"aelf","num_market_pairs":79,"date_added":"2017-12-21T00:00:00.000Z","tags":[],"max_supply":1000000000,"circulating_supply":544480199.986466,"total_supply":879999999.986466,"platform":{"id":1027,"name":"Ethereum","symbol":"ETH","slug":"ethereum","token_address":"0xbf2179859fc6d5bee9bf9158632dc51678a4100e"},"cmc_rank":102,"last_updated":"2020-04-25T20:58:09.000Z","quote":{"USD":{"price":0.0653900259719,"volume_24h":21027260.9240895,"percent_change_1h":0.567576,"percent_change_24h":1.15269,"percent_change_7d":2.25517,"market_cap":35603574.418300316,"last_updated":"2020-04-25T20:58:09.000Z"}}},{"id":5198,"name":"Creditcoin","symbol":"CTC","slug":"creditcoin","num_market_pairs":3,"date_added":"2020-01-31T00:00:00.000Z","tags":[],"max_supply":null,"circulating_supply":null,"total_supply":600000000,"platform":null,"cmc_rank":2037,"last_updated":"2020-04-25T20:58:18.000Z","quote":{"USD":{"price":0.368735729654,"volume_24h":20119195.0406678,"percent_change_1h":0.401719,"percent_change_24h":-2.12184,"percent_change_7d":-11.8899,"market_cap":null,"last_updated":"2020-04-25T20:58:18.000Z"}}},{"id":4899,"name":"Yap Stone","symbol":"YAP","slug":"yap-stone","num_market_pairs":14,"date_added":"2019-11-09T00:00:00.000Z","tags":[],"max_supply":null,"circulating_supply":150000000,"total_supply":1000000000,"platform":{"id":1027,"name":"Ethereum","symbol":"ETH","slug":"ethereum","token_address":""},"cmc_rank":108,"last_updated":"2020-04-25T20:58:17.000Z","quote":{"USD":{"price":0.218375788256,"volume_24h":19139253.2041502,"percent_change_1h":0.518817,"percent_change_24h":2.36,"percent_change_7d":4.74579,"market_cap":32756368.238399997,"last_updated":"2020-04-25T20:58:17.000Z"}}},{"id":1903,"name":"HyperCash","symbol":"HC","slug":"hypercash","num_market_pairs":32,"date_added":"2017-08-20T00:00:00.000Z","tags":["mineable"],"max_supply":84000000,"circulating_supply":44589172.145052,"total_supply":44589172.145052,"platform":null,"cmc_rank":86,"last_updated":"2020-04-25T20:58:08.000Z","quote":{"USD":{"price":1.06505575225,"volume_24h":18272640.8696901,"percent_change_1h":0.617401,"percent_change_24h":1.60186,"percent_change_7d":0.988183,"market_cap":47489954.281153105,"last_updated":"2020-04-25T20:58:08.000Z"}}},{"id":1866,"name":"Bytom","symbol":"BTM","slug":"bytom","num_market_pairs":54,"date_added":"2017-08-08T00:00:00.000Z","tags":["mineable"],"max_supply":null,"circulating_supply":1002499275,"total_supply":1407000000,"platform":null,"cmc_rank":71,"last_updated":"2020-04-25T20:58:08.000Z","quote":{"USD":{"price":0.0609524416992,"volume_24h":18249278.011887,"percent_change_1h":0.948771,"percent_change_24h":2.315,"percent_change_7d":1.98697,"market_cap":61104778.612927765,"last_updated":"2020-04-25T20:58:08.000Z"}}},{"id":2830,"name":"Seele","symbol":"SEELE","slug":"seele","num_market_pairs":18,"date_added":"2018-05-31T00:00:00.000Z","tags":[],"max_supply":null,"circulating_supply":699592066.289478,"total_supply":1000000000,"platform":{"id":1027,"name":"Ethereum","symbol":"ETH","slug":"ethereum","token_address":"0xb1eef147028e9f480dbc5ccaa3277d417d1b85f0"},"cmc_rank":73,"last_updated":"2020-04-25T20:58:11.000Z","quote":{"USD":{"price":0.0845306766533,"volume_24h":17639914.5058844,"percent_change_1h":0.0523787,"percent_change_24h":6.57294,"percent_change_7d":8.61523,"market_cap":59136990.74472988,"last_updated":"2020-04-25T20:58:11.000Z"}}},{"id":5295,"name":"3X Long BNB Token","symbol":"BNBBULL","slug":"3x-long-bnb-token","num_market_pairs":5,"date_added":"2020-03-11T00:00:00.000Z","tags":[],"max_supply":null,"circulating_supply":null,"total_supply":4975.41633724,"platform":{"id":1027,"name":"Ethereum","symbol":"ETH","slug":"ethereum","token_address":"0x9d1a62c2ad99019768b9126fda004a9952853f6e"},"cmc_rank":2038,"last_updated":"2020-04-25T20:58:17.000Z","quote":{"USD":{"price":115.447899562,"volume_24h":17477139.1786379,"percent_change_1h":0.71339,"percent_change_24h":4.87597,"percent_change_7d":-3.74521,"market_cap":null,"last_updated":"2020-04-25T20:58:17.000Z"}}},{"id":5477,"name":"ECOChain","symbol":"ECOC","slug":"ecochain","num_market_pairs":1,"date_added":"2020-04-20T00:00:00.000Z","tags":[],"max_supply":2000000000,"circulating_supply":null,"total_supply":223217150,"platform":null,"cmc_rank":2039,"last_updated":"2020-04-25T20:58:17.000Z","quote":{"USD":{"price":1.73701036483,"volume_24h":17227460.14872,"percent_change_1h":1.16926,"percent_change_24h":30.6181,"percent_change_7d":null,"market_cap":null,"last_updated":"2020-04-25T20:58:17.000Z"}}},{"id":2588,"name":"Loom Network","symbol":"LOOM","slug":"loom-network","num_market_pairs":65,"date_added":"2018-03-14T00:00:00.000Z","tags":[],"max_supply":null,"circulating_supply":970041175.954257,"total_supply":1000000000,"platform":{"id":1027,"name":"Ethereum","symbol":"ETH","slug":"ethereum","token_address":"0xa4e8c3ec456107ea67d3075bf9e3df3a75823db0"},"cmc_rank":172,"last_updated":"2020-04-25T20:58:11.000Z","quote":{"USD":{"price":0.0150458632164,"volume_24h":16691448.2801278,"percent_change_1h":0.243034,"percent_change_24h":0.687802,"percent_change_7d":2.04876,"market_cap":14595106.847683556,"last_updated":"2020-04-25T20:58:11.000Z"}}},{"id":3945,"name":"Harmony","symbol":"ONE","slug":"harmony","num_market_pairs":20,"date_added":"2019-06-01T00:00:00.000Z","tags":[],"max_supply":null,"circulating_supply":4596807869,"total_supply":12600000000,"platform":null,"cmc_rank":190,"last_updated":"2020-04-25T20:58:15.000Z","quote":{"USD":{"price":0.00272717684274,"volume_24h":16522766.8899279,"percent_change_1h":1.15025,"percent_change_24h":3.16512,"percent_change_7d":17.6562,"market_cap":12536307.970861807,"last_updated":"2020-04-25T20:58:15.000Z"}}},{"id":1966,"name":"Decentraland","symbol":"MANA","slug":"decentraland","num_market_pairs":75,"date_added":"2017-09-17T00:00:00.000Z","tags":[],"max_supply":null,"circulating_supply":1370183855.67155,"total_supply":2197928465.03415,"platform":{"id":1027,"name":"Ethereum","symbol":"ETH","slug":"ethereum","token_address":"0x0f5d2fb29fb7d3cfee444a200298f468908cc942"},"cmc_rank":96,"last_updated":"2020-04-25T20:58:08.000Z","quote":{"USD":{"price":0.0295027600445,"volume_24h":16302956.8966268,"percent_change_1h":0.737921,"percent_change_24h":0.708458,"percent_change_7d":0.0130768,"market_cap":40424205.51072556,"last_updated":"2020-04-25T20:58:08.000Z"}}},{"id":5221,"name":"Handshake ","symbol":"HNS","slug":"handshake","num_market_pairs":10,"date_added":"2020-02-22T00:00:00.000Z","tags":[],"max_supply":null,"circulating_supply":268078892.322,"total_supply":2040000000,"platform":null,"cmc_rank":247,"last_updated":"2020-04-25T20:58:17.000Z","quote":{"USD":{"price":0.118621202521,"volume_24h":15859866.3178017,"percent_change_1h":-0.154909,"percent_change_24h":-3.41503,"percent_change_7d":-4.19239,"market_cap":31799840.577733316,"last_updated":"2020-04-25T20:58:17.000Z"}}},{"id":2577,"name":"Ravencoin","symbol":"RVN","slug":"ravencoin","num_market_pairs":50,"date_added":"2018-03-10T00:00:00.000Z","tags":["mineable"],"max_supply":21000000000,"circulating_supply":6020815000,"total_supply":6020815000,"platform":null,"cmc_rank":50,"last_updated":"2020-04-25T20:58:10.000Z","quote":{"USD":{"price":0.0187834292136,"volume_24h":15657294.7792567,"percent_change_1h":0.0194495,"percent_change_24h":5.24715,"percent_change_7d":8.29314,"market_cap":113091552.36068109,"last_updated":"2020-04-25T20:58:10.000Z"}}},{"id":2341,"name":"SwftCoin","symbol":"SWFTC","slug":"swftcoin","num_market_pairs":13,"date_added":"2018-01-04T00:00:00.000Z","tags":[],"max_supply":null,"circulating_supply":4004999999,"total_supply":10000000000,"platform":{"id":1027,"name":"Ethereum","symbol":"ETH","slug":"ethereum","token_address":"0x0bb217e40f8a5cb79adf04e1aab60e5abd0dfc1e"},"cmc_rank":389,"last_updated":"2020-04-25T20:58:09.000Z","quote":{"USD":{"price":0.0015502762812,"volume_24h":15604907.1512667,"percent_change_1h":-1.00126,"percent_change_24h":7.39998,"percent_change_7d":18.3901,"market_cap":6208856.504655724,"last_updated":"2020-04-25T20:58:09.000Z"}}},{"id":1759,"name":"Status","symbol":"SNT","slug":"status","num_market_pairs":84,"date_added":"2017-06-28T00:00:00.000Z","tags":[],"max_supply":null,"circulating_supply":3470483788,"total_supply":6804870174,"platform":{"id":1027,"name":"Ethereum","symbol":"ETH","slug":"ethereum","token_address":"0x744d70fdbe2ba4cf95131626614a1763df805b9e"},"cmc_rank":68,"last_updated":"2020-04-25T20:58:08.000Z","quote":{"USD":{"price":0.0190416638321,"volume_24h":15231218.9966192,"percent_change_1h":0.544204,"percent_change_24h":-0.70524,"percent_change_7d":13.3156,"market_cap":66083785.62584901,"last_updated":"2020-04-25T20:58:08.000Z"}}},{"id":4041,"name":"MX Token","symbol":"MX","slug":"mx-token","num_market_pairs":8,"date_added":"2019-09-24T00:00:00.000Z","tags":[],"max_supply":null,"circulating_supply":193278361.2597,"total_supply":673963903.14,"platform":{"id":1027,"name":"Ethereum","symbol":"ETH","slug":"ethereum","token_address":"0x11eef04c884e24d9b7b4760e7476d06ddf797f36"},"cmc_rank":142,"last_updated":"2020-04-25T20:58:15.000Z","quote":{"USD":{"price":0.107922591815,"volume_24h":14573973.5375239,"percent_change_1h":0.397586,"percent_change_24h":-0.591036,"percent_change_7d":5.58476,"market_cap":20859101.688902713,"last_updated":"2020-04-25T20:58:15.000Z"}}},{"id":5117,"name":"Origin Protocol","symbol":"OGN","slug":"origin-protocol","num_market_pairs":15,"date_added":"2020-01-09T00:00:00.000Z","tags":[],"max_supply":null,"circulating_supply":33523273.02,"total_supply":1000000000,"platform":{"id":1027,"name":"Ethereum","symbol":"ETH","slug":"ethereum","token_address":"0x8207c1ffc5b6804f6024322ccf34f29c3541ae26"},"cmc_rank":340,"last_updated":"2020-04-25T20:58:17.000Z","quote":{"USD":{"price":0.23504997811,"volume_24h":14552923.1629204,"percent_change_1h":0.950097,"percent_change_24h":2.21043,"percent_change_7d":1.47224,"market_cap":7879644.589526554,"last_updated":"2020-04-25T20:58:17.000Z"}}},{"id":5429,"name":"DEAPcoin","symbol":"DEP","slug":"deapcoin","num_market_pairs":2,"date_added":"2020-04-10T00:00:00.000Z","tags":[],"max_supply":30000000000,"circulating_supply":null,"total_supply":30000000000,"platform":{"id":1027,"name":"Ethereum","symbol":"ETH","slug":"ethereum","token_address":"0x1a3496c18d558bd9c6c8f609e1b129f67ab08163"},"cmc_rank":2040,"last_updated":"2020-04-25T20:58:17.000Z","quote":{"USD":{"price":0.0051984928762,"volume_24h":14456324.042661,"percent_change_1h":0.400073,"percent_change_24h":1.07527,"percent_change_7d":-1.18106,"market_cap":null,"last_updated":"2020-04-25T20:58:17.000Z"}}},{"id":4942,"name":"Digital Gold","symbol":"GOLD","slug":"digital-gold","num_market_pairs":3,"date_added":"2019-11-18T00:00:00.000Z","tags":[],"max_supply":null,"circulating_supply":11545.784,"total_supply":17190.659,"platform":{"id":1027,"name":"Ethereum","symbol":"ETH","slug":"ethereum","token_address":"0x0d16450d347c12c086d6c94c76c5aaac35ea07e0"},"cmc_rank":987,"last_updated":"2020-04-25T20:58:17.000Z","quote":{"USD":{"price":55.4355202928,"volume_24h":13962451.5201363,"percent_change_1h":0.982511,"percent_change_24h":1.49085,"percent_change_7d":1.1544,"market_cap":640046.5432282855,"last_updated":"2020-04-25T20:58:17.000Z"}}},{"id":1720,"name":"IOTA","symbol":"MIOTA","slug":"iota","num_market_pairs":53,"date_added":"2017-06-13T00:00:00.000Z","tags":[],"max_supply":2779530283,"circulating_supply":2779530283,"total_supply":2779530283,"platform":null,"cmc_rank":25,"last_updated":"2020-04-25T20:58:07.000Z","quote":{"USD":{"price":0.170263957906,"volume_24h":13366066.2266294,"percent_change_1h":0.315569,"percent_change_24h":1.65059,"percent_change_7d":4.89677,"market_cap":473253827.10316426,"last_updated":"2020-04-25T20:58:07.000Z"}}},{"id":4846,"name":"Kava","symbol":"KAVA","slug":"kava","num_market_pairs":15,"date_added":"2019-10-25T00:00:00.000Z","tags":[],"max_supply":null,"circulating_supply":35850544.721819,"total_supply":108639863.721819,"platform":{"id":1839,"name":"Binance Coin","symbol":"BNB","slug":"binance-coin","token_address":""},"cmc_rank":145,"last_updated":"2020-04-25T20:58:17.000Z","quote":{"USD":{"price":0.567228639367,"volume_24h":12947464.0830089,"percent_change_1h":0.860007,"percent_change_24h":4.57059,"percent_change_7d":1.58547,"market_cap":20335455.703123175,"last_updated":"2020-04-25T20:58:17.000Z"}}},{"id":2570,"name":"TomoChain","symbol":"TOMO","slug":"tomochain","num_market_pairs":23,"date_added":"2018-03-08T00:00:00.000Z","tags":["mineable"],"max_supply":null,"circulating_supply":70466675,"total_supply":100000000,"platform":null,"cmc_rank":126,"last_updated":"2020-04-25T20:58:10.000Z","quote":{"USD":{"price":0.358272085405,"volume_24h":12877077.0746718,"percent_change_1h":0.7038,"percent_change_24h":4.87474,"percent_change_7d":-8.95357,"market_cap":25246242.603806376,"last_updated":"2020-04-25T20:58:10.000Z"}}},{"id":1785,"name":"Gas","symbol":"GAS","slug":"gas","num_market_pairs":52,"date_added":"2017-07-06T00:00:00.000Z","tags":[],"max_supply":100000000,"circulating_supply":10128375.105773,"total_supply":17190378,"platform":{"id":1376,"name":"Neo","symbol":"NEO","slug":"neo","token_address":"602c79718b16e442de58778e148d0b1084e3b2dffd5de6b7b16cee7969282de7"},"cmc_rank":189,"last_updated":"2020-04-25T20:58:08.000Z","quote":{"USD":{"price":1.24458130597,"volume_24h":12739117.5407242,"percent_change_1h":-0.1947,"percent_change_24h":5.10484,"percent_change_7d":8.86524,"market_cap":12605586.316496996,"last_updated":"2020-04-25T20:58:08.000Z"}}},{"id":4078,"name":"Super Zero","symbol":"SERO","slug":"super-zero","num_market_pairs":15,"date_added":"2019-07-19T00:00:00.000Z","tags":[],"max_supply":647367590,"circulating_supply":257547881,"total_supply":645142688,"platform":null,"cmc_rank":151,"last_updated":"2020-04-25T20:58:15.000Z","quote":{"USD":{"price":0.0760639856682,"volume_24h":12673681.1154806,"percent_change_1h":-0.991039,"percent_change_24h":-0.234449,"percent_change_7d":-0.751983,"market_cap":19590118.329259276,"last_updated":"2020-04-25T20:58:15.000Z"}}},{"id":4943,"name":"Multi-collateral DAI","symbol":"DAI","slug":"multi-collateral-dai","num_market_pairs":75,"date_added":"2019-11-22T00:00:00.000Z","tags":[],"max_supply":null,"circulating_supply":95430849.7495722,"total_supply":95831739.9617173,"platform":{"id":1027,"name":"Ethereum","symbol":"ETH","slug":"ethereum","token_address":"0x6b175474e89094c44da98b954eedeac495271d0f"},"cmc_rank":55,"last_updated":"2020-04-25T20:58:17.000Z","quote":{"USD":{"price":1.01785068306,"volume_24h":12489120.4479541,"percent_change_1h":0.434265,"percent_change_24h":0.319886,"percent_change_7d":0.554529,"market_cap":97134355.6025983,"last_updated":"2020-04-25T20:58:17.000Z"}}},{"id":4273,"name":"Sessia","symbol":"KICKS","slug":"sessia","num_market_pairs":2,"date_added":"2019-08-21T00:00:00.000Z","tags":[],"max_supply":null,"circulating_supply":6145759.45571843,"total_supply":100000000,"platform":{"id":1027,"name":"Ethereum","symbol":"ETH","slug":"ethereum","token_address":"0xd91a6162f146ef85922d9a15ee6eb14a00344586"},"cmc_rank":980,"last_updated":"2020-04-25T20:58:16.000Z","quote":{"USD":{"price":0.106068670856,"volume_24h":12218838.5332631,"percent_change_1h":0.812529,"percent_change_24h":-0.387741,"percent_change_7d":-0.0422527,"market_cap":651872.5368687478,"last_updated":"2020-04-25T20:58:16.000Z"}}},{"id":5216,"name":"3X Short Ethereum Token","symbol":"ETHBEAR","slug":"3x-short-ethereum-token","num_market_pairs":7,"date_added":"2020-02-11T00:00:00.000Z","tags":[],"max_supply":null,"circulating_supply":null,"total_supply":173633.2933466,"platform":{"id":1027,"name":"Ethereum","symbol":"ETH","slug":"ethereum","token_address":"0x2f5e2c9002c058c063d21a06b6cabb50950130c8"},"cmc_rank":2041,"last_updated":"2020-04-25T20:58:17.000Z","quote":{"USD":{"price":2.5538004281,"volume_24h":12149297.0290466,"percent_change_1h":0.668969,"percent_change_24h":-9.43161,"percent_change_7d":-20.0213,"market_cap":null,"last_updated":"2020-04-25T20:58:17.000Z"}}},{"id":1414,"name":"Zcoin","symbol":"XZC","slug":"zcoin","num_market_pairs":56,"date_added":"2016-10-06T00:00:00.000Z","tags":["mineable"],"max_supply":21400000,"circulating_supply":9977643.32977796,"total_supply":21400000,"platform":null,"cmc_rank":94,"last_updated":"2020-04-25T20:58:07.000Z","quote":{"USD":{"price":4.15506396638,"volume_24h":12125045.9400129,"percent_change_1h":0.051907,"percent_change_24h":2.16588,"percent_change_7d":11.9125,"market_cap":41457746.26895216,"last_updated":"2020-04-25T20:58:07.000Z"}}},{"id":3966,"name":"BitcoinHD","symbol":"BHD","slug":"bitcoinhd","num_market_pairs":11,"date_added":"2019-05-27T00:00:00.000Z","tags":[],"max_supply":21000000,"circulating_supply":6083016.35,"total_supply":6339465,"platform":null,"cmc_rank":239,"last_updated":"2020-04-25T20:58:15.000Z","quote":{"USD":{"price":6.40198724282,"volume_24h":11850467.6138143,"percent_change_1h":0.442297,"percent_change_24h":-0.559708,"percent_change_7d":9.43204,"market_cap":38943393.07056548,"last_updated":"2020-04-25T20:58:15.000Z"}}},{"id":3957,"name":"UNUS SED LEO","symbol":"LEO","slug":"unus-sed-leo","num_market_pairs":25,"date_added":"2019-05-21T00:00:00.000Z","tags":[],"max_supply":null,"circulating_supply":999498892.9,"total_supply":999498892.9,"platform":{"id":1027,"name":"Ethereum","symbol":"ETH","slug":"ethereum","token_address":"0x2af5d2ad76741191d15dfe7bf6ac92d4bd912ca3"},"cmc_rank":15,"last_updated":"2020-04-25T20:58:15.000Z","quote":{"USD":{"price":1.0481001937,"volume_24h":11393410.0068061,"percent_change_1h":0.26491,"percent_change_24h":-0.328827,"percent_change_7d":1.20654,"market_cap":1047574983.2514256,"last_updated":"2020-04-25T20:58:15.000Z"}}},{"id":3053,"name":"YOU COIN","symbol":"YOU","slug":"you-coin","num_market_pairs":6,"date_added":"2018-08-01T00:00:00.000Z","tags":[],"max_supply":null,"circulating_supply":556120198.410192,"total_supply":2856000000,"platform":{"id":1027,"name":"Ethereum","symbol":"ETH","slug":"ethereum","token_address":"0x34364BEe11607b1963d66BCA665FDE93fCA666a8"},"cmc_rank":173,"last_updated":"2020-04-25T20:58:12.000Z","quote":{"USD":{"price":0.0261874424304,"volume_24h":11299282.9778721,"percent_change_1h":0.980746,"percent_change_24h":-0.709478,"percent_change_7d":-2.54728,"market_cap":14563365.680249529,"last_updated":"2020-04-25T20:58:12.000Z"}}},{"id":3029,"name":"Zel","symbol":"ZEL","slug":"zel","num_market_pairs":16,"date_added":"2018-08-02T00:00:00.000Z","tags":["mineable"],"max_supply":210000000,"circulating_supply":100322450,"total_supply":100322450,"platform":null,"cmc_rank":576,"last_updated":"2020-04-25T20:58:12.000Z","quote":{"USD":{"price":0.0291839722055,"volume_24h":10525388.6860531,"percent_change_1h":1.40181,"percent_change_24h":-5.43243,"percent_change_7d":-0.834144,"market_cap":2927807.5923876637,"last_updated":"2020-04-25T20:58:12.000Z"}}},{"id":5267,"name":"QUEENBEE","symbol":"QBZ","slug":"queenbee","num_market_pairs":2,"date_added":"2020-03-05T00:00:00.000Z","tags":[],"max_supply":null,"circulating_supply":null,"total_supply":8000000000,"platform":{"id":1027,"name":"Ethereum","symbol":"ETH","slug":"ethereum","token_address":"0x9bbc9286cdf6eefebf21df19bac71c6bdd7759d4"},"cmc_rank":2042,"last_updated":"2020-04-25T20:58:17.000Z","quote":{"USD":{"price":0.0085159547967,"volume_24h":10406941.691016,"percent_change_1h":5.5617,"percent_change_24h":-4.09566,"percent_change_7d":78.5479,"market_cap":null,"last_updated":"2020-04-25T20:58:17.000Z"}}}]}