{"status":{"timestamp":"2020-04-26T03:00:03.241Z","error_code":0,"error_message":null,"elapsed":1082,"credit_count":1,"notice":null},"data":[{"id":825,"name":"Tether","symbol":"USDT","slug":"tether","num_market_pairs":4686,"date_added":"2015-02-25T00:00:00.000Z","tags":[],"max_supply":null,"circulating_supply":6361032509,"total_supply":6998318752.17,"platform":{"id":1027,"name":"Ethereum","symbol":"ETH","slug":"ethereum","token_address":"31"},"cmc_rank":4,"last_updated":"2020-04-26T02:58:31.000Z","quote":{"USD":{"price":1.00757507114,"volume_24h":45355999285.9594,"percent_change_1h":0.196504,"percent_change_24h":-0.0801552,"percent_change_7d":0.373069,"market_cap":6409217782.779528,"last_updated":"2020-04-26T02:58:31.000Z"}}},{"id":1,"name":"Bitcoin","symbol":"BTC","slug":"bitcoin","num_market_pairs":7956,"date_added":"2013-04-28T00:00:00.000Z","tags":["mineable"],"max_supply":21000000,"circulating_supply":18345675,"total_supply":18345675,"platform":null,"cmc_rank":1,"last_updated":"2020-04-26T02:58:52.000Z","quote":{"USD":{"price":7612.35939073,"volume_24h":33151345027.5964,"percent_change_1h":0.206201,"percent_change_24h":0.804439,"percent_change_7d":5.09454,"market_cap":139653871365.5306,"last_updated":"2020-04-26T02:58:52.000Z"}}},{"id":1027,"name":"Ethereum","symbol":"ETH","slug":"ethereum","num_market_pairs":5179,"date_added":"2015-08-07T00:00:00.000Z","tags":["mineable"],"max_supply":null,"circulating_supply":110672552.249,"total_supply":110672552.249,"platform":null,"cmc_rank":2,"last_updated":"2020-04-26T02:58:34.000Z","quote":{"USD":{"price":196.61693385,"volume_24h":18564223532.5691,"percent_change_1h":0.163467,"percent_change_24h":4.05389,"percent_change_7d":6.00132,"market_cap":21760097884.552303,"last_updated":"2020-04-26T02:58:34.000Z"}}},{"id":2,"name":"Litecoin","symbol":"LTC","slug":"litecoin","num_market_pairs":600,"date_added":"2013-04-28T00:00:00.000Z","tags":["mineable"],"max_supply":84000000,"circulating_supply":64592430.7265572,"total_supply":64592430.7265572,"platform":null,"cmc_rank":7,"last_updated":"2020-04-26T02:58:10.000Z","quote":{"USD":{"price":45.1104853222,"volume_24h":4858620068.47104,"percent_change_1h":0.542933,"percent_change_24h":0.672546,"percent_change_7d":2.63195,"market_cap":2913795898.215579,"last_updated":"2020-04-26T02:58:10.000Z"}}},{"id":1831,"name":"Bitcoin Cash","symbol":"BCH","slug":"bitcoin-cash","num_market_pairs":473,"date_added":"2017-07-23T00:00:00.000Z","tags":["mineable"],"max_supply":21000000,"circulating_supply":18390168.75,"total_supply":18390168.75,"platform":null,"cmc_rank":5,"last_updated":"2020-04-26T02:58:10.000Z","quote":{"USD":{"price":242.703643974,"volume_24h":3369583587.42473,"percent_change_1h":0.403315,"percent_change_24h":1.37477,"percent_change_7d":-0.235999,"market_cap":4463360968.921781,"last_updated":"2020-04-26T02:58:10.000Z"}}},{"id":1765,"name":"EOS","symbol":"EOS","slug":"eos","num_market_pairs":378,"date_added":"2017-07-01T00:00:00.000Z","tags":[],"max_supply":null,"circulating_supply":922103838.9447,"total_supply":1018803850.9443,"platform":null,"cmc_rank":9,"last_updated":"2020-04-26T02:58:10.000Z","quote":{"USD":{"price":2.73538909143,"volume_24h":3307513679.27284,"percent_change_1h":0.176735,"percent_change_24h":0.896624,"percent_change_7d":0.971538,"market_cap":2522312782.215058,"last_updated":"2020-04-26T02:58:10.000Z"}}},{"id":3602,"name":"Bitcoin SV","symbol":"BSV","slug":"bitcoin-sv","num_market_pairs":183,"date_added":"2018-11-09T00:00:00.000Z","tags":["mineable"],"max_supply":21000000,"circulating_supply":18388964.5819233,"total_supply":18388964.5819233,"platform":null,"cmc_rank":6,"last_updated":"2020-04-26T02:58:14.000Z","quote":{"USD":{"price":197.853252465,"volume_24h":2024056044.07889,"percent_change_1h":0.257182,"percent_change_24h":2.13173,"percent_change_7d":-2.8227,"market_cap":3638316451.9972134,"last_updated":"2020-04-26T02:58:14.000Z"}}},{"id":1321,"name":"Ethereum Classic","symbol":"ETC","slug":"ethereum-classic","num_market_pairs":246,"date_added":"2016-07-24T00:00:00.000Z","tags":["mineable"],"max_supply":210700000,"circulating_supply":116313299,"total_supply":116313299,"platform":null,"cmc_rank":21,"last_updated":"2020-04-26T02:58:08.000Z","quote":{"USD":{"price":5.90937594403,"volume_24h":1843471608.59221,"percent_change_1h":0.406042,"percent_change_24h":4.7152,"percent_change_7d":5.12913,"market_cap":687339011.0813687,"last_updated":"2020-04-26T02:58:08.000Z"}}},{"id":52,"name":"XRP","symbol":"XRP","slug":"xrp","num_market_pairs":545,"date_added":"2013-08-04T00:00:00.000Z","tags":[],"max_supply":100000000000,"circulating_supply":44089620959,"total_supply":99990980257,"platform":null,"cmc_rank":3,"last_updated":"2020-04-26T02:58:10.000Z","quote":{"USD":{"price":0.196210199656,"volume_24h":1628894464.77798,"percent_change_1h":0.294646,"percent_change_24h":1.23589,"percent_change_7d":0.918446,"market_cap":8650833331.122753,"last_updated":"2020-04-26T02:58:10.000Z"}}},{"id":1958,"name":"TRON","symbol":"TRX","slug":"tron","num_market_pairs":337,"date_added":"2017-09-13T00:00:00.000Z","tags":["mineable"],"max_supply":null,"circulating_supply":66682072191.4,"total_supply":99281283754.3,"platform":null,"cmc_rank":16,"last_updated":"2020-04-26T02:58:11.000Z","quote":{"USD":{"price":0.0141513828461,"volume_24h":1488460662.74664,"percent_change_1h":0.534166,"percent_change_24h":0.840475,"percent_change_7d":6.05167,"market_cap":943643532.5517797,"last_updated":"2020-04-26T02:58:11.000Z"}}},{"id":131,"name":"Dash","symbol":"DASH","slug":"dash","num_market_pairs":297,"date_added":"2014-02-14T00:00:00.000Z","tags":["mineable"],"max_supply":18900000,"circulating_supply":9458191.66028355,"total_supply":9458191.66028355,"platform":null,"cmc_rank":18,"last_updated":"2020-04-26T02:58:07.000Z","quote":{"USD":{"price":87.4136438219,"volume_24h":902829537.899415,"percent_change_1h":1.20999,"percent_change_24h":6.74061,"percent_change_7d":9.0353,"market_cap":826774996.9912913,"last_updated":"2020-04-26T02:58:07.000Z"}}},{"id":1437,"name":"Zcash","symbol":"ZEC","slug":"zcash","num_market_pairs":238,"date_added":"2016-10-29T00:00:00.000Z","tags":["mineable"],"max_supply":21000000,"circulating_supply":9021018.75,"total_supply":9021018.75,"platform":null,"cmc_rank":26,"last_updated":"2020-04-26T02:58:08.000Z","quote":{"USD":{"price":45.2598035603,"volume_24h":621822340.876788,"percent_change_1h":0.476455,"percent_change_24h":2.54615,"percent_change_7d":4.90078,"market_cap":408289536.5387831,"last_updated":"2020-04-26T02:58:08.000Z"}}},{"id":1376,"name":"Neo","symbol":"NEO","slug":"neo","num_market_pairs":238,"date_added":"2016-09-08T00:00:00.000Z","tags":[],"max_supply":100000000,"circulating_supply":70538831,"total_supply":100000000,"platform":null,"cmc_rank":22,"last_updated":"2020-04-26T02:58:07.000Z","quote":{"USD":{"price":8.53684247966,"volume_24h":607362883.539797,"percent_change_1h":0.254892,"percent_change_24h":5.37617,"percent_change_7d":8.69629,"market_cap":602178888.9463577,"last_updated":"2020-04-26T02:58:07.000Z"}}},{"id":512,"name":"Stellar","symbol":"XLM","slug":"stellar","num_market_pairs":296,"date_added":"2014-08-05T00:00:00.000Z","tags":[],"max_supply":null,"circulating_supply":20295869258.2956,"total_supply":50001803872.8717,"platform":null,"cmc_rank":12,"last_updated":"2020-04-26T02:58:08.000Z","quote":{"USD":{"price":0.062273885343,"volume_24h":519569678.340768,"percent_change_1h":0.141615,"percent_change_24h":-0.0658248,"percent_change_7d":23.6231,"market_cap":1263902635.1276186,"last_updated":"2020-04-26T02:58:08.000Z"}}},{"id":2563,"name":"TrueUSD","symbol":"TUSD","slug":"trueusd","num_market_pairs":155,"date_added":"2018-03-06T00:00:00.000Z","tags":[],"max_supply":null,"circulating_supply":131716094.05,"total_supply":131716094.05,"platform":{"id":1027,"name":"Ethereum","symbol":"ETH","slug":"ethereum","token_address":"0x0000000000085d4780B73119b644AE5ecd22b376"},"cmc_rank":44,"last_updated":"2020-04-26T02:58:10.000Z","quote":{"USD":{"price":1.00552412185,"volume_24h":466358896.074001,"percent_change_1h":0.160409,"percent_change_24h":-0.268156,"percent_change_7d":0.387321,"market_cap":132443709.80313826,"last_updated":"2020-04-26T02:58:10.000Z"}}},{"id":3330,"name":"Paxos Standard","symbol":"PAX","slug":"paxos-standard","num_market_pairs":99,"date_added":"2018-09-27T00:00:00.000Z","tags":[],"max_supply":null,"circulating_supply":244951954.494264,"total_supply":249952064.83,"platform":{"id":1027,"name":"Ethereum","symbol":"ETH","slug":"ethereum","token_address":"0x8e870d67f660d95d5be530380d0ec0bd388289e1"},"cmc_rank":34,"last_updated":"2020-04-26T02:58:13.000Z","quote":{"USD":{"price":1.00429687549,"volume_24h":450595531.304591,"percent_change_1h":0.0486808,"percent_change_24h":-0.264438,"percent_change_7d":0.221819,"market_cap":246004482.54375798,"last_updated":"2020-04-26T02:58:13.000Z"}}},{"id":1684,"name":"Qtum","symbol":"QTUM","slug":"qtum","num_market_pairs":172,"date_added":"2017-05-24T00:00:00.000Z","tags":[],"max_supply":107822406,"circulating_supply":96607300.359,"total_supply":102357300,"platform":null,"cmc_rank":42,"last_updated":"2020-04-26T02:58:07.000Z","quote":{"USD":{"price":1.50899465006,"volume_24h":395217806.169726,"percent_change_1h":0.787458,"percent_change_24h":5.59335,"percent_change_7d":5.65066,"market_cap":145779899.39847052,"last_updated":"2020-04-26T02:58:07.000Z"}}},{"id":3408,"name":"USD Coin","symbol":"USDC","slug":"usd-coin","num_market_pairs":219,"date_added":"2018-10-08T00:00:00.000Z","tags":[],"max_supply":null,"circulating_supply":751388095.758994,"total_supply":755391159.49,"platform":{"id":1027,"name":"Ethereum","symbol":"ETH","slug":"ethereum","token_address":"0xa0b86991c6218b36c1d19d4a2e9eb0ce3606eb48"},"cmc_rank":20,"last_updated":"2020-04-26T02:58:14.000Z","quote":{"USD":{"price":1.00580519455,"volume_24h":385336075.945435,"percent_change_1h":0.127773,"percent_change_24h":-0.149127,"percent_change_7d":0.378073,"market_cap":755750049.8374289,"last_updated":"2020-04-26T02:58:14.000Z"}}},{"id":1839,"name":"Binance Coin","symbol":"BNB","slug":"binance-coin","num_market_pairs":305,"date_added":"2017-07-25T00:00:00.000Z","tags":[],"max_supply":187536713,"circulating_supply":155536713,"total_supply":187536713,"platform":null,"cmc_rank":8,"last_updated":"2020-04-26T02:58:10.000Z","quote":{"USD":{"price":16.33396573,"volume_24h":379064530.29867,"percent_change_1h":0.0140134,"percent_change_24h":1.63116,"percent_change_7d":-1.07575,"market_cap":2540531339.898845,"last_updated":"2020-04-26T02:58:10.000Z"}}},{"id":1975,"name":"Chainlink","symbol":"LINK","slug":"chainlink","num_market_pairs":170,"date_added":"2017-09-20T00:00:00.000Z","tags":[],"max_supply":null,"circulating_supply":350000000,"total_supply":1000000000,"platform":{"id":1027,"name":"Ethereum","symbol":"ETH","slug":"ethereum","token_address":"0x514910771af9ca656af840dff83e8264ecf986ca"},"cmc_rank":11,"last_updated":"2020-04-26T02:58:09.000Z","quote":{"USD":{"price":3.82893918682,"volume_24h":333121286.426281,"percent_change_1h":0.48255,"percent_change_24h":0.91952,"percent_change_7d":2.02139,"market_cap":1340128715.387,"last_updated":"2020-04-26T02:58:09.000Z"}}},{"id":2011,"name":"Tezos","symbol":"XTZ","slug":"tezos","num_market_pairs":90,"date_added":"2017-10-06T00:00:00.000Z","tags":[],"max_supply":null,"circulating_supply":708369475.303005,"total_supply":708369475.303005,"platform":null,"cmc_rank":10,"last_updated":"2020-04-26T02:58:08.000Z","quote":{"USD":{"price":2.84606889714,"volume_24h":288058709.82392,"percent_change_1h":0.11734,"percent_change_24h":5.13343,"percent_change_7d":22.0209,"market_cap":2016068331.3432639,"last_updated":"2020-04-26T02:58:08.000Z"}}},{"id":2319,"name":"QCash","symbol":"QC","slug":"qcash","num_market_pairs":91,"date_added":"2019-12-12T00:00:00.000Z","tags":[],"max_supply":10000000000,"circulating_supply":460000200,"total_supply":10000000000,"platform":{"id":1684,"name":"Qtum","symbol":"QTUM","slug":"qtum","token_address":"f2033ede578e17fa6231047265010445bca8cf1c"},"cmc_rank":220,"last_updated":"2020-04-26T02:58:09.000Z","quote":{"USD":{"price":0.140805204162,"volume_24h":277135623.902427,"percent_change_1h":0.0741683,"percent_change_24h":-0.114694,"percent_change_7d":0.551033,"market_cap":64770422.07556082,"last_updated":"2020-04-26T02:58:09.000Z"}}},{"id":3794,"name":"Cosmos","symbol":"ATOM","slug":"cosmos","num_market_pairs":121,"date_added":"2019-03-14T00:00:00.000Z","tags":[],"max_supply":null,"circulating_supply":190688439.2,"total_supply":237928230.821588,"platform":null,"cmc_rank":24,"last_updated":"2020-04-26T02:58:16.000Z","quote":{"USD":{"price":2.89655649342,"volume_24h":243366734.063054,"percent_change_1h":0.0811152,"percent_change_24h":6.56394,"percent_change_7d":15.8583,"market_cap":552339836.7848848,"last_updated":"2020-04-26T02:58:16.000Z"}}},{"id":74,"name":"Dogecoin","symbol":"DOGE","slug":"dogecoin","num_market_pairs":239,"date_added":"2013-12-15T00:00:00.000Z","tags":["mineable"],"max_supply":null,"circulating_supply":124302538913.54,"total_supply":124302538913.54,"platform":null,"cmc_rank":32,"last_updated":"2020-04-26T02:58:07.000Z","quote":{"USD":{"price":0.00216685299287,"volume_24h":237318915.415367,"percent_change_1h":0.108271,"percent_change_24h":3.29759,"percent_change_7d":5.42371,"market_cap":269345328.4661438,"last_updated":"2020-04-26T02:58:07.000Z"}}},{"id":2502,"name":"Huobi Token","symbol":"HT","slug":"huobi-token","num_market_pairs":136,"date_added":"2018-02-03T00:00:00.000Z","tags":[],"max_supply":null,"circulating_supply":222668092.971921,"total_supply":500000000,"platform":{"id":1027,"name":"Ethereum","symbol":"ETH","slug":"ethereum","token_address":"0x6f259637dcd74c767781e37bc6133cd6a68aa161"},"cmc_rank":17,"last_updated":"2020-04-26T02:58:10.000Z","quote":{"USD":{"price":3.99903775837,"volume_24h":202243197.027894,"percent_change_1h":0.210124,"percent_change_24h":0.253495,"percent_change_7d":1.85037,"market_cap":890458111.3789537,"last_updated":"2020-04-26T02:58:10.000Z"}}},{"id":3077,"name":"VeChain","symbol":"VET","slug":"vechain","num_market_pairs":98,"date_added":"2017-08-22T00:00:00.000Z","tags":[],"max_supply":null,"circulating_supply":55454734800,"total_supply":86712634466,"platform":null,"cmc_rank":35,"last_updated":"2020-04-26T02:58:11.000Z","quote":{"USD":{"price":0.00423834855286,"volume_24h":159600020.055288,"percent_change_1h":0.284385,"percent_change_24h":2.60393,"percent_change_7d":6.81888,"market_cap":235036494.9888151,"last_updated":"2020-04-26T02:58:11.000Z"}}},{"id":3897,"name":"OKB","symbol":"OKB","slug":"okb","num_market_pairs":50,"date_added":"2019-04-30T00:00:00.000Z","tags":[],"max_supply":null,"circulating_supply":60000000,"total_supply":300000000,"platform":{"id":1027,"name":"Ethereum","symbol":"ETH","slug":"ethereum","token_address":"0x75231f58b43240c9718dd58b4967c5114342a86c"},"cmc_rank":30,"last_updated":"2020-04-26T02:58:14.000Z","quote":{"USD":{"price":4.92629009193,"volume_24h":126929623.105588,"percent_change_1h":0.0945154,"percent_change_24h":-0.357427,"percent_change_7d":2.24022,"market_cap":295577405.5158,"last_updated":"2020-04-26T02:58:14.000Z"}}},{"id":2566,"name":"Ontology","symbol":"ONT","slug":"ontology","num_market_pairs":119,"date_added":"2018-03-08T00:00:00.000Z","tags":[],"max_supply":null,"circulating_supply":656746573,"total_supply":1000000000,"platform":null,"cmc_rank":29,"last_updated":"2020-04-26T02:58:10.000Z","quote":{"USD":{"price":0.470774156574,"volume_24h":122949678.571695,"percent_change_1h":0.886751,"percent_change_24h":3.66389,"percent_change_7d":11.5491,"market_cap":309179313.9869399,"last_updated":"2020-04-26T02:58:10.000Z"}}},{"id":2456,"name":"OFCOIN","symbol":"OF","slug":"ofcoin","num_market_pairs":1,"date_added":"2018-01-24T00:00:00.000Z","tags":[],"max_supply":null,"circulating_supply":null,"total_supply":51200000000,"platform":null,"cmc_rank":2030,"last_updated":"2020-04-26T02:58:08.000Z","quote":{"USD":{"price":0.0000453121549317,"volume_24h":117878193.565302,"percent_change_1h":0.1416,"percent_change_24h":-8.35917,"percent_change_7d":0.305291,"market_cap":null,"last_updated":"2020-04-26T02:58:08.000Z"}}},{"id":328,"name":"Monero","symbol":"XMR","slug":"monero","num_market_pairs":146,"date_added":"2014-05-21T00:00:00.000Z","tags":["mineable"],"max_supply":null,"circulating_supply":17537063.360697,"total_supply":17537063.360697,"platform":null,"cmc_rank":14,"last_updated":"2020-04-26T02:58:06.000Z","quote":{"USD":{"price":61.4091562168,"volume_24h":101976667.446449,"percent_change_1h":0.451589,"percent_change_24h":1.19136,"percent_change_7d":5.65979,"market_cap":1076936263.5009618,"last_updated":"2020-04-26T02:58:06.000Z"}}},{"id":2010,"name":"Cardano","symbol":"ADA","slug":"cardano","num_market_pairs":131,"date_added":"2017-10-01T00:00:00.000Z","tags":["mineable"],"max_supply":45000000000,"circulating_supply":25927070538,"total_supply":31112483745,"platform":null,"cmc_rank":13,"last_updated":"2020-04-26T02:58:08.000Z","quote":{"USD":{"price":0.0429428797261,"volume_24h":93240846.0059518,"percent_change_1h":0.69597,"percent_change_24h":1.6946,"percent_change_7d":17.7001,"market_cap":1113383071.763445,"last_updated":"2020-04-26T02:58:08.000Z"}}},{"id":1168,"name":"Decred","symbol":"DCR","slug":"decred","num_market_pairs":49,"date_added":"2016-02-10T00:00:00.000Z","tags":["mineable"],"max_supply":21000000,"circulating_supply":11407463.6496473,"total_supply":11407463.6496473,"platform":null,"cmc_rank":41,"last_updated":"2020-04-26T02:58:06.000Z","quote":{"USD":{"price":12.9989840826,"volume_24h":91639673.1497402,"percent_change_1h":0.744372,"percent_change_24h":3.78977,"percent_change_7d":1.62779,"market_cap":148285438.40460333,"last_updated":"2020-04-26T02:58:06.000Z"}}},{"id":1808,"name":"OmiseGO","symbol":"OMG","slug":"omisego","num_market_pairs":209,"date_added":"2017-07-14T00:00:00.000Z","tags":[],"max_supply":null,"circulating_supply":140245398.245133,"total_supply":140245398.245133,"platform":{"id":1027,"name":"Ethereum","symbol":"ETH","slug":"ethereum","token_address":"0xd26114cd6EE289AccF82350c8d8487fedB8A0C07"},"cmc_rank":57,"last_updated":"2020-04-26T02:58:08.000Z","quote":{"USD":{"price":0.649107492775,"volume_24h":90963225.2992957,"percent_change_1h":0.602927,"percent_change_24h":4.94138,"percent_change_7d":8.72874,"market_cap":91034338.82812968,"last_updated":"2020-04-26T02:58:08.000Z"}}},{"id":1697,"name":"Basic Attention Token","symbol":"BAT","slug":"basic-attention-token","num_market_pairs":183,"date_added":"2017-06-01T00:00:00.000Z","tags":[],"max_supply":null,"circulating_supply":1457527137.0863,"total_supply":1500000000,"platform":{"id":1027,"name":"Ethereum","symbol":"ETH","slug":"ethereum","token_address":"0x0d8775f648430679a709e98d2b0cb6250d2887ef"},"cmc_rank":33,"last_updated":"2020-04-26T02:58:08.000Z","quote":{"USD":{"price":0.184590773546,"volume_24h":82163208.135289,"percent_change_1h":0.447682,"percent_change_24h":3.73033,"percent_change_7d":7.90244,"market_cap":269046061.6990469,"last_updated":"2020-04-26T02:58:08.000Z"}}},{"id":4064,"name":"USDK","symbol":"USDK","slug":"usdk","num_market_pairs":37,"date_added":"2019-07-29T00:00:00.000Z","tags":[],"max_supply":null,"circulating_supply":28600072,"total_supply":28600072,"platform":{"id":1027,"name":"Ethereum","symbol":"ETH","slug":"ethereum","token_address":"0x1c48f86ae57291f7686349f12601910bd8d470bb"},"cmc_rank":252,"last_updated":"2020-04-26T02:58:14.000Z","quote":{"USD":{"price":1.00550125819,"volume_24h":77182784.5675007,"percent_change_1h":0.0749251,"percent_change_24h":-0.101563,"percent_change_7d":0.147897,"market_cap":28757408.38032459,"last_updated":"2020-04-26T02:58:14.000Z"}}},{"id":3702,"name":"Beam","symbol":"BEAM","slug":"beam","num_market_pairs":32,"date_added":"2019-01-17T00:00:00.000Z","tags":["mineable"],"max_supply":262800000,"circulating_supply":60310760,"total_supply":60310760,"platform":null,"cmc_rank":153,"last_updated":"2020-04-26T02:58:13.000Z","quote":{"USD":{"price":0.320860254619,"volume_24h":75026437.3228557,"percent_change_1h":-0.235503,"percent_change_24h":11.6424,"percent_change_7d":14.6638,"market_cap":19351325.8098654,"last_updated":"2020-04-26T02:58:13.000Z"}}},{"id":1772,"name":"Storj","symbol":"STORJ","slug":"storj","num_market_pairs":32,"date_added":"2017-07-02T00:00:00.000Z","tags":[],"max_supply":null,"circulating_supply":135787438.700013,"total_supply":424999998.000013,"platform":{"id":1027,"name":"Ethereum","symbol":"ETH","slug":"ethereum","token_address":"0xb64ef51c888972c908cfacf59b47c1afbc0ab8ac"},"cmc_rank":181,"last_updated":"2020-04-26T02:58:07.000Z","quote":{"USD":{"price":0.101747323484,"volume_24h":71428931.4208114,"percent_change_1h":0.131527,"percent_change_24h":2.00311,"percent_change_7d":4.0546,"market_cap":13816008.450474044,"last_updated":"2020-04-26T02:58:07.000Z"}}},{"id":5031,"name":"MimbleWimbleCoin","symbol":"MWC","slug":"mimblewimblecoin","num_market_pairs":7,"date_added":"2020-02-24T00:00:00.000Z","tags":[],"max_supply":20000000,"circulating_supply":8011847.2569404,"total_supply":10521490.2569404,"platform":null,"cmc_rank":209,"last_updated":"2020-04-26T02:58:16.000Z","quote":{"USD":{"price":17.8156062186,"volume_24h":70674528.7180408,"percent_change_1h":-0.812272,"percent_change_24h":5.78379,"percent_change_7d":31.8771,"market_cap":142735915.81322074,"last_updated":"2020-04-26T02:58:16.000Z"}}},{"id":3718,"name":"BitTorrent","symbol":"BTT","slug":"bittorrent","num_market_pairs":134,"date_added":"2019-01-31T00:00:00.000Z","tags":[],"max_supply":null,"circulating_supply":212116500000,"total_supply":990000000000,"platform":{"id":1958,"name":"TRON","symbol":"TRX","slug":"tron","token_address":"1002000"},"cmc_rank":79,"last_updated":"2020-04-26T02:58:14.000Z","quote":{"USD":{"price":0.000248512412996,"volume_24h":67103267.1221552,"percent_change_1h":0.83282,"percent_change_24h":2.82404,"percent_change_7d":6.3174,"market_cap":52713583.25126604,"last_updated":"2020-04-26T02:58:14.000Z"}}},{"id":4030,"name":"Algorand","symbol":"ALGO","slug":"algorand","num_market_pairs":77,"date_added":"2019-06-20T00:00:00.000Z","tags":["mineable"],"max_supply":null,"circulating_supply":708739546.940831,"total_supply":3240011389.94083,"platform":null,"cmc_rank":39,"last_updated":"2020-04-26T02:58:15.000Z","quote":{"USD":{"price":0.218607165851,"volume_24h":63790896.3999017,"percent_change_1h":0.214352,"percent_change_24h":5.66477,"percent_change_7d":10.3963,"market_cap":154935543.68325683,"last_updated":"2020-04-26T02:58:15.000Z"}}},{"id":2307,"name":"Bibox Token","symbol":"BIX","slug":"bibox-token","num_market_pairs":27,"date_added":"2017-12-24T00:00:00.000Z","tags":[],"max_supply":null,"circulating_supply":97882450.27,"total_supply":251424733.27,"platform":{"id":1027,"name":"Ethereum","symbol":"ETH","slug":"ethereum","token_address":"0xb3104b4b9da82025e8b9f8fb28b3553ce2f67069"},"cmc_rank":332,"last_updated":"2020-04-26T02:58:08.000Z","quote":{"USD":{"price":0.0850365589267,"volume_24h":62264994.3570541,"percent_change_1h":1.17517,"percent_change_24h":3.99159,"percent_change_7d":5.82727,"market_cap":8323586.750274638,"last_updated":"2020-04-26T02:58:08.000Z"}}},{"id":1776,"name":"MCO","symbol":"MCO","slug":"crypto-com","num_market_pairs":61,"date_added":"2017-07-03T00:00:00.000Z","tags":[],"max_supply":null,"circulating_supply":15793831.0949625,"total_supply":31587682.3632061,"platform":{"id":1027,"name":"Ethereum","symbol":"ETH","slug":"ethereum","token_address":"0xb63b606ac810a52cca15e44bb630fd42d8d1d83d"},"cmc_rank":59,"last_updated":"2020-04-26T02:58:07.000Z","quote":{"USD":{"price":5.13877111034,"volume_24h":56898938.8645086,"percent_change_1h":0.203068,"percent_change_24h":0.307194,"percent_change_7d":-2.33353,"market_cap":81160882.95238286,"last_updated":"2020-04-26T02:58:07.000Z"}}},{"id":1982,"name":"Kyber Network","symbol":"KNC","slug":"kyber-network","num_market_pairs":64,"date_added":"2017-09-24T00:00:00.000Z","tags":[],"max_supply":null,"circulating_supply":180432602.911872,"total_supply":210939151.730736,"platform":{"id":1027,"name":"Ethereum","symbol":"ETH","slug":"ethereum","token_address":"0xdd974d5c2e2928dea5f71b9825b8b646686bd200"},"cmc_rank":52,"last_updated":"2020-04-26T02:58:07.000Z","quote":{"USD":{"price":0.580260789698,"volume_24h":56211009.9447252,"percent_change_1h":2.74316,"percent_change_24h":13.6534,"percent_change_7d":18.0379,"market_cap":104697964.6529085,"last_updated":"2020-04-26T02:58:07.000Z"}}},{"id":4687,"name":"Binance USD","symbol":"BUSD","slug":"binance-usd","num_market_pairs":61,"date_added":"2019-09-20T00:00:00.000Z","tags":[],"max_supply":null,"circulating_supply":190748647.59,"total_supply":190748647.59,"platform":{"id":1027,"name":"Ethereum","symbol":"ETH","slug":"ethereum","token_address":"0x4Fabb145d64652a948d72533023f6E7A623C7C53"},"cmc_rank":37,"last_updated":"2020-04-26T02:58:16.000Z","quote":{"USD":{"price":1.00509616103,"volume_24h":55468254.3514564,"percent_change_1h":0.110227,"percent_change_24h":-0.265684,"percent_change_7d":0.286821,"market_cap":191720733.41437337,"last_updated":"2020-04-26T02:58:16.000Z"}}},{"id":2280,"name":"Filecoin [Futures]","symbol":"FIL","slug":"filecoin","num_market_pairs":4,"date_added":"2017-12-13T00:00:00.000Z","tags":["mineable"],"max_supply":null,"circulating_supply":null,"total_supply":null,"platform":null,"cmc_rank":2031,"last_updated":"2020-04-26T02:58:08.000Z","quote":{"USD":{"price":5.22275732865,"volume_24h":50368527.4014838,"percent_change_1h":0.434108,"percent_change_24h":0.615919,"percent_change_7d":3.10234,"market_cap":null,"last_updated":"2020-04-26T02:58:08.000Z"}}},{"id":3657,"name":"Lambda","symbol":"LAMB","slug":"lambda","num_market_pairs":41,"date_added":"2019-01-02T00:00:00.000Z","tags":[],"max_supply":10000000000,"circulating_supply":647017614.163218,"total_supply":6000000000,"platform":{"id":1027,"name":"Ethereum","symbol":"ETH","slug":"ethereum","token_address":"0x8971f9fd7196e5cee2c1032b50f656855af7dd26"},"cmc_rank":317,"last_updated":"2020-04-26T02:58:13.000Z","quote":{"USD":{"price":0.0138932000866,"volume_24h":45088004.3959395,"percent_change_1h":-0.0283504,"percent_change_24h":5.59978,"percent_change_7d":1.08485,"market_cap":8989145.173124146,"last_updated":"2020-04-26T02:58:13.000Z"}}},{"id":3437,"name":"ABBC Coin","symbol":"ABBC","slug":"abbc-coin","num_market_pairs":42,"date_added":"2018-10-12T00:00:00.000Z","tags":["mineable"],"max_supply":null,"circulating_supply":555416924.350722,"total_supply":1003278750.0109,"platform":null,"cmc_rank":68,"last_updated":"2020-04-26T02:58:12.000Z","quote":{"USD":{"price":0.116548004536,"volume_24h":44986906.5072396,"percent_change_1h":0.528689,"percent_change_24h":1.78699,"percent_change_7d":-0.60359,"market_cap":64732734.21859911,"last_updated":"2020-04-26T02:58:12.000Z"}}},{"id":2130,"name":"Enjin Coin","symbol":"ENJ","slug":"enjin-coin","num_market_pairs":61,"date_added":"2017-11-01T00:00:00.000Z","tags":[],"max_supply":null,"circulating_supply":814772129.064264,"total_supply":1000000000,"platform":{"id":1027,"name":"Ethereum","symbol":"ETH","slug":"ethereum","token_address":"0xf629cbd94d3791c9250152bd8dfbdf380e2a3b9c"},"cmc_rank":46,"last_updated":"2020-04-26T02:58:08.000Z","quote":{"USD":{"price":0.156796624664,"volume_24h":42741512.0035007,"percent_change_1h":0.542659,"percent_change_24h":21.8782,"percent_change_7d":51.2966,"market_cap":127753519.70757757,"last_updated":"2020-04-26T02:58:08.000Z"}}},{"id":4229,"name":"Yobit Token","symbol":"YO","slug":"yobit-token","num_market_pairs":11,"date_added":"2019-09-03T00:00:00.000Z","tags":[],"max_supply":null,"circulating_supply":null,"total_supply":17000,"platform":{"id":1027,"name":"Ethereum","symbol":"ETH","slug":"ethereum","token_address":"0xebf4ca5319f406602eeff68da16261f1216011b5"},"cmc_rank":2032,"last_updated":"2020-04-26T02:58:15.000Z","quote":{"USD":{"price":762.313023589,"volume_24h":42435398.2237357,"percent_change_1h":-1.42894,"percent_change_24h":3.4459,"percent_change_7d":4.77387,"market_cap":null,"last_updated":"2020-04-26T02:58:15.000Z"}}},{"id":2349,"name":"Mixin","symbol":"XIN","slug":"mixin","num_market_pairs":8,"date_added":"2018-01-09T00:00:00.000Z","tags":[],"max_supply":1000000,"circulating_supply":510473.266535786,"total_supply":1000000,"platform":{"id":1027,"name":"Ethereum","symbol":"ETH","slug":"ethereum","token_address":"0xa974c709cfb4566686553a20790685a47aceaa33"},"cmc_rank":217,"last_updated":"2020-04-26T02:58:08.000Z","quote":{"USD":{"price":164.646491038,"volume_24h":42380132.5942527,"percent_change_1h":-2.83773,"percent_change_24h":-0.100538,"percent_change_7d":-2.9517,"market_cap":84047632.10382287,"last_updated":"2020-04-26T02:58:08.000Z"}}},{"id":3306,"name":"Gemini Dollar","symbol":"GUSD","slug":"gemini-dollar","num_market_pairs":31,"date_added":"2018-10-05T00:00:00.000Z","tags":[],"max_supply":null,"circulating_supply":5884964.1,"total_supply":5884964.1,"platform":{"id":1027,"name":"Ethereum","symbol":"ETH","slug":"ethereum","token_address":"0x056Fd409E1d7A124BD7017459dFEa2F387b6d5Cd"},"cmc_rank":402,"last_updated":"2020-04-26T02:58:12.000Z","quote":{"USD":{"price":1.01204970776,"volume_24h":41949895.199398,"percent_change_1h":0.247844,"percent_change_24h":0.415489,"percent_change_7d":1.31126,"market_cap":5955876.1975830905,"last_updated":"2020-04-26T02:58:12.000Z"}}},{"id":3351,"name":"ZB Token","symbol":"ZB","slug":"zb-token","num_market_pairs":11,"date_added":"2018-09-27T00:00:00.000Z","tags":[],"max_supply":null,"circulating_supply":463288810,"total_supply":2100000000,"platform":{"id":1027,"name":"Ethereum","symbol":"ETH","slug":"ethereum","token_address":"0xbd0793332e9fb844a52a205a233ef27a5b34b927"},"cmc_rank":50,"last_updated":"2020-04-26T02:58:12.000Z","quote":{"USD":{"price":0.24608733272,"volume_24h":38719965.7546642,"percent_change_1h":-0.409715,"percent_change_24h":2.72138,"percent_change_7d":1.84443,"market_cap":114009507.53192286,"last_updated":"2020-04-26T02:58:12.000Z"}}},{"id":2083,"name":"Bitcoin Gold","symbol":"BTG","slug":"bitcoin-gold","num_market_pairs":73,"date_added":"2017-10-23T00:00:00.000Z","tags":["mineable"],"max_supply":21000000,"circulating_supply":17513923.589,"total_supply":17513923.589,"platform":null,"cmc_rank":38,"last_updated":"2020-04-26T02:58:08.000Z","quote":{"USD":{"price":9.48802923068,"volume_24h":37629382.668692,"percent_change_1h":0.149877,"percent_change_24h":0.381271,"percent_change_7d":-4.98874,"market_cap":166172618.956328,"last_updated":"2020-04-26T02:58:08.000Z"}}},{"id":1274,"name":"Waves","symbol":"WAVES","slug":"waves","num_market_pairs":144,"date_added":"2016-06-02T00:00:00.000Z","tags":[],"max_supply":null,"circulating_supply":101766106,"total_supply":101766106,"platform":null,"cmc_rank":53,"last_updated":"2020-04-26T02:58:07.000Z","quote":{"USD":{"price":1.02739026312,"volume_24h":36397729.0012079,"percent_change_1h":0.0747357,"percent_change_24h":1.21808,"percent_change_7d":-0.691601,"market_cap":104553506.42003782,"last_updated":"2020-04-26T02:58:07.000Z"}}},{"id":1104,"name":"Augur","symbol":"REP","slug":"augur","num_market_pairs":73,"date_added":"2015-10-27T00:00:00.000Z","tags":[],"max_supply":null,"circulating_supply":11000000,"total_supply":11000000,"platform":{"id":1027,"name":"Ethereum","symbol":"ETH","slug":"ethereum","token_address":"0x1985365e9f78359a9b6ad760e32412f4a445e862"},"cmc_rank":51,"last_updated":"2020-04-26T02:58:06.000Z","quote":{"USD":{"price":10.3301150571,"volume_24h":35571240.1622199,"percent_change_1h":0.207331,"percent_change_24h":1.60103,"percent_change_7d":1.2738,"market_cap":113631265.62810001,"last_updated":"2020-04-26T02:58:06.000Z"}}},{"id":3709,"name":"Grin","symbol":"GRIN","slug":"grin","num_market_pairs":60,"date_added":"2019-01-27T00:00:00.000Z","tags":["mineable"],"max_supply":null,"circulating_supply":40131300,"total_supply":40131300,"platform":null,"cmc_rank":141,"last_updated":"2020-04-26T02:58:14.000Z","quote":{"USD":{"price":0.523295590281,"volume_24h":35557804.3024964,"percent_change_1h":-0.767682,"percent_change_24h":5.76474,"percent_change_7d":4.59504,"market_cap":21000532.322243895,"last_updated":"2020-04-26T02:58:14.000Z"}}},{"id":2405,"name":"IOST","symbol":"IOST","slug":"iostoken","num_market_pairs":85,"date_added":"2018-01-16T00:00:00.000Z","tags":[],"max_supply":null,"circulating_supply":12013965608.8475,"total_supply":21000000000,"platform":null,"cmc_rank":93,"last_updated":"2020-04-26T02:58:09.000Z","quote":{"USD":{"price":0.00358731522495,"volume_24h":34246674.8132868,"percent_change_1h":0.769718,"percent_change_24h":1.00622,"percent_change_7d":5.76383,"market_cap":43097881.74064433,"last_updated":"2020-04-26T02:58:09.000Z"}}},{"id":2099,"name":"ICON","symbol":"ICX","slug":"icon","num_market_pairs":61,"date_added":"2017-10-27T00:00:00.000Z","tags":[],"max_supply":null,"circulating_supply":538299826.282029,"total_supply":800460000,"platform":null,"cmc_rank":40,"last_updated":"2020-04-26T02:58:08.000Z","quote":{"USD":{"price":0.285018835308,"volume_24h":34032593.5320984,"percent_change_1h":0.109476,"percent_change_24h":7.68847,"percent_change_7d":16.1294,"market_cap":153425589.53340262,"last_updated":"2020-04-26T02:58:08.000Z"}}},{"id":2457,"name":"TrueChain","symbol":"TRUE","slug":"truechain","num_market_pairs":16,"date_added":"2018-01-24T00:00:00.000Z","tags":[],"max_supply":null,"circulating_supply":79575542.96,"total_supply":100000000,"platform":null,"cmc_rank":138,"last_updated":"2020-04-26T02:58:09.000Z","quote":{"USD":{"price":0.269523646654,"volume_24h":33861285.6914326,"percent_change_1h":0.268638,"percent_change_24h":0.972098,"percent_change_7d":-3.48728,"market_cap":21447490.523051236,"last_updated":"2020-04-26T02:58:09.000Z"}}},{"id":624,"name":"bitCNY","symbol":"BITCNY","slug":"bitcny","num_market_pairs":23,"date_added":"2014-09-23T00:00:00.000Z","tags":[],"max_supply":null,"circulating_supply":31221100,"total_supply":31221100,"platform":{"id":463,"name":"BitShares","symbol":"BTS","slug":"bitshares","token_address":"CNY"},"cmc_rank":481,"last_updated":"2020-04-26T02:58:05.000Z","quote":{"USD":{"price":0.141198007008,"volume_24h":29793785.3468503,"percent_change_1h":0.202517,"percent_change_24h":-0.111698,"percent_change_7d":0.455065,"market_cap":4408357.0965974685,"last_updated":"2020-04-26T02:58:05.000Z"}}},{"id":5217,"name":"3X Long Ethereum Token","symbol":"ETHBULL","slug":"3x-long-ethereum-token","num_market_pairs":7,"date_added":"2020-02-11T00:00:00.000Z","tags":[],"max_supply":null,"circulating_supply":null,"total_supply":2688.70054275,"platform":{"id":1027,"name":"Ethereum","symbol":"ETH","slug":"ethereum","token_address":"0x871baed4088b863fd6407159f3672d70cd34837d"},"cmc_rank":2033,"last_updated":"2020-04-26T02:58:17.000Z","quote":{"USD":{"price":207.993964974,"volume_24h":27104028.8318847,"percent_change_1h":0.319622,"percent_change_24h":12.5828,"percent_change_7d":13.3629,"market_cap":null,"last_updated":"2020-04-26T02:58:17.000Z"}}},{"id":2577,"name":"Ravencoin","symbol":"RVN","slug":"ravencoin","num_market_pairs":50,"date_added":"2018-03-10T00:00:00.000Z","tags":["mineable"],"max_supply":21000000000,"circulating_supply":6022640000,"total_supply":6022640000,"platform":null,"cmc_rank":47,"last_updated":"2020-04-26T02:58:10.000Z","quote":{"USD":{"price":0.0206936053424,"volume_24h":26283484.8256306,"percent_change_1h":2.08573,"percent_change_24h":16.5951,"percent_change_7d":20.3283,"market_cap":124630135.27935195,"last_updated":"2020-04-26T02:58:10.000Z"}}},{"id":1896,"name":"0x","symbol":"ZRX","slug":"0x","num_market_pairs":179,"date_added":"2017-08-16T00:00:00.000Z","tags":[],"max_supply":null,"circulating_supply":652285423.432216,"total_supply":1000000000,"platform":{"id":1027,"name":"Ethereum","symbol":"ETH","slug":"ethereum","token_address":"0xe41d2489571d322189246dafa5ebde1f4699f498"},"cmc_rank":48,"last_updated":"2020-04-26T02:58:08.000Z","quote":{"USD":{"price":0.187282192553,"volume_24h":25792417.5538253,"percent_change_1h":0.534013,"percent_change_24h":1.92092,"percent_change_7d":4.86505,"market_cap":122161444.27074742,"last_updated":"2020-04-26T02:58:08.000Z"}}},{"id":109,"name":"DigiByte","symbol":"DGB","slug":"digibyte","num_market_pairs":77,"date_added":"2014-02-06T00:00:00.000Z","tags":["mineable"],"max_supply":21000000000,"circulating_supply":13072421560.2386,"total_supply":13072421560.2386,"platform":null,"cmc_rank":36,"last_updated":"2020-04-26T02:58:05.000Z","quote":{"USD":{"price":0.0155788754748,"volume_24h":25369752.0420447,"percent_change_1h":-0.254663,"percent_change_24h":19.2109,"percent_change_7d":99.9789,"market_cap":203653627.64104787,"last_updated":"2020-04-26T02:58:05.000Z"}}},{"id":4779,"name":"HUSD","symbol":"HUSD","slug":"husd","num_market_pairs":18,"date_added":"2019-10-15T00:00:00.000Z","tags":[],"max_supply":null,"circulating_supply":null,"total_supply":87094416.0933887,"platform":{"id":1027,"name":"Ethereum","symbol":"ETH","slug":"ethereum","token_address":"0xdf574c24545e5ffecb9a659c229253d4111d87e1"},"cmc_rank":2034,"last_updated":"2020-04-26T02:58:15.000Z","quote":{"USD":{"price":1.00558260296,"volume_24h":23444503.2410267,"percent_change_1h":0.121015,"percent_change_24h":-0.177074,"percent_change_7d":0.306677,"market_cap":null,"last_updated":"2020-04-26T02:58:15.000Z"}}},{"id":5414,"name":"3x Long EOS Token","symbol":"EOSBULL","slug":"3x-long-eos-token","num_market_pairs":5,"date_added":"2020-04-06T00:00:00.000Z","tags":[],"max_supply":null,"circulating_supply":null,"total_supply":1057300.976,"platform":{"id":1027,"name":"Ethereum","symbol":"ETH","slug":"ethereum","token_address":"0xeaD7F3ae4e0Bb0D8785852Cc37CC9d0B5e75c06a"},"cmc_rank":2035,"last_updated":"2020-04-26T02:58:18.000Z","quote":{"USD":{"price":6.02251727569,"volume_24h":22563378.7010198,"percent_change_1h":-0.614038,"percent_change_24h":1.34597,"percent_change_7d":-0.203215,"market_cap":null,"last_updated":"2020-04-26T02:58:18.000Z"}}},{"id":3890,"name":"Matic Network","symbol":"MATIC","slug":"matic-network","num_market_pairs":51,"date_added":"2019-04-28T00:00:00.000Z","tags":[],"max_supply":null,"circulating_supply":2758503686,"total_supply":10000000000,"platform":{"id":1027,"name":"Ethereum","symbol":"ETH","slug":"ethereum","token_address":"0x7D1AfA7B718fb893dB30A3aBc0Cfc608AaCfeBB0"},"cmc_rank":94,"last_updated":"2020-04-26T02:58:14.000Z","quote":{"USD":{"price":0.0153072184198,"volume_24h":22212241.1839541,"percent_change_1h":0.247702,"percent_change_24h":4.47982,"percent_change_7d":14.4354,"market_cap":42225018.4334254,"last_updated":"2020-04-26T02:58:14.000Z"}}},{"id":5429,"name":"DEAPcoin","symbol":"DEP","slug":"deapcoin","num_market_pairs":2,"date_added":"2020-04-10T00:00:00.000Z","tags":[],"max_supply":30000000000,"circulating_supply":null,"total_supply":30000000000,"platform":{"id":1027,"name":"Ethereum","symbol":"ETH","slug":"ethereum","token_address":"0x1a3496c18d558bd9c6c8f609e1b129f67ab08163"},"cmc_rank":2036,"last_updated":"2020-04-26T02:58:16.000Z","quote":{"USD":{"price":0.00522278967379,"volume_24h":21982329.8339607,"percent_change_1h":0.0862218,"percent_change_24h":1.37264,"percent_change_7d":-2.00461,"market_cap":null,"last_updated":"2020-04-26T02:58:16.000Z"}}},{"id":2299,"name":"aelf","symbol":"ELF","slug":"aelf","num_market_pairs":79,"date_added":"2017-12-21T00:00:00.000Z","tags":[],"max_supply":1000000000,"circulating_supply":544480199.986466,"total_supply":879999999.986466,"platform":{"id":1027,"name":"Ethereum","symbol":"ETH","slug":"ethereum","token_address":"0xbf2179859fc6d5bee9bf9158632dc51678a4100e"},"cmc_rank":101,"last_updated":"2020-04-26T02:58:08.000Z","quote":{"USD":{"price":0.0654554361626,"volume_24h":20717410.50146,"percent_change_1h":0.414301,"percent_change_24h":0.730124,"percent_change_7d":2.18032,"market_cap":35639188.97201381,"last_updated":"2020-04-26T02:58:08.000Z"}}},{"id":5198,"name":"Creditcoin","symbol":"CTC","slug":"creditcoin","num_market_pairs":3,"date_added":"2020-01-31T00:00:00.000Z","tags":[],"max_supply":null,"circulating_supply":null,"total_supply":600000000,"platform":null,"cmc_rank":2037,"last_updated":"2020-04-26T02:58:16.000Z","quote":{"USD":{"price":0.369720103183,"volume_24h":20581665.8100624,"percent_change_1h":0.022469,"percent_change_24h":-1.16403,"percent_change_7d":-11.1067,"market_cap":null,"last_updated":"2020-04-26T02:58:16.000Z"}}},{"id":5085,"name":"Building Cities Beyond Blockchain","symbol":"BCB","slug":"building-cities-beyond-blockchain","num_market_pairs":3,"date_added":"2019-12-30T00:00:00.000Z","tags":[],"max_supply":66000000,"circulating_supply":null,"total_supply":66000000,"platform":null,"cmc_rank":2038,"last_updated":"2020-04-26T02:58:16.000Z","quote":{"USD":{"price":2.60055167459,"volume_24h":20472330.9754323,"percent_change_1h":0.182068,"percent_change_24h":-0.688358,"percent_change_7d":-0.472802,"market_cap":null,"last_updated":"2020-04-26T02:58:16.000Z"}}},{"id":1903,"name":"HyperCash","symbol":"HC","slug":"hypercash","num_market_pairs":32,"date_added":"2017-08-20T00:00:00.000Z","tags":["mineable"],"max_supply":84000000,"circulating_supply":44589446.849052,"total_supply":44589446.849052,"platform":null,"cmc_rank":85,"last_updated":"2020-04-26T02:58:07.000Z","quote":{"USD":{"price":1.08685327489,"volume_24h":19867155.7577752,"percent_change_1h":0.129524,"percent_change_24h":4.85487,"percent_change_7d":3.07512,"market_cap":48462186.33342575,"last_updated":"2020-04-26T02:58:07.000Z"}}},{"id":5477,"name":"ECOChain","symbol":"ECOC","slug":"ecochain","num_market_pairs":1,"date_added":"2020-04-20T00:00:00.000Z","tags":[],"max_supply":2000000000,"circulating_supply":null,"total_supply":223217150,"platform":null,"cmc_rank":2039,"last_updated":"2020-04-26T02:58:17.000Z","quote":{"USD":{"price":1.91331077667,"volume_24h":19769106.1978175,"percent_change_1h":1.21528,"percent_change_24h":43.4103,"percent_change_7d":null,"market_cap":null,"last_updated":"2020-04-26T02:58:17.000Z"}}},{"id":1866,"name":"Bytom","symbol":"BTM","slug":"bytom","num_market_pairs":54,"date_added":"2017-08-08T00:00:00.000Z","tags":["mineable"],"max_supply":null,"circulating_supply":1002499275,"total_supply":1407000000,"platform":null,"cmc_rank":69,"last_updated":"2020-04-26T02:58:07.000Z","quote":{"USD":{"price":0.0620953465365,"volume_24h":18641475.7815173,"percent_change_1h":1.25214,"percent_change_24h":4.13454,"percent_change_7d":4.16561,"market_cap":62250539.88371501,"last_updated":"2020-04-26T02:58:07.000Z"}}},{"id":4899,"name":"Yap Stone","symbol":"YAP","slug":"yap-stone","num_market_pairs":14,"date_added":"2019-11-09T00:00:00.000Z","tags":[],"max_supply":null,"circulating_supply":150000000,"total_supply":1000000000,"platform":{"id":1027,"name":"Ethereum","symbol":"ETH","slug":"ethereum","token_address":""},"cmc_rank":108,"last_updated":"2020-04-26T02:58:17.000Z","quote":{"USD":{"price":0.219340954012,"volume_24h":18560608.12231,"percent_change_1h":-0.0665241,"percent_change_24h":0.509349,"percent_change_7d":4.25241,"market_cap":32901143.1018,"last_updated":"2020-04-26T02:58:17.000Z"}}},{"id":2341,"name":"SwftCoin","symbol":"SWFTC","slug":"swftcoin","num_market_pairs":13,"date_added":"2018-01-04T00:00:00.000Z","tags":[],"max_supply":null,"circulating_supply":4004999999,"total_supply":10000000000,"platform":{"id":1027,"name":"Ethereum","symbol":"ETH","slug":"ethereum","token_address":"0x0bb217e40f8a5cb79adf04e1aab60e5abd0dfc1e"},"cmc_rank":401,"last_updated":"2020-04-26T02:58:08.000Z","quote":{"USD":{"price":0.00148868104365,"volume_24h":17424911.4670491,"percent_change_1h":-6.32146,"percent_change_24h":2.98668,"percent_change_7d":13.7696,"market_cap":5962167.578329569,"last_updated":"2020-04-26T02:58:08.000Z"}}},{"id":2588,"name":"Loom Network","symbol":"LOOM","slug":"loom-network","num_market_pairs":65,"date_added":"2018-03-14T00:00:00.000Z","tags":[],"max_supply":null,"circulating_supply":970041175.954257,"total_supply":1000000000,"platform":{"id":1027,"name":"Ethereum","symbol":"ETH","slug":"ethereum","token_address":"0xa4e8c3ec456107ea67d3075bf9e3df3a75823db0"},"cmc_rank":171,"last_updated":"2020-04-26T02:58:10.000Z","quote":{"USD":{"price":0.0152186208697,"volume_24h":16990878.292688,"percent_change_1h":0.26082,"percent_change_24h":1.83594,"percent_change_7d":2.91568,"market_cap":14762688.884845786,"last_updated":"2020-04-26T02:58:10.000Z"}}},{"id":5295,"name":"3X Long BNB Token","symbol":"BNBBULL","slug":"3x-long-bnb-token","num_market_pairs":5,"date_added":"2020-03-11T00:00:00.000Z","tags":[],"max_supply":null,"circulating_supply":null,"total_supply":4975.41633724,"platform":{"id":1027,"name":"Ethereum","symbol":"ETH","slug":"ethereum","token_address":"0x9d1a62c2ad99019768b9126fda004a9952853f6e"},"cmc_rank":2040,"last_updated":"2020-04-26T02:58:17.000Z","quote":{"USD":{"price":116.16511253,"volume_24h":16483269.0569188,"percent_change_1h":0.224799,"percent_change_24h":7.92678,"percent_change_7d":-3.0639,"market_cap":null,"last_updated":"2020-04-26T02:58:17.000Z"}}},{"id":3945,"name":"Harmony","symbol":"ONE","slug":"harmony","num_market_pairs":20,"date_added":"2019-06-01T00:00:00.000Z","tags":[],"max_supply":null,"circulating_supply":4596807869,"total_supply":12600000000,"platform":null,"cmc_rank":191,"last_updated":"2020-04-26T02:58:14.000Z","quote":{"USD":{"price":0.00270447301648,"volume_24h":16317708.9639522,"percent_change_1h":-0.351718,"percent_change_24h":2.8323,"percent_change_7d":17.0781,"market_cap":12431942.84365343,"last_updated":"2020-04-26T02:58:14.000Z"}}},{"id":1966,"name":"Decentraland","symbol":"MANA","slug":"decentraland","num_market_pairs":75,"date_added":"2017-09-17T00:00:00.000Z","tags":[],"max_supply":null,"circulating_supply":1370183055.67155,"total_supply":2197927665.03415,"platform":{"id":1027,"name":"Ethereum","symbol":"ETH","slug":"ethereum","token_address":"0x0f5d2fb29fb7d3cfee444a200298f468908cc942"},"cmc_rank":96,"last_updated":"2020-04-26T02:58:07.000Z","quote":{"USD":{"price":0.0292274625118,"volume_24h":16183169.3352619,"percent_change_1h":-0.0683802,"percent_change_24h":-0.817751,"percent_change_7d":-1.75672,"market_cap":40046973.8939438,"last_updated":"2020-04-26T02:58:07.000Z"}}},{"id":5221,"name":"Handshake ","symbol":"HNS","slug":"handshake","num_market_pairs":10,"date_added":"2020-02-22T00:00:00.000Z","tags":[],"max_supply":null,"circulating_supply":268078892.322,"total_supply":2040000000,"platform":null,"cmc_rank":247,"last_updated":"2020-04-26T02:58:16.000Z","quote":{"USD":{"price":0.119579893247,"volume_24h":15922575.1292388,"percent_change_1h":0.519072,"percent_change_24h":-1.49137,"percent_change_7d":-3.21675,"market_cap":32056845.325638767,"last_updated":"2020-04-26T02:58:16.000Z"}}},{"id":5117,"name":"Origin Protocol","symbol":"OGN","slug":"origin-protocol","num_market_pairs":15,"date_added":"2020-01-09T00:00:00.000Z","tags":[],"max_supply":null,"circulating_supply":33523273.02,"total_supply":1000000000,"platform":{"id":1027,"name":"Ethereum","symbol":"ETH","slug":"ethereum","token_address":"0x8207c1ffc5b6804f6024322ccf34f29c3541ae26"},"cmc_rank":341,"last_updated":"2020-04-26T02:58:16.000Z","quote":{"USD":{"price":0.235297338125,"volume_24h":15177936.5117654,"percent_change_1h":1.33418,"percent_change_24h":4.64014,"percent_change_7d":0.492926,"market_cap":7887936.90684363,"last_updated":"2020-04-26T02:58:16.000Z"}}},{"id":1785,"name":"Gas","symbol":"GAS","slug":"gas","num_market_pairs":52,"date_added":"2017-07-06T00:00:00.000Z","tags":[],"max_supply":100000000,"circulating_supply":10128375.105773,"total_supply":17190378,"platform":{"id":1376,"name":"Neo","symbol":"NEO","slug":"neo","token_address":"602c79718b16e442de58778e148d0b1084e3b2dffd5de6b7b16cee7969282de7"},"cmc_rank":186,"last_updated":"2020-04-26T02:58:07.000Z","quote":{"USD":{"price":1.27378550099,"volume_24h":14446651.8516753,"percent_change_1h":0.728697,"percent_change_24h":7.39775,"percent_change_7d":11.057,"market_cap":12901377.358321706,"last_updated":"2020-04-26T02:58:07.000Z"}}},{"id":2830,"name":"Seele","symbol":"SEELE","slug":"seele","num_market_pairs":18,"date_added":"2018-05-31T00:00:00.000Z","tags":[],"max_supply":null,"circulating_supply":699592066.289478,"total_supply":1000000000,"platform":{"id":1027,"name":"Ethereum","symbol":"ETH","slug":"ethereum","token_address":"0xb1eef147028e9f480dbc5ccaa3277d417d1b85f0"},"cmc_rank":72,"last_updated":"2020-04-26T02:58:10.000Z","quote":{"USD":{"price":0.0874685955914,"volume_24h":14208826.0562364,"percent_change_1h":-2.47018,"percent_change_24h":6.7842,"percent_change_7d":12.6627,"market_cap":61192335.52522624,"last_updated":"2020-04-26T02:58:10.000Z"}}},{"id":4942,"name":"Digital Gold","symbol":"GOLD","slug":"digital-gold","num_market_pairs":3,"date_added":"2019-11-18T00:00:00.000Z","tags":[],"max_supply":null,"circulating_supply":11545.726,"total_supply":17190.601,"platform":{"id":1027,"name":"Ethereum","symbol":"ETH","slug":"ethereum","token_address":"0x0d16450d347c12c086d6c94c76c5aaac35ea07e0"},"cmc_rank":991,"last_updated":"2020-04-26T02:58:16.000Z","quote":{"USD":{"price":55.0050983048,"volume_24h":14045484.4867529,"percent_change_1h":-2.22917,"percent_change_24h":1.84908,"percent_change_7d":0.0585103,"market_cap":635073.7936302853,"last_updated":"2020-04-26T02:58:16.000Z"}}},{"id":4846,"name":"Kava","symbol":"KAVA","slug":"kava","num_market_pairs":15,"date_added":"2019-10-25T00:00:00.000Z","tags":[],"max_supply":null,"circulating_supply":35854127.721819,"total_supply":108643446.721819,"platform":{"id":1839,"name":"Binance Coin","symbol":"BNB","slug":"binance-coin","token_address":""},"cmc_rank":142,"last_updated":"2020-04-26T02:58:16.000Z","quote":{"USD":{"price":0.584229752228,"volume_24h":13676191.6191579,"percent_change_1h":1.09002,"percent_change_24h":6.27415,"percent_change_7d":4.21869,"market_cap":20947048.15526938,"last_updated":"2020-04-26T02:58:16.000Z"}}},{"id":4041,"name":"MX Token","symbol":"MX","slug":"mx-token","num_market_pairs":8,"date_added":"2019-09-24T00:00:00.000Z","tags":[],"max_supply":null,"circulating_supply":193278361.2597,"total_supply":673963903.14,"platform":{"id":1027,"name":"Ethereum","symbol":"ETH","slug":"ethereum","token_address":"0x11eef04c884e24d9b7b4760e7476d06ddf797f36"},"cmc_rank":139,"last_updated":"2020-04-26T02:58:14.000Z","quote":{"USD":{"price":0.109699869523,"volume_24h":13661131.8153794,"percent_change_1h":0.131691,"percent_change_24h":1.56577,"percent_change_7d":6.91326,"market_cap":21202611.011808347,"last_updated":"2020-04-26T02:58:14.000Z"}}},{"id":2570,"name":"TomoChain","symbol":"TOMO","slug":"tomochain","num_market_pairs":23,"date_added":"2018-03-08T00:00:00.000Z","tags":["mineable"],"max_supply":null,"circulating_supply":70469375,"total_supply":100000000,"platform":null,"cmc_rank":126,"last_updated":"2020-04-26T02:58:09.000Z","quote":{"USD":{"price":0.361290740387,"volume_24h":13368614.7127713,"percent_change_1h":0.310894,"percent_change_24h":6.01821,"percent_change_7d":-5.30737,"market_cap":25459932.668359146,"last_updated":"2020-04-26T02:58:09.000Z"}}},{"id":4679,"name":"Band Protocol","symbol":"BAND","slug":"band-protocol","num_market_pairs":9,"date_added":"2019-09-18T00:00:00.000Z","tags":[],"max_supply":null,"circulating_supply":19894032.5175,"total_supply":100000000,"platform":{"id":1027,"name":"Ethereum","symbol":"ETH","slug":"ethereum","token_address":"0xba11d00c5f74255f56a5e366f4f77f5a186d7f55"},"cmc_rank":157,"last_updated":"2020-04-26T02:58:15.000Z","quote":{"USD":{"price":0.89209499361,"volume_24h":13304085.0923474,"percent_change_1h":-1.90374,"percent_change_24h":25.8843,"percent_change_7d":73.2485,"market_cap":17747366.811576292,"last_updated":"2020-04-26T02:58:15.000Z"}}},{"id":1759,"name":"Status","symbol":"SNT","slug":"status","num_market_pairs":84,"date_added":"2017-06-28T00:00:00.000Z","tags":[],"max_supply":null,"circulating_supply":3470483788,"total_supply":6804870174,"platform":{"id":1027,"name":"Ethereum","symbol":"ETH","slug":"ethereum","token_address":"0x744d70fdbe2ba4cf95131626614a1763df805b9e"},"cmc_rank":67,"last_updated":"2020-04-26T02:58:07.000Z","quote":{"USD":{"price":0.0192501650947,"volume_24h":12988872.4778604,"percent_change_1h":0.565113,"percent_change_24h":1.69543,"percent_change_7d":14.4095,"market_cap":66807385.87747984,"last_updated":"2020-04-26T02:58:07.000Z"}}},{"id":1720,"name":"IOTA","symbol":"MIOTA","slug":"iota","num_market_pairs":53,"date_added":"2017-06-13T00:00:00.000Z","tags":[],"max_supply":2779530283,"circulating_supply":2779530283,"total_supply":2779530283,"platform":null,"cmc_rank":25,"last_updated":"2020-04-26T02:58:07.000Z","quote":{"USD":{"price":0.172432737796,"volume_24h":12750392.878707,"percent_change_1h":0.328885,"percent_change_24h":2.77392,"percent_change_7d":6.30498,"market_cap":479282016.48458064,"last_updated":"2020-04-26T02:58:07.000Z"}}},{"id":4078,"name":"Super Zero","symbol":"SERO","slug":"super-zero","num_market_pairs":15,"date_added":"2019-07-19T00:00:00.000Z","tags":[],"max_supply":647367590,"circulating_supply":257568738,"total_supply":645135955,"platform":null,"cmc_rank":149,"last_updated":"2020-04-26T02:58:14.000Z","quote":{"USD":{"price":0.0768403865934,"volume_24h":12623451.6261005,"percent_change_1h":0.601253,"percent_change_24h":0.89,"percent_change_7d":0.287788,"market_cap":19791681.40229416,"last_updated":"2020-04-26T02:58:14.000Z"}}},{"id":1414,"name":"Zcoin","symbol":"XZC","slug":"zcoin","num_market_pairs":56,"date_added":"2016-10-06T00:00:00.000Z","tags":["mineable"],"max_supply":21400000,"circulating_supply":9979418.32977796,"total_supply":21400000,"platform":null,"cmc_rank":95,"last_updated":"2020-04-26T02:58:06.000Z","quote":{"USD":{"price":4.16252480484,"volume_24h":12622203.2034655,"percent_change_1h":-0.183053,"percent_change_24h":3.05559,"percent_change_7d":11.7029,"market_cap":41539576.33557572,"last_updated":"2020-04-26T02:58:06.000Z"}}},{"id":3966,"name":"BitcoinHD","symbol":"BHD","slug":"bitcoinhd","num_market_pairs":11,"date_added":"2019-05-27T00:00:00.000Z","tags":[],"max_supply":21000000,"circulating_supply":6083016.35,"total_supply":6339465,"platform":null,"cmc_rank":237,"last_updated":"2020-04-26T02:58:14.000Z","quote":{"USD":{"price":6.6760422768,"volume_24h":12598517.5333576,"percent_change_1h":0.235121,"percent_change_24h":2.8937,"percent_change_7d":12.8659,"market_cap":40610474.32306562,"last_updated":"2020-04-26T02:58:14.000Z"}}},{"id":4273,"name":"Sessia","symbol":"KICKS","slug":"sessia","num_market_pairs":2,"date_added":"2019-08-21T00:00:00.000Z","tags":[],"max_supply":null,"circulating_supply":6145759.45571843,"total_supply":100000000,"platform":{"id":1027,"name":"Ethereum","symbol":"ETH","slug":"ethereum","token_address":"0xd91a6162f146ef85922d9a15ee6eb14a00344586"},"cmc_rank":978,"last_updated":"2020-04-26T02:58:16.000Z","quote":{"USD":{"price":0.107043189141,"volume_24h":12389647.2761434,"percent_change_1h":0.483219,"percent_change_24h":1.1359,"percent_change_7d":1.81801,"market_cap":657861.6918335571,"last_updated":"2020-04-26T02:58:16.000Z"}}},{"id":5216,"name":"3X Short Ethereum Token","symbol":"ETHBEAR","slug":"3x-short-ethereum-token","num_market_pairs":7,"date_added":"2020-02-11T00:00:00.000Z","tags":[],"max_supply":null,"circulating_supply":null,"total_supply":173633.2933466,"platform":{"id":1027,"name":"Ethereum","symbol":"ETH","slug":"ethereum","token_address":"0x2f5e2c9002c058c063d21a06b6cabb50950130c8"},"cmc_rank":2041,"last_updated":"2020-04-26T02:58:18.000Z","quote":{"USD":{"price":2.50829032954,"volume_24h":12331564.9295483,"percent_change_1h":-0.502815,"percent_change_24h":-12.5389,"percent_change_7d":-20.1469,"market_cap":null,"last_updated":"2020-04-26T02:58:18.000Z"}}},{"id":4943,"name":"Multi-collateral DAI","symbol":"DAI","slug":"multi-collateral-dai","num_market_pairs":75,"date_added":"2019-11-22T00:00:00.000Z","tags":[],"max_supply":null,"circulating_supply":95680489.00141,"total_supply":96081379.2135551,"platform":{"id":1027,"name":"Ethereum","symbol":"ETH","slug":"ethereum","token_address":"0x6b175474e89094c44da98b954eedeac495271d0f"},"cmc_rank":55,"last_updated":"2020-04-26T02:58:17.000Z","quote":{"USD":{"price":1.01317114102,"volume_24h":12248349.8595706,"percent_change_1h":0.0157507,"percent_change_24h":0.0163812,"percent_change_7d":0.136593,"market_cap":96940710.21491012,"last_updated":"2020-04-26T02:58:17.000Z"}}},{"id":3217,"name":"Ontology Gas","symbol":"ONG","slug":"ontology-gas","num_market_pairs":53,"date_added":"2018-08-23T00:00:00.000Z","tags":[],"max_supply":null,"circulating_supply":null,"total_supply":1000000000,"platform":{"id":2566,"name":"Ontology","symbol":"ONT","slug":"ontology","token_address":""},"cmc_rank":2042,"last_updated":"2020-04-26T02:58:12.000Z","quote":{"USD":{"price":0.0912835991931,"volume_24h":11516958.8788256,"percent_change_1h":0.777877,"percent_change_24h":3.46689,"percent_change_7d":6.34403,"market_cap":null,"last_updated":"2020-04-26T02:58:12.000Z"}}},{"id":3957,"name":"UNUS SED LEO","symbol":"LEO","slug":"unus-sed-leo","num_market_pairs":25,"date_added":"2019-05-21T00:00:00.000Z","tags":[],"max_supply":null,"circulating_supply":999498892.9,"total_supply":999498892.9,"platform":{"id":1027,"name":"Ethereum","symbol":"ETH","slug":"ethereum","token_address":"0x2af5d2ad76741191d15dfe7bf6ac92d4bd912ca3"},"cmc_rank":15,"last_updated":"2020-04-26T02:58:14.000Z","quote":{"USD":{"price":1.05371109784,"volume_24h":11507600.7550776,"percent_change_1h":0.194824,"percent_change_24h":-0.163171,"percent_change_7d":1.58983,"market_cap":1053183075.7275234,"last_updated":"2020-04-26T02:58:14.000Z"}}},{"id":3053,"name":"YOU COIN","symbol":"YOU","slug":"you-coin","num_market_pairs":6,"date_added":"2018-08-01T00:00:00.000Z","tags":[],"max_supply":null,"circulating_supply":556120198.410192,"total_supply":2856000000,"platform":{"id":1027,"name":"Ethereum","symbol":"ETH","slug":"ethereum","token_address":"0x34364BEe11607b1963d66BCA665FDE93fCA666a8"},"cmc_rank":170,"last_updated":"2020-04-26T02:58:11.000Z","quote":{"USD":{"price":0.0265640968425,"volume_24h":11376682.8462074,"percent_change_1h":0.222475,"percent_change_24h":-0.20687,"percent_change_7d":-1.48037,"market_cap":14772830.806638654,"last_updated":"2020-04-26T02:58:11.000Z"}}}]}