{"status":{"timestamp":"2020-04-25T00:00:02.840Z","error_code":0,"error_message":null,"elapsed":733,"credit_count":1,"notice":null},"data":[{"id":825,"name":"Tether","symbol":"USDT","slug":"tether","num_market_pairs":4685,"date_added":"2015-02-25T00:00:00.000Z","tags":[],"max_supply":null,"circulating_supply":6361032509,"total_supply":6998318752.17,"platform":{"id":1027,"name":"Ethereum","symbol":"ETH","slug":"ethereum","token_address":"31"},"cmc_rank":4,"last_updated":"2020-04-24T23:58:29.000Z","quote":{"USD":{"price":1.0079324408,"volume_24h":45214285338.5568,"percent_change_1h":0.0320095,"percent_change_24h":1.302,"percent_change_7d":0.290346,"market_cap":6411491022.804519,"last_updated":"2020-04-24T23:58:29.000Z"}}},{"id":1,"name":"Bitcoin","symbol":"BTC","slug":"bitcoin","num_market_pairs":7955,"date_added":"2013-04-28T00:00:00.000Z","tags":["mineable"],"max_supply":21000000,"circulating_supply":18343775,"total_supply":18343775,"platform":null,"cmc_rank":1,"last_updated":"2020-04-24T23:58:43.000Z","quote":{"USD":{"price":7550.90102725,"volume_24h":34636526285.7972,"percent_change_1h":0.0839594,"percent_change_24h":1.01801,"percent_change_7d":6.1417,"market_cap":138512029491.14288,"last_updated":"2020-04-24T23:58:43.000Z"}}},{"id":1027,"name":"Ethereum","symbol":"ETH","slug":"ethereum","num_market_pairs":5179,"date_added":"2015-08-07T00:00:00.000Z","tags":["mineable"],"max_supply":null,"circulating_supply":110657224.374,"total_supply":110657224.374,"platform":null,"cmc_rank":2,"last_updated":"2020-04-24T23:58:32.000Z","quote":{"USD":{"price":189.236941873,"volume_24h":16788555028.0547,"percent_change_1h":0.322786,"percent_change_24h":1.37797,"percent_change_7d":9.80897,"market_cap":20940434736.69016,"last_updated":"2020-04-24T23:58:32.000Z"}}},{"id":2,"name":"Litecoin","symbol":"LTC","slug":"litecoin","num_market_pairs":600,"date_added":"2013-04-28T00:00:00.000Z","tags":["mineable"],"max_supply":84000000,"circulating_supply":64584555.7265572,"total_supply":64584555.7265572,"platform":null,"cmc_rank":7,"last_updated":"2020-04-24T23:58:09.000Z","quote":{"USD":{"price":44.8104520943,"volume_24h":4786600722.96816,"percent_change_1h":0.321589,"percent_change_24h":3.74781,"percent_change_7d":4.55717,"market_cap":2894063140.41654,"last_updated":"2020-04-24T23:58:09.000Z"}}},{"id":1831,"name":"Bitcoin Cash","symbol":"BCH","slug":"bitcoin-cash","num_market_pairs":473,"date_added":"2017-07-23T00:00:00.000Z","tags":["mineable"],"max_supply":21000000,"circulating_supply":18389150,"total_supply":18389150,"platform":null,"cmc_rank":5,"last_updated":"2020-04-24T23:58:10.000Z","quote":{"USD":{"price":239.768689388,"volume_24h":3222729325.21265,"percent_change_1h":0.122551,"percent_change_24h":0.730721,"percent_change_7d":2.03362,"market_cap":4409142394.45934,"last_updated":"2020-04-24T23:58:10.000Z"}}},{"id":1765,"name":"EOS","symbol":"EOS","slug":"eos","num_market_pairs":378,"date_added":"2017-07-01T00:00:00.000Z","tags":[],"max_supply":null,"circulating_supply":922072033.9383,"total_supply":1018772045.9379,"platform":null,"cmc_rank":8,"last_updated":"2020-04-24T23:58:09.000Z","quote":{"USD":{"price":2.71901697602,"volume_24h":3022587683.11184,"percent_change_1h":0.194583,"percent_change_24h":1.5765,"percent_change_7d":2.69883,"market_cap":2507129513.391527,"last_updated":"2020-04-24T23:58:09.000Z"}}},{"id":3602,"name":"Bitcoin SV","symbol":"BSV","slug":"bitcoin-sv","num_market_pairs":183,"date_added":"2018-11-09T00:00:00.000Z","tags":["mineable"],"max_supply":21000000,"circulating_supply":18387989.5819233,"total_supply":18387989.5819233,"platform":null,"cmc_rank":6,"last_updated":"2020-04-24T23:58:13.000Z","quote":{"USD":{"price":194.662542205,"volume_24h":1861647464.65338,"percent_change_1h":0.235713,"percent_change_24h":0.0078163,"percent_change_7d":-0.0590921,"market_cap":3579452798.0562444,"last_updated":"2020-04-24T23:58:13.000Z"}}},{"id":52,"name":"XRP","symbol":"XRP","slug":"xrp","num_market_pairs":545,"date_added":"2013-08-04T00:00:00.000Z","tags":[],"max_supply":100000000000,"circulating_supply":44089620959,"total_supply":99990980257,"platform":null,"cmc_rank":3,"last_updated":"2020-04-24T23:58:09.000Z","quote":{"USD":{"price":0.193664915362,"volume_24h":1853837706.30293,"percent_change_1h":0.0281625,"percent_change_24h":0.575444,"percent_change_7d":1.64194,"market_cap":8538612711.367396,"last_updated":"2020-04-24T23:58:09.000Z"}}},{"id":1321,"name":"Ethereum Classic","symbol":"ETC","slug":"ethereum-classic","num_market_pairs":246,"date_added":"2016-07-24T00:00:00.000Z","tags":["mineable"],"max_supply":210700000,"circulating_supply":116313299,"total_supply":116313299,"platform":null,"cmc_rank":21,"last_updated":"2020-04-24T23:58:07.000Z","quote":{"USD":{"price":5.62708712572,"volume_24h":1706994130.00981,"percent_change_1h":-0.0460226,"percent_change_24h":0.566207,"percent_change_7d":3.29507,"market_cap":654505067.352921,"last_updated":"2020-04-24T23:58:07.000Z"}}},{"id":1958,"name":"TRON","symbol":"TRX","slug":"tron","num_market_pairs":337,"date_added":"2017-09-13T00:00:00.000Z","tags":["mineable"],"max_supply":null,"circulating_supply":66682072191.4,"total_supply":99281283754.3,"platform":null,"cmc_rank":16,"last_updated":"2020-04-24T23:58:08.000Z","quote":{"USD":{"price":0.0140192465034,"volume_24h":1538403027.33923,"percent_change_1h":0.122717,"percent_change_24h":2.7408,"percent_change_7d":7.58484,"market_cap":934832407.4087508,"last_updated":"2020-04-24T23:58:08.000Z"}}},{"id":131,"name":"Dash","symbol":"DASH","slug":"dash","num_market_pairs":297,"date_added":"2014-02-14T00:00:00.000Z","tags":["mineable"],"max_supply":18900000,"circulating_supply":9456293.51123526,"total_supply":9456293.51123526,"platform":null,"cmc_rank":18,"last_updated":"2020-04-24T23:58:07.000Z","quote":{"USD":{"price":81.9200459419,"volume_24h":699996322.20418,"percent_change_1h":0.178335,"percent_change_24h":0.907444,"percent_change_7d":6.16328,"market_cap":774659998.8804833,"last_updated":"2020-04-24T23:58:07.000Z"}}},{"id":512,"name":"Stellar","symbol":"XLM","slug":"stellar","num_market_pairs":296,"date_added":"2014-08-05T00:00:00.000Z","tags":[],"max_supply":null,"circulating_supply":20292869297.7853,"total_supply":50001803873.8717,"platform":null,"cmc_rank":12,"last_updated":"2020-04-24T23:58:07.000Z","quote":{"USD":{"price":0.0616115536581,"volume_24h":671248452.18038,"percent_change_1h":0.401354,"percent_change_24h":-1.87673,"percent_change_7d":24.9032,"market_cap":1250275205.617309,"last_updated":"2020-04-24T23:58:07.000Z"}}},{"id":1437,"name":"Zcash","symbol":"ZEC","slug":"zcash","num_market_pairs":238,"date_added":"2016-10-29T00:00:00.000Z","tags":["mineable"],"max_supply":21000000,"circulating_supply":9012968.75,"total_supply":9012968.75,"platform":null,"cmc_rank":26,"last_updated":"2020-04-24T23:58:07.000Z","quote":{"USD":{"price":44.4311954553,"volume_24h":585031153.72974,"percent_change_1h":0.0322756,"percent_change_24h":-0.422716,"percent_change_7d":10.303,"market_cap":400456976.1637609,"last_updated":"2020-04-24T23:58:07.000Z"}}},{"id":1376,"name":"Neo","symbol":"NEO","slug":"neo","num_market_pairs":238,"date_added":"2016-09-08T00:00:00.000Z","tags":[],"max_supply":100000000,"circulating_supply":70538831,"total_supply":100000000,"platform":null,"cmc_rank":23,"last_updated":"2020-04-24T23:58:07.000Z","quote":{"USD":{"price":8.12799398828,"volume_24h":574537853.587309,"percent_change_1h":0.195801,"percent_change_24h":3.26269,"percent_change_7d":7.2619,"market_cap":573339194.308299,"last_updated":"2020-04-24T23:58:07.000Z"}}},{"id":2563,"name":"TrueUSD","symbol":"TUSD","slug":"trueusd","num_market_pairs":155,"date_added":"2018-03-06T00:00:00.000Z","tags":[],"max_supply":null,"circulating_supply":130985198.91,"total_supply":130985198.91,"platform":{"id":1027,"name":"Ethereum","symbol":"ETH","slug":"ethereum","token_address":"0x0000000000085d4780B73119b644AE5ecd22b376"},"cmc_rank":43,"last_updated":"2020-04-24T23:58:10.000Z","quote":{"USD":{"price":1.00669395777,"volume_24h":527614111.341339,"percent_change_1h":0.0761522,"percent_change_24h":1.35952,"percent_change_7d":0.323248,"market_cap":131862008.2999986,"last_updated":"2020-04-24T23:58:10.000Z"}}},{"id":3330,"name":"Paxos Standard","symbol":"PAX","slug":"paxos-standard","num_market_pairs":99,"date_added":"2018-09-27T00:00:00.000Z","tags":[],"max_supply":null,"circulating_supply":244951954.494264,"total_supply":249952064.83,"platform":{"id":1027,"name":"Ethereum","symbol":"ETH","slug":"ethereum","token_address":"0x8e870d67f660d95d5be530380d0ec0bd388289e1"},"cmc_rank":34,"last_updated":"2020-04-24T23:58:12.000Z","quote":{"USD":{"price":1.00697167799,"volume_24h":527145632.448493,"percent_change_1h":0.0648885,"percent_change_24h":1.37137,"percent_change_7d":0.307973,"market_cap":246659680.64401916,"last_updated":"2020-04-24T23:58:12.000Z"}}},{"id":3408,"name":"USD Coin","symbol":"USDC","slug":"usd-coin","num_market_pairs":219,"date_added":"2018-10-08T00:00:00.000Z","tags":[],"max_supply":null,"circulating_supply":750158951.073755,"total_supply":754411819.63,"platform":{"id":1027,"name":"Ethereum","symbol":"ETH","slug":"ethereum","token_address":"0xa0b86991c6218b36c1d19d4a2e9eb0ce3606eb48"},"cmc_rank":20,"last_updated":"2020-04-24T23:58:13.000Z","quote":{"USD":{"price":1.00619809253,"volume_24h":435965644.170755,"percent_change_1h":0.0356141,"percent_change_24h":1.33172,"percent_change_7d":0.205691,"market_cap":754808505.6647179,"last_updated":"2020-04-24T23:58:13.000Z"}}},{"id":1839,"name":"Binance Coin","symbol":"BNB","slug":"binance-coin","num_market_pairs":305,"date_added":"2017-07-25T00:00:00.000Z","tags":[],"max_supply":187536713,"circulating_supply":155536713,"total_supply":187536713,"platform":null,"cmc_rank":9,"last_updated":"2020-04-24T23:58:08.000Z","quote":{"USD":{"price":16.0164188155,"volume_24h":375266799.585543,"percent_change_1h":0.0805556,"percent_change_24h":-0.175115,"percent_change_7d":1.17559,"market_cap":2491141136.5942235,"last_updated":"2020-04-24T23:58:08.000Z"}}},{"id":1684,"name":"Qtum","symbol":"QTUM","slug":"qtum","num_market_pairs":172,"date_added":"2017-05-24T00:00:00.000Z","tags":[],"max_supply":107822406,"circulating_supply":96607300.359,"total_supply":102357300,"platform":null,"cmc_rank":42,"last_updated":"2020-04-24T23:58:07.000Z","quote":{"USD":{"price":1.43546459471,"volume_24h":363544680.756577,"percent_change_1h":0.17305,"percent_change_24h":2.96245,"percent_change_7d":2.51581,"market_cap":138676359.25585917,"last_updated":"2020-04-24T23:58:07.000Z"}}},{"id":1975,"name":"Chainlink","symbol":"LINK","slug":"chainlink","num_market_pairs":170,"date_added":"2017-09-20T00:00:00.000Z","tags":[],"max_supply":null,"circulating_supply":350000000,"total_supply":1000000000,"platform":{"id":1027,"name":"Ethereum","symbol":"ETH","slug":"ethereum","token_address":"0x514910771af9ca656af840dff83e8264ecf986ca"},"cmc_rank":11,"last_updated":"2020-04-24T23:58:08.000Z","quote":{"USD":{"price":3.80479521733,"volume_24h":356971612.146352,"percent_change_1h":-0.182764,"percent_change_24h":0.997849,"percent_change_7d":8.72192,"market_cap":1331678326.0655,"last_updated":"2020-04-24T23:58:08.000Z"}}},{"id":2011,"name":"Tezos","symbol":"XTZ","slug":"tezos","num_market_pairs":90,"date_added":"2017-10-06T00:00:00.000Z","tags":[],"max_supply":null,"circulating_supply":708142181.195413,"total_supply":708142181.195413,"platform":null,"cmc_rank":10,"last_updated":"2020-04-24T23:58:07.000Z","quote":{"USD":{"price":2.72770544075,"volume_24h":348033800.785097,"percent_change_1h":-0.152973,"percent_change_24h":8.42916,"percent_change_7d":28.7813,"market_cap":1931603280.4713004,"last_updated":"2020-04-24T23:58:07.000Z"}}},{"id":2319,"name":"QCash","symbol":"QC","slug":"qcash","num_market_pairs":91,"date_added":"2019-12-12T00:00:00.000Z","tags":[],"max_supply":10000000000,"circulating_supply":460000200,"total_supply":10000000000,"platform":{"id":1684,"name":"Qtum","symbol":"QTUM","slug":"qtum","token_address":"f2033ede578e17fa6231047265010445bca8cf1c"},"cmc_rank":220,"last_updated":"2020-04-24T23:58:08.000Z","quote":{"USD":{"price":0.140875295533,"volume_24h":306114281.003972,"percent_change_1h":-0.11733,"percent_change_24h":1.04394,"percent_change_7d":0.602833,"market_cap":64802664.1202391,"last_updated":"2020-04-24T23:58:08.000Z"}}},{"id":3794,"name":"Cosmos","symbol":"ATOM","slug":"cosmos","num_market_pairs":121,"date_added":"2019-03-14T00:00:00.000Z","tags":[],"max_supply":null,"circulating_supply":190688439.2,"total_supply":237928230.821588,"platform":null,"cmc_rank":24,"last_updated":"2020-04-24T23:58:14.000Z","quote":{"USD":{"price":2.75654425541,"volume_24h":258118575.169726,"percent_change_1h":0.0688027,"percent_change_24h":13.5856,"percent_change_7d":14.5058,"market_cap":525641121.6498591,"last_updated":"2020-04-24T23:58:14.000Z"}}},{"id":2502,"name":"Huobi Token","symbol":"HT","slug":"huobi-token","num_market_pairs":136,"date_added":"2018-02-03T00:00:00.000Z","tags":[],"max_supply":null,"circulating_supply":222668092.971921,"total_supply":500000000,"platform":{"id":1027,"name":"Ethereum","symbol":"ETH","slug":"ethereum","token_address":"0x6f259637dcd74c767781e37bc6133cd6a68aa161"},"cmc_rank":17,"last_updated":"2020-04-24T23:58:10.000Z","quote":{"USD":{"price":4.00116925369,"volume_24h":240246604.31228,"percent_change_1h":0.234322,"percent_change_24h":1.91751,"percent_change_7d":4.20445,"market_cap":890932727.3770366,"last_updated":"2020-04-24T23:58:10.000Z"}}},{"id":74,"name":"Dogecoin","symbol":"DOGE","slug":"dogecoin","num_market_pairs":239,"date_added":"2013-12-15T00:00:00.000Z","tags":["mineable"],"max_supply":null,"circulating_supply":124288752342.721,"total_supply":124288752342.721,"platform":null,"cmc_rank":33,"last_updated":"2020-04-24T23:58:06.000Z","quote":{"USD":{"price":0.00210275001818,"volume_24h":209562151.263269,"percent_change_1h":-0.0661055,"percent_change_24h":2.14637,"percent_change_7d":4.48906,"market_cap":261348176.2482261,"last_updated":"2020-04-24T23:58:06.000Z"}}},{"id":2010,"name":"Cardano","symbol":"ADA","slug":"cardano","num_market_pairs":131,"date_added":"2017-10-01T00:00:00.000Z","tags":["mineable"],"max_supply":45000000000,"circulating_supply":25927070538,"total_supply":31112483745,"platform":null,"cmc_rank":13,"last_updated":"2020-04-24T23:58:08.000Z","quote":{"USD":{"price":0.0418675423855,"volume_24h":176233805.636194,"percent_change_1h":0.665025,"percent_change_24h":0.806846,"percent_change_7d":20.2185,"market_cap":1085502724.6815634,"last_updated":"2020-04-24T23:58:08.000Z"}}},{"id":3897,"name":"OKB","symbol":"OKB","slug":"okb","num_market_pairs":50,"date_added":"2019-04-30T00:00:00.000Z","tags":[],"max_supply":null,"circulating_supply":60000000,"total_supply":300000000,"platform":{"id":1027,"name":"Ethereum","symbol":"ETH","slug":"ethereum","token_address":"0x75231f58b43240c9718dd58b4967c5114342a86c"},"cmc_rank":30,"last_updated":"2020-04-24T23:58:14.000Z","quote":{"USD":{"price":4.93455251069,"volume_24h":160236401.803546,"percent_change_1h":0.39946,"percent_change_24h":0.954685,"percent_change_7d":4.86064,"market_cap":296073150.6414,"last_updated":"2020-04-24T23:58:14.000Z"}}},{"id":3077,"name":"VeChain","symbol":"VET","slug":"vechain","num_market_pairs":98,"date_added":"2017-08-22T00:00:00.000Z","tags":[],"max_supply":null,"circulating_supply":55454734800,"total_supply":86712634466,"platform":null,"cmc_rank":35,"last_updated":"2020-04-24T23:58:12.000Z","quote":{"USD":{"price":0.0041094472286,"volume_24h":153512824.880991,"percent_change_1h":0.00866002,"percent_change_24h":3.69035,"percent_change_7d":7.15556,"market_cap":227888306.23660797,"last_updated":"2020-04-24T23:58:12.000Z"}}},{"id":2566,"name":"Ontology","symbol":"ONT","slug":"ontology","num_market_pairs":119,"date_added":"2018-03-08T00:00:00.000Z","tags":[],"max_supply":null,"circulating_supply":656746573,"total_supply":1000000000,"platform":null,"cmc_rank":29,"last_updated":"2020-04-24T23:58:10.000Z","quote":{"USD":{"price":0.454575527985,"volume_24h":125514955.892811,"percent_change_1h":-0.00787923,"percent_change_24h":6.84174,"percent_change_7d":10.5032,"market_cap":298540920.17381436,"last_updated":"2020-04-24T23:58:10.000Z"}}},{"id":328,"name":"Monero","symbol":"XMR","slug":"monero","num_market_pairs":146,"date_added":"2014-05-21T00:00:00.000Z","tags":["mineable"],"max_supply":null,"circulating_supply":17535742.0061599,"total_supply":17535742.0061599,"platform":null,"cmc_rank":14,"last_updated":"2020-04-24T23:58:05.000Z","quote":{"USD":{"price":60.968953908,"volume_24h":116367363.552078,"percent_change_1h":0.00421368,"percent_change_24h":2.74812,"percent_change_7d":7.17233,"market_cap":1069135846.1161425,"last_updated":"2020-04-24T23:58:05.000Z"}}},{"id":1697,"name":"Basic Attention Token","symbol":"BAT","slug":"basic-attention-token","num_market_pairs":183,"date_added":"2017-06-01T00:00:00.000Z","tags":[],"max_supply":null,"circulating_supply":1457527137.0863,"total_supply":1500000000,"platform":{"id":1027,"name":"Ethereum","symbol":"ETH","slug":"ethereum","token_address":"0x0d8775f648430679a709e98d2b0cb6250d2887ef"},"cmc_rank":32,"last_updated":"2020-04-24T23:58:08.000Z","quote":{"USD":{"price":0.179546651245,"volume_24h":91712703.7201482,"percent_change_1h":0.501383,"percent_change_24h":7.03683,"percent_change_7d":7.12095,"market_cap":261694116.5625572,"last_updated":"2020-04-24T23:58:08.000Z"}}},{"id":1168,"name":"Decred","symbol":"DCR","slug":"decred","num_market_pairs":49,"date_added":"2016-02-10T00:00:00.000Z","tags":["mineable"],"max_supply":21000000,"circulating_supply":11402453.0536603,"total_supply":11402453.0536603,"platform":null,"cmc_rank":40,"last_updated":"2020-04-24T23:58:06.000Z","quote":{"USD":{"price":12.5382816649,"volume_24h":88307579.0253292,"percent_change_1h":0.291275,"percent_change_24h":0.311285,"percent_change_7d":0.464223,"market_cap":142967168.05759194,"last_updated":"2020-04-24T23:58:06.000Z"}}},{"id":1808,"name":"OmiseGO","symbol":"OMG","slug":"omisego","num_market_pairs":209,"date_added":"2017-07-14T00:00:00.000Z","tags":[],"max_supply":null,"circulating_supply":140245398.245133,"total_supply":140245398.245133,"platform":{"id":1027,"name":"Ethereum","symbol":"ETH","slug":"ethereum","token_address":"0xd26114cd6EE289AccF82350c8d8487fedB8A0C07"},"cmc_rank":57,"last_updated":"2020-04-24T23:58:07.000Z","quote":{"USD":{"price":0.6244088264,"volume_24h":85691860.7067643,"percent_change_1h":0.569636,"percent_change_24h":4.41801,"percent_change_7d":8.3026,"market_cap":87570464.52624412,"last_updated":"2020-04-24T23:58:07.000Z"}}},{"id":4687,"name":"Binance USD","symbol":"BUSD","slug":"binance-usd","num_market_pairs":61,"date_added":"2019-09-20T00:00:00.000Z","tags":[],"max_supply":null,"circulating_supply":180220082.66,"total_supply":180220082.66,"platform":{"id":1027,"name":"Ethereum","symbol":"ETH","slug":"ethereum","token_address":"0x4Fabb145d64652a948d72533023f6E7A623C7C53"},"cmc_rank":36,"last_updated":"2020-04-24T23:58:16.000Z","quote":{"USD":{"price":1.00642994167,"volume_24h":81000652.9493308,"percent_change_1h":0.0180207,"percent_change_24h":1.28289,"percent_change_7d":0.244061,"market_cap":181378887.2792664,"last_updated":"2020-04-24T23:58:16.000Z"}}},{"id":3702,"name":"Beam","symbol":"BEAM","slug":"beam","num_market_pairs":32,"date_added":"2019-01-17T00:00:00.000Z","tags":["mineable"],"max_supply":262800000,"circulating_supply":60245960,"total_supply":60245960,"platform":null,"cmc_rank":157,"last_updated":"2020-04-24T23:58:13.000Z","quote":{"USD":{"price":0.283865382236,"volume_24h":69884508.6591564,"percent_change_1h":-1.01744,"percent_change_24h":2.99312,"percent_change_7d":2.98182,"market_cap":17101742.463574767,"last_updated":"2020-04-24T23:58:13.000Z"}}},{"id":5031,"name":"MimbleWimbleCoin","symbol":"MWC","slug":"mimblewimblecoin","num_market_pairs":7,"date_added":"2020-02-24T00:00:00.000Z","tags":[],"max_supply":20000000,"circulating_supply":8010889.0569404,"total_supply":10520532.0569404,"platform":null,"cmc_rank":208,"last_updated":"2020-04-24T23:58:16.000Z","quote":{"USD":{"price":16.8215706501,"volume_24h":69822478.3566512,"percent_change_1h":-1.09444,"percent_change_24h":3.65521,"percent_change_7d":16.9059,"market_cap":134755736.24143592,"last_updated":"2020-04-24T23:58:16.000Z"}}},{"id":4030,"name":"Algorand","symbol":"ALGO","slug":"algorand","num_market_pairs":77,"date_added":"2019-06-20T00:00:00.000Z","tags":["mineable"],"max_supply":null,"circulating_supply":708157648.918537,"total_supply":3239429491.91854,"platform":null,"cmc_rank":39,"last_updated":"2020-04-24T23:58:15.000Z","quote":{"USD":{"price":0.210519193947,"volume_24h":69664598.8988125,"percent_change_1h":1.63575,"percent_change_24h":7.2741,"percent_change_7d":10.4044,"market_cap":149080777.43773302,"last_updated":"2020-04-24T23:58:15.000Z"}}},{"id":4064,"name":"USDK","symbol":"USDK","slug":"usdk","num_market_pairs":37,"date_added":"2019-07-29T00:00:00.000Z","tags":[],"max_supply":null,"circulating_supply":28600072,"total_supply":28600072,"platform":{"id":1027,"name":"Ethereum","symbol":"ETH","slug":"ethereum","token_address":"0x1c48f86ae57291f7686349f12601910bd8d470bb"},"cmc_rank":251,"last_updated":"2020-04-24T23:58:15.000Z","quote":{"USD":{"price":1.00590613798,"volume_24h":69096999.2200106,"percent_change_1h":0.0335579,"percent_change_24h":1.19348,"percent_change_7d":0.171293,"market_cap":28768987.971469935,"last_updated":"2020-04-24T23:58:15.000Z"}}},{"id":2307,"name":"Bibox Token","symbol":"BIX","slug":"bibox-token","num_market_pairs":27,"date_added":"2017-12-24T00:00:00.000Z","tags":[],"max_supply":null,"circulating_supply":97882450.27,"total_supply":251424733.27,"platform":{"id":1027,"name":"Ethereum","symbol":"ETH","slug":"ethereum","token_address":"0xb3104b4b9da82025e8b9f8fb28b3553ce2f67069"},"cmc_rank":331,"last_updated":"2020-04-24T23:58:08.000Z","quote":{"USD":{"price":0.0820138956253,"volume_24h":66433376.5225705,"percent_change_1h":0.354412,"percent_change_24h":2.55838,"percent_change_7d":4.55814,"market_cap":8027721.059992397,"last_updated":"2020-04-24T23:58:08.000Z"}}},{"id":3718,"name":"BitTorrent","symbol":"BTT","slug":"bittorrent","num_market_pairs":134,"date_added":"2019-01-31T00:00:00.000Z","tags":[],"max_supply":null,"circulating_supply":212116500000,"total_supply":990000000000,"platform":{"id":1958,"name":"TRON","symbol":"TRX","slug":"tron","token_address":"1002000"},"cmc_rank":80,"last_updated":"2020-04-24T23:58:13.000Z","quote":{"USD":{"price":0.000242039990094,"volume_24h":65352027.2322238,"percent_change_1h":-0.0906537,"percent_change_24h":4.70646,"percent_change_7d":4.97609,"market_cap":51340675.55877395,"last_updated":"2020-04-24T23:58:13.000Z"}}},{"id":1772,"name":"Storj","symbol":"STORJ","slug":"storj","num_market_pairs":32,"date_added":"2017-07-02T00:00:00.000Z","tags":[],"max_supply":null,"circulating_supply":135787438.700013,"total_supply":424999998.000013,"platform":{"id":1027,"name":"Ethereum","symbol":"ETH","slug":"ethereum","token_address":"0xb64ef51c888972c908cfacf59b47c1afbc0ab8ac"},"cmc_rank":181,"last_updated":"2020-04-24T23:58:07.000Z","quote":{"USD":{"price":0.0996433900012,"volume_24h":54467942.0005144,"percent_change_1h":0.165536,"percent_change_24h":2.64043,"percent_change_7d":4.05864,"market_cap":13530320.711649435,"last_updated":"2020-04-24T23:58:07.000Z"}}},{"id":4467,"name":"Nestree","symbol":"EGG","slug":"nestree","num_market_pairs":4,"date_added":"2019-09-09T00:00:00.000Z","tags":[],"max_supply":null,"circulating_supply":703068351.349625,"total_supply":2994901340,"platform":{"id":1027,"name":"Ethereum","symbol":"ETH","slug":"ethereum","token_address":"0x65ccd72c0813ce6f2703593b633202a0f3ca6a0c"},"cmc_rank":539,"last_updated":"2020-04-24T23:58:15.000Z","quote":{"USD":{"price":0.00473049093022,"volume_24h":52121583.8993625,"percent_change_1h":4.30245,"percent_change_24h":7.45006,"percent_change_7d":-41.3757,"market_cap":3325858.4593841294,"last_updated":"2020-04-24T23:58:15.000Z"}}},{"id":2405,"name":"IOST","symbol":"IOST","slug":"iostoken","num_market_pairs":85,"date_added":"2018-01-16T00:00:00.000Z","tags":[],"max_supply":null,"circulating_supply":12013965608.8475,"total_supply":21000000000,"platform":null,"cmc_rank":91,"last_updated":"2020-04-24T23:58:09.000Z","quote":{"USD":{"price":0.00361012767321,"volume_24h":51808516.615743,"percent_change_1h":0.0875115,"percent_change_24h":8.23069,"percent_change_7d":8.65497,"market_cap":43371949.709493585,"last_updated":"2020-04-24T23:58:09.000Z"}}},{"id":2349,"name":"Mixin","symbol":"XIN","slug":"mixin","num_market_pairs":8,"date_added":"2018-01-09T00:00:00.000Z","tags":[],"max_supply":1000000,"circulating_supply":510414.610609626,"total_supply":1000000,"platform":{"id":1027,"name":"Ethereum","symbol":"ETH","slug":"ethereum","token_address":"0xa974c709cfb4566686553a20790685a47aceaa33"},"cmc_rank":215,"last_updated":"2020-04-24T23:58:08.000Z","quote":{"USD":{"price":164.536447121,"volume_24h":51282705.7861245,"percent_change_1h":-0.331142,"percent_change_24h":-0.00709501,"percent_change_7d":-0.804148,"market_cap":83981806.58835654,"last_updated":"2020-04-24T23:58:08.000Z"}}},{"id":3437,"name":"ABBC Coin","symbol":"ABBC","slug":"abbc-coin","num_market_pairs":42,"date_added":"2018-10-12T00:00:00.000Z","tags":["mineable"],"max_supply":null,"circulating_supply":555416924.350722,"total_supply":1003278750.0109,"platform":null,"cmc_rank":69,"last_updated":"2020-04-24T23:58:12.000Z","quote":{"USD":{"price":0.114484950916,"volume_24h":46616917.1367821,"percent_change_1h":0.165573,"percent_change_24h":0.260866,"percent_change_7d":-1.19064,"market_cap":63586879.32220809,"last_updated":"2020-04-24T23:58:12.000Z"}}},{"id":1982,"name":"Kyber Network","symbol":"KNC","slug":"kyber-network","num_market_pairs":64,"date_added":"2017-09-24T00:00:00.000Z","tags":[],"max_supply":null,"circulating_supply":180432602.911872,"total_supply":210939151.730736,"platform":{"id":1027,"name":"Ethereum","symbol":"ETH","slug":"ethereum","token_address":"0xdd974d5c2e2928dea5f71b9825b8b646686bd200"},"cmc_rank":55,"last_updated":"2020-04-24T23:58:07.000Z","quote":{"USD":{"price":0.51128786532,"volume_24h":45525694.1816249,"percent_change_1h":-0.361484,"percent_change_24h":7.32605,"percent_change_7d":6.53637,"market_cap":92253000.37694226,"last_updated":"2020-04-24T23:58:07.000Z"}}},{"id":2099,"name":"ICON","symbol":"ICX","slug":"icon","num_market_pairs":61,"date_added":"2017-10-27T00:00:00.000Z","tags":[],"max_supply":null,"circulating_supply":538080189.261206,"total_supply":800460000,"platform":null,"cmc_rank":41,"last_updated":"2020-04-24T23:58:07.000Z","quote":{"USD":{"price":0.265678692822,"volume_24h":44092209.2348275,"percent_change_1h":0.515398,"percent_change_24h":6.76308,"percent_change_7d":13.6083,"market_cap":142956441.3163316,"last_updated":"2020-04-24T23:58:07.000Z"}}},{"id":2083,"name":"Bitcoin Gold","symbol":"BTG","slug":"bitcoin-gold","num_market_pairs":73,"date_added":"2017-10-23T00:00:00.000Z","tags":["mineable"],"max_supply":21000000,"circulating_supply":17513923.589,"total_supply":17513923.589,"platform":null,"cmc_rank":37,"last_updated":"2020-04-24T23:58:08.000Z","quote":{"USD":{"price":9.44962817585,"volume_24h":42879050.5116233,"percent_change_1h":-0.00151201,"percent_change_24h":0.836686,"percent_change_7d":-5.25703,"market_cap":165500065.81629837,"last_updated":"2020-04-24T23:58:08.000Z"}}},{"id":1776,"name":"MCO","symbol":"MCO","slug":"crypto-com","num_market_pairs":61,"date_added":"2017-07-03T00:00:00.000Z","tags":[],"max_supply":null,"circulating_supply":15793831.0949625,"total_supply":31587682.3632061,"platform":{"id":1027,"name":"Ethereum","symbol":"ETH","slug":"ethereum","token_address":"0xb63b606ac810a52cca15e44bb630fd42d8d1d83d"},"cmc_rank":58,"last_updated":"2020-04-24T23:58:07.000Z","quote":{"USD":{"price":5.08176137653,"volume_24h":42567580.717095,"percent_change_1h":0.0920458,"percent_change_24h":-2.3872,"percent_change_7d":-2.41471,"market_cap":80260480.84581895,"last_updated":"2020-04-24T23:58:07.000Z"}}},{"id":3306,"name":"Gemini Dollar","symbol":"GUSD","slug":"gemini-dollar","num_market_pairs":31,"date_added":"2018-10-05T00:00:00.000Z","tags":[],"max_supply":null,"circulating_supply":5767637.52,"total_supply":5767637.52,"platform":{"id":1027,"name":"Ethereum","symbol":"ETH","slug":"ethereum","token_address":"0x056Fd409E1d7A124BD7017459dFEa2F387b6d5Cd"},"cmc_rank":399,"last_updated":"2020-04-24T23:58:12.000Z","quote":{"USD":{"price":1.00584957491,"volume_24h":41538657.6091196,"percent_change_1h":-0.145823,"percent_change_24h":1.67169,"percent_change_7d":0.268224,"market_cap":5801375.747726967,"last_updated":"2020-04-24T23:58:12.000Z"}}},{"id":3657,"name":"Lambda","symbol":"LAMB","slug":"lambda","num_market_pairs":41,"date_added":"2019-01-02T00:00:00.000Z","tags":[],"max_supply":10000000000,"circulating_supply":646232764.627519,"total_supply":6000000000,"platform":{"id":1027,"name":"Ethereum","symbol":"ETH","slug":"ethereum","token_address":"0x8971f9fd7196e5cee2c1032b50f656855af7dd26"},"cmc_rank":319,"last_updated":"2020-04-24T23:58:13.000Z","quote":{"USD":{"price":0.0131255518603,"volume_24h":41327902.0327095,"percent_change_1h":0.418545,"percent_change_24h":1.11665,"percent_change_7d":-4.90935,"market_cap":8482161.665943544,"last_updated":"2020-04-24T23:58:13.000Z"}}},{"id":4229,"name":"Yobit Token","symbol":"YO","slug":"yobit-token","num_market_pairs":11,"date_added":"2019-09-03T00:00:00.000Z","tags":[],"max_supply":null,"circulating_supply":null,"total_supply":17000,"platform":{"id":1027,"name":"Ethereum","symbol":"ETH","slug":"ethereum","token_address":"0xebf4ca5319f406602eeff68da16261f1216011b5"},"cmc_rank":2030,"last_updated":"2020-04-24T23:58:15.000Z","quote":{"USD":{"price":744.874989207,"volume_24h":41163390.5033148,"percent_change_1h":0.630346,"percent_change_24h":2.13832,"percent_change_7d":4.80253,"market_cap":null,"last_updated":"2020-04-24T23:58:15.000Z"}}},{"id":3709,"name":"Grin","symbol":"GRIN","slug":"grin","num_market_pairs":60,"date_added":"2019-01-27T00:00:00.000Z","tags":["mineable"],"max_supply":null,"circulating_supply":40035120,"total_supply":40035120,"platform":null,"cmc_rank":144,"last_updated":"2020-04-24T23:58:13.000Z","quote":{"USD":{"price":0.500703603996,"volume_24h":37470024.2640832,"percent_change_1h":0.0714973,"percent_change_24h":2.71532,"percent_change_7d":2.08459,"market_cap":20045728.87041234,"last_updated":"2020-04-24T23:58:13.000Z"}}},{"id":3351,"name":"ZB Token","symbol":"ZB","slug":"zb-token","num_market_pairs":11,"date_added":"2018-09-27T00:00:00.000Z","tags":[],"max_supply":null,"circulating_supply":463288810,"total_supply":2100000000,"platform":{"id":1027,"name":"Ethereum","symbol":"ETH","slug":"ethereum","token_address":"0xbd0793332e9fb844a52a205a233ef27a5b34b927"},"cmc_rank":49,"last_updated":"2020-04-24T23:58:12.000Z","quote":{"USD":{"price":0.242314526743,"volume_24h":37083768.6455424,"percent_change_1h":0.0966681,"percent_change_24h":1.38055,"percent_change_7d":1.4858,"market_cap":112261608.74047765,"last_updated":"2020-04-24T23:58:12.000Z"}}},{"id":3890,"name":"Matic Network","symbol":"MATIC","slug":"matic-network","num_market_pairs":51,"date_added":"2019-04-28T00:00:00.000Z","tags":[],"max_supply":null,"circulating_supply":2758503686,"total_supply":10000000000,"platform":{"id":1027,"name":"Ethereum","symbol":"ETH","slug":"ethereum","token_address":"0x7D1AfA7B718fb893dB30A3aBc0Cfc608AaCfeBB0"},"cmc_rank":93,"last_updated":"2020-04-24T23:58:14.000Z","quote":{"USD":{"price":0.0147879626112,"volume_24h":34720267.1036879,"percent_change_1h":-0.139556,"percent_change_24h":1.4593,"percent_change_7d":14.5244,"market_cap":40792649.37142538,"last_updated":"2020-04-24T23:58:14.000Z"}}},{"id":624,"name":"bitCNY","symbol":"BITCNY","slug":"bitcny","num_market_pairs":23,"date_added":"2014-09-23T00:00:00.000Z","tags":[],"max_supply":null,"circulating_supply":31264500,"total_supply":31264500,"platform":{"id":463,"name":"BitShares","symbol":"BTS","slug":"bitshares","token_address":"CNY"},"cmc_rank":474,"last_updated":"2020-04-24T23:58:05.000Z","quote":{"USD":{"price":0.141390007564,"volume_24h":34479950.8539233,"percent_change_1h":0.0354396,"percent_change_24h":0.999907,"percent_change_7d":0.549319,"market_cap":4420487.891484678,"last_updated":"2020-04-24T23:58:05.000Z"}}},{"id":2457,"name":"TrueChain","symbol":"TRUE","slug":"truechain","num_market_pairs":16,"date_added":"2018-01-24T00:00:00.000Z","tags":[],"max_supply":null,"circulating_supply":79575542.96,"total_supply":100000000,"platform":null,"cmc_rank":134,"last_updated":"2020-04-24T23:58:08.000Z","quote":{"USD":{"price":0.268913536082,"volume_24h":33635393.0309221,"percent_change_1h":-0.483582,"percent_change_24h":0.93383,"percent_change_7d":-0.543187,"market_cap":21398940.6430187,"last_updated":"2020-04-24T23:58:08.000Z"}}},{"id":5085,"name":"Building Cities Beyond Blockchain","symbol":"BCB","slug":"building-cities-beyond-blockchain","num_market_pairs":3,"date_added":"2019-12-30T00:00:00.000Z","tags":[],"max_supply":66000000,"circulating_supply":null,"total_supply":66000000,"platform":null,"cmc_rank":2031,"last_updated":"2020-04-24T23:58:16.000Z","quote":{"USD":{"price":2.63290361938,"volume_24h":32776201.9218963,"percent_change_1h":0.100184,"percent_change_24h":3.0051,"percent_change_7d":2.05971,"market_cap":null,"last_updated":"2020-04-24T23:58:16.000Z"}}},{"id":1104,"name":"Augur","symbol":"REP","slug":"augur","num_market_pairs":73,"date_added":"2015-10-27T00:00:00.000Z","tags":[],"max_supply":null,"circulating_supply":11000000,"total_supply":11000000,"platform":{"id":1027,"name":"Ethereum","symbol":"ETH","slug":"ethereum","token_address":"0x1985365e9f78359a9b6ad760e32412f4a445e862"},"cmc_rank":48,"last_updated":"2020-04-24T23:58:06.000Z","quote":{"USD":{"price":10.2354998404,"volume_24h":31179058.2373777,"percent_change_1h":0.168769,"percent_change_24h":2.15875,"percent_change_7d":1.75378,"market_cap":112590498.2444,"last_updated":"2020-04-24T23:58:06.000Z"}}},{"id":1274,"name":"Waves","symbol":"WAVES","slug":"waves","num_market_pairs":143,"date_added":"2016-06-02T00:00:00.000Z","tags":[],"max_supply":null,"circulating_supply":101756284,"total_supply":101756284,"platform":null,"cmc_rank":52,"last_updated":"2020-04-24T23:58:06.000Z","quote":{"USD":{"price":1.01505186164,"volume_24h":30633592.6054338,"percent_change_1h":-0.0245598,"percent_change_24h":0.435379,"percent_change_7d":0.782436,"market_cap":103287905.50776854,"last_updated":"2020-04-24T23:58:06.000Z"}}},{"id":1896,"name":"0x","symbol":"ZRX","slug":"0x","num_market_pairs":179,"date_added":"2017-08-16T00:00:00.000Z","tags":[],"max_supply":null,"circulating_supply":652134957.432216,"total_supply":1000000000,"platform":{"id":1027,"name":"Ethereum","symbol":"ETH","slug":"ethereum","token_address":"0xe41d2489571d322189246dafa5ebde1f4699f498"},"cmc_rank":46,"last_updated":"2020-04-24T23:58:08.000Z","quote":{"USD":{"price":0.186275518645,"volume_24h":29479908.6535217,"percent_change_1h":-0.348131,"percent_change_24h":6.11757,"percent_change_7d":6.72705,"market_cap":121476777.42222103,"last_updated":"2020-04-24T23:58:08.000Z"}}},{"id":5267,"name":"QUEENBEE","symbol":"QBZ","slug":"queenbee","num_market_pairs":2,"date_added":"2020-03-05T00:00:00.000Z","tags":[],"max_supply":null,"circulating_supply":null,"total_supply":8000000000,"platform":{"id":1027,"name":"Ethereum","symbol":"ETH","slug":"ethereum","token_address":"0x9bbc9286cdf6eefebf21df19bac71c6bdd7759d4"},"cmc_rank":2032,"last_updated":"2020-04-24T23:58:16.000Z","quote":{"USD":{"price":0.00893430177847,"volume_24h":27038014.2525087,"percent_change_1h":-0.495655,"percent_change_24h":138.484,"percent_change_7d":95.6406,"market_cap":null,"last_updated":"2020-04-24T23:58:16.000Z"}}},{"id":109,"name":"DigiByte","symbol":"DGB","slug":"digibyte","num_market_pairs":77,"date_added":"2014-02-06T00:00:00.000Z","tags":["mineable"],"max_supply":21000000000,"circulating_supply":13068548860.7714,"total_supply":13068548860.7714,"platform":null,"cmc_rank":38,"last_updated":"2020-04-24T23:58:05.000Z","quote":{"USD":{"price":0.0124903273109,"volume_24h":23661067.0530259,"percent_change_1h":-0.192888,"percent_change_24h":15.3449,"percent_change_7d":91.6269,"market_cap":163230452.7495241,"last_updated":"2020-04-24T23:58:05.000Z"}}},{"id":1759,"name":"Status","symbol":"SNT","slug":"status","num_market_pairs":84,"date_added":"2017-06-28T00:00:00.000Z","tags":[],"max_supply":null,"circulating_supply":3470483788,"total_supply":6804870174,"platform":{"id":1027,"name":"Ethereum","symbol":"ETH","slug":"ethereum","token_address":"0x744d70fdbe2ba4cf95131626614a1763df805b9e"},"cmc_rank":67,"last_updated":"2020-04-24T23:58:07.000Z","quote":{"USD":{"price":0.019144596279,"volume_24h":23058094.4237474,"percent_change_1h":-0.180893,"percent_change_24h":3.97208,"percent_change_7d":16.2235,"market_cap":66441011.01407462,"last_updated":"2020-04-24T23:58:07.000Z"}}},{"id":2062,"name":"Aion","symbol":"AION","slug":"aion","num_market_pairs":20,"date_added":"2017-10-18T00:00:00.000Z","tags":["mineable"],"max_supply":null,"circulating_supply":410411905,"total_supply":410411905,"platform":null,"cmc_rank":104,"last_updated":"2020-04-24T23:58:07.000Z","quote":{"USD":{"price":0.0852360421884,"volume_24h":21625974.1292008,"percent_change_1h":-1.21762,"percent_change_24h":21.4973,"percent_change_7d":31.4659,"market_cap":34981886.44920161,"last_updated":"2020-04-24T23:58:07.000Z"}}},{"id":5217,"name":"3X Long Ethereum Token","symbol":"ETHBULL","slug":"3x-long-ethereum-token","num_market_pairs":7,"date_added":"2020-02-11T00:00:00.000Z","tags":[],"max_supply":null,"circulating_supply":null,"total_supply":2688.70054275,"platform":{"id":1027,"name":"Ethereum","symbol":"ETH","slug":"ethereum","token_address":"0x871baed4088b863fd6407159f3672d70cd34837d"},"cmc_rank":2033,"last_updated":"2020-04-24T23:58:16.000Z","quote":{"USD":{"price":185.298772518,"volume_24h":20178794.8465838,"percent_change_1h":1.25914,"percent_change_24h":1.96559,"percent_change_7d":23.691,"market_cap":null,"last_updated":"2020-04-24T23:58:16.000Z"}}},{"id":5198,"name":"Creditcoin","symbol":"CTC","slug":"creditcoin","num_market_pairs":3,"date_added":"2020-01-31T00:00:00.000Z","tags":[],"max_supply":null,"circulating_supply":null,"total_supply":600000000,"platform":null,"cmc_rank":2034,"last_updated":"2020-04-24T23:58:16.000Z","quote":{"USD":{"price":0.374600252483,"volume_24h":20170904.4177353,"percent_change_1h":-0.200167,"percent_change_24h":-3.63254,"percent_change_7d":-10.3057,"market_cap":null,"last_updated":"2020-04-24T23:58:16.000Z"}}},{"id":2299,"name":"aelf","symbol":"ELF","slug":"aelf","num_market_pairs":79,"date_added":"2017-12-21T00:00:00.000Z","tags":[],"max_supply":1000000000,"circulating_supply":544480199.986466,"total_supply":879999999.986466,"platform":{"id":1027,"name":"Ethereum","symbol":"ETH","slug":"ethereum","token_address":"0xbf2179859fc6d5bee9bf9158632dc51678a4100e"},"cmc_rank":103,"last_updated":"2020-04-24T23:58:08.000Z","quote":{"USD":{"price":0.0645466540446,"volume_24h":20085838.4157665,"percent_change_1h":0.0720201,"percent_change_24h":3.41708,"percent_change_7d":1.54896,"market_cap":35144375.10266104,"last_updated":"2020-04-24T23:58:08.000Z"}}},{"id":4779,"name":"HUSD","symbol":"HUSD","slug":"husd","num_market_pairs":18,"date_added":"2019-10-15T00:00:00.000Z","tags":[],"max_supply":null,"circulating_supply":null,"total_supply":87094416.0933887,"platform":{"id":1027,"name":"Ethereum","symbol":"ETH","slug":"ethereum","token_address":"0xdf574c24545e5ffecb9a659c229253d4111d87e1"},"cmc_rank":2035,"last_updated":"2020-04-24T23:58:16.000Z","quote":{"USD":{"price":1.00711669442,"volume_24h":20059601.3372489,"percent_change_1h":0.0548664,"percent_change_24h":1.3374,"percent_change_7d":0.336244,"market_cap":null,"last_updated":"2020-04-24T23:58:16.000Z"}}},{"id":5414,"name":"3x Long EOS Token","symbol":"EOSBULL","slug":"3x-long-eos-token","num_market_pairs":5,"date_added":"2020-04-06T00:00:00.000Z","tags":[],"max_supply":null,"circulating_supply":null,"total_supply":1057300.976,"platform":{"id":1027,"name":"Ethereum","symbol":"ETH","slug":"ethereum","token_address":"0xeaD7F3ae4e0Bb0D8785852Cc37CC9d0B5e75c06a"},"cmc_rank":2036,"last_updated":"2020-04-24T23:58:17.000Z","quote":{"USD":{"price":5.95912892599,"volume_24h":19264024.4009908,"percent_change_1h":0.878071,"percent_change_24h":2.45265,"percent_change_7d":5.54281,"market_cap":null,"last_updated":"2020-04-24T23:58:17.000Z"}}},{"id":2830,"name":"Seele","symbol":"SEELE","slug":"seele","num_market_pairs":18,"date_added":"2018-05-31T00:00:00.000Z","tags":[],"max_supply":null,"circulating_supply":699592066.289478,"total_supply":1000000000,"platform":{"id":1027,"name":"Ethereum","symbol":"ETH","slug":"ethereum","token_address":"0xb1eef147028e9f480dbc5ccaa3277d417d1b85f0"},"cmc_rank":76,"last_updated":"2020-04-24T23:58:10.000Z","quote":{"USD":{"price":0.0795226296062,"volume_24h":18008626.1735793,"percent_change_1h":0.0148315,"percent_change_24h":5.53074,"percent_change_7d":2.34088,"market_cap":55633400.76297428,"last_updated":"2020-04-24T23:58:10.000Z"}}},{"id":4899,"name":"Yap Stone","symbol":"YAP","slug":"yap-stone","num_market_pairs":14,"date_added":"2019-11-09T00:00:00.000Z","tags":[],"max_supply":null,"circulating_supply":150000000,"total_supply":1000000000,"platform":{"id":1027,"name":"Ethereum","symbol":"ETH","slug":"ethereum","token_address":""},"cmc_rank":107,"last_updated":"2020-04-24T23:58:16.000Z","quote":{"USD":{"price":0.214311473486,"volume_24h":17987952.9759002,"percent_change_1h":0.495323,"percent_change_24h":1.46149,"percent_change_7d":4.01008,"market_cap":32146721.0229,"last_updated":"2020-04-24T23:58:16.000Z"}}},{"id":2341,"name":"SwftCoin","symbol":"SWFTC","slug":"swftcoin","num_market_pairs":13,"date_added":"2018-01-04T00:00:00.000Z","tags":[],"max_supply":null,"circulating_supply":4004999999,"total_supply":10000000000,"platform":{"id":1027,"name":"Ethereum","symbol":"ETH","slug":"ethereum","token_address":"0x0bb217e40f8a5cb79adf04e1aab60e5abd0dfc1e"},"cmc_rank":400,"last_updated":"2020-04-24T23:58:08.000Z","quote":{"USD":{"price":0.00144607309159,"volume_24h":17412813.8558877,"percent_change_1h":0.316541,"percent_change_24h":7.64519,"percent_change_7d":14.3891,"market_cap":5791522.730371878,"last_updated":"2020-04-24T23:58:08.000Z"}}},{"id":5429,"name":"DEAPcoin","symbol":"DEP","slug":"deapcoin","num_market_pairs":2,"date_added":"2020-04-10T00:00:00.000Z","tags":[],"max_supply":30000000000,"circulating_supply":null,"total_supply":30000000000,"platform":{"id":1027,"name":"Ethereum","symbol":"ETH","slug":"ethereum","token_address":"0x1a3496c18d558bd9c6c8f609e1b129f67ab08163"},"cmc_rank":2037,"last_updated":"2020-04-24T23:58:17.000Z","quote":{"USD":{"price":0.00525206411816,"volume_24h":17309410.8102945,"percent_change_1h":0.0736224,"percent_change_24h":1.57035,"percent_change_7d":-3.18019,"market_cap":null,"last_updated":"2020-04-24T23:58:17.000Z"}}},{"id":5444,"name":"Cartesi","symbol":"CTSI","slug":"cartesi","num_market_pairs":4,"date_added":"2020-04-23T00:00:00.000Z","tags":[],"max_supply":null,"circulating_supply":null,"total_supply":1000000000,"platform":null,"cmc_rank":2038,"last_updated":"2020-04-24T23:58:17.000Z","quote":{"USD":{"price":0.0527286538377,"volume_24h":17173546.7328464,"percent_change_1h":1.19555,"percent_change_24h":-10.0091,"percent_change_7d":null,"market_cap":null,"last_updated":"2020-04-24T23:58:17.000Z"}}},{"id":873,"name":"NEM","symbol":"XEM","slug":"nem","num_market_pairs":92,"date_added":"2015-04-01T00:00:00.000Z","tags":[],"max_supply":null,"circulating_supply":8999999999,"total_supply":8999999999,"platform":null,"cmc_rank":27,"last_updated":"2020-04-24T23:58:06.000Z","quote":{"USD":{"price":0.0388391784159,"volume_24h":16925174.9772048,"percent_change_1h":-0.536073,"percent_change_24h":3.85493,"percent_change_7d":2.39968,"market_cap":349552605.70426077,"last_updated":"2020-04-24T23:58:06.000Z"}}},{"id":5221,"name":"Handshake ","symbol":"HNS","slug":"handshake","num_market_pairs":10,"date_added":"2020-02-22T00:00:00.000Z","tags":[],"max_supply":null,"circulating_supply":268078892.322,"total_supply":2040000000,"platform":null,"cmc_rank":244,"last_updated":"2020-04-24T23:58:16.000Z","quote":{"USD":{"price":0.122811902699,"volume_24h":16751313.0318865,"percent_change_1h":0.220057,"percent_change_24h":-1.19383,"percent_change_7d":0.0150388,"market_cap":32923278.839505162,"last_updated":"2020-04-24T23:58:16.000Z"}}},{"id":1866,"name":"Bytom","symbol":"BTM","slug":"bytom","num_market_pairs":54,"date_added":"2017-08-08T00:00:00.000Z","tags":["mineable"],"max_supply":null,"circulating_supply":1002499275,"total_supply":1407000000,"platform":null,"cmc_rank":72,"last_updated":"2020-04-24T23:58:07.000Z","quote":{"USD":{"price":0.0594414890302,"volume_24h":16181259.5064612,"percent_change_1h":0.247274,"percent_change_24h":3.90851,"percent_change_7d":2.40469,"market_cap":59590049.65769596,"last_updated":"2020-04-24T23:58:07.000Z"}}},{"id":2588,"name":"Loom Network","symbol":"LOOM","slug":"loom-network","num_market_pairs":65,"date_added":"2018-03-14T00:00:00.000Z","tags":[],"max_supply":null,"circulating_supply":970041175.954257,"total_supply":1000000000,"platform":{"id":1027,"name":"Ethereum","symbol":"ETH","slug":"ethereum","token_address":"0xa4e8c3ec456107ea67d3075bf9e3df3a75823db0"},"cmc_rank":169,"last_updated":"2020-04-24T23:58:09.000Z","quote":{"USD":{"price":0.0149905085261,"volume_24h":16079239.5605635,"percent_change_1h":0.18441,"percent_change_24h":3.25801,"percent_change_7d":3.21246,"market_cap":14541410.51881036,"last_updated":"2020-04-24T23:58:09.000Z"}}},{"id":5295,"name":"3X Long BNB Token","symbol":"BNBBULL","slug":"3x-long-bnb-token","num_market_pairs":5,"date_added":"2020-03-11T00:00:00.000Z","tags":[],"max_supply":null,"circulating_supply":null,"total_supply":4975.41633724,"platform":{"id":1027,"name":"Ethereum","symbol":"ETH","slug":"ethereum","token_address":"0x9d1a62c2ad99019768b9126fda004a9952853f6e"},"cmc_rank":2039,"last_updated":"2020-04-24T23:58:16.000Z","quote":{"USD":{"price":108.633967844,"volume_24h":15632649.1394957,"percent_change_1h":0.398849,"percent_change_24h":-3.09894,"percent_change_7d":2.56647,"market_cap":null,"last_updated":"2020-04-24T23:58:16.000Z"}}},{"id":4846,"name":"Kava","symbol":"KAVA","slug":"kava","num_market_pairs":15,"date_added":"2019-10-25T00:00:00.000Z","tags":[],"max_supply":null,"circulating_supply":35838507.721819,"total_supply":108627826.721819,"platform":{"id":1839,"name":"Binance Coin","symbol":"BNB","slug":"binance-coin","token_address":""},"cmc_rank":147,"last_updated":"2020-04-24T23:58:16.000Z","quote":{"USD":{"price":0.548174709241,"volume_24h":15219538.2062645,"percent_change_1h":1.27752,"percent_change_24h":2.61446,"percent_change_7d":4.07669,"market_cap":19645763.550039463,"last_updated":"2020-04-24T23:58:16.000Z"}}},{"id":4041,"name":"MX Token","symbol":"MX","slug":"mx-token","num_market_pairs":8,"date_added":"2019-09-24T00:00:00.000Z","tags":[],"max_supply":null,"circulating_supply":193278361.2597,"total_supply":673963903.14,"platform":{"id":1027,"name":"Ethereum","symbol":"ETH","slug":"ethereum","token_address":"0x11eef04c884e24d9b7b4760e7476d06ddf797f36"},"cmc_rank":136,"last_updated":"2020-04-24T23:58:14.000Z","quote":{"USD":{"price":0.109650810732,"volume_24h":14813674.7285829,"percent_change_1h":0.58996,"percent_change_24h":-0.951044,"percent_change_7d":10.2704,"market_cap":21193129.009078488,"last_updated":"2020-04-24T23:58:14.000Z"}}},{"id":1720,"name":"IOTA","symbol":"MIOTA","slug":"iota","num_market_pairs":53,"date_added":"2017-06-13T00:00:00.000Z","tags":[],"max_supply":2779530283,"circulating_supply":2779530283,"total_supply":2779530283,"platform":null,"cmc_rank":25,"last_updated":"2020-04-24T23:58:06.000Z","quote":{"USD":{"price":0.168770401664,"volume_24h":14673552.7771526,"percent_change_1h":1.00559,"percent_change_24h":5.45319,"percent_change_7d":6.47477,"market_cap":469102442.2991616,"last_updated":"2020-04-24T23:58:06.000Z"}}},{"id":1966,"name":"Decentraland","symbol":"MANA","slug":"decentraland","num_market_pairs":75,"date_added":"2017-09-17T00:00:00.000Z","tags":[],"max_supply":null,"circulating_supply":1370185455.67155,"total_supply":2197930065.03415,"platform":{"id":1027,"name":"Ethereum","symbol":"ETH","slug":"ethereum","token_address":"0x0f5d2fb29fb7d3cfee444a200298f468908cc942"},"cmc_rank":96,"last_updated":"2020-04-24T23:58:07.000Z","quote":{"USD":{"price":0.0294472985384,"volume_24h":14636477.9759109,"percent_change_1h":1.17347,"percent_change_24h":2.69499,"percent_change_7d":3.21944,"market_cap":40348260.16613377,"last_updated":"2020-04-24T23:58:07.000Z"}}},{"id":5117,"name":"Origin Protocol","symbol":"OGN","slug":"origin-protocol","num_market_pairs":15,"date_added":"2020-01-09T00:00:00.000Z","tags":[],"max_supply":null,"circulating_supply":33523273.02,"total_supply":1000000000,"platform":{"id":1027,"name":"Ethereum","symbol":"ETH","slug":"ethereum","token_address":"0x8207c1ffc5b6804f6024322ccf34f29c3541ae26"},"cmc_rank":342,"last_updated":"2020-04-24T23:58:16.000Z","quote":{"USD":{"price":0.225799063639,"volume_24h":14205519.7878886,"percent_change_1h":0.566526,"percent_change_24h":0.0336466,"percent_change_7d":0.450839,"market_cap":7569523.658030552,"last_updated":"2020-04-24T23:58:16.000Z"}}},{"id":4942,"name":"Digital Gold","symbol":"GOLD","slug":"digital-gold","num_market_pairs":3,"date_added":"2019-11-18T00:00:00.000Z","tags":[],"max_supply":null,"circulating_supply":11545.843,"total_supply":17190.718,"platform":{"id":1027,"name":"Ethereum","symbol":"ETH","slug":"ethereum","token_address":"0x0d16450d347c12c086d6c94c76c5aaac35ea07e0"},"cmc_rank":997,"last_updated":"2020-04-24T23:58:16.000Z","quote":{"USD":{"price":53.6578736903,"volume_24h":13976435.7286178,"percent_change_1h":-1.02886,"percent_change_24h":-0.530346,"percent_change_7d":-1.99898,"market_cap":619525.3853420345,"last_updated":"2020-04-24T23:58:16.000Z"}}},{"id":4273,"name":"Sessia","symbol":"KICKS","slug":"sessia","num_market_pairs":2,"date_added":"2019-08-21T00:00:00.000Z","tags":[],"max_supply":null,"circulating_supply":6145759.45571843,"total_supply":100000000,"platform":{"id":1027,"name":"Ethereum","symbol":"ETH","slug":"ethereum","token_address":"0xd91a6162f146ef85922d9a15ee6eb14a00344586"},"cmc_rank":985,"last_updated":"2020-04-24T23:58:15.000Z","quote":{"USD":{"price":0.105326214287,"volume_24h":13938611.0901305,"percent_change_1h":-0.572863,"percent_change_24h":-1.25542,"percent_change_7d":0.55142,"market_cap":647309.5773893557,"last_updated":"2020-04-24T23:58:15.000Z"}}},{"id":3945,"name":"Harmony","symbol":"ONE","slug":"harmony","num_market_pairs":20,"date_added":"2019-06-01T00:00:00.000Z","tags":[],"max_supply":null,"circulating_supply":4596807869,"total_supply":12600000000,"platform":null,"cmc_rank":191,"last_updated":"2020-04-24T23:58:14.000Z","quote":{"USD":{"price":0.00261841512368,"volume_24h":13766993.4039155,"percent_change_1h":-0.893048,"percent_change_24h":-1.82694,"percent_change_7d":16.7528,"market_cap":12036351.244840832,"last_updated":"2020-04-24T23:58:14.000Z"}}},{"id":4078,"name":"Super Zero","symbol":"SERO","slug":"super-zero","num_market_pairs":15,"date_added":"2019-07-19T00:00:00.000Z","tags":[],"max_supply":647367590,"circulating_supply":257467258,"total_supply":645168972,"platform":null,"cmc_rank":146,"last_updated":"2020-04-24T23:58:15.000Z","quote":{"USD":{"price":0.0764179599011,"volume_24h":13381371.76725,"percent_change_1h":0.21574,"percent_change_24h":1.15839,"percent_change_7d":5.11268,"market_cap":19675122.597690165,"last_updated":"2020-04-24T23:58:15.000Z"}}},{"id":2456,"name":"OFCOIN","symbol":"OF","slug":"ofcoin","num_market_pairs":1,"date_added":"2018-01-24T00:00:00.000Z","tags":[],"max_supply":null,"circulating_supply":null,"total_supply":51200000000,"platform":null,"cmc_rank":2040,"last_updated":"2020-04-24T23:58:08.000Z","quote":{"USD":{"price":0.0000504113731075,"volume_24h":13359893.047824,"percent_change_1h":0.0667752,"percent_change_24h":36.9455,"percent_change_7d":11.4641,"market_cap":null,"last_updated":"2020-04-24T23:58:08.000Z"}}},{"id":2130,"name":"Enjin Coin","symbol":"ENJ","slug":"enjin-coin","num_market_pairs":61,"date_added":"2017-11-01T00:00:00.000Z","tags":[],"max_supply":null,"circulating_supply":814772129.064264,"total_supply":1000000000,"platform":{"id":1027,"name":"Ethereum","symbol":"ETH","slug":"ethereum","token_address":"0xf629cbd94d3791c9250152bd8dfbdf380e2a3b9c"},"cmc_rank":51,"last_updated":"2020-04-24T23:58:08.000Z","quote":{"USD":{"price":0.131180533103,"volume_24h":13253586.0256022,"percent_change_1h":0.19957,"percent_change_24h":7.80083,"percent_change_7d":37.855,"market_cap":106882242.2481165,"last_updated":"2020-04-24T23:58:08.000Z"}}},{"id":1903,"name":"HyperCash","symbol":"HC","slug":"hypercash","num_market_pairs":32,"date_added":"2017-08-20T00:00:00.000Z","tags":["mineable"],"max_supply":84000000,"circulating_supply":44588177.313052,"total_supply":44588177.313052,"platform":null,"cmc_rank":87,"last_updated":"2020-04-24T23:58:07.000Z","quote":{"USD":{"price":1.03865993279,"volume_24h":13001320.8969392,"percent_change_1h":0.0292895,"percent_change_24h":1.69162,"percent_change_7d":0.02301,"market_cap":46311953.25120319,"last_updated":"2020-04-24T23:58:07.000Z"}}},{"id":5477,"name":"ECOChain","symbol":"ECOC","slug":"ecochain","num_market_pairs":1,"date_added":"2020-04-20T00:00:00.000Z","tags":[],"max_supply":2000000000,"circulating_supply":null,"total_supply":223217150,"platform":null,"cmc_rank":2041,"last_updated":"2020-04-24T23:58:17.000Z","quote":{"USD":{"price":1.33780693725,"volume_24h":12910028.6789639,"percent_change_1h":0.272354,"percent_change_24h":0.865577,"percent_change_7d":null,"market_cap":null,"last_updated":"2020-04-24T23:58:17.000Z"}}},{"id":4943,"name":"Multi-collateral DAI","symbol":"DAI","slug":"multi-collateral-dai","num_market_pairs":75,"date_added":"2019-11-22T00:00:00.000Z","tags":[],"max_supply":null,"circulating_supply":95001702.3663445,"total_supply":95402592.5784895,"platform":{"id":1027,"name":"Ethereum","symbol":"ETH","slug":"ethereum","token_address":"0x6b175474e89094c44da98b954eedeac495271d0f"},"cmc_rank":54,"last_updated":"2020-04-24T23:58:16.000Z","quote":{"USD":{"price":1.01367046536,"volume_24h":12387992.3083637,"percent_change_1h":0.143948,"percent_change_24h":1.09485,"percent_change_7d":-0.455311,"market_cap":96300419.84768464,"last_updated":"2020-04-24T23:58:16.000Z"}}},{"id":1414,"name":"Zcoin","symbol":"XZC","slug":"zcoin","num_market_pairs":56,"date_added":"2016-10-06T00:00:00.000Z","tags":["mineable"],"max_supply":21400000,"circulating_supply":9971393.32977796,"total_supply":21400000,"platform":null,"cmc_rank":94,"last_updated":"2020-04-24T23:58:06.000Z","quote":{"USD":{"price":4.0617079091,"volume_24h":12293083.8894344,"percent_change_1h":-0.306639,"percent_change_24h":-0.0938205,"percent_change_7d":14.3265,"market_cap":40500887.152306125,"last_updated":"2020-04-24T23:58:06.000Z"}}},{"id":3053,"name":"YOU COIN","symbol":"YOU","slug":"you-coin","num_market_pairs":6,"date_added":"2018-08-01T00:00:00.000Z","tags":[],"max_supply":null,"circulating_supply":556120198.410192,"total_supply":2856000000,"platform":{"id":1027,"name":"Ethereum","symbol":"ETH","slug":"ethereum","token_address":"0x34364BEe11607b1963d66BCA665FDE93fCA666a8"},"cmc_rank":165,"last_updated":"2020-04-24T23:58:11.000Z","quote":{"USD":{"price":0.0264672931773,"volume_24h":11483144.697225,"percent_change_1h":0.0671831,"percent_change_24h":-6.12625,"percent_change_7d":-0.315028,"market_cap":14718996.333140798,"last_updated":"2020-04-24T23:58:11.000Z"}}},{"id":3957,"name":"UNUS SED LEO","symbol":"LEO","slug":"unus-sed-leo","num_market_pairs":25,"date_added":"2019-05-21T00:00:00.000Z","tags":[],"max_supply":null,"circulating_supply":999498892.9,"total_supply":999498892.9,"platform":{"id":1027,"name":"Ethereum","symbol":"ETH","slug":"ethereum","token_address":"0x2af5d2ad76741191d15dfe7bf6ac92d4bd912ca3"},"cmc_rank":15,"last_updated":"2020-04-24T23:58:14.000Z","quote":{"USD":{"price":1.05438835656,"volume_24h":11372878.7507201,"percent_change_1h":0.0282751,"percent_change_24h":1.7444,"percent_change_7d":1.76623,"market_cap":1053859995.0683705,"last_updated":"2020-04-24T23:58:14.000Z"}}},{"id":5216,"name":"3X Short Ethereum Token","symbol":"ETHBEAR","slug":"3x-short-ethereum-token","num_market_pairs":7,"date_added":"2020-02-11T00:00:00.000Z","tags":[],"max_supply":null,"circulating_supply":null,"total_supply":173633.2933466,"platform":{"id":1027,"name":"Ethereum","symbol":"ETH","slug":"ethereum","token_address":"0x2f5e2c9002c058c063d21a06b6cabb50950130c8"},"cmc_rank":2042,"last_updated":"2020-04-24T23:58:16.000Z","quote":{"USD":{"price":2.87284537265,"volume_24h":11185961.8301796,"percent_change_1h":-0.545185,"percent_change_24h":1.28025,"percent_change_7d":-30.1006,"market_cap":null,"last_updated":"2020-04-24T23:58:16.000Z"}}},{"id":2469,"name":"Zilliqa","symbol":"ZIL","slug":"zilliqa","num_market_pairs":107,"date_added":"2018-01-25T00:00:00.000Z","tags":["mineable"],"max_supply":21000000000,"circulating_supply":10075609973.3157,"total_supply":13367077126.3157,"platform":null,"cmc_rank":85,"last_updated":"2020-04-24T23:58:09.000Z","quote":{"USD":{"price":0.00467906015964,"volume_24h":11157630.9114527,"percent_change_1h":0.421234,"percent_change_24h":7.57825,"percent_change_7d":10.4082,"market_cap":47144385.21021293,"last_updated":"2020-04-24T23:58:09.000Z"}}},{"id":1230,"name":"Steem","symbol":"STEEM","slug":"steem","num_market_pairs":31,"date_added":"2016-04-18T00:00:00.000Z","tags":[],"max_supply":null,"circulating_supply":374760999.794,"total_supply":391735093.794,"platform":null,"cmc_rank":70,"last_updated":"2020-04-24T23:58:06.000Z","quote":{"USD":{"price":0.165845881848,"volume_24h":11099459.4739635,"percent_change_1h":-1.33163,"percent_change_24h":7.78986,"percent_change_7d":7.7489,"market_cap":62152568.49307408,"last_updated":"2020-04-24T23:58:06.000Z"}}}]}