{"status":{"timestamp":"2020-04-26T06:00:01.896Z","error_code":0,"error_message":null,"elapsed":101,"credit_count":1,"notice":null},"data":[{"id":825,"name":"Tether","symbol":"USDT","slug":"tether","num_market_pairs":4686,"date_added":"2015-02-25T00:00:00.000Z","tags":[],"max_supply":null,"circulating_supply":6361032509,"total_supply":6998318752.17,"platform":{"id":1027,"name":"Ethereum","symbol":"ETH","slug":"ethereum","token_address":"31"},"cmc_rank":4,"last_updated":"2020-04-26T05:58:33.000Z","quote":{"USD":{"price":1.00959771533,"volume_24h":44713705026.8692,"percent_change_1h":0.0816538,"percent_change_24h":0.404012,"percent_change_7d":0.381474,"market_cap":6422083888.226257,"last_updated":"2020-04-26T05:58:33.000Z"}}},{"id":1,"name":"Bitcoin","symbol":"BTC","slug":"bitcoin","num_market_pairs":7956,"date_added":"2013-04-28T00:00:00.000Z","tags":["mineable"],"max_supply":21000000,"circulating_supply":18345912,"total_supply":18345912,"platform":null,"cmc_rank":1,"last_updated":"2020-04-26T05:58:53.000Z","quote":{"USD":{"price":7600.9648209,"volume_24h":32574809075.3627,"percent_change_1h":-0.141813,"percent_change_24h":0.336015,"percent_change_7d":5.02697,"market_cap":139446631719.32715,"last_updated":"2020-04-26T05:58:53.000Z"}}},{"id":1027,"name":"Ethereum","symbol":"ETH","slug":"ethereum","num_market_pairs":5179,"date_added":"2015-08-07T00:00:00.000Z","tags":["mineable"],"max_supply":null,"circulating_supply":110674288.8115,"total_supply":110674288.8115,"platform":null,"cmc_rank":2,"last_updated":"2020-04-26T05:58:34.000Z","quote":{"USD":{"price":195.251711651,"volume_24h":17945225738.5823,"percent_change_1h":-0.421233,"percent_change_24h":1.13021,"percent_change_7d":5.40175,"market_cap":21609344326.20249,"last_updated":"2020-04-26T05:58:34.000Z"}}},{"id":2,"name":"Litecoin","symbol":"LTC","slug":"litecoin","num_market_pairs":600,"date_added":"2013-04-28T00:00:00.000Z","tags":["mineable"],"max_supply":84000000,"circulating_supply":64593230.7265572,"total_supply":64593230.7265572,"platform":null,"cmc_rank":7,"last_updated":"2020-04-26T05:58:13.000Z","quote":{"USD":{"price":44.8261509387,"volume_24h":4777355437.20573,"percent_change_1h":-0.391827,"percent_change_24h":-0.914649,"percent_change_7d":2.24664,"market_cap":2895465910.166928,"last_updated":"2020-04-26T05:58:13.000Z"}}},{"id":1831,"name":"Bitcoin Cash","symbol":"BCH","slug":"bitcoin-cash","num_market_pairs":473,"date_added":"2017-07-23T00:00:00.000Z","tags":["mineable"],"max_supply":21000000,"circulating_supply":18390337.5,"total_supply":18390337.5,"platform":null,"cmc_rank":5,"last_updated":"2020-04-26T05:58:11.000Z","quote":{"USD":{"price":240.6457862,"volume_24h":3321618860.31899,"percent_change_1h":-0.528435,"percent_change_24h":-0.465533,"percent_change_7d":-0.750463,"market_cap":4425557226.170842,"last_updated":"2020-04-26T05:58:11.000Z"}}},{"id":1765,"name":"EOS","symbol":"EOS","slug":"eos","num_market_pairs":378,"date_added":"2017-07-01T00:00:00.000Z","tags":[],"max_supply":null,"circulating_supply":922107037.1964,"total_supply":1018807049.196,"platform":null,"cmc_rank":9,"last_updated":"2020-04-26T05:58:10.000Z","quote":{"USD":{"price":2.71947145353,"volume_24h":3166368921.84879,"percent_change_1h":-0.222628,"percent_change_24h":-0.297251,"percent_change_7d":0.661868,"market_cap":2507643764.754736,"last_updated":"2020-04-26T05:58:10.000Z"}}},{"id":3602,"name":"Bitcoin SV","symbol":"BSV","slug":"bitcoin-sv","num_market_pairs":183,"date_added":"2018-11-09T00:00:00.000Z","tags":["mineable"],"max_supply":21000000,"circulating_supply":18389045.8319233,"total_supply":18389045.8319233,"platform":null,"cmc_rank":6,"last_updated":"2020-04-26T05:58:14.000Z","quote":{"USD":{"price":196.709872078,"volume_24h":2008810551.57125,"percent_change_1h":-0.190293,"percent_change_24h":0.690196,"percent_change_7d":-3.06131,"market_cap":3617306853.234111,"last_updated":"2020-04-26T05:58:14.000Z"}}},{"id":1321,"name":"Ethereum Classic","symbol":"ETC","slug":"ethereum-classic","num_market_pairs":246,"date_added":"2016-07-24T00:00:00.000Z","tags":["mineable"],"max_supply":210700000,"circulating_supply":116313299,"total_supply":116313299,"platform":null,"cmc_rank":21,"last_updated":"2020-04-26T05:58:08.000Z","quote":{"USD":{"price":5.84014079044,"volume_24h":1814473896.08647,"percent_change_1h":-0.494237,"percent_change_24h":2.69572,"percent_change_7d":4.00569,"market_cap":679286041.960544,"last_updated":"2020-04-26T05:58:08.000Z"}}},{"id":52,"name":"XRP","symbol":"XRP","slug":"xrp","num_market_pairs":545,"date_added":"2013-08-04T00:00:00.000Z","tags":[],"max_supply":100000000000,"circulating_supply":44089620959,"total_supply":99990980257,"platform":null,"cmc_rank":3,"last_updated":"2020-04-26T05:58:11.000Z","quote":{"USD":{"price":0.195169739965,"volume_24h":1616259072.82625,"percent_change_1h":-0.456832,"percent_change_24h":-0.0477068,"percent_change_7d":0.515615,"market_cap":8604959857.723444,"last_updated":"2020-04-26T05:58:11.000Z"}}},{"id":1958,"name":"TRON","symbol":"TRX","slug":"tron","num_market_pairs":337,"date_added":"2017-09-13T00:00:00.000Z","tags":["mineable"],"max_supply":null,"circulating_supply":66682072191.4,"total_supply":99281283754.3,"platform":null,"cmc_rank":16,"last_updated":"2020-04-26T05:58:12.000Z","quote":{"USD":{"price":0.0140443798562,"volume_24h":1454831542.13477,"percent_change_1h":-0.382499,"percent_change_24h":-0.853709,"percent_change_7d":5.4867,"market_cap":936508351.4545724,"last_updated":"2020-04-26T05:58:12.000Z"}}},{"id":131,"name":"Dash","symbol":"DASH","slug":"dash","num_market_pairs":297,"date_added":"2014-02-14T00:00:00.000Z","tags":["mineable"],"max_supply":18900000,"circulating_supply":9458406.01754105,"total_supply":9458406.01754105,"platform":null,"cmc_rank":18,"last_updated":"2020-04-26T05:58:07.000Z","quote":{"USD":{"price":86.0220695963,"volume_24h":928693194.035574,"percent_change_1h":-0.88365,"percent_change_24h":4.27193,"percent_change_7d":7.10477,"market_cap":813631660.710979,"last_updated":"2020-04-26T05:58:07.000Z"}}},{"id":1437,"name":"Zcash","symbol":"ZEC","slug":"zcash","num_market_pairs":238,"date_added":"2016-10-29T00:00:00.000Z","tags":["mineable"],"max_supply":21000000,"circulating_supply":9021975,"total_supply":9021975,"platform":null,"cmc_rank":26,"last_updated":"2020-04-26T05:58:08.000Z","quote":{"USD":{"price":44.7866558474,"volume_24h":602246733.82562,"percent_change_1h":-0.519196,"percent_change_24h":0.432191,"percent_change_7d":2.60273,"market_cap":404064089.3888466,"last_updated":"2020-04-26T05:58:08.000Z"}}},{"id":1376,"name":"Neo","symbol":"NEO","slug":"neo","num_market_pairs":238,"date_added":"2016-09-08T00:00:00.000Z","tags":[],"max_supply":100000000,"circulating_supply":70538831,"total_supply":100000000,"platform":null,"cmc_rank":23,"last_updated":"2020-04-26T05:58:08.000Z","quote":{"USD":{"price":8.40810970881,"volume_24h":594876430.941803,"percent_change_1h":-0.843449,"percent_change_24h":2.36882,"percent_change_7d":7.40934,"market_cap":593098229.7792078,"last_updated":"2020-04-26T05:58:08.000Z"}}},{"id":512,"name":"Stellar","symbol":"XLM","slug":"stellar","num_market_pairs":296,"date_added":"2014-08-05T00:00:00.000Z","tags":[],"max_supply":null,"circulating_supply":20295869253.015,"total_supply":50001803871.8717,"platform":null,"cmc_rank":12,"last_updated":"2020-04-26T05:58:08.000Z","quote":{"USD":{"price":0.0617268250429,"volume_24h":511079182.900281,"percent_change_1h":-0.588285,"percent_change_24h":-1.84888,"percent_change_7d":22.809,"market_cap":1252799570.4744303,"last_updated":"2020-04-26T05:58:08.000Z"}}},{"id":2563,"name":"TrueUSD","symbol":"TUSD","slug":"trueusd","num_market_pairs":155,"date_added":"2018-03-06T00:00:00.000Z","tags":[],"max_supply":null,"circulating_supply":131819238.05,"total_supply":131819238.05,"platform":{"id":1027,"name":"Ethereum","symbol":"ETH","slug":"ethereum","token_address":"0x0000000000085d4780B73119b644AE5ecd22b376"},"cmc_rank":44,"last_updated":"2020-04-26T05:58:10.000Z","quote":{"USD":{"price":1.00789894809,"volume_24h":486812614.326191,"percent_change_1h":0.0849362,"percent_change_24h":0.165267,"percent_change_7d":0.441104,"market_cap":132860471.3686203,"last_updated":"2020-04-26T05:58:10.000Z"}}},{"id":3330,"name":"Paxos Standard","symbol":"PAX","slug":"paxos-standard","num_market_pairs":99,"date_added":"2018-09-27T00:00:00.000Z","tags":[],"max_supply":null,"circulating_supply":244951954.494264,"total_supply":249952064.83,"platform":{"id":1027,"name":"Ethereum","symbol":"ETH","slug":"ethereum","token_address":"0x8e870d67f660d95d5be530380d0ec0bd388289e1"},"cmc_rank":34,"last_updated":"2020-04-26T05:58:12.000Z","quote":{"USD":{"price":1.00803036033,"volume_24h":470000812.028526,"percent_change_1h":0.0717147,"percent_change_24h":0.4371,"percent_change_7d":0.38659,"market_cap":246919006.95239073,"last_updated":"2020-04-26T05:58:12.000Z"}}},{"id":1839,"name":"Binance Coin","symbol":"BNB","slug":"binance-coin","num_market_pairs":305,"date_added":"2017-07-25T00:00:00.000Z","tags":[],"max_supply":187536713,"circulating_supply":155536713,"total_supply":187536713,"platform":null,"cmc_rank":8,"last_updated":"2020-04-26T05:58:08.000Z","quote":{"USD":{"price":16.2669227228,"volume_24h":388431545.513486,"percent_change_1h":-0.266939,"percent_change_24h":0.672987,"percent_change_7d":-1.16847,"market_cap":2530103690.9293222,"last_updated":"2020-04-26T05:58:08.000Z"}}},{"id":1684,"name":"Qtum","symbol":"QTUM","slug":"qtum","num_market_pairs":172,"date_added":"2017-05-24T00:00:00.000Z","tags":[],"max_supply":107822406,"circulating_supply":96607300.359,"total_supply":102357300,"platform":null,"cmc_rank":42,"last_updated":"2020-04-26T05:58:08.000Z","quote":{"USD":{"price":1.4928503968,"volume_24h":382278570.240277,"percent_change_1h":-1.1438,"percent_change_24h":3.09939,"percent_change_7d":4.73192,"market_cap":144220246.67470992,"last_updated":"2020-04-26T05:58:08.000Z"}}},{"id":3408,"name":"USD Coin","symbol":"USDC","slug":"usd-coin","num_market_pairs":219,"date_added":"2018-10-08T00:00:00.000Z","tags":[],"max_supply":null,"circulating_supply":751388095.758994,"total_supply":755391159.49,"platform":{"id":1027,"name":"Ethereum","symbol":"ETH","slug":"ethereum","token_address":"0xa0b86991c6218b36c1d19d4a2e9eb0ce3606eb48"},"cmc_rank":20,"last_updated":"2020-04-26T05:58:17.000Z","quote":{"USD":{"price":1.00811594469,"volume_24h":376004424.504057,"percent_change_1h":0.117811,"percent_change_24h":0.283322,"percent_change_7d":0.423756,"market_cap":757486319.9848984,"last_updated":"2020-04-26T05:58:17.000Z"}}},{"id":1975,"name":"Chainlink","symbol":"LINK","slug":"chainlink","num_market_pairs":170,"date_added":"2017-09-20T00:00:00.000Z","tags":[],"max_supply":null,"circulating_supply":350000000,"total_supply":1000000000,"platform":{"id":1027,"name":"Ethereum","symbol":"ETH","slug":"ethereum","token_address":"0x514910771af9ca656af840dff83e8264ecf986ca"},"cmc_rank":11,"last_updated":"2020-04-26T05:58:08.000Z","quote":{"USD":{"price":3.7204022231,"volume_24h":350651689.986653,"percent_change_1h":-1.89028,"percent_change_24h":-2.95491,"percent_change_7d":-0.396736,"market_cap":1302140778.085,"last_updated":"2020-04-26T05:58:08.000Z"}}},{"id":2011,"name":"Tezos","symbol":"XTZ","slug":"tezos","num_market_pairs":90,"date_added":"2017-10-06T00:00:00.000Z","tags":[],"max_supply":null,"circulating_supply":708369475.303005,"total_supply":708369475.303005,"platform":null,"cmc_rank":10,"last_updated":"2020-04-26T05:58:08.000Z","quote":{"USD":{"price":2.77247171989,"volume_24h":289167810.621722,"percent_change_1h":-1.65675,"percent_change_24h":1.51384,"percent_change_7d":19.176,"market_cap":1963934337.510899,"last_updated":"2020-04-26T05:58:08.000Z"}}},{"id":2319,"name":"QCash","symbol":"QC","slug":"qcash","num_market_pairs":91,"date_added":"2019-12-12T00:00:00.000Z","tags":[],"max_supply":10000000000,"circulating_supply":460000200,"total_supply":10000000000,"platform":{"id":1684,"name":"Qtum","symbol":"QTUM","slug":"qtum","token_address":"f2033ede578e17fa6231047265010445bca8cf1c"},"cmc_rank":220,"last_updated":"2020-04-26T05:58:10.000Z","quote":{"USD":{"price":0.14113522853,"volume_24h":262638699.628826,"percent_change_1h":0.0141588,"percent_change_24h":0.337636,"percent_change_7d":0.632168,"market_cap":64922233.3508457,"last_updated":"2020-04-26T05:58:10.000Z"}}},{"id":3794,"name":"Cosmos","symbol":"ATOM","slug":"cosmos","num_market_pairs":121,"date_added":"2019-03-14T00:00:00.000Z","tags":[],"max_supply":null,"circulating_supply":190688439.2,"total_supply":237928230.821588,"platform":null,"cmc_rank":24,"last_updated":"2020-04-26T05:58:13.000Z","quote":{"USD":{"price":2.82980808581,"volume_24h":243478104.220942,"percent_change_1h":-0.929144,"percent_change_24h":2.28054,"percent_change_7d":13.093,"market_cap":539611687.1186485,"last_updated":"2020-04-26T05:58:13.000Z"}}},{"id":74,"name":"Dogecoin","symbol":"DOGE","slug":"dogecoin","num_market_pairs":239,"date_added":"2013-12-15T00:00:00.000Z","tags":["mineable"],"max_supply":null,"circulating_supply":124302538913.54,"total_supply":124302538913.54,"platform":null,"cmc_rank":32,"last_updated":"2020-04-26T05:58:06.000Z","quote":{"USD":{"price":0.00217802550352,"volume_24h":239980754.013012,"percent_change_1h":-0.0253639,"percent_change_24h":3.69665,"percent_change_7d":5.92755,"market_cap":270734099.90597737,"last_updated":"2020-04-26T05:58:06.000Z"}}},{"id":2502,"name":"Huobi Token","symbol":"HT","slug":"huobi-token","num_market_pairs":136,"date_added":"2018-02-03T00:00:00.000Z","tags":[],"max_supply":null,"circulating_supply":222668092.971921,"total_supply":500000000,"platform":{"id":1027,"name":"Ethereum","symbol":"ETH","slug":"ethereum","token_address":"0x6f259637dcd74c767781e37bc6133cd6a68aa161"},"cmc_rank":17,"last_updated":"2020-04-26T05:58:09.000Z","quote":{"USD":{"price":3.97900960807,"volume_24h":198706226.044676,"percent_change_1h":-0.141506,"percent_change_24h":-0.370744,"percent_change_7d":1.33425,"market_cap":885998481.3458977,"last_updated":"2020-04-26T05:58:09.000Z"}}},{"id":3077,"name":"VeChain","symbol":"VET","slug":"vechain","num_market_pairs":98,"date_added":"2017-08-22T00:00:00.000Z","tags":[],"max_supply":null,"circulating_supply":55454734800,"total_supply":86712634466,"platform":null,"cmc_rank":35,"last_updated":"2020-04-26T05:58:12.000Z","quote":{"USD":{"price":0.0042211834013,"volume_24h":157329946.282874,"percent_change_1h":-0.49446,"percent_change_24h":1.22073,"percent_change_7d":6.5032,"market_cap":234084606.0612535,"last_updated":"2020-04-26T05:58:12.000Z"}}},{"id":3897,"name":"OKB","symbol":"OKB","slug":"okb","num_market_pairs":50,"date_added":"2019-04-30T00:00:00.000Z","tags":[],"max_supply":null,"circulating_supply":60000000,"total_supply":300000000,"platform":{"id":1027,"name":"Ethereum","symbol":"ETH","slug":"ethereum","token_address":"0x75231f58b43240c9718dd58b4967c5114342a86c"},"cmc_rank":30,"last_updated":"2020-04-26T05:58:13.000Z","quote":{"USD":{"price":4.90082431788,"volume_24h":131111450.176817,"percent_change_1h":-0.171505,"percent_change_24h":-0.97742,"percent_change_7d":1.61478,"market_cap":294049459.0728,"last_updated":"2020-04-26T05:58:13.000Z"}}},{"id":2566,"name":"Ontology","symbol":"ONT","slug":"ontology","num_market_pairs":119,"date_added":"2018-03-08T00:00:00.000Z","tags":[],"max_supply":null,"circulating_supply":656746573,"total_supply":1000000000,"platform":null,"cmc_rank":29,"last_updated":"2020-04-26T05:58:11.000Z","quote":{"USD":{"price":0.465532480724,"volume_24h":120695471.914266,"percent_change_1h":-1.22428,"percent_change_24h":-0.414459,"percent_change_7d":10.6158,"market_cap":305736861.33567554,"last_updated":"2020-04-26T05:58:11.000Z"}}},{"id":2456,"name":"OFCOIN","symbol":"OF","slug":"ofcoin","num_market_pairs":1,"date_added":"2018-01-24T00:00:00.000Z","tags":[],"max_supply":null,"circulating_supply":null,"total_supply":51200000000,"platform":null,"cmc_rank":2030,"last_updated":"2020-04-26T05:58:08.000Z","quote":{"USD":{"price":0.0000454277642508,"volume_24h":118093779.722126,"percent_change_1h":0.0577049,"percent_change_24h":5.07496,"percent_change_7d":0.358345,"market_cap":null,"last_updated":"2020-04-26T05:58:08.000Z"}}},{"id":328,"name":"Monero","symbol":"XMR","slug":"monero","num_market_pairs":146,"date_added":"2014-05-21T00:00:00.000Z","tags":["mineable"],"max_supply":null,"circulating_supply":17537209.0957353,"total_supply":17537209.0957353,"platform":null,"cmc_rank":14,"last_updated":"2020-04-26T05:58:06.000Z","quote":{"USD":{"price":60.9812885843,"volume_24h":100971481.737713,"percent_change_1h":-0.340864,"percent_change_24h":-0.703411,"percent_change_7d":5.09429,"market_cap":1069441608.8302453,"last_updated":"2020-04-26T05:58:06.000Z"}}},{"id":1168,"name":"Decred","symbol":"DCR","slug":"decred","num_market_pairs":49,"date_added":"2016-02-10T00:00:00.000Z","tags":["mineable"],"max_supply":21000000,"circulating_supply":11408097.5936652,"total_supply":11408097.5936652,"platform":null,"cmc_rank":41,"last_updated":"2020-04-26T05:58:06.000Z","quote":{"USD":{"price":12.7495066137,"volume_24h":92165209.2006812,"percent_change_1h":0.026348,"percent_change_24h":1.30142,"percent_change_7d":-0.273474,"market_cap":145447615.7201695,"last_updated":"2020-04-26T05:58:06.000Z"}}},{"id":1808,"name":"OmiseGO","symbol":"OMG","slug":"omisego","num_market_pairs":209,"date_added":"2017-07-14T00:00:00.000Z","tags":[],"max_supply":null,"circulating_supply":140245398.245133,"total_supply":140245398.245133,"platform":{"id":1027,"name":"Ethereum","symbol":"ETH","slug":"ethereum","token_address":"0xd26114cd6EE289AccF82350c8d8487fedB8A0C07"},"cmc_rank":57,"last_updated":"2020-04-26T05:58:08.000Z","quote":{"USD":{"price":0.643158304918,"volume_24h":89578489.7562366,"percent_change_1h":-0.0334884,"percent_change_24h":2.72414,"percent_change_7d":7.86212,"market_cap":90199992.6078896,"last_updated":"2020-04-26T05:58:08.000Z"}}},{"id":2010,"name":"Cardano","symbol":"ADA","slug":"cardano","num_market_pairs":131,"date_added":"2017-10-01T00:00:00.000Z","tags":["mineable"],"max_supply":45000000000,"circulating_supply":25927070538,"total_supply":31112483745,"platform":null,"cmc_rank":13,"last_updated":"2020-04-26T05:58:08.000Z","quote":{"USD":{"price":0.0423470620189,"volume_24h":87520018.7405474,"percent_change_1h":-0.883427,"percent_change_24h":-1.43962,"percent_change_7d":16.2188,"market_cap":1097935264.041081,"last_updated":"2020-04-26T05:58:08.000Z"}}},{"id":1697,"name":"Basic Attention Token","symbol":"BAT","slug":"basic-attention-token","num_market_pairs":183,"date_added":"2017-06-01T00:00:00.000Z","tags":[],"max_supply":null,"circulating_supply":1457527137.0863,"total_supply":1500000000,"platform":{"id":1027,"name":"Ethereum","symbol":"ETH","slug":"ethereum","token_address":"0x0d8775f648430679a709e98d2b0cb6250d2887ef"},"cmc_rank":33,"last_updated":"2020-04-26T05:58:08.000Z","quote":{"USD":{"price":0.183220708653,"volume_24h":82297635.0367017,"percent_change_1h":-1.13597,"percent_change_24h":2.22401,"percent_change_7d":7.42084,"market_cap":267049154.93793014,"last_updated":"2020-04-26T05:58:08.000Z"}}},{"id":4064,"name":"USDK","symbol":"USDK","slug":"usdk","num_market_pairs":37,"date_added":"2019-07-29T00:00:00.000Z","tags":[],"max_supply":null,"circulating_supply":28600072,"total_supply":28600072,"platform":{"id":1027,"name":"Ethereum","symbol":"ETH","slug":"ethereum","token_address":"0x1c48f86ae57291f7686349f12601910bd8d470bb"},"cmc_rank":250,"last_updated":"2020-04-26T05:58:15.000Z","quote":{"USD":{"price":1.00759700732,"volume_24h":76813818.0002163,"percent_change_1h":0.100889,"percent_change_24h":0.390552,"percent_change_7d":0.17652,"market_cap":28817346.956336528,"last_updated":"2020-04-26T05:58:15.000Z"}}},{"id":3702,"name":"Beam","symbol":"BEAM","slug":"beam","num_market_pairs":32,"date_added":"2019-01-17T00:00:00.000Z","tags":["mineable"],"max_supply":262800000,"circulating_supply":60318000,"total_supply":60318000,"platform":null,"cmc_rank":153,"last_updated":"2020-04-26T05:58:14.000Z","quote":{"USD":{"price":0.319067534487,"volume_24h":75713132.001,"percent_change_1h":0.983752,"percent_change_24h":10.3855,"percent_change_7d":14.1625,"market_cap":19245515.545186866,"last_updated":"2020-04-26T05:58:14.000Z"}}},{"id":1982,"name":"Kyber Network","symbol":"KNC","slug":"kyber-network","num_market_pairs":64,"date_added":"2017-09-24T00:00:00.000Z","tags":[],"max_supply":null,"circulating_supply":180432602.911872,"total_supply":210939151.730736,"platform":{"id":1027,"name":"Ethereum","symbol":"ETH","slug":"ethereum","token_address":"0xdd974d5c2e2928dea5f71b9825b8b646686bd200"},"cmc_rank":52,"last_updated":"2020-04-26T05:58:08.000Z","quote":{"USD":{"price":0.616053564812,"volume_24h":70165690.0401343,"percent_change_1h":-1.68912,"percent_change_24h":16.9761,"percent_change_7d":25.9225,"market_cap":111156148.2321668,"last_updated":"2020-04-26T05:58:08.000Z"}}},{"id":5031,"name":"MimbleWimbleCoin","symbol":"MWC","slug":"mimblewimblecoin","num_market_pairs":7,"date_added":"2020-02-24T00:00:00.000Z","tags":[],"max_supply":20000000,"circulating_supply":8011960.6569404,"total_supply":10521603.6569404,"platform":null,"cmc_rank":209,"last_updated":"2020-04-26T05:58:14.000Z","quote":{"USD":{"price":18.0147814653,"volume_24h":70051708.1986436,"percent_change_1h":-1.44158,"percent_change_24h":7.11559,"percent_change_7d":32.073,"market_cap":144333720.34336272,"last_updated":"2020-04-26T05:58:14.000Z"}}},{"id":1772,"name":"Storj","symbol":"STORJ","slug":"storj","num_market_pairs":32,"date_added":"2017-07-02T00:00:00.000Z","tags":[],"max_supply":null,"circulating_supply":135787438.700013,"total_supply":424999998.000013,"platform":{"id":1027,"name":"Ethereum","symbol":"ETH","slug":"ethereum","token_address":"0xb64ef51c888972c908cfacf59b47c1afbc0ab8ac"},"cmc_rank":181,"last_updated":"2020-04-26T05:58:07.000Z","quote":{"USD":{"price":0.101323235562,"volume_24h":69410595.1375164,"percent_change_1h":-0.357469,"percent_change_24h":0.835983,"percent_change_7d":3.85133,"market_cap":13758422.637762053,"last_updated":"2020-04-26T05:58:07.000Z"}}},{"id":3718,"name":"BitTorrent","symbol":"BTT","slug":"bittorrent","num_market_pairs":134,"date_added":"2019-01-31T00:00:00.000Z","tags":[],"max_supply":null,"circulating_supply":212116500000,"total_supply":990000000000,"platform":{"id":1958,"name":"TRON","symbol":"TRX","slug":"tron","token_address":"1002000"},"cmc_rank":79,"last_updated":"2020-04-26T05:58:14.000Z","quote":{"USD":{"price":0.000248727606136,"volume_24h":66171919.0453866,"percent_change_1h":-0.39024,"percent_change_24h":0.991423,"percent_change_7d":6.4219,"market_cap":52759229.26694685,"last_updated":"2020-04-26T05:58:14.000Z"}}},{"id":4030,"name":"Algorand","symbol":"ALGO","slug":"algorand","num_market_pairs":77,"date_added":"2019-06-20T00:00:00.000Z","tags":["mineable"],"max_supply":null,"circulating_supply":708995253.26432,"total_supply":3240267096.26432,"platform":null,"cmc_rank":39,"last_updated":"2020-04-26T05:58:13.000Z","quote":{"USD":{"price":0.216133364532,"volume_24h":63131221.3445505,"percent_change_1h":-0.851418,"percent_change_24h":2.23013,"percent_change_7d":9.82197,"market_cap":153237529.52523494,"last_updated":"2020-04-26T05:58:13.000Z"}}},{"id":2307,"name":"Bibox Token","symbol":"BIX","slug":"bibox-token","num_market_pairs":27,"date_added":"2017-12-24T00:00:00.000Z","tags":[],"max_supply":null,"circulating_supply":97882450.27,"total_supply":251424733.27,"platform":{"id":1027,"name":"Ethereum","symbol":"ETH","slug":"ethereum","token_address":"0xb3104b4b9da82025e8b9f8fb28b3553ce2f67069"},"cmc_rank":331,"last_updated":"2020-04-26T05:58:11.000Z","quote":{"USD":{"price":0.0837152692926,"volume_24h":59034617.8883254,"percent_change_1h":-0.037946,"percent_change_24h":-0.626858,"percent_change_7d":4.15467,"market_cap":8194255.683372577,"last_updated":"2020-04-26T05:58:11.000Z"}}},{"id":4687,"name":"Binance USD","symbol":"BUSD","slug":"binance-usd","num_market_pairs":61,"date_added":"2019-09-20T00:00:00.000Z","tags":[],"max_supply":null,"circulating_supply":190748647.59,"total_supply":190748647.59,"platform":{"id":1027,"name":"Ethereum","symbol":"ETH","slug":"ethereum","token_address":"0x4Fabb145d64652a948d72533023f6E7A623C7C53"},"cmc_rank":37,"last_updated":"2020-04-26T05:58:16.000Z","quote":{"USD":{"price":1.0082482722,"volume_24h":56229239.7720992,"percent_change_1h":0.11126,"percent_change_24h":0.414399,"percent_change_7d":0.395254,"market_cap":192321994.35710418,"last_updated":"2020-04-26T05:58:16.000Z"}}},{"id":1776,"name":"MCO","symbol":"MCO","slug":"crypto-com","num_market_pairs":61,"date_added":"2017-07-03T00:00:00.000Z","tags":[],"max_supply":null,"circulating_supply":15793831.0949625,"total_supply":31587682.3632061,"platform":{"id":1027,"name":"Ethereum","symbol":"ETH","slug":"ethereum","token_address":"0xb63b606ac810a52cca15e44bb630fd42d8d1d83d"},"cmc_rank":59,"last_updated":"2020-04-26T05:58:07.000Z","quote":{"USD":{"price":5.09462918172,"volume_24h":55233202.3459776,"percent_change_1h":-0.833051,"percent_change_24h":-0.806181,"percent_change_7d":-2.68581,"market_cap":80463712.7875527,"last_updated":"2020-04-26T05:58:07.000Z"}}},{"id":2280,"name":"Filecoin [Futures]","symbol":"FIL","slug":"filecoin","num_market_pairs":4,"date_added":"2017-12-13T00:00:00.000Z","tags":["mineable"],"max_supply":null,"circulating_supply":null,"total_supply":null,"platform":null,"cmc_rank":2031,"last_updated":"2020-04-26T05:58:07.000Z","quote":{"USD":{"price":5.12864625284,"volume_24h":47039386.2156221,"percent_change_1h":-0.666911,"percent_change_24h":-0.53432,"percent_change_7d":1.0991,"market_cap":null,"last_updated":"2020-04-26T05:58:07.000Z"}}},{"id":3657,"name":"Lambda","symbol":"LAMB","slug":"lambda","num_market_pairs":41,"date_added":"2019-01-02T00:00:00.000Z","tags":[],"max_supply":10000000000,"circulating_supply":647125893.163218,"total_supply":6000000000,"platform":{"id":1027,"name":"Ethereum","symbol":"ETH","slug":"ethereum","token_address":"0x8971f9fd7196e5cee2c1032b50f656855af7dd26"},"cmc_rank":318,"last_updated":"2020-04-26T05:58:13.000Z","quote":{"USD":{"price":0.013935106426,"volume_24h":45404387.7529782,"percent_change_1h":0.0930956,"percent_change_24h":3.81889,"percent_change_7d":1.45235,"market_cap":9017768.192249749,"last_updated":"2020-04-26T05:58:13.000Z"}}},{"id":3437,"name":"ABBC Coin","symbol":"ABBC","slug":"abbc-coin","num_market_pairs":42,"date_added":"2018-10-12T00:00:00.000Z","tags":["mineable"],"max_supply":null,"circulating_supply":555416924.350722,"total_supply":1003278750.0109,"platform":null,"cmc_rank":68,"last_updated":"2020-04-26T05:58:13.000Z","quote":{"USD":{"price":0.117247927484,"volume_24h":44967855.7865129,"percent_change_1h":0.509803,"percent_change_24h":2.28686,"percent_change_7d":0.605574,"market_cap":65121483.26965976,"last_updated":"2020-04-26T05:58:13.000Z"}}},{"id":2130,"name":"Enjin Coin","symbol":"ENJ","slug":"enjin-coin","num_market_pairs":61,"date_added":"2017-11-01T00:00:00.000Z","tags":[],"max_supply":null,"circulating_supply":814772129.064264,"total_supply":1000000000,"platform":{"id":1027,"name":"Ethereum","symbol":"ETH","slug":"ethereum","token_address":"0xf629cbd94d3791c9250152bd8dfbdf380e2a3b9c"},"cmc_rank":46,"last_updated":"2020-04-26T05:58:08.000Z","quote":{"USD":{"price":0.153005418838,"volume_24h":44900565.5730226,"percent_change_1h":0.0699685,"percent_change_24h":16.7345,"percent_change_7d":46.6771,"market_cap":124664550.86500672,"last_updated":"2020-04-26T05:58:08.000Z"}}},{"id":2349,"name":"Mixin","symbol":"XIN","slug":"mixin","num_market_pairs":8,"date_added":"2018-01-09T00:00:00.000Z","tags":[],"max_supply":1000000,"circulating_supply":510473.266535786,"total_supply":1000000,"platform":{"id":1027,"name":"Ethereum","symbol":"ETH","slug":"ethereum","token_address":"0xa974c709cfb4566686553a20790685a47aceaa33"},"cmc_rank":216,"last_updated":"2020-04-26T05:58:08.000Z","quote":{"USD":{"price":166.975051115,"volume_24h":41860856.0918074,"percent_change_1h":0.324786,"percent_change_24h":0.735087,"percent_change_7d":-1.68323,"market_cap":85236299.7726539,"last_updated":"2020-04-26T05:58:08.000Z"}}},{"id":3306,"name":"Gemini Dollar","symbol":"GUSD","slug":"gemini-dollar","num_market_pairs":31,"date_added":"2018-10-05T00:00:00.000Z","tags":[],"max_supply":null,"circulating_supply":5884964.1,"total_supply":5884964.1,"platform":{"id":1027,"name":"Ethereum","symbol":"ETH","slug":"ethereum","token_address":"0x056Fd409E1d7A124BD7017459dFEa2F387b6d5Cd"},"cmc_rank":401,"last_updated":"2020-04-26T05:58:11.000Z","quote":{"USD":{"price":1.01157089094,"volume_24h":41779744.3078613,"percent_change_1h":-0.0228951,"percent_change_24h":0.246204,"percent_change_7d":1.22827,"market_cap":5953058.377786916,"last_updated":"2020-04-26T05:58:11.000Z"}}},{"id":4229,"name":"Yobit Token","symbol":"YO","slug":"yobit-token","num_market_pairs":11,"date_added":"2019-09-03T00:00:00.000Z","tags":[],"max_supply":null,"circulating_supply":null,"total_supply":17000,"platform":{"id":1027,"name":"Ethereum","symbol":"ETH","slug":"ethereum","token_address":"0xebf4ca5319f406602eeff68da16261f1216011b5"},"cmc_rank":2032,"last_updated":"2020-04-26T05:58:14.000Z","quote":{"USD":{"price":758.230735293,"volume_24h":41622183.0420141,"percent_change_1h":-1.15951,"percent_change_24h":0.761976,"percent_change_7d":4.33031,"market_cap":null,"last_updated":"2020-04-26T05:58:14.000Z"}}},{"id":3351,"name":"ZB Token","symbol":"ZB","slug":"zb-token","num_market_pairs":11,"date_added":"2018-09-27T00:00:00.000Z","tags":[],"max_supply":null,"circulating_supply":463288810,"total_supply":2100000000,"platform":{"id":1027,"name":"Ethereum","symbol":"ETH","slug":"ethereum","token_address":"0xbd0793332e9fb844a52a205a233ef27a5b34b927"},"cmc_rank":51,"last_updated":"2020-04-26T05:58:12.000Z","quote":{"USD":{"price":0.244890115009,"volume_24h":38918614.680794,"percent_change_1h":-1.03779,"percent_change_24h":1.51838,"percent_change_7d":1.29856,"market_cap":113454849.96328275,"last_updated":"2020-04-26T05:58:12.000Z"}}},{"id":2083,"name":"Bitcoin Gold","symbol":"BTG","slug":"bitcoin-gold","num_market_pairs":73,"date_added":"2017-10-23T00:00:00.000Z","tags":["mineable"],"max_supply":21000000,"circulating_supply":17513923.589,"total_supply":17513923.589,"platform":null,"cmc_rank":38,"last_updated":"2020-04-26T05:58:08.000Z","quote":{"USD":{"price":9.48331395337,"volume_24h":38545397.8985128,"percent_change_1h":-0.0787429,"percent_change_24h":0.246566,"percent_change_7d":-4.59967,"market_cap":166090035.9498197,"last_updated":"2020-04-26T05:58:08.000Z"}}},{"id":3709,"name":"Grin","symbol":"GRIN","slug":"grin","num_market_pairs":60,"date_added":"2019-01-27T00:00:00.000Z","tags":["mineable"],"max_supply":null,"circulating_supply":40142700,"total_supply":40142700,"platform":null,"cmc_rank":145,"last_updated":"2020-04-26T05:58:13.000Z","quote":{"USD":{"price":0.517941178184,"volume_24h":37946830.4149878,"percent_change_1h":-1.32344,"percent_change_24h":4.3495,"percent_change_7d":4.02381,"market_cap":20791557.333486855,"last_updated":"2020-04-26T05:58:13.000Z"}}},{"id":1274,"name":"Waves","symbol":"WAVES","slug":"waves","num_market_pairs":144,"date_added":"2016-06-02T00:00:00.000Z","tags":[],"max_supply":null,"circulating_supply":101767102,"total_supply":101767102,"platform":null,"cmc_rank":53,"last_updated":"2020-04-26T05:58:07.000Z","quote":{"USD":{"price":1.02162212334,"volume_24h":37418349.5518645,"percent_change_1h":-0.398699,"percent_change_24h":0.213318,"percent_change_7d":-1.228,"market_cap":103967522.83139837,"last_updated":"2020-04-26T05:58:07.000Z"}}},{"id":1104,"name":"Augur","symbol":"REP","slug":"augur","num_market_pairs":73,"date_added":"2015-10-27T00:00:00.000Z","tags":[],"max_supply":null,"circulating_supply":11000000,"total_supply":11000000,"platform":{"id":1027,"name":"Ethereum","symbol":"ETH","slug":"ethereum","token_address":"0x1985365e9f78359a9b6ad760e32412f4a445e862"},"cmc_rank":50,"last_updated":"2020-04-26T05:58:06.000Z","quote":{"USD":{"price":10.320475487,"volume_24h":35672868.5767833,"percent_change_1h":0.00470907,"percent_change_24h":0.650735,"percent_change_7d":1.36618,"market_cap":113525230.357,"last_updated":"2020-04-26T05:58:06.000Z"}}},{"id":2099,"name":"ICON","symbol":"ICX","slug":"icon","num_market_pairs":61,"date_added":"2017-10-27T00:00:00.000Z","tags":[],"max_supply":null,"circulating_supply":538324414.738572,"total_supply":800460000,"platform":null,"cmc_rank":40,"last_updated":"2020-04-26T05:58:07.000Z","quote":{"USD":{"price":0.280710667766,"volume_24h":35076582.4173584,"percent_change_1h":-0.675207,"percent_change_24h":2.7915,"percent_change_7d":14.4048,"market_cap":151113405.93600568,"last_updated":"2020-04-26T05:58:07.000Z"}}},{"id":2457,"name":"TrueChain","symbol":"TRUE","slug":"truechain","num_market_pairs":16,"date_added":"2018-01-24T00:00:00.000Z","tags":[],"max_supply":null,"circulating_supply":79575542.96,"total_supply":100000000,"platform":null,"cmc_rank":138,"last_updated":"2020-04-26T05:58:09.000Z","quote":{"USD":{"price":0.267972008568,"volume_24h":33517831.0166442,"percent_change_1h":-0.263823,"percent_change_24h":-0.0173097,"percent_change_7d":-3.52896,"market_cap":21324018.07988037,"last_updated":"2020-04-26T05:58:09.000Z"}}},{"id":2405,"name":"IOST","symbol":"IOST","slug":"iostoken","num_market_pairs":85,"date_added":"2018-01-16T00:00:00.000Z","tags":[],"max_supply":null,"circulating_supply":12013965608.8475,"total_supply":21000000000,"platform":null,"cmc_rank":93,"last_updated":"2020-04-26T05:58:09.000Z","quote":{"USD":{"price":0.00355103398916,"volume_24h":33392316.575391,"percent_change_1h":-0.706471,"percent_change_24h":-0.78112,"percent_change_7d":4.91221,"market_cap":42662000.22161678,"last_updated":"2020-04-26T05:58:09.000Z"}}},{"id":624,"name":"bitCNY","symbol":"BITCNY","slug":"bitcny","num_market_pairs":23,"date_added":"2014-09-23T00:00:00.000Z","tags":[],"max_supply":null,"circulating_supply":31221500,"total_supply":31221500,"platform":{"id":463,"name":"BitShares","symbol":"BTS","slug":"bitshares","token_address":"CNY"},"cmc_rank":483,"last_updated":"2020-04-26T05:58:05.000Z","quote":{"USD":{"price":0.141629074752,"volume_24h":29195591.6595787,"percent_change_1h":0.156017,"percent_change_24h":0.513157,"percent_change_7d":0.570574,"market_cap":4421872.157369568,"last_updated":"2020-04-26T05:58:05.000Z"}}},{"id":2577,"name":"Ravencoin","symbol":"RVN","slug":"ravencoin","num_market_pairs":50,"date_added":"2018-03-10T00:00:00.000Z","tags":["mineable"],"max_supply":21000000000,"circulating_supply":6023420000,"total_supply":6023420000,"platform":null,"cmc_rank":48,"last_updated":"2020-04-26T05:58:10.000Z","quote":{"USD":{"price":0.0198536376469,"volume_24h":28374713.3827142,"percent_change_1h":-1.77489,"percent_change_24h":10.8802,"percent_change_7d":16.0279,"market_cap":119586798.0750904,"last_updated":"2020-04-26T05:58:10.000Z"}}},{"id":109,"name":"DigiByte","symbol":"DGB","slug":"digibyte","num_market_pairs":77,"date_added":"2014-02-06T00:00:00.000Z","tags":["mineable"],"max_supply":21000000000,"circulating_supply":13072854107.8669,"total_supply":13072854107.8669,"platform":null,"cmc_rank":36,"last_updated":"2020-04-26T05:58:05.000Z","quote":{"USD":{"price":0.0147737832668,"volume_24h":26040496.4551527,"percent_change_1h":-5.39883,"percent_change_24h":15.9108,"percent_change_7d":87.0872,"market_cap":193135513.26812163,"last_updated":"2020-04-26T05:58:05.000Z"}}},{"id":1896,"name":"0x","symbol":"ZRX","slug":"0x","num_market_pairs":179,"date_added":"2017-08-16T00:00:00.000Z","tags":[],"max_supply":null,"circulating_supply":652285423.432216,"total_supply":1000000000,"platform":{"id":1027,"name":"Ethereum","symbol":"ETH","slug":"ethereum","token_address":"0xe41d2489571d322189246dafa5ebde1f4699f498"},"cmc_rank":47,"last_updated":"2020-04-26T05:58:09.000Z","quote":{"USD":{"price":0.186910072787,"volume_24h":25750745.2501626,"percent_change_1h":-0.229662,"percent_change_24h":0.749462,"percent_change_7d":4.64739,"market_cap":121918715.97161461,"last_updated":"2020-04-26T05:58:09.000Z"}}},{"id":5217,"name":"3X Long Ethereum Token","symbol":"ETHBULL","slug":"3x-long-ethereum-token","num_market_pairs":7,"date_added":"2020-02-11T00:00:00.000Z","tags":[],"max_supply":null,"circulating_supply":null,"total_supply":2688.70054275,"platform":{"id":1027,"name":"Ethereum","symbol":"ETH","slug":"ethereum","token_address":"0x871baed4088b863fd6407159f3672d70cd34837d"},"cmc_rank":2033,"last_updated":"2020-04-26T05:58:14.000Z","quote":{"USD":{"price":201.754173772,"volume_24h":25199118.7951494,"percent_change_1h":-1.77178,"percent_change_24h":1.62344,"percent_change_7d":11.2462,"market_cap":null,"last_updated":"2020-04-26T05:58:14.000Z"}}},{"id":5429,"name":"DEAPcoin","symbol":"DEP","slug":"deapcoin","num_market_pairs":2,"date_added":"2020-04-10T00:00:00.000Z","tags":[],"max_supply":30000000000,"circulating_supply":null,"total_supply":30000000000,"platform":{"id":1027,"name":"Ethereum","symbol":"ETH","slug":"ethereum","token_address":"0x1a3496c18d558bd9c6c8f609e1b129f67ab08163"},"cmc_rank":2034,"last_updated":"2020-04-26T05:58:15.000Z","quote":{"USD":{"price":0.00524151904011,"volume_24h":23275063.0251402,"percent_change_1h":0.0356779,"percent_change_24h":1.7702,"percent_change_7d":-2.47311,"market_cap":null,"last_updated":"2020-04-26T05:58:15.000Z"}}},{"id":5414,"name":"3x Long EOS Token","symbol":"EOSBULL","slug":"3x-long-eos-token","num_market_pairs":5,"date_added":"2020-04-06T00:00:00.000Z","tags":[],"max_supply":null,"circulating_supply":null,"total_supply":1057300.976,"platform":{"id":1027,"name":"Ethereum","symbol":"ETH","slug":"ethereum","token_address":"0xeaD7F3ae4e0Bb0D8785852Cc37CC9d0B5e75c06a"},"cmc_rank":2035,"last_updated":"2020-04-26T05:58:16.000Z","quote":{"USD":{"price":5.92659942381,"volume_24h":21763947.1479594,"percent_change_1h":-1.23195,"percent_change_24h":-2.30535,"percent_change_7d":-0.387684,"market_cap":null,"last_updated":"2020-04-26T05:58:16.000Z"}}},{"id":4779,"name":"HUSD","symbol":"HUSD","slug":"husd","num_market_pairs":18,"date_added":"2019-10-15T00:00:00.000Z","tags":[],"max_supply":null,"circulating_supply":null,"total_supply":87094416.0933887,"platform":{"id":1027,"name":"Ethereum","symbol":"ETH","slug":"ethereum","token_address":"0xdf574c24545e5ffecb9a659c229253d4111d87e1"},"cmc_rank":2036,"last_updated":"2020-04-26T05:58:14.000Z","quote":{"USD":{"price":1.00837806299,"volume_24h":21635275.3121328,"percent_change_1h":0.0439289,"percent_change_24h":0.394407,"percent_change_7d":0.388563,"market_cap":null,"last_updated":"2020-04-26T05:58:14.000Z"}}},{"id":3890,"name":"Matic Network","symbol":"MATIC","slug":"matic-network","num_market_pairs":51,"date_added":"2019-04-28T00:00:00.000Z","tags":[],"max_supply":null,"circulating_supply":2758503686,"total_supply":10000000000,"platform":{"id":1027,"name":"Ethereum","symbol":"ETH","slug":"ethereum","token_address":"0x7D1AfA7B718fb893dB30A3aBc0Cfc608AaCfeBB0"},"cmc_rank":94,"last_updated":"2020-04-26T05:58:13.000Z","quote":{"USD":{"price":0.015266980606,"volume_24h":21423554.1795397,"percent_change_1h":-0.389831,"percent_change_24h":2.19374,"percent_change_7d":14.336,"market_cap":42114022.27574151,"last_updated":"2020-04-26T05:58:13.000Z"}}},{"id":5198,"name":"Creditcoin","symbol":"CTC","slug":"creditcoin","num_market_pairs":3,"date_added":"2020-01-31T00:00:00.000Z","tags":[],"max_supply":null,"circulating_supply":null,"total_supply":600000000,"platform":null,"cmc_rank":2037,"last_updated":"2020-04-26T05:58:15.000Z","quote":{"USD":{"price":0.371191780866,"volume_24h":20522219.1279108,"percent_change_1h":-0.377371,"percent_change_24h":-0.523009,"percent_change_7d":-10.4346,"market_cap":null,"last_updated":"2020-04-26T05:58:15.000Z"}}},{"id":2299,"name":"aelf","symbol":"ELF","slug":"aelf","num_market_pairs":79,"date_added":"2017-12-21T00:00:00.000Z","tags":[],"max_supply":1000000000,"circulating_supply":544480199.986466,"total_supply":879999999.986466,"platform":{"id":1027,"name":"Ethereum","symbol":"ETH","slug":"ethereum","token_address":"0xbf2179859fc6d5bee9bf9158632dc51678a4100e"},"cmc_rank":100,"last_updated":"2020-04-26T05:58:10.000Z","quote":{"USD":{"price":0.065520165079,"volume_24h":19644741.6383094,"percent_change_1h":-0.148556,"percent_change_24h":-1.57451,"percent_change_7d":2.31065,"market_cap":35674432.58536019,"last_updated":"2020-04-26T05:58:10.000Z"}}},{"id":5085,"name":"Building Cities Beyond Blockchain","symbol":"BCB","slug":"building-cities-beyond-blockchain","num_market_pairs":3,"date_added":"2019-12-30T00:00:00.000Z","tags":[],"max_supply":66000000,"circulating_supply":null,"total_supply":66000000,"platform":null,"cmc_rank":2038,"last_updated":"2020-04-26T05:58:14.000Z","quote":{"USD":{"price":2.60250541524,"volume_24h":19538217.2044474,"percent_change_1h":-0.00931417,"percent_change_24h":-0.515619,"percent_change_7d":-0.374009,"market_cap":null,"last_updated":"2020-04-26T05:58:14.000Z"}}},{"id":1903,"name":"HyperCash","symbol":"HC","slug":"hypercash","num_market_pairs":32,"date_added":"2017-08-20T00:00:00.000Z","tags":["mineable"],"max_supply":84000000,"circulating_supply":44589577.217052,"total_supply":44589577.217052,"platform":null,"cmc_rank":85,"last_updated":"2020-04-26T05:58:07.000Z","quote":{"USD":{"price":1.06906964851,"volume_24h":19499996.0042489,"percent_change_1h":-1.4402,"percent_change_24h":1.88542,"percent_change_7d":1.46827,"market_cap":47669363.64264328,"last_updated":"2020-04-26T05:58:07.000Z"}}},{"id":2341,"name":"SwftCoin","symbol":"SWFTC","slug":"swftcoin","num_market_pairs":13,"date_added":"2018-01-04T00:00:00.000Z","tags":[],"max_supply":null,"circulating_supply":4004999999,"total_supply":10000000000,"platform":{"id":1027,"name":"Ethereum","symbol":"ETH","slug":"ethereum","token_address":"0x0bb217e40f8a5cb79adf04e1aab60e5abd0dfc1e"},"cmc_rank":394,"last_updated":"2020-04-26T05:58:08.000Z","quote":{"USD":{"price":0.00151026063248,"volume_24h":18311616.1753437,"percent_change_1h":0.651711,"percent_change_24h":2.44991,"percent_change_7d":16.7615,"market_cap":6048593.83157214,"last_updated":"2020-04-26T05:58:08.000Z"}}},{"id":4899,"name":"Yap Stone","symbol":"YAP","slug":"yap-stone","num_market_pairs":14,"date_added":"2019-11-09T00:00:00.000Z","tags":[],"max_supply":null,"circulating_supply":150000000,"total_supply":1000000000,"platform":{"id":1027,"name":"Ethereum","symbol":"ETH","slug":"ethereum","token_address":""},"cmc_rank":107,"last_updated":"2020-04-26T05:58:14.000Z","quote":{"USD":{"price":0.218926315349,"volume_24h":18014318.8294206,"percent_change_1h":-0.0460352,"percent_change_24h":0.000958327,"percent_change_7d":3.69002,"market_cap":32838947.30235,"last_updated":"2020-04-26T05:58:14.000Z"}}},{"id":1866,"name":"Bytom","symbol":"BTM","slug":"bytom","num_market_pairs":54,"date_added":"2017-08-08T00:00:00.000Z","tags":["mineable"],"max_supply":null,"circulating_supply":1002499275,"total_supply":1407000000,"platform":null,"cmc_rank":72,"last_updated":"2020-04-26T05:58:07.000Z","quote":{"USD":{"price":0.0608257860602,"volume_24h":17800590.6935699,"percent_change_1h":-0.601053,"percent_change_24h":-0.108576,"percent_change_7d":2.33993,"market_cap":60977806.426655605,"last_updated":"2020-04-26T05:58:07.000Z"}}},{"id":2588,"name":"Loom Network","symbol":"LOOM","slug":"loom-network","num_market_pairs":65,"date_added":"2018-03-14T00:00:00.000Z","tags":[],"max_supply":null,"circulating_supply":970041175.954257,"total_supply":1000000000,"platform":{"id":1027,"name":"Ethereum","symbol":"ETH","slug":"ethereum","token_address":"0xa4e8c3ec456107ea67d3075bf9e3df3a75823db0"},"cmc_rank":170,"last_updated":"2020-04-26T05:58:09.000Z","quote":{"USD":{"price":0.0150580540423,"volume_24h":17448960.6524742,"percent_change_1h":-0.513588,"percent_change_24h":0.198121,"percent_change_7d":2.01301,"market_cap":14606932.450775445,"last_updated":"2020-04-26T05:58:09.000Z"}}},{"id":5221,"name":"Handshake ","symbol":"HNS","slug":"handshake","num_market_pairs":10,"date_added":"2020-02-22T00:00:00.000Z","tags":[],"max_supply":null,"circulating_supply":268078892.322,"total_supply":2040000000,"platform":null,"cmc_rank":245,"last_updated":"2020-04-26T05:58:16.000Z","quote":{"USD":{"price":0.119831076792,"volume_24h":17415120.8749384,"percent_change_1h":-0.206622,"percent_change_24h":-1.55469,"percent_change_7d":-2.91366,"market_cap":32124182.332151882,"last_updated":"2020-04-26T05:58:16.000Z"}}},{"id":5117,"name":"Origin Protocol","symbol":"OGN","slug":"origin-protocol","num_market_pairs":15,"date_added":"2020-01-09T00:00:00.000Z","tags":[],"max_supply":null,"circulating_supply":33523273.02,"total_supply":1000000000,"platform":{"id":1027,"name":"Ethereum","symbol":"ETH","slug":"ethereum","token_address":"0x8207c1ffc5b6804f6024322ccf34f29c3541ae26"},"cmc_rank":341,"last_updated":"2020-04-26T05:58:14.000Z","quote":{"USD":{"price":0.236422448974,"volume_24h":16475655.9773806,"percent_change_1h":-1.07992,"percent_change_24h":4.18164,"percent_change_7d":0.723643,"market_cap":7925654.305012421,"last_updated":"2020-04-26T05:58:14.000Z"}}},{"id":3945,"name":"Harmony","symbol":"ONE","slug":"harmony","num_market_pairs":20,"date_added":"2019-06-01T00:00:00.000Z","tags":[],"max_supply":null,"circulating_supply":4596807869,"total_supply":12600000000,"platform":null,"cmc_rank":189,"last_updated":"2020-04-26T05:58:12.000Z","quote":{"USD":{"price":0.00271836352919,"volume_24h":16398997.1572161,"percent_change_1h":-0.0879767,"percent_change_24h":2.29093,"percent_change_7d":17.8088,"market_cap":12495794.861783203,"last_updated":"2020-04-26T05:58:12.000Z"}}},{"id":5295,"name":"3X Long BNB Token","symbol":"BNBBULL","slug":"3x-long-bnb-token","num_market_pairs":5,"date_added":"2020-03-11T00:00:00.000Z","tags":[],"max_supply":null,"circulating_supply":null,"total_supply":4975.41633724,"platform":{"id":1027,"name":"Ethereum","symbol":"ETH","slug":"ethereum","token_address":"0x9d1a62c2ad99019768b9126fda004a9952853f6e"},"cmc_rank":2039,"last_updated":"2020-04-26T05:58:16.000Z","quote":{"USD":{"price":113.362264475,"volume_24h":15702780.1303644,"percent_change_1h":-1.24218,"percent_change_24h":1.00545,"percent_change_7d":-4.13922,"market_cap":null,"last_updated":"2020-04-26T05:58:16.000Z"}}},{"id":1966,"name":"Decentraland","symbol":"MANA","slug":"decentraland","num_market_pairs":75,"date_added":"2017-09-17T00:00:00.000Z","tags":[],"max_supply":null,"circulating_supply":1370182655.67155,"total_supply":2197927265.03415,"platform":{"id":1027,"name":"Ethereum","symbol":"ETH","slug":"ethereum","token_address":"0x0f5d2fb29fb7d3cfee444a200298f468908cc942"},"cmc_rank":96,"last_updated":"2020-04-26T05:58:07.000Z","quote":{"USD":{"price":0.0292076606372,"volume_24h":15701438.7177682,"percent_change_1h":-0.423169,"percent_change_24h":-0.979008,"percent_change_7d":-1.64647,"market_cap":40019830.01783209,"last_updated":"2020-04-26T05:58:07.000Z"}}},{"id":4846,"name":"Kava","symbol":"KAVA","slug":"kava","num_market_pairs":15,"date_added":"2019-10-25T00:00:00.000Z","tags":[],"max_supply":null,"circulating_supply":35855903.721819,"total_supply":108645222.721819,"platform":{"id":1839,"name":"Binance Coin","symbol":"BNB","slug":"binance-coin","token_address":""},"cmc_rank":142,"last_updated":"2020-04-26T05:58:14.000Z","quote":{"USD":{"price":0.586759561994,"volume_24h":14664332.5562419,"percent_change_1h":-3.55439,"percent_change_24h":6.04721,"percent_change_7d":4.88318,"market_cap":21038794.362713553,"last_updated":"2020-04-26T05:58:14.000Z"}}},{"id":1785,"name":"Gas","symbol":"GAS","slug":"gas","num_market_pairs":52,"date_added":"2017-07-06T00:00:00.000Z","tags":[],"max_supply":100000000,"circulating_supply":10128375.105773,"total_supply":17190378,"platform":{"id":1376,"name":"Neo","symbol":"NEO","slug":"neo","token_address":"602c79718b16e442de58778e148d0b1084e3b2dffd5de6b7b16cee7969282de7"},"cmc_rank":187,"last_updated":"2020-04-26T05:58:07.000Z","quote":{"USD":{"price":1.25651335609,"volume_24h":14548740.3136874,"percent_change_1h":-0.833075,"percent_change_24h":4.63845,"percent_change_7d":9.6932,"market_cap":12726438.59589324,"last_updated":"2020-04-26T05:58:07.000Z"}}},{"id":4679,"name":"Band Protocol","symbol":"BAND","slug":"band-protocol","num_market_pairs":9,"date_added":"2019-09-18T00:00:00.000Z","tags":[],"max_supply":null,"circulating_supply":19894032.5175,"total_supply":100000000,"platform":{"id":1027,"name":"Ethereum","symbol":"ETH","slug":"ethereum","token_address":"0xba11d00c5f74255f56a5e366f4f77f5a186d7f55"},"cmc_rank":158,"last_updated":"2020-04-26T05:58:15.000Z","quote":{"USD":{"price":0.872917981806,"volume_24h":13917213.1961803,"percent_change_1h":-1.44937,"percent_change_24h":19.0761,"percent_change_7d":69.8865,"market_cap":17365858.715159036,"last_updated":"2020-04-26T05:58:15.000Z"}}},{"id":4041,"name":"MX Token","symbol":"MX","slug":"mx-token","num_market_pairs":8,"date_added":"2019-09-24T00:00:00.000Z","tags":[],"max_supply":null,"circulating_supply":193278361.2597,"total_supply":673963903.14,"platform":{"id":1027,"name":"Ethereum","symbol":"ETH","slug":"ethereum","token_address":"0x11eef04c884e24d9b7b4760e7476d06ddf797f36"},"cmc_rank":140,"last_updated":"2020-04-26T05:58:14.000Z","quote":{"USD":{"price":0.109583019306,"volume_24h":13848162.3430321,"percent_change_1h":0.880206,"percent_change_24h":-0.0821309,"percent_change_7d":6.94914,"market_cap":21180026.39335375,"last_updated":"2020-04-26T05:58:14.000Z"}}},{"id":4942,"name":"Digital Gold","symbol":"GOLD","slug":"digital-gold","num_market_pairs":3,"date_added":"2019-11-18T00:00:00.000Z","tags":[],"max_supply":null,"circulating_supply":11545.726,"total_supply":17190.601,"platform":{"id":1027,"name":"Ethereum","symbol":"ETH","slug":"ethereum","token_address":"0x0d16450d347c12c086d6c94c76c5aaac35ea07e0"},"cmc_rank":990,"last_updated":"2020-04-26T05:58:15.000Z","quote":{"USD":{"price":54.9610587444,"volume_24h":13836676.0354165,"percent_change_1h":-1.32299,"percent_change_24h":0.646864,"percent_change_7d":-0.395322,"market_cap":634565.3249327465,"last_updated":"2020-04-26T05:58:15.000Z"}}},{"id":2570,"name":"TomoChain","symbol":"TOMO","slug":"tomochain","num_market_pairs":23,"date_added":"2018-03-08T00:00:00.000Z","tags":["mineable"],"max_supply":null,"circulating_supply":70470500,"total_supply":100000000,"platform":null,"cmc_rank":126,"last_updated":"2020-04-26T05:58:08.000Z","quote":{"USD":{"price":0.353364354738,"volume_24h":13320781.6731151,"percent_change_1h":-0.768154,"percent_change_24h":3.17101,"percent_change_7d":-1.39239,"market_cap":24901762.760564227,"last_updated":"2020-04-26T05:58:08.000Z"}}},{"id":1720,"name":"IOTA","symbol":"MIOTA","slug":"iota","num_market_pairs":53,"date_added":"2017-06-13T00:00:00.000Z","tags":[],"max_supply":2779530283,"circulating_supply":2779530283,"total_supply":2779530283,"platform":null,"cmc_rank":25,"last_updated":"2020-04-26T05:58:06.000Z","quote":{"USD":{"price":0.172756570127,"volume_24h":13216255.8586961,"percent_change_1h":-0.345462,"percent_change_24h":2.03869,"percent_change_7d":6.99171,"market_cap":480182118.2552096,"last_updated":"2020-04-26T05:58:06.000Z"}}},{"id":5477,"name":"ECOChain","symbol":"ECOC","slug":"ecochain","num_market_pairs":1,"date_added":"2020-04-20T00:00:00.000Z","tags":[],"max_supply":2000000000,"circulating_supply":null,"total_supply":223217150,"platform":null,"cmc_rank":2040,"last_updated":"2020-04-26T05:58:16.000Z","quote":{"USD":{"price":2.14016254421,"volume_24h":13165253.8496447,"percent_change_1h":1.50197,"percent_change_24h":60.6991,"percent_change_7d":null,"market_cap":null,"last_updated":"2020-04-26T05:58:16.000Z"}}},{"id":4078,"name":"Super Zero","symbol":"SERO","slug":"super-zero","num_market_pairs":15,"date_added":"2019-07-19T00:00:00.000Z","tags":[],"max_supply":647367590,"circulating_supply":257579812,"total_supply":645132362,"platform":null,"cmc_rank":151,"last_updated":"2020-04-26T05:58:13.000Z","quote":{"USD":{"price":0.0762074256106,"volume_24h":12812082.6182958,"percent_change_1h":-0.207982,"percent_change_24h":0.101449,"percent_change_7d":-0.290581,"market_cap":19629494.36178233,"last_updated":"2020-04-26T05:58:13.000Z"}}},{"id":1759,"name":"Status","symbol":"SNT","slug":"status","num_market_pairs":84,"date_added":"2017-06-28T00:00:00.000Z","tags":[],"max_supply":null,"circulating_supply":3470483788,"total_supply":6804870174,"platform":{"id":1027,"name":"Ethereum","symbol":"ETH","slug":"ethereum","token_address":"0x744d70fdbe2ba4cf95131626614a1763df805b9e"},"cmc_rank":67,"last_updated":"2020-04-26T05:58:07.000Z","quote":{"USD":{"price":0.0190301037695,"volume_24h":12620198.4830574,"percent_change_1h":-1.01078,"percent_change_24h":-0.247394,"percent_change_7d":13.2704,"market_cap":66043666.61600745,"last_updated":"2020-04-26T05:58:07.000Z"}}},{"id":3966,"name":"BitcoinHD","symbol":"BHD","slug":"bitcoinhd","num_market_pairs":11,"date_added":"2019-05-27T00:00:00.000Z","tags":[],"max_supply":21000000,"circulating_supply":6083016.35,"total_supply":6339465,"platform":null,"cmc_rank":238,"last_updated":"2020-04-26T05:58:12.000Z","quote":{"USD":{"price":6.65358334855,"volume_24h":12614381.9229993,"percent_change_1h":-0.123253,"percent_change_24h":3.55429,"percent_change_7d":12.293,"market_cap":40473856.2953174,"last_updated":"2020-04-26T05:58:12.000Z"}}},{"id":5216,"name":"3X Short Ethereum Token","symbol":"ETHBEAR","slug":"3x-short-ethereum-token","num_market_pairs":7,"date_added":"2020-02-11T00:00:00.000Z","tags":[],"max_supply":null,"circulating_supply":null,"total_supply":173633.2933466,"platform":{"id":1027,"name":"Ethereum","symbol":"ETH","slug":"ethereum","token_address":"0x2f5e2c9002c058c063d21a06b6cabb50950130c8"},"cmc_rank":2041,"last_updated":"2020-04-26T05:58:14.000Z","quote":{"USD":{"price":2.60336330568,"volume_24h":12552012.5012641,"percent_change_1h":2.05861,"percent_change_24h":-1.44396,"percent_change_7d":-18.0144,"market_cap":null,"last_updated":"2020-04-26T05:58:14.000Z"}}},{"id":1414,"name":"Zcoin","symbol":"XZC","slug":"zcoin","num_market_pairs":56,"date_added":"2016-10-06T00:00:00.000Z","tags":["mineable"],"max_supply":21400000,"circulating_supply":9980568.32977796,"total_supply":21400000,"platform":null,"cmc_rank":95,"last_updated":"2020-04-26T05:58:06.000Z","quote":{"USD":{"price":4.1107478074,"volume_24h":12543447.1381983,"percent_change_1h":-0.587463,"percent_change_24h":1.50359,"percent_change_7d":10.4785,"market_cap":41027599.37824063,"last_updated":"2020-04-26T05:58:06.000Z"}}},{"id":4943,"name":"Multi-collateral DAI","symbol":"DAI","slug":"multi-collateral-dai","num_market_pairs":75,"date_added":"2019-11-22T00:00:00.000Z","tags":[],"max_supply":null,"circulating_supply":95592841.2580403,"total_supply":95993731.4701854,"platform":{"id":1027,"name":"Ethereum","symbol":"ETH","slug":"ethereum","token_address":"0x6b175474e89094c44da98b954eedeac495271d0f"},"cmc_rank":56,"last_updated":"2020-04-26T05:58:14.000Z","quote":{"USD":{"price":1.01275294927,"volume_24h":12193661.869453,"percent_change_1h":-0.160764,"percent_change_24h":-0.766004,"percent_change_7d":0.197463,"market_cap":96811931.91317925,"last_updated":"2020-04-26T05:58:14.000Z"}}},{"id":5161,"name":"WazirX","symbol":"WRX","slug":"wazirx","num_market_pairs":12,"date_added":"2020-02-06T00:00:00.000Z","tags":[],"max_supply":null,"circulating_supply":107404950.010102,"total_supply":1000000000,"platform":{"id":1839,"name":"Binance Coin","symbol":"BNB","slug":"binance-coin","token_address":"bnb19cvhgyrxmkw30hlqs9c5lp966drjzyylytl74z"},"cmc_rank":167,"last_updated":"2020-04-26T05:58:15.000Z","quote":{"USD":{"price":0.142473692169,"volume_24h":12027814.7307383,"percent_change_1h":-1.01651,"percent_change_24h":4.06049,"percent_change_7d":-2.76498,"market_cap":15302379.785166105,"last_updated":"2020-04-26T05:58:15.000Z"}}},{"id":4273,"name":"Sessia","symbol":"KICKS","slug":"sessia","num_market_pairs":2,"date_added":"2019-08-21T00:00:00.000Z","tags":[],"max_supply":null,"circulating_supply":6145759.45571843,"total_supply":100000000,"platform":{"id":1027,"name":"Ethereum","symbol":"ETH","slug":"ethereum","token_address":"0xd91a6162f146ef85922d9a15ee6eb14a00344586"},"cmc_rank":980,"last_updated":"2020-04-26T05:58:13.000Z","quote":{"USD":{"price":0.105905402694,"volume_24h":11888161.913556,"percent_change_1h":-0.285604,"percent_change_24h":-0.536847,"percent_change_7d":1.09873,"market_cap":650869.1300183187,"last_updated":"2020-04-26T05:58:13.000Z"}}},{"id":3217,"name":"Ontology Gas","symbol":"ONG","slug":"ontology-gas","num_market_pairs":53,"date_added":"2018-08-23T00:00:00.000Z","tags":[],"max_supply":null,"circulating_supply":null,"total_supply":1000000000,"platform":{"id":2566,"name":"Ontology","symbol":"ONT","slug":"ontology","token_address":""},"cmc_rank":2042,"last_updated":"2020-04-26T05:58:12.000Z","quote":{"USD":{"price":0.090012596572,"volume_24h":11876732.1731661,"percent_change_1h":-0.562078,"percent_change_24h":0.620624,"percent_change_7d":4.56523,"market_cap":null,"last_updated":"2020-04-26T05:58:12.000Z"}}},{"id":3029,"name":"Zel","symbol":"ZEL","slug":"zel","num_market_pairs":16,"date_added":"2018-08-02T00:00:00.000Z","tags":["mineable"],"max_supply":210000000,"circulating_supply":100362200,"total_supply":100362200,"platform":null,"cmc_rank":601,"last_updated":"2020-04-26T05:58:10.000Z","quote":{"USD":{"price":0.0272537868407,"volume_24h":11834829.4993006,"percent_change_1h":-0.0777841,"percent_change_24h":-12.3523,"percent_change_7d":-6.70467,"market_cap":2735250.005663702,"last_updated":"2020-04-26T05:58:10.000Z"}}},{"id":3053,"name":"YOU COIN","symbol":"YOU","slug":"you-coin","num_market_pairs":6,"date_added":"2018-08-01T00:00:00.000Z","tags":[],"max_supply":null,"circulating_supply":556120198.410192,"total_supply":2856000000,"platform":{"id":1027,"name":"Ethereum","symbol":"ETH","slug":"ethereum","token_address":"0x34364BEe11607b1963d66BCA665FDE93fCA666a8"},"cmc_rank":177,"last_updated":"2020-04-26T05:58:11.000Z","quote":{"USD":{"price":0.0254323512136,"volume_24h":11687738.8920174,"percent_change_1h":-2.59516,"percent_change_24h":-3.96176,"percent_change_7d":-5.96841,"market_cap":14143444.20294492,"last_updated":"2020-04-26T05:58:11.000Z"}}}]}