{"status":{"timestamp":"2020-04-26T21:00:01.649Z","error_code":0,"error_message":null,"elapsed":34,"credit_count":1,"notice":null},"data":[{"id":825,"name":"Tether","symbol":"USDT","slug":"tether","num_market_pairs":4692,"date_added":"2015-02-25T00:00:00.000Z","tags":[],"max_supply":null,"circulating_supply":6361032509,"total_supply":6998318752.17,"platform":{"id":1027,"name":"Ethereum","symbol":"ETH","slug":"ethereum","token_address":"31"},"cmc_rank":4,"last_updated":"2020-04-26T20:58:33.000Z","quote":{"USD":{"price":0.997942500477,"volume_24h":44808732356.8445,"percent_change_1h":-0.23087,"percent_change_24h":-0.391522,"percent_change_7d":-0.985596,"market_cap":6347944687.646945,"last_updated":"2020-04-26T20:58:33.000Z"}}},{"id":1,"name":"Bitcoin","symbol":"BTC","slug":"bitcoin","num_market_pairs":7968,"date_added":"2013-04-28T00:00:00.000Z","tags":["mineable"],"max_supply":21000000,"circulating_supply":18347037,"total_supply":18347037,"platform":null,"cmc_rank":1,"last_updated":"2020-04-26T20:58:50.000Z","quote":{"USD":{"price":7616.12384824,"volume_24h":32206336078.5745,"percent_change_1h":-0.0963969,"percent_change_24h":0.876749,"percent_change_7d":5.69424,"market_cap":139733306040.24167,"last_updated":"2020-04-26T20:58:50.000Z"}}},{"id":1027,"name":"Ethereum","symbol":"ETH","slug":"ethereum","num_market_pairs":5182,"date_added":"2015-08-07T00:00:00.000Z","tags":["mineable"],"max_supply":null,"circulating_supply":110682760.874,"total_supply":110682760.874,"platform":null,"cmc_rank":2,"last_updated":"2020-04-26T20:58:33.000Z","quote":{"USD":{"price":196.401600486,"volume_24h":17865060721.7325,"percent_change_1h":0.408713,"percent_change_24h":1.02564,"percent_change_7d":7.53831,"market_cap":21738271381.86282,"last_updated":"2020-04-26T20:58:33.000Z"}}},{"id":2,"name":"Litecoin","symbol":"LTC","slug":"litecoin","num_market_pairs":600,"date_added":"2013-04-28T00:00:00.000Z","tags":["mineable"],"max_supply":84000000,"circulating_supply":64597693.2265572,"total_supply":64597693.2265572,"platform":null,"cmc_rank":7,"last_updated":"2020-04-26T20:58:12.000Z","quote":{"USD":{"price":44.4623742311,"volume_24h":4640058442.90855,"percent_change_1h":-0.140397,"percent_change_24h":-0.286743,"percent_change_7d":3.28825,"market_cap":2872166810.70498,"last_updated":"2020-04-26T20:58:12.000Z"}}},{"id":1831,"name":"Bitcoin Cash","symbol":"BCH","slug":"bitcoin-cash","num_market_pairs":473,"date_added":"2017-07-23T00:00:00.000Z","tags":["mineable"],"max_supply":21000000,"circulating_supply":18390925,"total_supply":18390925,"platform":null,"cmc_rank":5,"last_updated":"2020-04-26T20:58:12.000Z","quote":{"USD":{"price":244.731349211,"volume_24h":3494007632.4167,"percent_change_1h":0.442319,"percent_change_24h":2.23795,"percent_change_7d":3.73287,"market_cap":4500835888.48831,"last_updated":"2020-04-26T20:58:12.000Z"}}},{"id":1765,"name":"EOS","symbol":"EOS","slug":"eos","num_market_pairs":378,"date_added":"2017-07-01T00:00:00.000Z","tags":[],"max_supply":null,"circulating_supply":922124932.6995,"total_supply":1018824944.6991,"platform":null,"cmc_rank":9,"last_updated":"2020-04-26T20:58:11.000Z","quote":{"USD":{"price":2.71713686522,"volume_24h":3250032307.74995,"percent_change_1h":-0.0519627,"percent_change_24h":0.473132,"percent_change_7d":3.05623,"market_cap":2505539648.9763227,"last_updated":"2020-04-26T20:58:11.000Z"}}},{"id":1321,"name":"Ethereum Classic","symbol":"ETC","slug":"ethereum-classic","num_market_pairs":246,"date_added":"2016-07-24T00:00:00.000Z","tags":["mineable"],"max_supply":210700000,"circulating_supply":116313299,"total_supply":116313299,"platform":null,"cmc_rank":21,"last_updated":"2020-04-26T20:58:10.000Z","quote":{"USD":{"price":6.1650466001,"volume_24h":2163682344.8512,"percent_change_1h":-0.239468,"percent_change_24h":7.22471,"percent_change_7d":11.0436,"market_cap":717076908.5463648,"last_updated":"2020-04-26T20:58:10.000Z"}}},{"id":3602,"name":"Bitcoin SV","symbol":"BSV","slug":"bitcoin-sv","num_market_pairs":183,"date_added":"2018-11-09T00:00:00.000Z","tags":["mineable"],"max_supply":21000000,"circulating_supply":18389695.8319233,"total_supply":18389695.8319233,"platform":null,"cmc_rank":6,"last_updated":"2020-04-26T20:58:15.000Z","quote":{"USD":{"price":195.300716775,"volume_24h":1865567248.19813,"percent_change_1h":-0.262256,"percent_change_24h":0.271208,"percent_change_7d":-1.56562,"market_cap":3591520777.2488503,"last_updated":"2020-04-26T20:58:15.000Z"}}},{"id":52,"name":"XRP","symbol":"XRP","slug":"xrp","num_market_pairs":545,"date_added":"2013-08-04T00:00:00.000Z","tags":[],"max_supply":100000000000,"circulating_supply":44089620959,"total_supply":99990980257,"platform":null,"cmc_rank":3,"last_updated":"2020-04-26T20:58:12.000Z","quote":{"USD":{"price":0.194979082623,"volume_24h":1643671071.6277,"percent_change_1h":-0.0184314,"percent_change_24h":0.249392,"percent_change_7d":1.36869,"market_cap":8596553847.781614,"last_updated":"2020-04-26T20:58:12.000Z"}}},{"id":1958,"name":"TRON","symbol":"TRX","slug":"tron","num_market_pairs":337,"date_added":"2017-09-13T00:00:00.000Z","tags":["mineable"],"max_supply":null,"circulating_supply":66682072191.4,"total_supply":99281283754.3,"platform":null,"cmc_rank":16,"last_updated":"2020-04-26T20:58:11.000Z","quote":{"USD":{"price":0.0141639036939,"volume_24h":1375785648.08232,"percent_change_1h":-0.0652754,"percent_change_24h":1.32267,"percent_change_7d":8.08782,"market_cap":944478448.628677,"last_updated":"2020-04-26T20:58:11.000Z"}}},{"id":131,"name":"Dash","symbol":"DASH","slug":"dash","num_market_pairs":297,"date_added":"2014-02-14T00:00:00.000Z","tags":["mineable"],"max_supply":18900000,"circulating_supply":9459477.80382854,"total_supply":9459477.80382854,"platform":null,"cmc_rank":18,"last_updated":"2020-04-26T20:58:09.000Z","quote":{"USD":{"price":84.201389408,"volume_24h":883828588.912469,"percent_change_1h":-0.0250847,"percent_change_24h":-0.952529,"percent_change_7d":2.34824,"market_cap":796501174.1564995,"last_updated":"2020-04-26T20:58:09.000Z"}}},{"id":1376,"name":"Neo","symbol":"NEO","slug":"neo","num_market_pairs":239,"date_added":"2016-09-08T00:00:00.000Z","tags":[],"max_supply":100000000,"circulating_supply":70538831,"total_supply":100000000,"platform":null,"cmc_rank":22,"last_updated":"2020-04-26T20:58:09.000Z","quote":{"USD":{"price":8.60645340477,"volume_24h":597125446.453888,"percent_change_1h":-0.413179,"percent_change_24h":1.80569,"percent_change_7d":11.6579,"market_cap":607089162.2284456,"last_updated":"2020-04-26T20:58:09.000Z"}}},{"id":1437,"name":"Zcash","symbol":"ZEC","slug":"zcash","num_market_pairs":238,"date_added":"2016-10-29T00:00:00.000Z","tags":["mineable"],"max_supply":21000000,"circulating_supply":9026431.25,"total_supply":9026431.25,"platform":null,"cmc_rank":26,"last_updated":"2020-04-26T20:58:09.000Z","quote":{"USD":{"price":44.8268072748,"volume_24h":593814765.717267,"percent_change_1h":-0.39875,"percent_change_24h":-0.224595,"percent_change_7d":-4.60483,"market_cap":404626094.022982,"last_updated":"2020-04-26T20:58:09.000Z"}}},{"id":3330,"name":"Paxos Standard","symbol":"PAX","slug":"paxos-standard","num_market_pairs":99,"date_added":"2018-09-27T00:00:00.000Z","tags":[],"max_supply":null,"circulating_supply":244951954.494264,"total_supply":249952064.83,"platform":{"id":1027,"name":"Ethereum","symbol":"ETH","slug":"ethereum","token_address":"0x8e870d67f660d95d5be530380d0ec0bd388289e1"},"cmc_rank":35,"last_updated":"2020-04-26T20:58:13.000Z","quote":{"USD":{"price":0.996782069058,"volume_24h":535011577.025203,"percent_change_1h":-0.227044,"percent_change_24h":-0.38187,"percent_change_7d":-0.959464,"market_cap":244163716.02059355,"last_updated":"2020-04-26T20:58:13.000Z"}}},{"id":512,"name":"Stellar","symbol":"XLM","slug":"stellar","num_market_pairs":296,"date_added":"2014-08-05T00:00:00.000Z","tags":[],"max_supply":null,"circulating_supply":20295869230.4985,"total_supply":50001803871.8717,"platform":null,"cmc_rank":12,"last_updated":"2020-04-26T20:58:09.000Z","quote":{"USD":{"price":0.0624339690788,"volume_24h":531677769.827947,"percent_change_1h":-0.386073,"percent_change_24h":0.704674,"percent_change_7d":25.9638,"market_cap":1267151671.9643118,"last_updated":"2020-04-26T20:58:09.000Z"}}},{"id":2563,"name":"TrueUSD","symbol":"TUSD","slug":"trueusd","num_market_pairs":155,"date_added":"2018-03-06T00:00:00.000Z","tags":[],"max_supply":null,"circulating_supply":131997771.05,"total_supply":131997771.05,"platform":{"id":1027,"name":"Ethereum","symbol":"ETH","slug":"ethereum","token_address":"0x0000000000085d4780B73119b644AE5ecd22b376"},"cmc_rank":44,"last_updated":"2020-04-26T20:58:12.000Z","quote":{"USD":{"price":0.999709152418,"volume_24h":414759936.317015,"percent_change_1h":0.0943139,"percent_change_24h":-0.0586269,"percent_change_7d":-0.627273,"market_cap":131959379.81746072,"last_updated":"2020-04-26T20:58:12.000Z"}}},{"id":3408,"name":"USD Coin","symbol":"USDC","slug":"usd-coin","num_market_pairs":219,"date_added":"2018-10-08T00:00:00.000Z","tags":[],"max_supply":null,"circulating_supply":751372101.69873,"total_supply":755362164.39,"platform":{"id":1027,"name":"Ethereum","symbol":"ETH","slug":"ethereum","token_address":"0xa0b86991c6218b36c1d19d4a2e9eb0ce3606eb48"},"cmc_rank":20,"last_updated":"2020-04-26T20:58:15.000Z","quote":{"USD":{"price":0.997003383418,"volume_24h":401185754.588857,"percent_change_1h":-0.217558,"percent_change_24h":-0.388898,"percent_change_7d":-0.930502,"market_cap":749120527.5995274,"last_updated":"2020-04-26T20:58:15.000Z"}}},{"id":1839,"name":"Binance Coin","symbol":"BNB","slug":"binance-coin","num_market_pairs":305,"date_added":"2017-07-25T00:00:00.000Z","tags":[],"max_supply":187536713,"circulating_supply":155536713,"total_supply":187536713,"platform":null,"cmc_rank":8,"last_updated":"2020-04-26T20:58:11.000Z","quote":{"USD":{"price":16.3208647708,"volume_24h":399912632.309185,"percent_change_1h":-0.0303175,"percent_change_24h":0.47297,"percent_change_7d":0.401876,"market_cap":2538493659.76773,"last_updated":"2020-04-26T20:58:11.000Z"}}},{"id":1684,"name":"Qtum","symbol":"QTUM","slug":"qtum","num_market_pairs":172,"date_added":"2017-05-24T00:00:00.000Z","tags":[],"max_supply":107822406,"circulating_supply":96607300.359,"total_supply":102357300,"platform":null,"cmc_rank":41,"last_updated":"2020-04-26T20:58:09.000Z","quote":{"USD":{"price":1.51922904629,"volume_24h":372703576.477035,"percent_change_1h":-0.54681,"percent_change_24h":2.37834,"percent_change_7d":7.48854,"market_cap":146768616.78905514,"last_updated":"2020-04-26T20:58:09.000Z"}}},{"id":1975,"name":"Chainlink","symbol":"LINK","slug":"chainlink","num_market_pairs":170,"date_added":"2017-09-20T00:00:00.000Z","tags":[],"max_supply":null,"circulating_supply":350000000,"total_supply":1000000000,"platform":{"id":1027,"name":"Ethereum","symbol":"ETH","slug":"ethereum","token_address":"0x514910771af9ca656af840dff83e8264ecf986ca"},"cmc_rank":11,"last_updated":"2020-04-26T20:58:10.000Z","quote":{"USD":{"price":3.71459662532,"volume_24h":367733235.313634,"percent_change_1h":-0.722723,"percent_change_24h":-2.57358,"percent_change_7d":1.22575,"market_cap":1300108818.862,"last_updated":"2020-04-26T20:58:10.000Z"}}},{"id":74,"name":"Dogecoin","symbol":"DOGE","slug":"dogecoin","num_market_pairs":240,"date_added":"2013-12-15T00:00:00.000Z","tags":["mineable"],"max_supply":null,"circulating_supply":124316394253.925,"total_supply":124316394253.925,"platform":null,"cmc_rank":30,"last_updated":"2020-04-26T20:58:08.000Z","quote":{"USD":{"price":0.00236432876309,"volume_24h":273987733.408463,"percent_change_1h":1.56343,"percent_change_24h":11.4441,"percent_change_7d":15.5411,"market_cap":293924826.65819126,"last_updated":"2020-04-26T20:58:08.000Z"}}},{"id":2011,"name":"Tezos","symbol":"XTZ","slug":"tezos","num_market_pairs":90,"date_added":"2017-10-06T00:00:00.000Z","tags":[],"max_supply":null,"circulating_supply":708369475.303005,"total_supply":708369475.303005,"platform":null,"cmc_rank":10,"last_updated":"2020-04-26T20:58:09.000Z","quote":{"USD":{"price":2.75370352317,"volume_24h":265635395.683274,"percent_change_1h":-0.526496,"percent_change_24h":-3.07692,"percent_change_7d":20.274,"market_cap":1950639519.847969,"last_updated":"2020-04-26T20:58:09.000Z"}}},{"id":2502,"name":"Huobi Token","symbol":"HT","slug":"huobi-token","num_market_pairs":137,"date_added":"2018-02-03T00:00:00.000Z","tags":[],"max_supply":null,"circulating_supply":222668092.971921,"total_supply":500000000,"platform":{"id":1027,"name":"Ethereum","symbol":"ETH","slug":"ethereum","token_address":"0x6f259637dcd74c767781e37bc6133cd6a68aa161"},"cmc_rank":17,"last_updated":"2020-04-26T20:58:11.000Z","quote":{"USD":{"price":4.00262996124,"volume_24h":245188453.89832,"percent_change_1h":-0.475425,"percent_change_24h":0.92705,"percent_change_7d":2.65421,"market_cap":891257980.3415849,"last_updated":"2020-04-26T20:58:11.000Z"}}},{"id":2319,"name":"QCash","symbol":"QC","slug":"qcash","num_market_pairs":91,"date_added":"2019-12-12T00:00:00.000Z","tags":[],"max_supply":10000000000,"circulating_supply":460000200,"total_supply":10000000000,"platform":{"id":1684,"name":"Qtum","symbol":"QTUM","slug":"qtum","token_address":"f2033ede578e17fa6231047265010445bca8cf1c"},"cmc_rank":221,"last_updated":"2020-04-26T20:58:10.000Z","quote":{"USD":{"price":0.139646594078,"volume_24h":244589330.288275,"percent_change_1h":-0.173778,"percent_change_24h":-0.414572,"percent_change_7d":-0.617228,"market_cap":64237461.20519882,"last_updated":"2020-04-26T20:58:10.000Z"}}},{"id":3794,"name":"Cosmos","symbol":"ATOM","slug":"cosmos","num_market_pairs":121,"date_added":"2019-03-14T00:00:00.000Z","tags":[],"max_supply":null,"circulating_supply":190688439.2,"total_supply":237928230.821588,"platform":null,"cmc_rank":24,"last_updated":"2020-04-26T20:58:15.000Z","quote":{"USD":{"price":2.81390277982,"volume_24h":201734694.610518,"percent_change_1h":-0.35008,"percent_change_24h":-1.9381,"percent_change_7d":15.682,"market_cap":536578729.144417,"last_updated":"2020-04-26T20:58:15.000Z"}}},{"id":3077,"name":"VeChain","symbol":"VET","slug":"vechain","num_market_pairs":98,"date_added":"2017-08-22T00:00:00.000Z","tags":[],"max_supply":null,"circulating_supply":55454734800,"total_supply":86712634466,"platform":null,"cmc_rank":34,"last_updated":"2020-04-26T20:58:12.000Z","quote":{"USD":{"price":0.00445599149623,"volume_24h":167272371.580629,"percent_change_1h":-0.457471,"percent_change_24h":5.05963,"percent_change_7d":12.4336,"market_cap":247105826.69448987,"last_updated":"2020-04-26T20:58:12.000Z"}}},{"id":2566,"name":"Ontology","symbol":"ONT","slug":"ontology","num_market_pairs":119,"date_added":"2018-03-08T00:00:00.000Z","tags":[],"max_supply":null,"circulating_supply":656746573,"total_supply":1000000000,"platform":null,"cmc_rank":29,"last_updated":"2020-04-26T20:58:11.000Z","quote":{"USD":{"price":0.493209886596,"volume_24h":150879995.057395,"percent_change_1h":0.928296,"percent_change_24h":5.86517,"percent_change_7d":18.3699,"market_cap":323913902.79164165,"last_updated":"2020-04-26T20:58:11.000Z"}}},{"id":2010,"name":"Cardano","symbol":"ADA","slug":"cardano","num_market_pairs":131,"date_added":"2017-10-01T00:00:00.000Z","tags":["mineable"],"max_supply":45000000000,"circulating_supply":25927070538,"total_supply":31112483745,"platform":null,"cmc_rank":13,"last_updated":"2020-04-26T20:58:09.000Z","quote":{"USD":{"price":0.0454820163446,"volume_24h":143008728.027618,"percent_change_1h":-0.692584,"percent_change_24h":7.53322,"percent_change_7d":26.1594,"market_cap":1179215445.9769132,"last_updated":"2020-04-26T20:58:09.000Z"}}},{"id":3897,"name":"OKB","symbol":"OKB","slug":"okb","num_market_pairs":50,"date_added":"2019-04-30T00:00:00.000Z","tags":[],"max_supply":null,"circulating_supply":60000000,"total_supply":300000000,"platform":{"id":1027,"name":"Ethereum","symbol":"ETH","slug":"ethereum","token_address":"0x75231f58b43240c9718dd58b4967c5114342a86c"},"cmc_rank":31,"last_updated":"2020-04-26T20:58:15.000Z","quote":{"USD":{"price":4.87720511641,"volume_24h":131221766.225967,"percent_change_1h":-0.06673,"percent_change_24h":-0.118289,"percent_change_7d":2.12096,"market_cap":292632306.9846,"last_updated":"2020-04-26T20:58:15.000Z"}}},{"id":2456,"name":"OFCOIN","symbol":"OF","slug":"ofcoin","num_market_pairs":1,"date_added":"2018-01-24T00:00:00.000Z","tags":[],"max_supply":null,"circulating_supply":null,"total_supply":51200000000,"platform":null,"cmc_rank":2030,"last_updated":"2020-04-26T20:58:10.000Z","quote":{"USD":{"price":0.0000449096949062,"volume_24h":118313902.614988,"percent_change_1h":-0.217805,"percent_change_24h":-0.386619,"percent_change_7d":2.06214,"market_cap":null,"last_updated":"2020-04-26T20:58:10.000Z"}}},{"id":5370,"name":"Hive","symbol":"HIVE","slug":"hive-blockchain","num_market_pairs":9,"date_added":"2020-03-26T00:00:00.000Z","tags":[],"max_supply":null,"circulating_supply":283260036.573,"total_supply":366630242.445,"platform":null,"cmc_rank":206,"last_updated":"2020-04-26T20:58:18.000Z","quote":{"USD":{"price":0.836703830902,"volume_24h":113688773.447437,"percent_change_1h":0.815883,"percent_change_24h":72.7398,"percent_change_7d":539.773,"market_cap":237004757.74206972,"last_updated":"2020-04-26T20:58:18.000Z"}}},{"id":1697,"name":"Basic Attention Token","symbol":"BAT","slug":"basic-attention-token","num_market_pairs":183,"date_added":"2017-06-01T00:00:00.000Z","tags":[],"max_supply":null,"circulating_supply":1457527137.0863,"total_supply":1500000000,"platform":{"id":1027,"name":"Ethereum","symbol":"ETH","slug":"ethereum","token_address":"0x0d8775f648430679a709e98d2b0cb6250d2887ef"},"cmc_rank":32,"last_updated":"2020-04-26T20:58:10.000Z","quote":{"USD":{"price":0.185716428948,"volume_24h":104199429.961535,"percent_change_1h":0.222099,"percent_change_24h":1.00284,"percent_change_7d":10.5255,"market_cap":270686734.99446964,"last_updated":"2020-04-26T20:58:10.000Z"}}},{"id":1982,"name":"Kyber Network","symbol":"KNC","slug":"kyber-network","num_market_pairs":64,"date_added":"2017-09-24T00:00:00.000Z","tags":[],"max_supply":null,"circulating_supply":180432602.911872,"total_supply":210939151.730736,"platform":{"id":1027,"name":"Ethereum","symbol":"ETH","slug":"ethereum","token_address":"0xdd974d5c2e2928dea5f71b9825b8b646686bd200"},"cmc_rank":48,"last_updated":"2020-04-26T20:58:08.000Z","quote":{"USD":{"price":0.68175300242,"volume_24h":102152220.476451,"percent_change_1h":-0.0775003,"percent_change_24h":25.5132,"percent_change_7d":41.6882,"market_cap":123010468.76962438,"last_updated":"2020-04-26T20:58:08.000Z"}}},{"id":328,"name":"Monero","symbol":"XMR","slug":"monero","num_market_pairs":146,"date_added":"2014-05-21T00:00:00.000Z","tags":["mineable"],"max_supply":null,"circulating_supply":17537979.0185754,"total_supply":17537979.0185754,"platform":null,"cmc_rank":14,"last_updated":"2020-04-26T20:58:07.000Z","quote":{"USD":{"price":61.0941774471,"volume_24h":98192929.040224,"percent_change_1h":-0.0250674,"percent_change_24h":0.438728,"percent_change_7d":5.60005,"market_cap":1071468402.2243623,"last_updated":"2020-04-26T20:58:07.000Z"}}},{"id":1168,"name":"Decred","symbol":"DCR","slug":"decred","num_market_pairs":49,"date_added":"2016-02-10T00:00:00.000Z","tags":["mineable"],"max_supply":21000000,"circulating_supply":11410700.4215076,"total_supply":11410700.4215076,"platform":null,"cmc_rank":42,"last_updated":"2020-04-26T20:58:07.000Z","quote":{"USD":{"price":12.8180047785,"volume_24h":90770122.853867,"percent_change_1h":0.126144,"percent_change_24h":0.710127,"percent_change_7d":1.65546,"market_cap":146262412.5289164,"last_updated":"2020-04-26T20:58:07.000Z"}}},{"id":1808,"name":"OmiseGO","symbol":"OMG","slug":"omisego","num_market_pairs":209,"date_added":"2017-07-14T00:00:00.000Z","tags":[],"max_supply":null,"circulating_supply":140245398.245133,"total_supply":140245398.245133,"platform":{"id":1027,"name":"Ethereum","symbol":"ETH","slug":"ethereum","token_address":"0xd26114cd6EE289AccF82350c8d8487fedB8A0C07"},"cmc_rank":57,"last_updated":"2020-04-26T20:58:10.000Z","quote":{"USD":{"price":0.65751810837,"volume_24h":87469493.8282625,"percent_change_1h":0.662248,"percent_change_24h":4.59502,"percent_change_7d":11.7835,"market_cap":92213888.96173719,"last_updated":"2020-04-26T20:58:10.000Z"}}},{"id":5031,"name":"MimbleWimbleCoin","symbol":"MWC","slug":"mimblewimblecoin","num_market_pairs":7,"date_added":"2020-02-24T00:00:00.000Z","tags":[],"max_supply":20000000,"circulating_supply":8012502.4569404,"total_supply":10522145.4569404,"platform":null,"cmc_rank":210,"last_updated":"2020-04-26T20:58:17.000Z","quote":{"USD":{"price":19.667858624,"volume_24h":81138722.7768222,"percent_change_1h":0.637235,"percent_change_24h":11.5359,"percent_change_7d":40.1645,"market_cap":157588765.54755646,"last_updated":"2020-04-26T20:58:17.000Z"}}},{"id":4030,"name":"Algorand","symbol":"ALGO","slug":"algorand","num_market_pairs":77,"date_added":"2019-06-20T00:00:00.000Z","tags":["mineable"],"max_supply":null,"circulating_supply":709511012.34556,"total_supply":3240782855.34556,"platform":null,"cmc_rank":40,"last_updated":"2020-04-26T20:58:16.000Z","quote":{"USD":{"price":0.222105254647,"volume_24h":76092883.1212563,"percent_change_1h":0.246401,"percent_change_24h":3.5952,"percent_change_7d":16.3241,"market_cap":157586124.07186136,"last_updated":"2020-04-26T20:58:16.000Z"}}},{"id":3718,"name":"BitTorrent","symbol":"BTT","slug":"bittorrent","num_market_pairs":134,"date_added":"2019-01-31T00:00:00.000Z","tags":[],"max_supply":null,"circulating_supply":212116500000,"total_supply":990000000000,"platform":{"id":1958,"name":"TRON","symbol":"TRX","slug":"tron","token_address":"1002000"},"cmc_rank":80,"last_updated":"2020-04-26T20:58:15.000Z","quote":{"USD":{"price":0.000247439697868,"volume_24h":66972612.8685138,"percent_change_1h":-0.0603809,"percent_change_24h":1.36897,"percent_change_7d":7.21918,"market_cap":52486042.672817625,"last_updated":"2020-04-26T20:58:15.000Z"}}},{"id":1772,"name":"Storj","symbol":"STORJ","slug":"storj","num_market_pairs":32,"date_added":"2017-07-02T00:00:00.000Z","tags":[],"max_supply":null,"circulating_supply":135787438.700013,"total_supply":424999998.000013,"platform":{"id":1027,"name":"Ethereum","symbol":"ETH","slug":"ethereum","token_address":"0xb64ef51c888972c908cfacf59b47c1afbc0ab8ac"},"cmc_rank":178,"last_updated":"2020-04-26T20:58:08.000Z","quote":{"USD":{"price":0.103021991097,"volume_24h":63336787.6502463,"percent_change_1h":0.386769,"percent_change_24h":1.59446,"percent_change_7d":4.64545,"market_cap":13989092.300837174,"last_updated":"2020-04-26T20:58:08.000Z"}}},{"id":4064,"name":"USDK","symbol":"USDK","slug":"usdk","num_market_pairs":37,"date_added":"2019-07-29T00:00:00.000Z","tags":[],"max_supply":null,"circulating_supply":28600072,"total_supply":28600072,"platform":{"id":1027,"name":"Ethereum","symbol":"ETH","slug":"ethereum","token_address":"0x1c48f86ae57291f7686349f12601910bd8d470bb"},"cmc_rank":251,"last_updated":"2020-04-26T20:58:16.000Z","quote":{"USD":{"price":0.995787440787,"volume_24h":60884914.4487405,"percent_change_1h":-0.213971,"percent_change_24h":-0.465762,"percent_change_7d":-1.10548,"market_cap":28479592.503203936,"last_updated":"2020-04-26T20:58:16.000Z"}}},{"id":4687,"name":"Binance USD","symbol":"BUSD","slug":"binance-usd","num_market_pairs":61,"date_added":"2019-09-20T00:00:00.000Z","tags":[],"max_supply":null,"circulating_supply":195255128.41,"total_supply":195255128.41,"platform":{"id":1027,"name":"Ethereum","symbol":"ETH","slug":"ethereum","token_address":"0x4Fabb145d64652a948d72533023f6E7A623C7C53"},"cmc_rank":37,"last_updated":"2020-04-26T20:58:17.000Z","quote":{"USD":{"price":0.996356948466,"volume_24h":58906901.9222855,"percent_change_1h":-0.202627,"percent_change_24h":-0.423642,"percent_change_7d":-0.998827,"market_cap":194543803.91492456,"last_updated":"2020-04-26T20:58:17.000Z"}}},{"id":2307,"name":"Bibox Token","symbol":"BIX","slug":"bibox-token","num_market_pairs":27,"date_added":"2017-12-24T00:00:00.000Z","tags":[],"max_supply":null,"circulating_supply":97882450.27,"total_supply":251424733.27,"platform":{"id":1027,"name":"Ethereum","symbol":"ETH","slug":"ethereum","token_address":"0xb3104b4b9da82025e8b9f8fb28b3553ce2f67069"},"cmc_rank":337,"last_updated":"2020-04-26T20:58:09.000Z","quote":{"USD":{"price":0.0830345324068,"volume_24h":57141355.6253089,"percent_change_1h":-1.29145,"percent_change_24h":0.490434,"percent_change_7d":3.98893,"market_cap":8127623.489001305,"last_updated":"2020-04-26T20:58:09.000Z"}}},{"id":1776,"name":"MCO","symbol":"MCO","slug":"crypto-com","num_market_pairs":61,"date_added":"2017-07-03T00:00:00.000Z","tags":[],"max_supply":null,"circulating_supply":15793831.0949625,"total_supply":31587682.3632061,"platform":{"id":1027,"name":"Ethereum","symbol":"ETH","slug":"ethereum","token_address":"0xb63b606ac810a52cca15e44bb630fd42d8d1d83d"},"cmc_rank":59,"last_updated":"2020-04-26T20:58:08.000Z","quote":{"USD":{"price":5.06535825024,"volume_24h":52457340.7791013,"percent_change_1h":-0.16423,"percent_change_24h":-0.331031,"percent_change_7d":-2.12547,"market_cap":80001412.63976535,"last_updated":"2020-04-26T20:58:08.000Z"}}},{"id":2349,"name":"Mixin","symbol":"XIN","slug":"mixin","num_market_pairs":8,"date_added":"2018-01-09T00:00:00.000Z","tags":[],"max_supply":1000000,"circulating_supply":510516.736636976,"total_supply":1000000,"platform":{"id":1027,"name":"Ethereum","symbol":"ETH","slug":"ethereum","token_address":"0xa974c709cfb4566686553a20790685a47aceaa33"},"cmc_rank":217,"last_updated":"2020-04-26T20:58:09.000Z","quote":{"USD":{"price":165.363429261,"volume_24h":49972003.7199571,"percent_change_1h":-0.0230753,"percent_change_24h":-2.47536,"percent_change_7d":-3.70616,"market_cap":84420798.26542515,"last_updated":"2020-04-26T20:58:09.000Z"}}},{"id":2280,"name":"Filecoin [Futures]","symbol":"FIL","slug":"filecoin","num_market_pairs":4,"date_added":"2017-12-13T00:00:00.000Z","tags":["mineable"],"max_supply":null,"circulating_supply":null,"total_supply":null,"platform":null,"cmc_rank":2031,"last_updated":"2020-04-26T20:58:09.000Z","quote":{"USD":{"price":5.2237417327,"volume_24h":47550317.5256278,"percent_change_1h":1.08626,"percent_change_24h":1.53132,"percent_change_7d":2.36194,"market_cap":null,"last_updated":"2020-04-26T20:58:09.000Z"}}},{"id":4229,"name":"Yobit Token","symbol":"YO","slug":"yobit-token","num_market_pairs":11,"date_added":"2019-09-03T00:00:00.000Z","tags":[],"max_supply":null,"circulating_supply":null,"total_supply":17000,"platform":{"id":1027,"name":"Ethereum","symbol":"ETH","slug":"ethereum","token_address":"0xebf4ca5319f406602eeff68da16261f1216011b5"},"cmc_rank":2032,"last_updated":"2020-04-26T20:58:16.000Z","quote":{"USD":{"price":766.40935629,"volume_24h":45886750.8583727,"percent_change_1h":-1.02021,"percent_change_24h":0.278645,"percent_change_7d":6.53888,"market_cap":null,"last_updated":"2020-04-26T20:58:16.000Z"}}},{"id":3657,"name":"Lambda","symbol":"LAMB","slug":"lambda","num_market_pairs":41,"date_added":"2019-01-02T00:00:00.000Z","tags":[],"max_supply":10000000000,"circulating_supply":647977410.78715,"total_supply":6000000000,"platform":{"id":1027,"name":"Ethereum","symbol":"ETH","slug":"ethereum","token_address":"0x8971f9fd7196e5cee2c1032b50f656855af7dd26"},"cmc_rank":316,"last_updated":"2020-04-26T20:58:14.000Z","quote":{"USD":{"price":0.0141096900879,"volume_24h":45288682.9449696,"percent_change_1h":-0.293827,"percent_change_24h":2.54694,"percent_change_7d":3.93201,"market_cap":9142760.450166557,"last_updated":"2020-04-26T20:58:14.000Z"}}},{"id":3437,"name":"ABBC Coin","symbol":"ABBC","slug":"abbc-coin","num_market_pairs":42,"date_added":"2018-10-12T00:00:00.000Z","tags":["mineable"],"max_supply":null,"circulating_supply":555416924.350722,"total_supply":1003278750.0109,"platform":null,"cmc_rank":71,"last_updated":"2020-04-26T20:58:13.000Z","quote":{"USD":{"price":0.116825606738,"volume_24h":44498553.5191637,"percent_change_1h":-0.207629,"percent_change_24h":1.82117,"percent_change_7d":2.08307,"market_cap":64886919.179826945,"last_updated":"2020-04-26T20:58:13.000Z"}}},{"id":2099,"name":"ICON","symbol":"ICX","slug":"icon","num_market_pairs":61,"date_added":"2017-10-27T00:00:00.000Z","tags":[],"max_supply":null,"circulating_supply":538447003.537484,"total_supply":800460000,"platform":null,"cmc_rank":39,"last_updated":"2020-04-26T20:58:09.000Z","quote":{"USD":{"price":0.298623127455,"volume_24h":43531940.8977052,"percent_change_1h":1.54607,"percent_change_24h":8.37081,"percent_change_7d":23.4867,"market_cap":160792728.16513696,"last_updated":"2020-04-26T20:58:09.000Z"}}},{"id":3306,"name":"Gemini Dollar","symbol":"GUSD","slug":"gemini-dollar","num_market_pairs":31,"date_added":"2018-10-05T00:00:00.000Z","tags":[],"max_supply":null,"circulating_supply":5884964.1,"total_supply":5884964.1,"platform":{"id":1027,"name":"Ethereum","symbol":"ETH","slug":"ethereum","token_address":"0x056Fd409E1d7A124BD7017459dFEa2F387b6d5Cd"},"cmc_rank":400,"last_updated":"2020-04-26T20:58:13.000Z","quote":{"USD":{"price":1.00244017262,"volume_24h":42298294.2535249,"percent_change_1h":-0.104347,"percent_change_24h":-0.262908,"percent_change_7d":-0.302169,"market_cap":5899324.428266503,"last_updated":"2020-04-26T20:58:13.000Z"}}},{"id":1866,"name":"Bytom","symbol":"BTM","slug":"bytom","num_market_pairs":54,"date_added":"2017-08-08T00:00:00.000Z","tags":["mineable"],"max_supply":null,"circulating_supply":1002499275,"total_supply":1407000000,"platform":null,"cmc_rank":66,"last_updated":"2020-04-26T20:58:08.000Z","quote":{"USD":{"price":0.0720888542439,"volume_24h":41948811.8777798,"percent_change_1h":-0.366033,"percent_change_24h":18.9535,"percent_change_7d":23.0224,"market_cap":72269024.11509043,"last_updated":"2020-04-26T20:58:08.000Z"}}},{"id":1274,"name":"Waves","symbol":"WAVES","slug":"waves","num_market_pairs":145,"date_added":"2016-06-02T00:00:00.000Z","tags":[],"max_supply":null,"circulating_supply":101772736,"total_supply":101772736,"platform":null,"cmc_rank":53,"last_updated":"2020-04-26T20:58:08.000Z","quote":{"USD":{"price":1.02824717369,"volume_24h":41615574.6733421,"percent_change_1h":0.0200687,"percent_change_24h":0.479929,"percent_change_7d":-0.147155,"market_cap":104647528.15069853,"last_updated":"2020-04-26T20:58:08.000Z"}}},{"id":2083,"name":"Bitcoin Gold","symbol":"BTG","slug":"bitcoin-gold","num_market_pairs":73,"date_added":"2017-10-23T00:00:00.000Z","tags":["mineable"],"max_supply":21000000,"circulating_supply":17513923.589,"total_supply":17513923.589,"platform":null,"cmc_rank":38,"last_updated":"2020-04-26T20:58:11.000Z","quote":{"USD":{"price":9.62337829529,"volume_24h":40458549.5064834,"percent_change_1h":-0.276817,"percent_change_24h":2.16708,"percent_change_7d":-1.74938,"market_cap":168543112.13175014,"last_updated":"2020-04-26T20:58:11.000Z"}}},{"id":3702,"name":"Beam","symbol":"BEAM","slug":"beam","num_market_pairs":32,"date_added":"2019-01-17T00:00:00.000Z","tags":["mineable"],"max_supply":262800000,"circulating_supply":60353680,"total_supply":60353680,"platform":null,"cmc_rank":150,"last_updated":"2020-04-26T20:58:14.000Z","quote":{"USD":{"price":0.328266295509,"volume_24h":39784963.2200612,"percent_change_1h":-1.33658,"percent_change_24h":6.2315,"percent_change_7d":19.8168,"market_cap":19812078.953935623,"last_updated":"2020-04-26T20:58:14.000Z"}}},{"id":3709,"name":"Grin","symbol":"GRIN","slug":"grin","num_market_pairs":60,"date_added":"2019-01-27T00:00:00.000Z","tags":["mineable"],"max_supply":null,"circulating_supply":40196520,"total_supply":40196520,"platform":null,"cmc_rank":144,"last_updated":"2020-04-26T20:58:14.000Z","quote":{"USD":{"price":0.517016931664,"volume_24h":38834308.4618507,"percent_change_1h":0.342966,"percent_change_24h":3.81233,"percent_change_7d":4.90356,"market_cap":20782281.433970608,"last_updated":"2020-04-26T20:58:14.000Z"}}},{"id":3351,"name":"ZB Token","symbol":"ZB","slug":"zb-token","num_market_pairs":11,"date_added":"2018-09-27T00:00:00.000Z","tags":[],"max_supply":null,"circulating_supply":463288810,"total_supply":2100000000,"platform":{"id":1027,"name":"Ethereum","symbol":"ETH","slug":"ethereum","token_address":"0xbd0793332e9fb844a52a205a233ef27a5b34b927"},"cmc_rank":52,"last_updated":"2020-04-26T20:58:13.000Z","quote":{"USD":{"price":0.242513481558,"volume_24h":38028060.2273453,"percent_change_1h":-0.251545,"percent_change_24h":-1.69774,"percent_change_7d":0.883409,"market_cap":112353782.27996278,"last_updated":"2020-04-26T20:58:13.000Z"}}},{"id":2457,"name":"TrueChain","symbol":"TRUE","slug":"truechain","num_market_pairs":16,"date_added":"2018-01-24T00:00:00.000Z","tags":[],"max_supply":null,"circulating_supply":79575542.96,"total_supply":100000000,"platform":null,"cmc_rank":138,"last_updated":"2020-04-26T20:58:10.000Z","quote":{"USD":{"price":0.267250662995,"volume_24h":34391163.6741188,"percent_change_1h":-0.313125,"percent_change_24h":-0.929302,"percent_change_7d":-0.756821,"market_cap":21266616.614247102,"last_updated":"2020-04-26T20:58:10.000Z"}}},{"id":1104,"name":"Augur","symbol":"REP","slug":"augur","num_market_pairs":73,"date_added":"2015-10-27T00:00:00.000Z","tags":[],"max_supply":null,"circulating_supply":11000000,"total_supply":11000000,"platform":{"id":1027,"name":"Ethereum","symbol":"ETH","slug":"ethereum","token_address":"0x1985365e9f78359a9b6ad760e32412f4a445e862"},"cmc_rank":50,"last_updated":"2020-04-26T20:58:07.000Z","quote":{"USD":{"price":10.5089969881,"volume_24h":34349343.0192036,"percent_change_1h":0.162446,"percent_change_24h":3.00909,"percent_change_7d":3.88534,"market_cap":115598966.8691,"last_updated":"2020-04-26T20:58:07.000Z"}}},{"id":2405,"name":"IOST","symbol":"IOST","slug":"iostoken","num_market_pairs":85,"date_added":"2018-01-16T00:00:00.000Z","tags":[],"max_supply":null,"circulating_supply":12013965608.8475,"total_supply":21000000000,"platform":null,"cmc_rank":94,"last_updated":"2020-04-26T20:58:11.000Z","quote":{"USD":{"price":0.00356509802197,"volume_24h":33666247.3684228,"percent_change_1h":-0.240414,"percent_change_24h":0.723248,"percent_change_7d":7.02078,"market_cap":42830965.02811783,"last_updated":"2020-04-26T20:58:11.000Z"}}},{"id":624,"name":"bitCNY","symbol":"BITCNY","slug":"bitcny","num_market_pairs":23,"date_added":"2014-09-23T00:00:00.000Z","tags":[],"max_supply":null,"circulating_supply":31244400,"total_supply":31244400,"platform":{"id":463,"name":"BitShares","symbol":"BTS","slug":"bitshares","token_address":"CNY"},"cmc_rank":488,"last_updated":"2020-04-26T20:58:07.000Z","quote":{"USD":{"price":0.139816603712,"volume_24h":32637423.4266727,"percent_change_1h":-0.240272,"percent_change_24h":-0.501793,"percent_change_7d":-0.765631,"market_cap":4368485.893019212,"last_updated":"2020-04-26T20:58:07.000Z"}}},{"id":2577,"name":"Ravencoin","symbol":"RVN","slug":"ravencoin","num_market_pairs":50,"date_added":"2018-03-10T00:00:00.000Z","tags":["mineable"],"max_supply":21000000000,"circulating_supply":6027975000,"total_supply":6027975000,"platform":null,"cmc_rank":49,"last_updated":"2020-04-26T20:58:11.000Z","quote":{"USD":{"price":0.0200431328461,"volume_24h":31252137.7632012,"percent_change_1h":0.300185,"percent_change_24h":6.89334,"percent_change_7d":17.8385,"market_cap":120819503.71796966,"last_updated":"2020-04-26T20:58:11.000Z"}}},{"id":2130,"name":"Enjin Coin","symbol":"ENJ","slug":"enjin-coin","num_market_pairs":61,"date_added":"2017-11-01T00:00:00.000Z","tags":[],"max_supply":null,"circulating_supply":814772129.064264,"total_supply":1000000000,"platform":{"id":1027,"name":"Ethereum","symbol":"ETH","slug":"ethereum","token_address":"0xf629cbd94d3791c9250152bd8dfbdf380e2a3b9c"},"cmc_rank":51,"last_updated":"2020-04-26T20:58:09.000Z","quote":{"USD":{"price":0.140793354321,"volume_24h":30204996.1051476,"percent_change_1h":0.93259,"percent_change_24h":-3.99949,"percent_change_7d":38.2921,"market_cap":114714501.05822048,"last_updated":"2020-04-26T20:58:09.000Z"}}},{"id":1896,"name":"0x","symbol":"ZRX","slug":"0x","num_market_pairs":179,"date_added":"2017-08-16T00:00:00.000Z","tags":[],"max_supply":null,"circulating_supply":652285423.432216,"total_supply":1000000000,"platform":{"id":1027,"name":"Ethereum","symbol":"ETH","slug":"ethereum","token_address":"0xe41d2489571d322189246dafa5ebde1f4699f498"},"cmc_rank":46,"last_updated":"2020-04-26T20:58:09.000Z","quote":{"USD":{"price":0.195335078504,"volume_24h":29754371.0121773,"percent_change_1h":0.74157,"percent_change_24h":5.58562,"percent_change_7d":11.3925,"market_cap":127414224.3931468,"last_updated":"2020-04-26T20:58:09.000Z"}}},{"id":109,"name":"DigiByte","symbol":"DGB","slug":"digibyte","num_market_pairs":77,"date_added":"2014-02-06T00:00:00.000Z","tags":["mineable"],"max_supply":21000000000,"circulating_supply":13074997211.797,"total_supply":13074997211.797,"platform":null,"cmc_rank":36,"last_updated":"2020-04-26T20:58:07.000Z","quote":{"USD":{"price":0.0154539650811,"volume_24h":27657863.3964627,"percent_change_1h":-2.03029,"percent_change_24h":-1.32867,"percent_change_7d":95.7644,"market_cap":202060550.34659073,"last_updated":"2020-04-26T20:58:07.000Z"}}},{"id":3890,"name":"Matic Network","symbol":"MATIC","slug":"matic-network","num_market_pairs":51,"date_added":"2019-04-28T00:00:00.000Z","tags":[],"max_supply":null,"circulating_supply":3433504398,"total_supply":10000000000,"platform":{"id":1027,"name":"Ethereum","symbol":"ETH","slug":"ethereum","token_address":"0x7D1AfA7B718fb893dB30A3aBc0Cfc608AaCfeBB0"},"cmc_rank":79,"last_updated":"2020-04-26T20:58:15.000Z","quote":{"USD":{"price":0.015521965611,"volume_24h":24252481.6709907,"percent_change_1h":-0.70164,"percent_change_24h":3.81629,"percent_change_7d":18.2958,"market_cap":53294737.19097325,"last_updated":"2020-04-26T20:58:15.000Z"}}},{"id":3945,"name":"Harmony","symbol":"ONE","slug":"harmony","num_market_pairs":20,"date_added":"2019-06-01T00:00:00.000Z","tags":[],"max_supply":null,"circulating_supply":4596807869,"total_supply":12600000000,"platform":null,"cmc_rank":190,"last_updated":"2020-04-26T20:58:15.000Z","quote":{"USD":{"price":0.00269040098636,"volume_24h":23753719.737543,"percent_change_1h":0.543307,"percent_change_24h":-0.415031,"percent_change_7d":13.7009,"market_cap":12367256.42486501,"last_updated":"2020-04-26T20:58:15.000Z"}}},{"id":2588,"name":"Loom Network","symbol":"LOOM","slug":"loom-network","num_market_pairs":65,"date_added":"2018-03-14T00:00:00.000Z","tags":[],"max_supply":null,"circulating_supply":970112813.827781,"total_supply":1000000000,"platform":{"id":1027,"name":"Ethereum","symbol":"ETH","slug":"ethereum","token_address":"0xa4e8c3ec456107ea67d3075bf9e3df3a75823db0"},"cmc_rank":168,"last_updated":"2020-04-26T20:58:11.000Z","quote":{"USD":{"price":0.0154213427438,"volume_24h":22408648.2447626,"percent_change_1h":-0.366433,"percent_change_24h":2.91468,"percent_change_7d":6.31334,"market_cap":14960442.20219045,"last_updated":"2020-04-26T20:58:11.000Z"}}},{"id":5217,"name":"3X Long Ethereum Token","symbol":"ETHBULL","slug":"3x-long-ethereum-token","num_market_pairs":7,"date_added":"2020-02-11T00:00:00.000Z","tags":[],"max_supply":null,"circulating_supply":null,"total_supply":2688.70054275,"platform":{"id":1027,"name":"Ethereum","symbol":"ETH","slug":"ethereum","token_address":"0x871baed4088b863fd6407159f3672d70cd34837d"},"cmc_rank":2033,"last_updated":"2020-04-26T20:58:18.000Z","quote":{"USD":{"price":210.283930304,"volume_24h":22327432.6033163,"percent_change_1h":2.13659,"percent_change_24h":3.9573,"percent_change_7d":22.4822,"market_cap":null,"last_updated":"2020-04-26T20:58:18.000Z"}}},{"id":2830,"name":"Seele","symbol":"SEELE","slug":"seele","num_market_pairs":18,"date_added":"2018-05-31T00:00:00.000Z","tags":[],"max_supply":null,"circulating_supply":699592066.289478,"total_supply":1000000000,"platform":{"id":1027,"name":"Ethereum","symbol":"ETH","slug":"ethereum","token_address":"0xb1eef147028e9f480dbc5ccaa3277d417d1b85f0"},"cmc_rank":73,"last_updated":"2020-04-26T20:58:11.000Z","quote":{"USD":{"price":0.088294250166,"volume_24h":21026581.2569896,"percent_change_1h":0.111356,"percent_change_24h":4.63501,"percent_change_7d":14.8987,"market_cap":61769956.91511202,"last_updated":"2020-04-26T20:58:11.000Z"}}},{"id":2299,"name":"aelf","symbol":"ELF","slug":"aelf","num_market_pairs":79,"date_added":"2017-12-21T00:00:00.000Z","tags":[],"max_supply":1000000000,"circulating_supply":544480199.986466,"total_supply":879999999.986466,"platform":{"id":1027,"name":"Ethereum","symbol":"ETH","slug":"ethereum","token_address":"0xbf2179859fc6d5bee9bf9158632dc51678a4100e"},"cmc_rank":98,"last_updated":"2020-04-26T20:58:10.000Z","quote":{"USD":{"price":0.0679550068935,"volume_24h":21022205.5156523,"percent_change_1h":-0.261038,"percent_change_24h":4.27141,"percent_change_7d":8.07171,"market_cap":37000155.74345455,"last_updated":"2020-04-26T20:58:10.000Z"}}},{"id":5414,"name":"3x Long EOS Token","symbol":"EOSBULL","slug":"3x-long-eos-token","num_market_pairs":5,"date_added":"2020-04-06T00:00:00.000Z","tags":[],"max_supply":null,"circulating_supply":null,"total_supply":1057300.976,"platform":{"id":1027,"name":"Ethereum","symbol":"ETH","slug":"ethereum","token_address":"0xeaD7F3ae4e0Bb0D8785852Cc37CC9d0B5e75c06a"},"cmc_rank":2034,"last_updated":"2020-04-26T20:58:18.000Z","quote":{"USD":{"price":6.05717188443,"volume_24h":20381701.3109633,"percent_change_1h":0.633508,"percent_change_24h":2.46541,"percent_change_7d":10.8461,"market_cap":null,"last_updated":"2020-04-26T20:58:18.000Z"}}},{"id":5429,"name":"DEAPcoin","symbol":"DEP","slug":"deapcoin","num_market_pairs":2,"date_added":"2020-04-10T00:00:00.000Z","tags":[],"max_supply":30000000000,"circulating_supply":null,"total_supply":30000000000,"platform":{"id":1027,"name":"Ethereum","symbol":"ETH","slug":"ethereum","token_address":"0x1a3496c18d558bd9c6c8f609e1b129f67ab08163"},"cmc_rank":2035,"last_updated":"2020-04-26T20:58:18.000Z","quote":{"USD":{"price":0.00523654021756,"volume_24h":19894456.62183,"percent_change_1h":0.210203,"percent_change_24h":0.802241,"percent_change_7d":-2.20195,"market_cap":null,"last_updated":"2020-04-26T20:58:18.000Z"}}},{"id":1903,"name":"HyperCash","symbol":"HC","slug":"hypercash","num_market_pairs":32,"date_added":"2017-08-20T00:00:00.000Z","tags":["mineable"],"max_supply":84000000,"circulating_supply":44590249.233052,"total_supply":44590249.233052,"platform":null,"cmc_rank":86,"last_updated":"2020-04-26T20:58:08.000Z","quote":{"USD":{"price":1.10083017273,"volume_24h":19802642.4256864,"percent_change_1h":-0.398772,"percent_change_24h":3.59909,"percent_change_7d":6.14362,"market_cap":49086291.76529439,"last_updated":"2020-04-26T20:58:08.000Z"}}},{"id":2341,"name":"SwftCoin","symbol":"SWFTC","slug":"swftcoin","num_market_pairs":13,"date_added":"2018-01-04T00:00:00.000Z","tags":[],"max_supply":null,"circulating_supply":4004999999,"total_supply":10000000000,"platform":{"id":1027,"name":"Ethereum","symbol":"ETH","slug":"ethereum","token_address":"0x0bb217e40f8a5cb79adf04e1aab60e5abd0dfc1e"},"cmc_rank":395,"last_updated":"2020-04-26T20:58:09.000Z","quote":{"USD":{"price":0.00150164690194,"volume_24h":19134634.4050288,"percent_change_1h":0.191305,"percent_change_24h":-4.01998,"percent_change_7d":21.405,"market_cap":6014095.840768053,"last_updated":"2020-04-26T20:58:09.000Z"}}},{"id":5198,"name":"Creditcoin","symbol":"CTC","slug":"creditcoin","num_market_pairs":3,"date_added":"2020-01-31T00:00:00.000Z","tags":[],"max_supply":null,"circulating_supply":null,"total_supply":600000000,"platform":null,"cmc_rank":2036,"last_updated":"2020-04-26T20:58:18.000Z","quote":{"USD":{"price":0.343393257165,"volume_24h":18726026.5973412,"percent_change_1h":-0.0381097,"percent_change_24h":-6.79761,"percent_change_7d":-17.0757,"market_cap":null,"last_updated":"2020-04-26T20:58:18.000Z"}}},{"id":5221,"name":"Handshake ","symbol":"HNS","slug":"handshake","num_market_pairs":10,"date_added":"2020-02-22T00:00:00.000Z","tags":[],"max_supply":null,"circulating_supply":268078892.322,"total_supply":2040000000,"platform":null,"cmc_rank":246,"last_updated":"2020-04-26T20:58:18.000Z","quote":{"USD":{"price":0.122255567167,"volume_24h":17668937.0295667,"percent_change_1h":3.58332,"percent_change_24h":3.13197,"percent_change_7d":0.526972,"market_cap":32774137.026327234,"last_updated":"2020-04-26T20:58:18.000Z"}}},{"id":5117,"name":"Origin Protocol","symbol":"OGN","slug":"origin-protocol","num_market_pairs":15,"date_added":"2020-01-09T00:00:00.000Z","tags":[],"max_supply":null,"circulating_supply":33523273.02,"total_supply":1000000000,"platform":{"id":1027,"name":"Ethereum","symbol":"ETH","slug":"ethereum","token_address":"0x8207c1ffc5b6804f6024322ccf34f29c3541ae26"},"cmc_rank":342,"last_updated":"2020-04-26T20:58:18.000Z","quote":{"USD":{"price":0.23691920188,"volume_24h":17273604.1244011,"percent_change_1h":0.479326,"percent_change_24h":1.83881,"percent_change_7d":2.42116,"market_cap":7942307.088303737,"last_updated":"2020-04-26T20:58:18.000Z"}}},{"id":5085,"name":"Building Cities Beyond Blockchain","symbol":"BCB","slug":"building-cities-beyond-blockchain","num_market_pairs":3,"date_added":"2019-12-30T00:00:00.000Z","tags":[],"max_supply":66000000,"circulating_supply":null,"total_supply":66000000,"platform":null,"cmc_rank":2037,"last_updated":"2020-04-26T20:58:18.000Z","quote":{"USD":{"price":2.55605506735,"volume_24h":17017027.8381632,"percent_change_1h":-0.0941979,"percent_change_24h":-1.22907,"percent_change_7d":-1.53042,"market_cap":null,"last_updated":"2020-04-26T20:58:18.000Z"}}},{"id":4779,"name":"HUSD","symbol":"HUSD","slug":"husd","num_market_pairs":18,"date_added":"2019-10-15T00:00:00.000Z","tags":[],"max_supply":null,"circulating_supply":null,"total_supply":87094416.0933887,"platform":{"id":1027,"name":"Ethereum","symbol":"ETH","slug":"ethereum","token_address":"0xdf574c24545e5ffecb9a659c229253d4111d87e1"},"cmc_rank":2038,"last_updated":"2020-04-26T20:58:17.000Z","quote":{"USD":{"price":0.997141615483,"volume_24h":16577590.7195705,"percent_change_1h":-0.212878,"percent_change_24h":-0.404912,"percent_change_7d":-0.930191,"market_cap":null,"last_updated":"2020-04-26T20:58:17.000Z"}}},{"id":1230,"name":"Steem","symbol":"STEEM","slug":"steem","num_market_pairs":31,"date_added":"2016-04-18T00:00:00.000Z","tags":[],"max_supply":null,"circulating_supply":372619697.846,"total_supply":389593791.846,"platform":null,"cmc_rank":69,"last_updated":"2020-04-26T20:58:07.000Z","quote":{"USD":{"price":0.180160653581,"volume_24h":16329770.4163691,"percent_change_1h":-0.011966,"percent_change_24h":11.1073,"percent_change_7d":17.3104,"market_cap":67131408.3010901,"last_updated":"2020-04-26T20:58:07.000Z"}}},{"id":1966,"name":"Decentraland","symbol":"MANA","slug":"decentraland","num_market_pairs":75,"date_added":"2017-09-17T00:00:00.000Z","tags":[],"max_supply":null,"circulating_supply":1370181655.67155,"total_supply":2197926265.03415,"platform":{"id":1027,"name":"Ethereum","symbol":"ETH","slug":"ethereum","token_address":"0x0f5d2fb29fb7d3cfee444a200298f468908cc942"},"cmc_rank":96,"last_updated":"2020-04-26T20:58:09.000Z","quote":{"USD":{"price":0.0300924047282,"volume_24h":16118520.0624049,"percent_change_1h":1.6997,"percent_change_24h":2.60727,"percent_change_7d":2.93148,"market_cap":41232060.933623455,"last_updated":"2020-04-26T20:58:09.000Z"}}},{"id":3217,"name":"Ontology Gas","symbol":"ONG","slug":"ontology-gas","num_market_pairs":53,"date_added":"2018-08-23T00:00:00.000Z","tags":[],"max_supply":null,"circulating_supply":null,"total_supply":1000000000,"platform":{"id":2566,"name":"Ontology","symbol":"ONT","slug":"ontology","token_address":""},"cmc_rank":2039,"last_updated":"2020-04-26T20:58:13.000Z","quote":{"USD":{"price":0.0934056718527,"volume_24h":14284399.2236792,"percent_change_1h":-0.943648,"percent_change_24h":4.15176,"percent_change_7d":8.99139,"market_cap":null,"last_updated":"2020-04-26T20:58:13.000Z"}}},{"id":4846,"name":"Kava","symbol":"KAVA","slug":"kava","num_market_pairs":15,"date_added":"2019-10-25T00:00:00.000Z","tags":[],"max_supply":null,"circulating_supply":35864827.721819,"total_supply":108654146.721819,"platform":{"id":1839,"name":"Binance Coin","symbol":"BNB","slug":"binance-coin","token_address":""},"cmc_rank":137,"last_updated":"2020-04-26T20:58:17.000Z","quote":{"USD":{"price":0.612485090934,"volume_24h":14246328.8125258,"percent_change_1h":-0.793594,"percent_change_24h":8.45074,"percent_change_7d":12.4102,"market_cap":21966672.268530555,"last_updated":"2020-04-26T20:58:17.000Z"}}},{"id":5295,"name":"3X Long BNB Token","symbol":"BNBBULL","slug":"3x-long-bnb-token","num_market_pairs":5,"date_added":"2020-03-11T00:00:00.000Z","tags":[],"max_supply":null,"circulating_supply":null,"total_supply":4975.41633724,"platform":{"id":1027,"name":"Ethereum","symbol":"ETH","slug":"ethereum","token_address":"0x9d1a62c2ad99019768b9126fda004a9952853f6e"},"cmc_rank":2040,"last_updated":"2020-04-26T20:58:18.000Z","quote":{"USD":{"price":116.078809252,"volume_24h":14151516.0002903,"percent_change_1h":-0.688406,"percent_change_24h":1.2856,"percent_change_7d":1.55682,"market_cap":null,"last_updated":"2020-04-26T20:58:18.000Z"}}},{"id":4078,"name":"Super Zero","symbol":"SERO","slug":"super-zero","num_market_pairs":15,"date_added":"2019-07-19T00:00:00.000Z","tags":[],"max_supply":647367590,"circulating_supply":257636620,"total_supply":645113912,"platform":null,"cmc_rank":145,"last_updated":"2020-04-26T20:58:16.000Z","quote":{"USD":{"price":0.0801860521054,"volume_24h":13963277.5935645,"percent_change_1h":-0.296398,"percent_change_24h":4.83038,"percent_change_7d":5.47724,"market_cap":20658863.43557914,"last_updated":"2020-04-26T20:58:16.000Z"}}},{"id":1759,"name":"Status","symbol":"SNT","slug":"status","num_market_pairs":84,"date_added":"2017-06-28T00:00:00.000Z","tags":[],"max_supply":null,"circulating_supply":3470483788,"total_supply":6804870174,"platform":{"id":1027,"name":"Ethereum","symbol":"ETH","slug":"ethereum","token_address":"0x744d70fdbe2ba4cf95131626614a1763df805b9e"},"cmc_rank":70,"last_updated":"2020-04-26T20:58:08.000Z","quote":{"USD":{"price":0.0190455053665,"volume_24h":13858204.965552,"percent_change_1h":0.127955,"percent_change_24h":0.449453,"percent_change_7d":12.3505,"market_cap":66097117.60870525,"last_updated":"2020-04-26T20:58:08.000Z"}}},{"id":4899,"name":"Yap Stone","symbol":"YAP","slug":"yap-stone","num_market_pairs":14,"date_added":"2019-11-09T00:00:00.000Z","tags":[],"max_supply":null,"circulating_supply":150000000,"total_supply":1000000000,"platform":{"id":1027,"name":"Ethereum","symbol":"ETH","slug":"ethereum","token_address":""},"cmc_rank":115,"last_updated":"2020-04-26T20:58:17.000Z","quote":{"USD":{"price":0.200967291254,"volume_24h":13733601.171436,"percent_change_1h":-0.218935,"percent_change_24h":-7.77301,"percent_change_7d":-3.94656,"market_cap":30145093.688100003,"last_updated":"2020-04-26T20:58:17.000Z"}}},{"id":5477,"name":"ECOChain","symbol":"ECOC","slug":"ecochain","num_market_pairs":1,"date_added":"2020-04-20T00:00:00.000Z","tags":[],"max_supply":2000000000,"circulating_supply":null,"total_supply":223217150,"platform":null,"cmc_rank":2041,"last_updated":"2020-04-26T20:58:18.000Z","quote":{"USD":{"price":2.25179206246,"volume_24h":13483772.8208958,"percent_change_1h":-0.0988728,"percent_change_24h":29.5602,"percent_change_7d":118.601,"market_cap":null,"last_updated":"2020-04-26T20:58:18.000Z"}}},{"id":1785,"name":"Gas","symbol":"GAS","slug":"gas","num_market_pairs":52,"date_added":"2017-07-06T00:00:00.000Z","tags":[],"max_supply":100000000,"circulating_supply":10128375.105773,"total_supply":17190378,"platform":{"id":1376,"name":"Neo","symbol":"NEO","slug":"neo","token_address":"602c79718b16e442de58778e148d0b1084e3b2dffd5de6b7b16cee7969282de7"},"cmc_rank":187,"last_updated":"2020-04-26T20:58:08.000Z","quote":{"USD":{"price":1.259080658,"volume_24h":13123668.698507,"percent_change_1h":0.0881461,"percent_change_24h":1.18648,"percent_change_7d":9.15163,"market_cap":12752441.192647489,"last_updated":"2020-04-26T20:58:08.000Z"}}},{"id":2469,"name":"Zilliqa","symbol":"ZIL","slug":"zilliqa","num_market_pairs":108,"date_added":"2018-01-25T00:00:00.000Z","tags":["mineable"],"max_supply":21000000000,"circulating_supply":10080517006.9637,"total_supply":13371984159.9637,"platform":null,"cmc_rank":82,"last_updated":"2020-04-26T20:58:11.000Z","quote":{"USD":{"price":0.00510798668988,"volume_24h":13039737.0839682,"percent_change_1h":0.14277,"percent_change_24h":6.75073,"percent_change_7d":18.7901,"market_cap":51491146.698679544,"last_updated":"2020-04-26T20:58:11.000Z"}}},{"id":2570,"name":"TomoChain","symbol":"TOMO","slug":"tomochain","num_market_pairs":23,"date_added":"2018-03-08T00:00:00.000Z","tags":["mineable"],"max_supply":null,"circulating_supply":70477025,"total_supply":100000000,"platform":null,"cmc_rank":128,"last_updated":"2020-04-26T20:58:12.000Z","quote":{"USD":{"price":0.348239537634,"volume_24h":13002036.0857616,"percent_change_1h":0.470097,"percent_change_24h":-2.13268,"percent_change_7d":6.91637,"market_cap":24542886.599819858,"last_updated":"2020-04-26T20:58:12.000Z"}}},{"id":5161,"name":"WazirX","symbol":"WRX","slug":"wazirx","num_market_pairs":12,"date_added":"2020-02-06T00:00:00.000Z","tags":[],"max_supply":null,"circulating_supply":107404950.010102,"total_supply":1000000000,"platform":{"id":1839,"name":"Binance Coin","symbol":"BNB","slug":"binance-coin","token_address":"bnb19cvhgyrxmkw30hlqs9c5lp966drjzyylytl74z"},"cmc_rank":167,"last_updated":"2020-04-26T20:58:18.000Z","quote":{"USD":{"price":0.141698018572,"volume_24h":12873109.9846769,"percent_change_1h":-0.164414,"percent_change_24h":2.95832,"percent_change_7d":-0.580793,"market_cap":15219068.601256168,"last_updated":"2020-04-26T20:58:18.000Z"}}},{"id":3029,"name":"Zel","symbol":"ZEL","slug":"zel","num_market_pairs":16,"date_added":"2018-08-02T00:00:00.000Z","tags":["mineable"],"max_supply":210000000,"circulating_supply":100430450,"total_supply":100430450,"platform":null,"cmc_rank":581,"last_updated":"2020-04-26T20:58:12.000Z","quote":{"USD":{"price":0.0288202109633,"volume_24h":12727420.463061,"percent_change_1h":-0.377964,"percent_change_24h":-0.387916,"percent_change_7d":0.667031,"market_cap":2894426.7561391527,"last_updated":"2020-04-26T20:58:12.000Z"}}},{"id":3966,"name":"BitcoinHD","symbol":"BHD","slug":"bitcoinhd","num_market_pairs":11,"date_added":"2019-05-27T00:00:00.000Z","tags":[],"max_supply":21000000,"circulating_supply":6083016.35,"total_supply":6339465,"platform":null,"cmc_rank":238,"last_updated":"2020-04-26T20:58:15.000Z","quote":{"USD":{"price":6.73633484967,"volume_24h":12537214.0647134,"percent_change_1h":-0.134687,"percent_change_24h":5.23905,"percent_change_7d":12.2005,"market_cap":40977235.0296174,"last_updated":"2020-04-26T20:58:15.000Z"}}},{"id":4273,"name":"Sessia","symbol":"KICKS","slug":"sessia","num_market_pairs":2,"date_added":"2019-08-21T00:00:00.000Z","tags":[],"max_supply":null,"circulating_supply":6145759.45571843,"total_supply":100000000,"platform":{"id":1027,"name":"Ethereum","symbol":"ETH","slug":"ethereum","token_address":"0xd91a6162f146ef85922d9a15ee6eb14a00344586"},"cmc_rank":987,"last_updated":"2020-04-26T20:58:16.000Z","quote":{"USD":{"price":0.106504232708,"volume_24h":12320638.836407,"percent_change_1h":0.0168491,"percent_change_24h":0.737995,"percent_change_7d":2.89329,"market_cap":654549.395239227,"last_updated":"2020-04-26T20:58:16.000Z"}}},{"id":4943,"name":"Multi-collateral DAI","symbol":"DAI","slug":"multi-collateral-dai","num_market_pairs":75,"date_added":"2019-11-22T00:00:00.000Z","tags":[],"max_supply":null,"circulating_supply":96818139.710375,"total_supply":97219029.9225201,"platform":{"id":1027,"name":"Ethereum","symbol":"ETH","slug":"ethereum","token_address":"0x6b175474e89094c44da98b954eedeac495271d0f"},"cmc_rank":55,"last_updated":"2020-04-26T20:58:17.000Z","quote":{"USD":{"price":1.00590676529,"volume_24h":12186922.6271497,"percent_change_1h":0.0605898,"percent_change_24h":-1.01198,"percent_change_7d":-0.783674,"market_cap":97390021.73745862,"last_updated":"2020-04-26T20:58:17.000Z"}}},{"id":4679,"name":"Band Protocol","symbol":"BAND","slug":"band-protocol","num_market_pairs":9,"date_added":"2019-09-18T00:00:00.000Z","tags":[],"max_supply":null,"circulating_supply":19894032.5175,"total_supply":100000000,"platform":{"id":1027,"name":"Ethereum","symbol":"ETH","slug":"ethereum","token_address":"0xba11d00c5f74255f56a5e366f4f77f5a186d7f55"},"cmc_rank":156,"last_updated":"2020-04-26T20:58:17.000Z","quote":{"USD":{"price":0.870363594509,"volume_24h":12119209.3908656,"percent_change_1h":0.204913,"percent_change_24h":-2.48088,"percent_change_7d":72.3164,"market_cap":17315041.65121023,"last_updated":"2020-04-26T20:58:17.000Z"}}},{"id":1720,"name":"IOTA","symbol":"MIOTA","slug":"iota","num_market_pairs":53,"date_added":"2017-06-13T00:00:00.000Z","tags":[],"max_supply":2779530283,"circulating_supply":2779530283,"total_supply":2779530283,"platform":null,"cmc_rank":25,"last_updated":"2020-04-26T20:58:08.000Z","quote":{"USD":{"price":0.177230040695,"volume_24h":12083660.6572013,"percent_change_1h":-0.259751,"percent_change_24h":4.26245,"percent_change_7d":11.3619,"market_cap":492616265.1690749,"last_updated":"2020-04-26T20:58:08.000Z"}}},{"id":1414,"name":"Zcoin","symbol":"XZC","slug":"zcoin","num_market_pairs":56,"date_added":"2016-10-06T00:00:00.000Z","tags":["mineable"],"max_supply":21400000,"circulating_supply":9985218.32977796,"total_supply":21400000,"platform":null,"cmc_rank":97,"last_updated":"2020-04-26T20:58:07.000Z","quote":{"USD":{"price":4.07483399378,"volume_24h":11619634.1340797,"percent_change_1h":0.00366203,"percent_change_24h":-1.84896,"percent_change_7d":-2.02352,"market_cap":40688107.08549439,"last_updated":"2020-04-26T20:58:07.000Z"}}}]}