{"status":{"timestamp":"2020-04-24T18:00:02.016Z","error_code":0,"error_message":null,"elapsed":471,"credit_count":1,"notice":null},"data":[{"id":825,"name":"Tether","symbol":"USDT","slug":"tether","num_market_pairs":4681,"date_added":"2015-02-25T00:00:00.000Z","tags":[],"max_supply":null,"circulating_supply":6361032509,"total_supply":6998318752.17,"platform":{"id":1027,"name":"Ethereum","symbol":"ETH","slug":"ethereum","token_address":"31"},"cmc_rank":4,"last_updated":"2020-04-24T17:58:30.000Z","quote":{"USD":{"price":1.00658520047,"volume_24h":46977480367.9606,"percent_change_1h":0.0117037,"percent_change_24h":1.27349,"percent_change_7d":0.222981,"market_cap":6402921183.267952,"last_updated":"2020-04-24T17:58:30.000Z"}}},{"id":1,"name":"Bitcoin","symbol":"BTC","slug":"bitcoin","num_market_pairs":7952,"date_added":"2013-04-28T00:00:00.000Z","tags":["mineable"],"max_supply":21000000,"circulating_supply":18343350,"total_supply":18343350,"platform":null,"cmc_rank":1,"last_updated":"2020-04-24T17:57:52.000Z","quote":{"USD":{"price":7548.76753211,"volume_24h":35695773029.4724,"percent_change_1h":-0.0239994,"percent_change_24h":1.26534,"percent_change_7d":6.43326,"market_cap":138469684910.12997,"last_updated":"2020-04-24T17:57:52.000Z"}}},{"id":1027,"name":"Ethereum","symbol":"ETH","slug":"ethereum","num_market_pairs":5179,"date_added":"2015-08-07T00:00:00.000Z","tags":["mineable"],"max_supply":null,"circulating_supply":110653831.374,"total_supply":110653831.374,"platform":null,"cmc_rank":2,"last_updated":"2020-04-24T17:58:31.000Z","quote":{"USD":{"price":189.512847628,"volume_24h":17650393221.7529,"percent_change_1h":0.0154829,"percent_change_24h":0.756582,"percent_change_7d":10.8916,"market_cap":20970322684.63527,"last_updated":"2020-04-24T17:58:31.000Z"}}},{"id":2,"name":"Litecoin","symbol":"LTC","slug":"litecoin","num_market_pairs":600,"date_added":"2013-04-28T00:00:00.000Z","tags":["mineable"],"max_supply":84000000,"circulating_supply":64582643.2265572,"total_supply":64582643.2265572,"platform":null,"cmc_rank":7,"last_updated":"2020-04-24T17:58:09.000Z","quote":{"USD":{"price":44.9889695982,"volume_24h":4843976106.91241,"percent_change_1h":0.789226,"percent_change_24h":4.44412,"percent_change_7d":5.79466,"market_cap":2905506572.690979,"last_updated":"2020-04-24T17:58:09.000Z"}}},{"id":1831,"name":"Bitcoin Cash","symbol":"BCH","slug":"bitcoin-cash","num_market_pairs":473,"date_added":"2017-07-23T00:00:00.000Z","tags":["mineable"],"max_supply":21000000,"circulating_supply":18388918.75,"total_supply":18388918.75,"platform":null,"cmc_rank":5,"last_updated":"2020-04-24T17:58:13.000Z","quote":{"USD":{"price":240.412457929,"volume_24h":3334778580.97373,"percent_change_1h":0.357572,"percent_change_24h":0.649757,"percent_change_7d":2.73905,"market_cap":4420925155.344174,"last_updated":"2020-04-24T17:58:13.000Z"}}},{"id":1765,"name":"EOS","symbol":"EOS","slug":"eos","num_market_pairs":378,"date_added":"2017-07-01T00:00:00.000Z","tags":[],"max_supply":null,"circulating_supply":922065633.1512,"total_supply":1018765645.1508,"platform":null,"cmc_rank":8,"last_updated":"2020-04-24T17:58:09.000Z","quote":{"USD":{"price":2.72919566042,"volume_24h":3179249847.53577,"percent_change_1h":0.378662,"percent_change_24h":1.90355,"percent_change_7d":3.76476,"market_cap":2516497524.6186748,"last_updated":"2020-04-24T17:58:09.000Z"}}},{"id":3602,"name":"Bitcoin SV","symbol":"BSV","slug":"bitcoin-sv","num_market_pairs":183,"date_added":"2018-11-09T00:00:00.000Z","tags":["mineable"],"max_supply":21000000,"circulating_supply":18387758.3319233,"total_supply":18387758.3319233,"platform":null,"cmc_rank":6,"last_updated":"2020-04-24T17:58:15.000Z","quote":{"USD":{"price":194.890701357,"volume_24h":1967366529.47443,"percent_change_1h":-0.126686,"percent_change_24h":-0.403928,"percent_change_7d":0.295561,"market_cap":3583603117.691552,"last_updated":"2020-04-24T17:58:15.000Z"}}},{"id":52,"name":"XRP","symbol":"XRP","slug":"xrp","num_market_pairs":545,"date_added":"2013-08-04T00:00:00.000Z","tags":[],"max_supply":100000000000,"circulating_supply":44089620959,"total_supply":99990980257,"platform":null,"cmc_rank":3,"last_updated":"2020-04-24T17:58:09.000Z","quote":{"USD":{"price":0.194925853946,"volume_24h":1899182918.66708,"percent_change_1h":-0.021891,"percent_change_24h":0.79769,"percent_change_7d":2.93419,"market_cap":8594207015.588535,"last_updated":"2020-04-24T17:58:09.000Z"}}},{"id":1321,"name":"Ethereum Classic","symbol":"ETC","slug":"ethereum-classic","num_market_pairs":246,"date_added":"2016-07-24T00:00:00.000Z","tags":["mineable"],"max_supply":210700000,"circulating_supply":116313299,"total_supply":116313299,"platform":null,"cmc_rank":21,"last_updated":"2020-04-24T17:58:08.000Z","quote":{"USD":{"price":5.66720995899,"volume_24h":1771991883.42364,"percent_change_1h":0.824043,"percent_change_24h":1.06616,"percent_change_7d":4.86823,"market_cap":659171886.4557816,"last_updated":"2020-04-24T17:58:08.000Z"}}},{"id":1958,"name":"TRON","symbol":"TRX","slug":"tron","num_market_pairs":337,"date_added":"2017-09-13T00:00:00.000Z","tags":["mineable"],"max_supply":null,"circulating_supply":66682072191.4,"total_supply":99281283754.3,"platform":null,"cmc_rank":16,"last_updated":"2020-04-24T17:58:10.000Z","quote":{"USD":{"price":0.0141532963089,"volume_24h":1548974198.29458,"percent_change_1h":0.46996,"percent_change_24h":5.10918,"percent_change_7d":9.27779,"market_cap":943771126.216345,"last_updated":"2020-04-24T17:58:10.000Z"}}},{"id":512,"name":"Stellar","symbol":"XLM","slug":"stellar","num_market_pairs":296,"date_added":"2014-08-05T00:00:00.000Z","tags":[],"max_supply":null,"circulating_supply":20292619307.2264,"total_supply":50001803873.8717,"platform":null,"cmc_rank":12,"last_updated":"2020-04-24T17:58:07.000Z","quote":{"USD":{"price":0.0631886941526,"volume_24h":744407378.605688,"percent_change_1h":-0.0190173,"percent_change_24h":-0.447208,"percent_change_7d":28.8064,"market_cap":1282264114.9594748,"last_updated":"2020-04-24T17:58:07.000Z"}}},{"id":131,"name":"Dash","symbol":"DASH","slug":"dash","num_market_pairs":297,"date_added":"2014-02-14T00:00:00.000Z","tags":["mineable"],"max_supply":18900000,"circulating_supply":9455852.37021258,"total_supply":9455852.37021258,"platform":null,"cmc_rank":18,"last_updated":"2020-04-24T17:58:08.000Z","quote":{"USD":{"price":82.2533252893,"volume_24h":734903105.267239,"percent_change_1h":0.128069,"percent_change_24h":0.801425,"percent_change_7d":8.65219,"market_cap":777775300.8946936,"last_updated":"2020-04-24T17:58:08.000Z"}}},{"id":1437,"name":"Zcash","symbol":"ZEC","slug":"zcash","num_market_pairs":238,"date_added":"2016-10-29T00:00:00.000Z","tags":["mineable"],"max_supply":21000000,"circulating_supply":9011175,"total_supply":9011175,"platform":null,"cmc_rank":26,"last_updated":"2020-04-24T17:58:08.000Z","quote":{"USD":{"price":44.6656804167,"volume_24h":626572574.8768,"percent_change_1h":0.113992,"percent_change_24h":-0.908682,"percent_change_7d":14.7623,"market_cap":402490262.72895664,"last_updated":"2020-04-24T17:58:08.000Z"}}},{"id":1376,"name":"Neo","symbol":"NEO","slug":"neo","num_market_pairs":238,"date_added":"2016-09-08T00:00:00.000Z","tags":[],"max_supply":100000000,"circulating_supply":70538831,"total_supply":100000000,"platform":null,"cmc_rank":22,"last_updated":"2020-04-24T17:58:08.000Z","quote":{"USD":{"price":8.25442232239,"volume_24h":583584692.749787,"percent_change_1h":0.885626,"percent_change_24h":6.27876,"percent_change_7d":9.41051,"market_cap":582257301.2016958,"last_updated":"2020-04-24T17:58:08.000Z"}}},{"id":2563,"name":"TrueUSD","symbol":"TUSD","slug":"trueusd","num_market_pairs":155,"date_added":"2018-03-06T00:00:00.000Z","tags":[],"max_supply":null,"circulating_supply":130988824.69,"total_supply":130988824.69,"platform":{"id":1027,"name":"Ethereum","symbol":"ETH","slug":"ethereum","token_address":"0x0000000000085d4780B73119b644AE5ecd22b376"},"cmc_rank":43,"last_updated":"2020-04-24T17:58:13.000Z","quote":{"USD":{"price":1.00508857421,"volume_24h":557869359.864301,"percent_change_1h":-0.126227,"percent_change_24h":1.26877,"percent_change_7d":0.217397,"market_cap":131655371.04511574,"last_updated":"2020-04-24T17:58:13.000Z"}}},{"id":3330,"name":"Paxos Standard","symbol":"PAX","slug":"paxos-standard","num_market_pairs":99,"date_added":"2018-09-27T00:00:00.000Z","tags":[],"max_supply":null,"circulating_supply":244951954.494264,"total_supply":249952064.83,"platform":{"id":1027,"name":"Ethereum","symbol":"ETH","slug":"ethereum","token_address":"0x8e870d67f660d95d5be530380d0ec0bd388289e1"},"cmc_rank":34,"last_updated":"2020-04-24T17:58:14.000Z","quote":{"USD":{"price":1.00510774743,"volume_24h":528448961.265891,"percent_change_1h":-0.0119791,"percent_change_24h":1.37534,"percent_change_7d":0.192163,"market_cap":246203107.21030557,"last_updated":"2020-04-24T17:58:14.000Z"}}},{"id":3408,"name":"USD Coin","symbol":"USDC","slug":"usd-coin","num_market_pairs":219,"date_added":"2018-10-08T00:00:00.000Z","tags":[],"max_supply":null,"circulating_supply":728456934.575699,"total_supply":752709754.16,"platform":{"id":1027,"name":"Ethereum","symbol":"ETH","slug":"ethereum","token_address":"0xa0b86991c6218b36c1d19d4a2e9eb0ce3606eb48"},"cmc_rank":20,"last_updated":"2020-04-24T17:58:16.000Z","quote":{"USD":{"price":1.00538587782,"volume_24h":440727318.728787,"percent_change_1h":0.043294,"percent_change_24h":1.55486,"percent_change_7d":0.213446,"market_cap":732380314.6224554,"last_updated":"2020-04-24T17:58:16.000Z"}}},{"id":1975,"name":"Chainlink","symbol":"LINK","slug":"chainlink","num_market_pairs":170,"date_added":"2017-09-20T00:00:00.000Z","tags":[],"max_supply":null,"circulating_supply":350000000,"total_supply":1000000000,"platform":{"id":1027,"name":"Ethereum","symbol":"ETH","slug":"ethereum","token_address":"0x514910771af9ca656af840dff83e8264ecf986ca"},"cmc_rank":11,"last_updated":"2020-04-24T17:58:09.000Z","quote":{"USD":{"price":3.82262575236,"volume_24h":385401632.063405,"percent_change_1h":0.09515,"percent_change_24h":0.736255,"percent_change_7d":10.1163,"market_cap":1337919013.326,"last_updated":"2020-04-24T17:58:09.000Z"}}},{"id":1839,"name":"Binance Coin","symbol":"BNB","slug":"binance-coin","num_market_pairs":305,"date_added":"2017-07-25T00:00:00.000Z","tags":[],"max_supply":187536713,"circulating_supply":155536713,"total_supply":187536713,"platform":null,"cmc_rank":9,"last_updated":"2020-04-24T17:58:09.000Z","quote":{"USD":{"price":16.0723270175,"volume_24h":384712126.291063,"percent_change_1h":0.10841,"percent_change_24h":0.153992,"percent_change_7d":2.44837,"market_cap":2499836914.5630436,"last_updated":"2020-04-24T17:58:09.000Z"}}},{"id":1684,"name":"Qtum","symbol":"QTUM","slug":"qtum","num_market_pairs":172,"date_added":"2017-05-24T00:00:00.000Z","tags":[],"max_supply":107822406,"circulating_supply":96607300.359,"total_supply":102357300,"platform":null,"cmc_rank":42,"last_updated":"2020-04-24T17:58:08.000Z","quote":{"USD":{"price":1.45410550047,"volume_24h":369292272.828145,"percent_change_1h":0.830792,"percent_change_24h":4.06432,"percent_change_7d":4.55446,"market_cap":140477206.8375793,"last_updated":"2020-04-24T17:58:08.000Z"}}},{"id":2011,"name":"Tezos","symbol":"XTZ","slug":"tezos","num_market_pairs":89,"date_added":"2017-10-06T00:00:00.000Z","tags":[],"max_supply":null,"circulating_supply":708142181.195413,"total_supply":708142181.195413,"platform":null,"cmc_rank":10,"last_updated":"2020-04-24T17:58:08.000Z","quote":{"USD":{"price":2.75035258769,"volume_24h":344208010.003969,"percent_change_1h":-0.232169,"percent_change_24h":11.2771,"percent_change_7d":30.0229,"market_cap":1947640680.503245,"last_updated":"2020-04-24T17:58:08.000Z"}}},{"id":2319,"name":"QCash","symbol":"QC","slug":"qcash","num_market_pairs":91,"date_added":"2019-12-12T00:00:00.000Z","tags":[],"max_supply":10000000000,"circulating_supply":460000200,"total_supply":10000000000,"platform":{"id":1684,"name":"Qtum","symbol":"QTUM","slug":"qtum","token_address":"f2033ede578e17fa6231047265010445bca8cf1c"},"cmc_rank":220,"last_updated":"2020-04-24T17:58:10.000Z","quote":{"USD":{"price":0.140984171353,"volume_24h":271385811.846234,"percent_change_1h":0.0707576,"percent_change_24h":1.37732,"percent_change_7d":0.756422,"market_cap":64852747.01921427,"last_updated":"2020-04-24T17:58:10.000Z"}}},{"id":74,"name":"Dogecoin","symbol":"DOGE","slug":"dogecoin","num_market_pairs":239,"date_added":"2013-12-15T00:00:00.000Z","tags":["mineable"],"max_supply":null,"circulating_supply":124288752342.721,"total_supply":124288752342.721,"platform":null,"cmc_rank":32,"last_updated":"2020-04-24T17:58:07.000Z","quote":{"USD":{"price":0.00209965897345,"volume_24h":251404625.51991,"percent_change_1h":0.112887,"percent_change_24h":0.354662,"percent_change_7d":4.59081,"market_cap":260963994.15529886,"last_updated":"2020-04-24T17:58:07.000Z"}}},{"id":3794,"name":"Cosmos","symbol":"ATOM","slug":"cosmos","num_market_pairs":121,"date_added":"2019-03-14T00:00:00.000Z","tags":[],"max_supply":null,"circulating_supply":190688439.2,"total_supply":237928230.821588,"platform":null,"cmc_rank":24,"last_updated":"2020-04-24T17:58:15.000Z","quote":{"USD":{"price":2.79151184821,"volume_24h":237941187.217653,"percent_change_1h":4.23525,"percent_change_24h":14.7719,"percent_change_7d":16.6181,"market_cap":532309037.3434722,"last_updated":"2020-04-24T17:58:15.000Z"}}},{"id":2502,"name":"Huobi Token","symbol":"HT","slug":"huobi-token","num_market_pairs":136,"date_added":"2018-02-03T00:00:00.000Z","tags":[],"max_supply":null,"circulating_supply":222668092.971921,"total_supply":500000000,"platform":{"id":1027,"name":"Ethereum","symbol":"ETH","slug":"ethereum","token_address":"0x6f259637dcd74c767781e37bc6133cd6a68aa161"},"cmc_rank":17,"last_updated":"2020-04-24T17:58:11.000Z","quote":{"USD":{"price":3.97316035061,"volume_24h":227868482.541763,"percent_change_1h":-0.110034,"percent_change_24h":1.01131,"percent_change_7d":3.84991,"market_cap":884696038.3419777,"last_updated":"2020-04-24T17:58:11.000Z"}}},{"id":2010,"name":"Cardano","symbol":"ADA","slug":"cardano","num_market_pairs":131,"date_added":"2017-10-01T00:00:00.000Z","tags":["mineable"],"max_supply":45000000000,"circulating_supply":25927070538,"total_supply":31112483745,"platform":null,"cmc_rank":13,"last_updated":"2020-04-24T17:58:09.000Z","quote":{"USD":{"price":0.0429920250662,"volume_24h":190026218.917905,"percent_change_1h":-0.602405,"percent_change_24h":8.87583,"percent_change_7d":24.4114,"market_cap":1114657266.4628315,"last_updated":"2020-04-24T17:58:09.000Z"}}},{"id":3897,"name":"OKB","symbol":"OKB","slug":"okb","num_market_pairs":50,"date_added":"2019-04-30T00:00:00.000Z","tags":[],"max_supply":null,"circulating_supply":60000000,"total_supply":300000000,"platform":{"id":1027,"name":"Ethereum","symbol":"ETH","slug":"ethereum","token_address":"0x75231f58b43240c9718dd58b4967c5114342a86c"},"cmc_rank":30,"last_updated":"2020-04-24T17:58:15.000Z","quote":{"USD":{"price":4.92877556463,"volume_24h":167764262.786998,"percent_change_1h":0.249829,"percent_change_24h":1.10191,"percent_change_7d":5.39077,"market_cap":295726533.87780005,"last_updated":"2020-04-24T17:58:15.000Z"}}},{"id":3077,"name":"VeChain","symbol":"VET","slug":"vechain","num_market_pairs":98,"date_added":"2017-08-22T00:00:00.000Z","tags":[],"max_supply":null,"circulating_supply":55454734800,"total_supply":86712634466,"platform":null,"cmc_rank":35,"last_updated":"2020-04-24T17:58:15.000Z","quote":{"USD":{"price":0.00412910329707,"volume_24h":147573422.243979,"percent_change_1h":0.499395,"percent_change_24h":3.59859,"percent_change_7d":8.54739,"market_cap":228978328.30082247,"last_updated":"2020-04-24T17:58:15.000Z"}}},{"id":2566,"name":"Ontology","symbol":"ONT","slug":"ontology","num_market_pairs":119,"date_added":"2018-03-08T00:00:00.000Z","tags":[],"max_supply":null,"circulating_supply":656746573,"total_supply":1000000000,"platform":null,"cmc_rank":29,"last_updated":"2020-04-24T17:58:12.000Z","quote":{"USD":{"price":0.463659309133,"volume_24h":124707206.900995,"percent_change_1h":1.13121,"percent_change_24h":8.94982,"percent_change_7d":13.7033,"market_cap":304506662.3126454,"last_updated":"2020-04-24T17:58:12.000Z"}}},{"id":328,"name":"Monero","symbol":"XMR","slug":"monero","num_market_pairs":146,"date_added":"2014-05-21T00:00:00.000Z","tags":["mineable"],"max_supply":null,"circulating_supply":17535385.728484,"total_supply":17535385.728484,"platform":null,"cmc_rank":14,"last_updated":"2020-04-24T17:58:07.000Z","quote":{"USD":{"price":60.959359968,"volume_24h":118335915.484774,"percent_change_1h":0.1425,"percent_change_24h":2.91996,"percent_change_7d":7.39647,"market_cap":1068945890.8003862,"last_updated":"2020-04-24T17:58:07.000Z"}}},{"id":1697,"name":"Basic Attention Token","symbol":"BAT","slug":"basic-attention-token","num_market_pairs":183,"date_added":"2017-06-01T00:00:00.000Z","tags":[],"max_supply":null,"circulating_supply":1457527137.0863,"total_supply":1500000000,"platform":{"id":1027,"name":"Ethereum","symbol":"ETH","slug":"ethereum","token_address":"0x0d8775f648430679a709e98d2b0cb6250d2887ef"},"cmc_rank":33,"last_updated":"2020-04-24T17:58:08.000Z","quote":{"USD":{"price":0.17653849803,"volume_24h":103509386.706042,"percent_change_1h":0.9924,"percent_change_24h":4.18497,"percent_change_7d":5.59172,"market_cap":257309651.61918128,"last_updated":"2020-04-24T17:58:08.000Z"}}},{"id":4687,"name":"Binance USD","symbol":"BUSD","slug":"binance-usd","num_market_pairs":61,"date_added":"2019-09-20T00:00:00.000Z","tags":[],"max_supply":null,"circulating_supply":182526462.44,"total_supply":182526462.44,"platform":{"id":1027,"name":"Ethereum","symbol":"ETH","slug":"ethereum","token_address":"0x4Fabb145d64652a948d72533023f6E7A623C7C53"},"cmc_rank":36,"last_updated":"2020-04-24T17:58:17.000Z","quote":{"USD":{"price":1.00515330966,"volume_24h":91773126.1444569,"percent_change_1h":-0.0108059,"percent_change_24h":1.48976,"percent_change_7d":0.182012,"market_cap":183467077.8220977,"last_updated":"2020-04-24T17:58:17.000Z"}}},{"id":1168,"name":"Decred","symbol":"DCR","slug":"decred","num_market_pairs":49,"date_added":"2016-02-10T00:00:00.000Z","tags":["mineable"],"max_supply":21000000,"circulating_supply":11401593.5718669,"total_supply":11401593.5718669,"platform":null,"cmc_rank":41,"last_updated":"2020-04-24T17:58:06.000Z","quote":{"USD":{"price":12.4965484558,"volume_24h":88922667.6740219,"percent_change_1h":-0.283272,"percent_change_24h":0.642464,"percent_change_7d":0.216426,"market_cap":142480566.5441725,"last_updated":"2020-04-24T17:58:06.000Z"}}},{"id":1808,"name":"OmiseGO","symbol":"OMG","slug":"omisego","num_market_pairs":209,"date_added":"2017-07-14T00:00:00.000Z","tags":[],"max_supply":null,"circulating_supply":140245398.245133,"total_supply":140245398.245133,"platform":{"id":1027,"name":"Ethereum","symbol":"ETH","slug":"ethereum","token_address":"0xd26114cd6EE289AccF82350c8d8487fedB8A0C07"},"cmc_rank":57,"last_updated":"2020-04-24T17:58:08.000Z","quote":{"USD":{"price":0.61795849221,"volume_24h":84008866.1541932,"percent_change_1h":-0.515375,"percent_change_24h":3.2318,"percent_change_7d":8.31557,"market_cap":86665834.83895338,"last_updated":"2020-04-24T17:58:08.000Z"}}},{"id":4064,"name":"USDK","symbol":"USDK","slug":"usdk","num_market_pairs":37,"date_added":"2019-07-29T00:00:00.000Z","tags":[],"max_supply":null,"circulating_supply":28600072,"total_supply":28600072,"platform":{"id":1027,"name":"Ethereum","symbol":"ETH","slug":"ethereum","token_address":"0x1c48f86ae57291f7686349f12601910bd8d470bb"},"cmc_rank":250,"last_updated":"2020-04-24T17:58:17.000Z","quote":{"USD":{"price":1.00545461283,"volume_24h":75475362.0096518,"percent_change_1h":0.00987177,"percent_change_24h":1.54719,"percent_change_7d":0.197199,"market_cap":28756074.319670122,"last_updated":"2020-04-24T17:58:17.000Z"}}},{"id":5031,"name":"MimbleWimbleCoin","symbol":"MWC","slug":"mimblewimblecoin","num_market_pairs":7,"date_added":"2020-02-24T00:00:00.000Z","tags":[],"max_supply":20000000,"circulating_supply":8010676.0569404,"total_supply":10520319.0569404,"platform":null,"cmc_rank":208,"last_updated":"2020-04-24T17:58:17.000Z","quote":{"USD":{"price":16.4965396688,"volume_24h":73622199.2622929,"percent_change_1h":-0.206754,"percent_change_24h":-0.513324,"percent_change_7d":9.07995,"market_cap":132148435.34722368,"last_updated":"2020-04-24T17:58:17.000Z"}}},{"id":3718,"name":"BitTorrent","symbol":"BTT","slug":"bittorrent","num_market_pairs":134,"date_added":"2019-01-31T00:00:00.000Z","tags":[],"max_supply":null,"circulating_supply":212116500000,"total_supply":990000000000,"platform":{"id":1958,"name":"TRON","symbol":"TRX","slug":"tron","token_address":"1002000"},"cmc_rank":79,"last_updated":"2020-04-24T17:58:16.000Z","quote":{"USD":{"price":0.000246152536042,"volume_24h":67908404.7632082,"percent_change_1h":1.45172,"percent_change_24h":6.31202,"percent_change_7d":7.12798,"market_cap":52213014.41135289,"last_updated":"2020-04-24T17:58:16.000Z"}}},{"id":3702,"name":"Beam","symbol":"BEAM","slug":"beam","num_market_pairs":32,"date_added":"2019-01-17T00:00:00.000Z","tags":["mineable"],"max_supply":262800000,"circulating_supply":60232120,"total_supply":60232120,"platform":null,"cmc_rank":157,"last_updated":"2020-04-24T17:58:15.000Z","quote":{"USD":{"price":0.284899247978,"volume_24h":66958071.8374975,"percent_change_1h":0.560556,"percent_change_24h":2.7672,"percent_change_7d":4.2502,"market_cap":17160085.692120653,"last_updated":"2020-04-24T17:58:15.000Z"}}},{"id":2307,"name":"Bibox Token","symbol":"BIX","slug":"bibox-token","num_market_pairs":27,"date_added":"2017-12-24T00:00:00.000Z","tags":[],"max_supply":null,"circulating_supply":97882450.27,"total_supply":251424733.27,"platform":{"id":1027,"name":"Ethereum","symbol":"ETH","slug":"ethereum","token_address":"0xb3104b4b9da82025e8b9f8fb28b3553ce2f67069"},"cmc_rank":332,"last_updated":"2020-04-24T17:58:09.000Z","quote":{"USD":{"price":0.082506142881,"volume_24h":66913201.4509584,"percent_change_1h":-0.873603,"percent_change_24h":0.457575,"percent_change_7d":4.4797,"market_cap":8075903.427518996,"last_updated":"2020-04-24T17:58:09.000Z"}}},{"id":4030,"name":"Algorand","symbol":"ALGO","slug":"algorand","num_market_pairs":77,"date_added":"2019-06-20T00:00:00.000Z","tags":["mineable"],"max_supply":null,"circulating_supply":707744445.35164,"total_supply":3239016288.35164,"platform":null,"cmc_rank":40,"last_updated":"2020-04-24T17:58:18.000Z","quote":{"USD":{"price":0.203093756049,"volume_24h":59897630.946056,"percent_change_1h":2.27734,"percent_change_24h":6.71243,"percent_change_7d":7.17919,"market_cap":143738477.7292808,"last_updated":"2020-04-24T17:58:18.000Z"}}},{"id":1772,"name":"Storj","symbol":"STORJ","slug":"storj","num_market_pairs":32,"date_added":"2017-07-02T00:00:00.000Z","tags":[],"max_supply":null,"circulating_supply":135787438.700013,"total_supply":424999998.000013,"platform":{"id":1027,"name":"Ethereum","symbol":"ETH","slug":"ethereum","token_address":"0xb64ef51c888972c908cfacf59b47c1afbc0ab8ac"},"cmc_rank":180,"last_updated":"2020-04-24T17:58:07.000Z","quote":{"USD":{"price":0.0992202145921,"volume_24h":58904097.6353145,"percent_change_1h":0.533993,"percent_change_24h":2.93453,"percent_change_7d":4.5284,"market_cap":13472858.806726914,"last_updated":"2020-04-24T17:58:07.000Z"}}},{"id":4467,"name":"Nestree","symbol":"EGG","slug":"nestree","num_market_pairs":4,"date_added":"2019-09-09T00:00:00.000Z","tags":[],"max_supply":null,"circulating_supply":703068351.349625,"total_supply":2994901340,"platform":{"id":1027,"name":"Ethereum","symbol":"ETH","slug":"ethereum","token_address":"0x65ccd72c0813ce6f2703593b633202a0f3ca6a0c"},"cmc_rank":557,"last_updated":"2020-04-24T17:58:16.000Z","quote":{"USD":{"price":0.00449028505451,"volume_24h":55540553.8988141,"percent_change_1h":-2.3633,"percent_change_24h":-0.956453,"percent_change_7d":-44.3586,"market_cap":3156977.310364207,"last_updated":"2020-04-24T17:58:16.000Z"}}},{"id":2349,"name":"Mixin","symbol":"XIN","slug":"mixin","num_market_pairs":8,"date_added":"2018-01-09T00:00:00.000Z","tags":[],"max_supply":1000000,"circulating_supply":510414.610609626,"total_supply":1000000,"platform":{"id":1027,"name":"Ethereum","symbol":"ETH","slug":"ethereum","token_address":"0xa974c709cfb4566686553a20790685a47aceaa33"},"cmc_rank":215,"last_updated":"2020-04-24T17:58:09.000Z","quote":{"USD":{"price":165.1982554,"volume_24h":50357660.3648531,"percent_change_1h":-0.0723005,"percent_change_24h":0.397282,"percent_change_7d":0.213809,"market_cap":84319603.20338054,"last_updated":"2020-04-24T17:58:09.000Z"}}},{"id":2405,"name":"IOST","symbol":"IOST","slug":"iostoken","num_market_pairs":85,"date_added":"2018-01-16T00:00:00.000Z","tags":[],"max_supply":null,"circulating_supply":12013965608.8475,"total_supply":21000000000,"platform":null,"cmc_rank":90,"last_updated":"2020-04-24T17:58:12.000Z","quote":{"USD":{"price":0.00365474276901,"volume_24h":49241966.1652547,"percent_change_1h":1.38206,"percent_change_24h":9.84274,"percent_change_7d":11.0196,"market_cap":43907953.936070226,"last_updated":"2020-04-24T17:58:12.000Z"}}},{"id":2280,"name":"Filecoin [Futures]","symbol":"FIL","slug":"filecoin","num_market_pairs":4,"date_added":"2017-12-13T00:00:00.000Z","tags":["mineable"],"max_supply":null,"circulating_supply":null,"total_supply":null,"platform":null,"cmc_rank":2031,"last_updated":"2020-04-24T17:58:09.000Z","quote":{"USD":{"price":5.24506332802,"volume_24h":49156054.1679427,"percent_change_1h":2.11164,"percent_change_24h":7.47308,"percent_change_7d":4.52458,"market_cap":null,"last_updated":"2020-04-24T17:58:09.000Z"}}},{"id":3437,"name":"ABBC Coin","symbol":"ABBC","slug":"abbc-coin","num_market_pairs":42,"date_added":"2018-10-12T00:00:00.000Z","tags":["mineable"],"max_supply":null,"circulating_supply":555416924.350722,"total_supply":1003278750.0109,"platform":null,"cmc_rank":69,"last_updated":"2020-04-24T17:58:14.000Z","quote":{"USD":{"price":0.114367222605,"volume_24h":47208364.4136217,"percent_change_1h":-0.00899036,"percent_change_24h":1.25714,"percent_change_7d":0.464097,"market_cap":63521491.02580346,"last_updated":"2020-04-24T17:58:14.000Z"}}},{"id":2099,"name":"ICON","symbol":"ICX","slug":"icon","num_market_pairs":61,"date_added":"2017-10-27T00:00:00.000Z","tags":[],"max_supply":null,"circulating_supply":537231077.693304,"total_supply":800460000,"platform":null,"cmc_rank":39,"last_updated":"2020-04-24T17:58:08.000Z","quote":{"USD":{"price":0.275235654121,"volume_24h":46842729.991428,"percent_change_1h":1.75464,"percent_change_24h":12.4769,"percent_change_7d":17.9487,"market_cap":147865147.0830463,"last_updated":"2020-04-24T17:58:08.000Z"}}},{"id":1776,"name":"MCO","symbol":"MCO","slug":"crypto-com","num_market_pairs":61,"date_added":"2017-07-03T00:00:00.000Z","tags":[],"max_supply":null,"circulating_supply":15793831.0949625,"total_supply":31587682.3632061,"platform":{"id":1027,"name":"Ethereum","symbol":"ETH","slug":"ethereum","token_address":"0xb63b606ac810a52cca15e44bb630fd42d8d1d83d"},"cmc_rank":58,"last_updated":"2020-04-24T17:58:07.000Z","quote":{"USD":{"price":5.08424119907,"volume_24h":45434991.3168031,"percent_change_1h":-0.251738,"percent_change_24h":-0.746188,"percent_change_7d":-2.09373,"market_cap":80299646.74416119,"last_updated":"2020-04-24T17:58:07.000Z"}}},{"id":4229,"name":"Yobit Token","symbol":"YO","slug":"yobit-token","num_market_pairs":11,"date_added":"2019-09-03T00:00:00.000Z","tags":[],"max_supply":null,"circulating_supply":null,"total_supply":17000,"platform":{"id":1027,"name":"Ethereum","symbol":"ETH","slug":"ethereum","token_address":"0xebf4ca5319f406602eeff68da16261f1216011b5"},"cmc_rank":2032,"last_updated":"2020-04-24T17:58:16.000Z","quote":{"USD":{"price":731.776165135,"volume_24h":43880023.2786239,"percent_change_1h":-0.37545,"percent_change_24h":-1.10944,"percent_change_7d":3.58839,"market_cap":null,"last_updated":"2020-04-24T17:58:16.000Z"}}},{"id":3890,"name":"Matic Network","symbol":"MATIC","slug":"matic-network","num_market_pairs":51,"date_added":"2019-04-28T00:00:00.000Z","tags":[],"max_supply":null,"circulating_supply":2758503686,"total_supply":10000000000,"platform":{"id":1027,"name":"Ethereum","symbol":"ETH","slug":"ethereum","token_address":"0x7D1AfA7B718fb893dB30A3aBc0Cfc608AaCfeBB0"},"cmc_rank":93,"last_updated":"2020-04-24T17:58:18.000Z","quote":{"USD":{"price":0.014964076355,"volume_24h":42931573.8529158,"percent_change_1h":-1.06607,"percent_change_24h":9.73469,"percent_change_7d":16.1926,"market_cap":41278459.78285294,"last_updated":"2020-04-24T17:58:18.000Z"}}},{"id":2083,"name":"Bitcoin Gold","symbol":"BTG","slug":"bitcoin-gold","num_market_pairs":73,"date_added":"2017-10-23T00:00:00.000Z","tags":["mineable"],"max_supply":21000000,"circulating_supply":17513923.589,"total_supply":17513923.589,"platform":null,"cmc_rank":37,"last_updated":"2020-04-24T17:58:08.000Z","quote":{"USD":{"price":9.4825696993,"volume_24h":42744586.4372333,"percent_change_1h":-0.00933437,"percent_change_24h":0.976461,"percent_change_7d":-4.87328,"market_cap":166077001.14090693,"last_updated":"2020-04-24T17:58:08.000Z"}}},{"id":3306,"name":"Gemini Dollar","symbol":"GUSD","slug":"gemini-dollar","num_market_pairs":31,"date_added":"2018-10-05T00:00:00.000Z","tags":[],"max_supply":null,"circulating_supply":5770999.35,"total_supply":5770999.35,"platform":{"id":1027,"name":"Ethereum","symbol":"ETH","slug":"ethereum","token_address":"0x056Fd409E1d7A124BD7017459dFEa2F387b6d5Cd"},"cmc_rank":399,"last_updated":"2020-04-24T17:58:13.000Z","quote":{"USD":{"price":1.00771692147,"volume_24h":42152841.3978324,"percent_change_1h":0.178132,"percent_change_24h":2.02947,"percent_change_7d":0.671295,"market_cap":5815533.69878737,"last_updated":"2020-04-24T17:58:13.000Z"}}},{"id":1982,"name":"Kyber Network","symbol":"KNC","slug":"kyber-network","num_market_pairs":64,"date_added":"2017-09-24T00:00:00.000Z","tags":[],"max_supply":null,"circulating_supply":180432602.911872,"total_supply":210939151.730736,"platform":{"id":1027,"name":"Ethereum","symbol":"ETH","slug":"ethereum","token_address":"0xdd974d5c2e2928dea5f71b9825b8b646686bd200"},"cmc_rank":55,"last_updated":"2020-04-24T17:58:08.000Z","quote":{"USD":{"price":0.498265024178,"volume_24h":41105155.9149439,"percent_change_1h":0.123537,"percent_change_24h":3.60246,"percent_change_7d":4.16042,"market_cap":89903255.25238338,"last_updated":"2020-04-24T17:58:08.000Z"}}},{"id":3657,"name":"Lambda","symbol":"LAMB","slug":"lambda","num_market_pairs":41,"date_added":"2019-01-02T00:00:00.000Z","tags":[],"max_supply":10000000000,"circulating_supply":644348876.627519,"total_supply":6000000000,"platform":{"id":1027,"name":"Ethereum","symbol":"ETH","slug":"ethereum","token_address":"0x8971f9fd7196e5cee2c1032b50f656855af7dd26"},"cmc_rank":324,"last_updated":"2020-04-24T17:58:15.000Z","quote":{"USD":{"price":0.0131498853735,"volume_24h":40939535.3324199,"percent_change_1h":0.371861,"percent_change_24h":0.922435,"percent_change_7d":-2.07367,"market_cap":8473113.868195368,"last_updated":"2020-04-24T17:58:15.000Z"}}},{"id":3351,"name":"ZB Token","symbol":"ZB","slug":"zb-token","num_market_pairs":11,"date_added":"2018-09-27T00:00:00.000Z","tags":[],"max_supply":null,"circulating_supply":463288810,"total_supply":2100000000,"platform":{"id":1027,"name":"Ethereum","symbol":"ETH","slug":"ethereum","token_address":"0xbd0793332e9fb844a52a205a233ef27a5b34b927"},"cmc_rank":48,"last_updated":"2020-04-24T17:58:14.000Z","quote":{"USD":{"price":0.242681513161,"volume_24h":37494584.8348131,"percent_change_1h":0.838671,"percent_change_24h":1.81136,"percent_change_7d":1.97439,"market_cap":112431629.44135903,"last_updated":"2020-04-24T17:58:14.000Z"}}},{"id":624,"name":"bitCNY","symbol":"BITCNY","slug":"bitcny","num_market_pairs":23,"date_added":"2014-09-23T00:00:00.000Z","tags":[],"max_supply":null,"circulating_supply":31289900,"total_supply":31289900,"platform":{"id":463,"name":"BitShares","symbol":"BTS","slug":"bitshares","token_address":"CNY"},"cmc_rank":477,"last_updated":"2020-04-24T17:58:05.000Z","quote":{"USD":{"price":0.141257060955,"volume_24h":37452105.5147742,"percent_change_1h":0.0897315,"percent_change_24h":1.29205,"percent_change_7d":0.478489,"market_cap":4419919.311575855,"last_updated":"2020-04-24T17:58:05.000Z"}}},{"id":5085,"name":"Building Cities Beyond Blockchain","symbol":"BCB","slug":"building-cities-beyond-blockchain","num_market_pairs":3,"date_added":"2019-12-30T00:00:00.000Z","tags":[],"max_supply":66000000,"circulating_supply":null,"total_supply":66000000,"platform":null,"cmc_rank":2033,"last_updated":"2020-04-24T17:58:17.000Z","quote":{"USD":{"price":2.6260939038,"volume_24h":36936540.8143344,"percent_change_1h":0.0576942,"percent_change_24h":3.88492,"percent_change_7d":1.90578,"market_cap":null,"last_updated":"2020-04-24T17:58:17.000Z"}}},{"id":3709,"name":"Grin","symbol":"GRIN","slug":"grin","num_market_pairs":60,"date_added":"2019-01-27T00:00:00.000Z","tags":["mineable"],"max_supply":null,"circulating_supply":40014240,"total_supply":40014240,"platform":null,"cmc_rank":145,"last_updated":"2020-04-24T17:58:15.000Z","quote":{"USD":{"price":0.493743135359,"volume_24h":36779770.9511628,"percent_change_1h":0.0677774,"percent_change_24h":0.755721,"percent_change_7d":2.05561,"market_cap":19756756.316607513,"last_updated":"2020-04-24T17:58:15.000Z"}}},{"id":2457,"name":"TrueChain","symbol":"TRUE","slug":"truechain","num_market_pairs":16,"date_added":"2018-01-24T00:00:00.000Z","tags":[],"max_supply":null,"circulating_supply":79575542.96,"total_supply":100000000,"platform":null,"cmc_rank":136,"last_updated":"2020-04-24T17:58:10.000Z","quote":{"USD":{"price":0.267277604891,"volume_24h":33998122.7472731,"percent_change_1h":0.325123,"percent_change_24h":-0.518924,"percent_change_7d":-0.0491734,"market_cap":21268760.530249674,"last_updated":"2020-04-24T17:58:10.000Z"}}},{"id":1274,"name":"Waves","symbol":"WAVES","slug":"waves","num_market_pairs":143,"date_added":"2016-06-02T00:00:00.000Z","tags":[],"max_supply":null,"circulating_supply":101754040,"total_supply":101754040,"platform":null,"cmc_rank":52,"last_updated":"2020-04-24T17:58:08.000Z","quote":{"USD":{"price":1.01722445527,"volume_24h":32930677.3003384,"percent_change_1h":-0.256656,"percent_change_24h":0.786066,"percent_change_7d":1.15953,"market_cap":103506697.91052179,"last_updated":"2020-04-24T17:58:08.000Z"}}},{"id":1104,"name":"Augur","symbol":"REP","slug":"augur","num_market_pairs":73,"date_added":"2015-10-27T00:00:00.000Z","tags":[],"max_supply":null,"circulating_supply":11000000,"total_supply":11000000,"platform":{"id":1027,"name":"Ethereum","symbol":"ETH","slug":"ethereum","token_address":"0x1985365e9f78359a9b6ad760e32412f4a445e862"},"cmc_rank":49,"last_updated":"2020-04-24T17:58:06.000Z","quote":{"USD":{"price":10.1676336015,"volume_24h":31349494.7082916,"percent_change_1h":-0.112844,"percent_change_24h":0.933348,"percent_change_7d":1.73134,"market_cap":111843969.6165,"last_updated":"2020-04-24T17:58:06.000Z"}}},{"id":1896,"name":"0x","symbol":"ZRX","slug":"0x","num_market_pairs":179,"date_added":"2017-08-16T00:00:00.000Z","tags":[],"max_supply":null,"circulating_supply":652134957.432216,"total_supply":1000000000,"platform":{"id":1027,"name":"Ethereum","symbol":"ETH","slug":"ethereum","token_address":"0xe41d2489571d322189246dafa5ebde1f4699f498"},"cmc_rank":47,"last_updated":"2020-04-24T17:58:09.000Z","quote":{"USD":{"price":0.188158161172,"volume_24h":28181812.7379476,"percent_change_1h":1.59886,"percent_change_24h":7.73801,"percent_change_7d":8.65604,"market_cap":122704514.42642626,"last_updated":"2020-04-24T17:58:09.000Z"}}},{"id":5267,"name":"QUEENBEE","symbol":"QBZ","slug":"queenbee","num_market_pairs":2,"date_added":"2020-03-05T00:00:00.000Z","tags":[],"max_supply":null,"circulating_supply":null,"total_supply":8000000000,"platform":{"id":1027,"name":"Ethereum","symbol":"ETH","slug":"ethereum","token_address":"0x9bbc9286cdf6eefebf21df19bac71c6bdd7759d4"},"cmc_rank":2034,"last_updated":"2020-04-24T17:58:18.000Z","quote":{"USD":{"price":0.00792437668989,"volume_24h":25231799.3879882,"percent_change_1h":-7.63856,"percent_change_24h":97.2035,"percent_change_7d":74.135,"market_cap":null,"last_updated":"2020-04-24T17:58:18.000Z"}}},{"id":109,"name":"DigiByte","symbol":"DGB","slug":"digibyte","num_market_pairs":77,"date_added":"2014-02-06T00:00:00.000Z","tags":["mineable"],"max_supply":21000000000,"circulating_supply":13067678410.7299,"total_supply":13067678410.7299,"platform":null,"cmc_rank":38,"last_updated":"2020-04-24T17:58:06.000Z","quote":{"USD":{"price":0.0126626986154,"volume_24h":22442949.6322549,"percent_change_1h":4.73476,"percent_change_24h":29.3597,"percent_change_7d":98.6678,"market_cap":165472073.31804198,"last_updated":"2020-04-24T17:58:06.000Z"}}},{"id":1759,"name":"Status","symbol":"SNT","slug":"status","num_market_pairs":84,"date_added":"2017-06-28T00:00:00.000Z","tags":[],"max_supply":null,"circulating_supply":3470483788,"total_supply":6804870174,"platform":{"id":1027,"name":"Ethereum","symbol":"ETH","slug":"ethereum","token_address":"0x744d70fdbe2ba4cf95131626614a1763df805b9e"},"cmc_rank":68,"last_updated":"2020-04-24T17:58:08.000Z","quote":{"USD":{"price":0.0190743562092,"volume_24h":20935938.7273356,"percent_change_1h":0.394408,"percent_change_24h":4.03304,"percent_change_7d":16.2462,"market_cap":66197243.99056574,"last_updated":"2020-04-24T17:58:08.000Z"}}},{"id":5198,"name":"Creditcoin","symbol":"CTC","slug":"creditcoin","num_market_pairs":3,"date_added":"2020-01-31T00:00:00.000Z","tags":[],"max_supply":null,"circulating_supply":null,"total_supply":600000000,"platform":null,"cmc_rank":2035,"last_updated":"2020-04-24T17:58:18.000Z","quote":{"USD":{"price":0.376430433207,"volume_24h":20824021.1139109,"percent_change_1h":-0.0323801,"percent_change_24h":-2.80516,"percent_change_7d":-9.51467,"market_cap":null,"last_updated":"2020-04-24T17:58:18.000Z"}}},{"id":5444,"name":"Cartesi","symbol":"CTSI","slug":"cartesi","num_market_pairs":4,"date_added":"2020-04-23T00:00:00.000Z","tags":[],"max_supply":null,"circulating_supply":null,"total_supply":1000000000,"platform":null,"cmc_rank":2036,"last_updated":"2020-04-24T17:58:18.000Z","quote":{"USD":{"price":0.0527870444457,"volume_24h":20733218.4605776,"percent_change_1h":-7.7148,"percent_change_24h":-15.075,"percent_change_7d":null,"market_cap":null,"last_updated":"2020-04-24T17:58:18.000Z"}}},{"id":4779,"name":"HUSD","symbol":"HUSD","slug":"husd","num_market_pairs":18,"date_added":"2019-10-15T00:00:00.000Z","tags":[],"max_supply":null,"circulating_supply":null,"total_supply":87094416.0933887,"platform":{"id":1027,"name":"Ethereum","symbol":"ETH","slug":"ethereum","token_address":"0xdf574c24545e5ffecb9a659c229253d4111d87e1"},"cmc_rank":2037,"last_updated":"2020-04-24T17:58:17.000Z","quote":{"USD":{"price":1.00538610245,"volume_24h":20518571.5463641,"percent_change_1h":-0.0282674,"percent_change_24h":1.30297,"percent_change_7d":0.222657,"market_cap":null,"last_updated":"2020-04-24T17:58:17.000Z"}}},{"id":2062,"name":"Aion","symbol":"AION","slug":"aion","num_market_pairs":20,"date_added":"2017-10-18T00:00:00.000Z","tags":["mineable"],"max_supply":null,"circulating_supply":410411905,"total_supply":410411905,"platform":null,"cmc_rank":101,"last_updated":"2020-04-24T17:58:08.000Z","quote":{"USD":{"price":0.0876304689036,"volume_24h":19869975.8139991,"percent_change_1h":-1.33293,"percent_change_24h":31.3436,"percent_change_7d":37.0095,"market_cap":35964587.67876974,"last_updated":"2020-04-24T17:58:08.000Z"}}},{"id":2341,"name":"SwftCoin","symbol":"SWFTC","slug":"swftcoin","num_market_pairs":13,"date_added":"2018-01-04T00:00:00.000Z","tags":[],"max_supply":null,"circulating_supply":4004999999,"total_supply":10000000000,"platform":{"id":1027,"name":"Ethereum","symbol":"ETH","slug":"ethereum","token_address":"0x0bb217e40f8a5cb79adf04e1aab60e5abd0dfc1e"},"cmc_rank":392,"last_updated":"2020-04-24T17:58:09.000Z","quote":{"USD":{"price":0.0014718594803,"volume_24h":19193665.3130769,"percent_change_1h":1.19903,"percent_change_24h":10.4932,"percent_change_7d":16.5337,"market_cap":5894797.21712964,"last_updated":"2020-04-24T17:58:09.000Z"}}},{"id":2299,"name":"aelf","symbol":"ELF","slug":"aelf","num_market_pairs":79,"date_added":"2017-12-21T00:00:00.000Z","tags":[],"max_supply":1000000000,"circulating_supply":544480199.986466,"total_supply":879999999.986466,"platform":{"id":1027,"name":"Ethereum","symbol":"ETH","slug":"ethereum","token_address":"0xbf2179859fc6d5bee9bf9158632dc51678a4100e"},"cmc_rank":104,"last_updated":"2020-04-24T17:58:10.000Z","quote":{"USD":{"price":0.0640153955766,"volume_24h":18741480.387569,"percent_change_1h":-0.25782,"percent_change_24h":2.59963,"percent_change_7d":1.01728,"market_cap":34855115.385759905,"last_updated":"2020-04-24T17:58:10.000Z"}}},{"id":5217,"name":"3X Long Ethereum Token","symbol":"ETHBULL","slug":"3x-long-ethereum-token","num_market_pairs":7,"date_added":"2020-02-11T00:00:00.000Z","tags":[],"max_supply":null,"circulating_supply":null,"total_supply":2688.70054275,"platform":{"id":1027,"name":"Ethereum","symbol":"ETH","slug":"ethereum","token_address":"0x871baed4088b863fd6407159f3672d70cd34837d"},"cmc_rank":2038,"last_updated":"2020-04-24T17:58:19.000Z","quote":{"USD":{"price":185.780902415,"volume_24h":18544856.1345006,"percent_change_1h":0.0420565,"percent_change_24h":-0.648584,"percent_change_7d":27.4688,"market_cap":null,"last_updated":"2020-04-24T17:58:19.000Z"}}},{"id":873,"name":"NEM","symbol":"XEM","slug":"nem","num_market_pairs":92,"date_added":"2015-04-01T00:00:00.000Z","tags":[],"max_supply":null,"circulating_supply":8999999999,"total_supply":8999999999,"platform":null,"cmc_rank":27,"last_updated":"2020-04-24T17:58:06.000Z","quote":{"USD":{"price":0.0395528327781,"volume_24h":18542205.664075,"percent_change_1h":0.729752,"percent_change_24h":5.78141,"percent_change_7d":5.01717,"market_cap":355975494.96334714,"last_updated":"2020-04-24T17:58:06.000Z"}}},{"id":4899,"name":"Yap Stone","symbol":"YAP","slug":"yap-stone","num_market_pairs":14,"date_added":"2019-11-09T00:00:00.000Z","tags":[],"max_supply":null,"circulating_supply":150000000,"total_supply":1000000000,"platform":{"id":1027,"name":"Ethereum","symbol":"ETH","slug":"ethereum","token_address":""},"cmc_rank":108,"last_updated":"2020-04-24T17:58:17.000Z","quote":{"USD":{"price":0.214115255972,"volume_24h":18170580.7490342,"percent_change_1h":0.140191,"percent_change_24h":2.24085,"percent_change_7d":3.70666,"market_cap":32117288.395800002,"last_updated":"2020-04-24T17:58:17.000Z"}}},{"id":2830,"name":"Seele","symbol":"SEELE","slug":"seele","num_market_pairs":18,"date_added":"2018-05-31T00:00:00.000Z","tags":[],"max_supply":null,"circulating_supply":699592066.289478,"total_supply":1000000000,"platform":{"id":1027,"name":"Ethereum","symbol":"ETH","slug":"ethereum","token_address":"0xb1eef147028e9f480dbc5ccaa3277d417d1b85f0"},"cmc_rank":74,"last_updated":"2020-04-24T17:58:12.000Z","quote":{"USD":{"price":0.0804193024535,"volume_24h":18036289.0163505,"percent_change_1h":2.55539,"percent_change_24h":6.43586,"percent_change_7d":5.52096,"market_cap":56260705.973002546,"last_updated":"2020-04-24T17:58:12.000Z"}}},{"id":5221,"name":"Handshake ","symbol":"HNS","slug":"handshake","num_market_pairs":10,"date_added":"2020-02-22T00:00:00.000Z","tags":[],"max_supply":null,"circulating_supply":268078892.322,"total_supply":2040000000,"platform":null,"cmc_rank":245,"last_updated":"2020-04-24T17:58:18.000Z","quote":{"USD":{"price":0.122652118714,"volume_24h":17355155.1123799,"percent_change_1h":0.0662865,"percent_change_24h":-1.66298,"percent_change_7d":0.532858,"market_cap":32880444.125795566,"last_updated":"2020-04-24T17:58:18.000Z"}}},{"id":5429,"name":"DEAPcoin","symbol":"DEP","slug":"deapcoin","num_market_pairs":2,"date_added":"2020-04-10T00:00:00.000Z","tags":[],"max_supply":30000000000,"circulating_supply":null,"total_supply":30000000000,"platform":{"id":1027,"name":"Ethereum","symbol":"ETH","slug":"ethereum","token_address":"0x1a3496c18d558bd9c6c8f609e1b129f67ab08163"},"cmc_rank":2039,"last_updated":"2020-04-24T17:58:18.000Z","quote":{"USD":{"price":0.00524877902151,"volume_24h":16803786.7780248,"percent_change_1h":0.417128,"percent_change_24h":2.58694,"percent_change_7d":-5.4035,"market_cap":null,"last_updated":"2020-04-24T17:58:18.000Z"}}},{"id":5414,"name":"3x Long EOS Token","symbol":"EOSBULL","slug":"3x-long-eos-token","num_market_pairs":5,"date_added":"2020-04-06T00:00:00.000Z","tags":[],"max_supply":null,"circulating_supply":null,"total_supply":1057300.976,"platform":{"id":1027,"name":"Ethereum","symbol":"ETH","slug":"ethereum","token_address":"0xeaD7F3ae4e0Bb0D8785852Cc37CC9d0B5e75c06a"},"cmc_rank":2040,"last_updated":"2020-04-24T17:58:19.000Z","quote":{"USD":{"price":5.9876129514,"volume_24h":15532954.7847844,"percent_change_1h":0.387361,"percent_change_24h":2.41234,"percent_change_7d":8.09317,"market_cap":null,"last_updated":"2020-04-24T17:58:19.000Z"}}},{"id":2588,"name":"Loom Network","symbol":"LOOM","slug":"loom-network","num_market_pairs":65,"date_added":"2018-03-14T00:00:00.000Z","tags":[],"max_supply":null,"circulating_supply":970041175.954257,"total_supply":1000000000,"platform":{"id":1027,"name":"Ethereum","symbol":"ETH","slug":"ethereum","token_address":"0xa4e8c3ec456107ea67d3075bf9e3df3a75823db0"},"cmc_rank":173,"last_updated":"2020-04-24T17:58:13.000Z","quote":{"USD":{"price":0.0148417479728,"volume_24h":15523589.0004593,"percent_change_1h":-0.571924,"percent_change_24h":2.55844,"percent_change_7d":2.16125,"market_cap":14397106.656751622,"last_updated":"2020-04-24T17:58:13.000Z"}}},{"id":1925,"name":"Waltonchain","symbol":"WTC","slug":"waltonchain","num_market_pairs":41,"date_added":"2017-08-27T00:00:00.000Z","tags":[],"max_supply":100000000,"circulating_supply":69650283.0106683,"total_supply":70000000,"platform":{"id":1027,"name":"Ethereum","symbol":"ETH","slug":"ethereum","token_address":"0xb7cb1c96db6b22b0d3d9536e0108d062bd488f74"},"cmc_rank":141,"last_updated":"2020-04-24T17:58:07.000Z","quote":{"USD":{"price":0.2990463629,"volume_24h":15345752.0184402,"percent_change_1h":0.248095,"percent_change_24h":3.53283,"percent_change_7d":-4.35918,"market_cap":20828663.809296012,"last_updated":"2020-04-24T17:58:07.000Z"}}},{"id":1866,"name":"Bytom","symbol":"BTM","slug":"bytom","num_market_pairs":54,"date_added":"2017-08-08T00:00:00.000Z","tags":["mineable"],"max_supply":null,"circulating_supply":1002499275,"total_supply":1407000000,"platform":null,"cmc_rank":72,"last_updated":"2020-04-24T17:58:07.000Z","quote":{"USD":{"price":0.0594136598537,"volume_24h":15180458.824264,"percent_change_1h":0.296786,"percent_change_24h":2.9642,"percent_change_7d":2.84749,"market_cap":59562150.928430855,"last_updated":"2020-04-24T17:58:07.000Z"}}},{"id":4942,"name":"Digital Gold","symbol":"GOLD","slug":"digital-gold","num_market_pairs":3,"date_added":"2019-11-18T00:00:00.000Z","tags":[],"max_supply":null,"circulating_supply":11545.843,"total_supply":17190.718,"platform":{"id":1027,"name":"Ethereum","symbol":"ETH","slug":"ethereum","token_address":"0x0d16450d347c12c086d6c94c76c5aaac35ea07e0"},"cmc_rank":992,"last_updated":"2020-04-24T17:58:17.000Z","quote":{"USD":{"price":54.1403907245,"volume_24h":14843161.0526301,"percent_change_1h":-0.561374,"percent_change_24h":0.97353,"percent_change_7d":-1.56633,"market_cap":625096.4512637333,"last_updated":"2020-04-24T17:58:17.000Z"}}},{"id":1720,"name":"IOTA","symbol":"MIOTA","slug":"iota","num_market_pairs":53,"date_added":"2017-06-13T00:00:00.000Z","tags":[],"max_supply":2779530283,"circulating_supply":2779530283,"total_supply":2779530283,"platform":null,"cmc_rank":25,"last_updated":"2020-04-24T17:58:07.000Z","quote":{"USD":{"price":0.166269566052,"volume_24h":14774666.0770734,"percent_change_1h":0.393446,"percent_change_24h":4.26606,"percent_change_7d":5.39429,"market_cap":462151293.98280275,"last_updated":"2020-04-24T17:58:07.000Z"}}},{"id":1966,"name":"Decentraland","symbol":"MANA","slug":"decentraland","num_market_pairs":75,"date_added":"2017-09-17T00:00:00.000Z","tags":[],"max_supply":null,"circulating_supply":1370185955.67155,"total_supply":2197930565.03415,"platform":{"id":1027,"name":"Ethereum","symbol":"ETH","slug":"ethereum","token_address":"0x0f5d2fb29fb7d3cfee444a200298f468908cc942"},"cmc_rank":95,"last_updated":"2020-04-24T17:58:08.000Z","quote":{"USD":{"price":0.0292187754159,"volume_24h":14749692.5315238,"percent_change_1h":0.00831608,"percent_change_24h":3.26236,"percent_change_7d":3.546,"market_cap":40035155.71678733,"last_updated":"2020-04-24T17:58:08.000Z"}}},{"id":5295,"name":"3X Long BNB Token","symbol":"BNBBULL","slug":"3x-long-bnb-token","num_market_pairs":5,"date_added":"2020-03-11T00:00:00.000Z","tags":[],"max_supply":null,"circulating_supply":null,"total_supply":4975.41633724,"platform":{"id":1027,"name":"Ethereum","symbol":"ETH","slug":"ethereum","token_address":"0x9d1a62c2ad99019768b9126fda004a9952853f6e"},"cmc_rank":2041,"last_updated":"2020-04-24T17:58:18.000Z","quote":{"USD":{"price":110.409251057,"volume_24h":14311583.8538388,"percent_change_1h":0.272143,"percent_change_24h":-1.8924,"percent_change_7d":7.66258,"market_cap":null,"last_updated":"2020-04-24T17:58:18.000Z"}}},{"id":4943,"name":"Multi-collateral DAI","symbol":"DAI","slug":"multi-collateral-dai","num_market_pairs":75,"date_added":"2019-11-22T00:00:00.000Z","tags":[],"max_supply":null,"circulating_supply":94937592.8366608,"total_supply":95338483.0488059,"platform":{"id":1027,"name":"Ethereum","symbol":"ETH","slug":"ethereum","token_address":"0x6b175474e89094c44da98b954eedeac495271d0f"},"cmc_rank":54,"last_updated":"2020-04-24T17:58:19.000Z","quote":{"USD":{"price":1.01544441447,"volume_24h":14158660.3709676,"percent_change_1h":0.0512503,"percent_change_24h":1.37156,"percent_change_7d":0.0818651,"market_cap":96403848.36921428,"last_updated":"2020-04-24T17:58:19.000Z"}}},{"id":4846,"name":"Kava","symbol":"KAVA","slug":"kava","num_market_pairs":15,"date_added":"2019-10-25T00:00:00.000Z","tags":[],"max_supply":null,"circulating_supply":35834969.721819,"total_supply":108624288.721819,"platform":{"id":1839,"name":"Binance Coin","symbol":"BNB","slug":"binance-coin","token_address":""},"cmc_rank":148,"last_updated":"2020-04-24T17:58:17.000Z","quote":{"USD":{"price":0.539409104259,"volume_24h":13881871.6530815,"percent_change_1h":0.471626,"percent_change_24h":0.777267,"percent_change_7d":3.07551,"market_cap":19329708.918794774,"last_updated":"2020-04-24T17:58:17.000Z"}}},{"id":4273,"name":"Sessia","symbol":"KICKS","slug":"sessia","num_market_pairs":2,"date_added":"2019-08-21T00:00:00.000Z","tags":[],"max_supply":null,"circulating_supply":6145759.45571843,"total_supply":100000000,"platform":{"id":1027,"name":"Ethereum","symbol":"ETH","slug":"ethereum","token_address":"0xd91a6162f146ef85922d9a15ee6eb14a00344586"},"cmc_rank":984,"last_updated":"2020-04-24T17:58:17.000Z","quote":{"USD":{"price":0.105518011907,"volume_24h":13634906.8159756,"percent_change_1h":-0.381282,"percent_change_24h":-1.33763,"percent_change_7d":1.05489,"market_cap":648488.3194260551,"last_updated":"2020-04-24T17:58:17.000Z"}}},{"id":1903,"name":"HyperCash","symbol":"HC","slug":"hypercash","num_market_pairs":32,"date_added":"2017-08-20T00:00:00.000Z","tags":["mineable"],"max_supply":84000000,"circulating_supply":44587851.393052,"total_supply":44587851.393052,"platform":null,"cmc_rank":85,"last_updated":"2020-04-24T17:58:08.000Z","quote":{"USD":{"price":1.05301170435,"volume_24h":13415533.2445814,"percent_change_1h":0.689246,"percent_change_24h":2.8612,"percent_change_7d":1.52224,"market_cap":46951529.38870221,"last_updated":"2020-04-24T17:58:08.000Z"}}},{"id":2456,"name":"OFCOIN","symbol":"OF","slug":"ofcoin","num_market_pairs":1,"date_added":"2018-01-24T00:00:00.000Z","tags":[],"max_supply":null,"circulating_supply":null,"total_supply":51200000000,"platform":null,"cmc_rank":2042,"last_updated":"2020-04-24T17:58:10.000Z","quote":{"USD":{"price":0.0000503153570192,"volume_24h":13334447.1099052,"percent_change_1h":-0.0106214,"percent_change_24h":36.7957,"percent_change_7d":11.3242,"market_cap":null,"last_updated":"2020-04-24T17:58:10.000Z"}}},{"id":2130,"name":"Enjin Coin","symbol":"ENJ","slug":"enjin-coin","num_market_pairs":61,"date_added":"2017-11-01T00:00:00.000Z","tags":[],"max_supply":null,"circulating_supply":814772129.064264,"total_supply":1000000000,"platform":{"id":1027,"name":"Ethereum","symbol":"ETH","slug":"ethereum","token_address":"0xf629cbd94d3791c9250152bd8dfbdf380e2a3b9c"},"cmc_rank":51,"last_updated":"2020-04-24T17:58:08.000Z","quote":{"USD":{"price":0.127722690336,"volume_24h":13312353.3390657,"percent_change_1h":-0.674666,"percent_change_24h":6.0754,"percent_change_7d":33.969,"market_cap":104064888.33487843,"last_updated":"2020-04-24T17:58:08.000Z"}}},{"id":4078,"name":"Super Zero","symbol":"SERO","slug":"super-zero","num_market_pairs":15,"date_added":"2019-07-19T00:00:00.000Z","tags":[],"max_supply":647367590,"circulating_supply":257445193,"total_supply":645176170,"platform":null,"cmc_rank":146,"last_updated":"2020-04-24T17:58:16.000Z","quote":{"USD":{"price":0.0763505596588,"volume_24h":13306348.4685649,"percent_change_1h":0.0178309,"percent_change_24h":0.860449,"percent_change_7d":4.25316,"market_cap":19656084.56701778,"last_updated":"2020-04-24T17:58:16.000Z"}}},{"id":5117,"name":"Origin Protocol","symbol":"OGN","slug":"origin-protocol","num_market_pairs":15,"date_added":"2020-01-09T00:00:00.000Z","tags":[],"max_supply":null,"circulating_supply":33523273.02,"total_supply":1000000000,"platform":{"id":1027,"name":"Ethereum","symbol":"ETH","slug":"ethereum","token_address":"0x8207c1ffc5b6804f6024322ccf34f29c3541ae26"},"cmc_rank":342,"last_updated":"2020-04-24T17:58:17.000Z","quote":{"USD":{"price":0.226080009011,"volume_24h":12761662.9709231,"percent_change_1h":0.123792,"percent_change_24h":0.0591614,"percent_change_7d":1.11822,"market_cap":7578941.866439813,"last_updated":"2020-04-24T17:58:17.000Z"}}},{"id":3945,"name":"Harmony","symbol":"ONE","slug":"harmony","num_market_pairs":20,"date_added":"2019-06-01T00:00:00.000Z","tags":[],"max_supply":null,"circulating_supply":4596807869,"total_supply":12600000000,"platform":null,"cmc_rank":190,"last_updated":"2020-04-24T17:58:15.000Z","quote":{"USD":{"price":0.00265620355695,"volume_24h":12565354.6067553,"percent_change_1h":0.800709,"percent_change_24h":-0.412018,"percent_change_7d":18.8287,"market_cap":12210057.41225355,"last_updated":"2020-04-24T17:58:15.000Z"}}},{"id":2570,"name":"TomoChain","symbol":"TOMO","slug":"tomochain","num_market_pairs":23,"date_added":"2018-03-08T00:00:00.000Z","tags":["mineable"],"max_supply":null,"circulating_supply":70454750,"total_supply":100000000,"platform":null,"cmc_rank":128,"last_updated":"2020-04-24T17:58:11.000Z","quote":{"USD":{"price":0.341935335138,"volume_24h":12418578.7688247,"percent_change_1h":-1.06458,"percent_change_24h":4.42894,"percent_change_7d":0.91903,"market_cap":24090968.553314008,"last_updated":"2020-04-24T17:58:11.000Z"}}},{"id":5477,"name":"ECOChain","symbol":"ECOC","slug":"ecochain","num_market_pairs":1,"date_added":"2020-04-20T00:00:00.000Z","tags":[],"max_supply":2000000000,"circulating_supply":null,"total_supply":223217150,"platform":null,"cmc_rank":2043,"last_updated":"2020-04-24T17:58:18.000Z","quote":{"USD":{"price":1.33103239151,"volume_24h":12370281.1838726,"percent_change_1h":-0.0155412,"percent_change_24h":0.932577,"percent_change_7d":null,"market_cap":null,"last_updated":"2020-04-24T17:58:18.000Z"}}},{"id":1414,"name":"Zcoin","symbol":"XZC","slug":"zcoin","num_market_pairs":56,"date_added":"2016-10-06T00:00:00.000Z","tags":["mineable"],"max_supply":21400000,"circulating_supply":9969718.32977796,"total_supply":21400000,"platform":null,"cmc_rank":94,"last_updated":"2020-04-24T17:58:07.000Z","quote":{"USD":{"price":4.06678125512,"volume_24h":12336731.7822268,"percent_change_1h":0.805068,"percent_change_24h":-0.205585,"percent_change_7d":16.2047,"market_cap":40544663.622367285,"last_updated":"2020-04-24T17:58:07.000Z"}}},{"id":3053,"name":"YOU COIN","symbol":"YOU","slug":"you-coin","num_market_pairs":6,"date_added":"2018-08-01T00:00:00.000Z","tags":[],"max_supply":null,"circulating_supply":556120198.410192,"total_supply":2856000000,"platform":{"id":1027,"name":"Ethereum","symbol":"ETH","slug":"ethereum","token_address":"0x34364BEe11607b1963d66BCA665FDE93fCA666a8"},"cmc_rank":165,"last_updated":"2020-04-24T17:58:13.000Z","quote":{"USD":{"price":0.0265006540742,"volume_24h":11315419.2376052,"percent_change_1h":0.15112,"percent_change_24h":-5.72931,"percent_change_7d":-0.671116,"market_cap":14737549.001743967,"last_updated":"2020-04-24T17:58:13.000Z"}}},{"id":1785,"name":"Gas","symbol":"GAS","slug":"gas","num_market_pairs":52,"date_added":"2017-07-06T00:00:00.000Z","tags":[],"max_supply":100000000,"circulating_supply":10128375.105773,"total_supply":17190378,"platform":{"id":1376,"name":"Neo","symbol":"NEO","slug":"neo","token_address":"602c79718b16e442de58778e148d0b1084e3b2dffd5de6b7b16cee7969282de7"},"cmc_rank":195,"last_updated":"2020-04-24T17:58:08.000Z","quote":{"USD":{"price":1.1758054625,"volume_24h":11272069.5563411,"percent_change_1h":0.308704,"percent_change_24h":2.32102,"percent_change_7d":5.44718,"market_cap":11908998.77561691,"last_updated":"2020-04-24T17:58:08.000Z"}}},{"id":3957,"name":"UNUS SED LEO","symbol":"LEO","slug":"unus-sed-leo","num_market_pairs":25,"date_added":"2019-05-21T00:00:00.000Z","tags":[],"max_supply":null,"circulating_supply":999498892.9,"total_supply":999498892.9,"platform":{"id":1027,"name":"Ethereum","symbol":"ETH","slug":"ethereum","token_address":"0x2af5d2ad76741191d15dfe7bf6ac92d4bd912ca3"},"cmc_rank":15,"last_updated":"2020-04-24T17:58:16.000Z","quote":{"USD":{"price":1.05037412849,"volume_24h":11250207.7608149,"percent_change_1h":-0.328437,"percent_change_24h":1.26191,"percent_change_7d":1.51015,"market_cap":1049847778.5565572,"last_updated":"2020-04-24T17:58:16.000Z"}}}]}