{"status":{"timestamp":"2020-04-25T09:00:01.884Z","error_code":0,"error_message":null,"elapsed":374,"credit_count":1,"notice":null},"data":[{"id":825,"name":"Tether","symbol":"USDT","slug":"tether","num_market_pairs":4685,"date_added":"2015-02-25T00:00:00.000Z","tags":[],"max_supply":null,"circulating_supply":6361032509,"total_supply":6998318752.17,"platform":{"id":1027,"name":"Ethereum","symbol":"ETH","slug":"ethereum","token_address":"31"},"cmc_rank":4,"last_updated":"2020-04-25T08:58:33.000Z","quote":{"USD":{"price":1.00487179011,"volume_24h":46153918960.8132,"percent_change_1h":-0.0414762,"percent_change_24h":0.365585,"percent_change_7d":-0.0617611,"market_cap":6392022124.266734,"last_updated":"2020-04-25T08:58:33.000Z"}}},{"id":1,"name":"Bitcoin","symbol":"BTC","slug":"bitcoin","num_market_pairs":7955,"date_added":"2013-04-28T00:00:00.000Z","tags":["mineable"],"max_supply":21000000,"circulating_supply":18344312,"total_supply":18344312,"platform":null,"cmc_rank":1,"last_updated":"2020-04-25T08:58:52.000Z","quote":{"USD":{"price":7578.1006478,"volume_24h":34915044417.4223,"percent_change_1h":-0.168558,"percent_change_24h":0.263277,"percent_change_7d":5.94194,"market_cap":139015042650.64532,"last_updated":"2020-04-25T08:58:52.000Z"}}},{"id":1027,"name":"Ethereum","symbol":"ETH","slug":"ethereum","num_market_pairs":5179,"date_added":"2015-08-07T00:00:00.000Z","tags":["mineable"],"max_supply":null,"circulating_supply":110662295.249,"total_supply":110662295.249,"platform":null,"cmc_rank":2,"last_updated":"2020-04-25T08:58:30.000Z","quote":{"USD":{"price":194.94171736,"volume_24h":18270299150.2129,"percent_change_1h":-0.429968,"percent_change_24h":3.04764,"percent_change_7d":11.3471,"market_cap":21572697882.839428,"last_updated":"2020-04-25T08:58:30.000Z"}}},{"id":2,"name":"Litecoin","symbol":"LTC","slug":"litecoin","num_market_pairs":600,"date_added":"2013-04-28T00:00:00.000Z","tags":["mineable"],"max_supply":84000000,"circulating_supply":64587280.7265572,"total_supply":64587280.7265572,"platform":null,"cmc_rank":7,"last_updated":"2020-04-25T08:58:11.000Z","quote":{"USD":{"price":44.9760511868,"volume_24h":4816208567.07878,"percent_change_1h":-0.845252,"percent_change_24h":1.33201,"percent_change_7d":4.57662,"market_cap":2904880843.973858,"last_updated":"2020-04-25T08:58:11.000Z"}}},{"id":1831,"name":"Bitcoin Cash","symbol":"BCH","slug":"bitcoin-cash","num_market_pairs":473,"date_added":"2017-07-23T00:00:00.000Z","tags":["mineable"],"max_supply":21000000,"circulating_supply":18389731.25,"total_supply":18389731.25,"platform":null,"cmc_rank":5,"last_updated":"2020-04-25T08:58:12.000Z","quote":{"USD":{"price":241.432411038,"volume_24h":3231371098.07229,"percent_change_1h":-0.476792,"percent_change_24h":0.582513,"percent_change_7d":2.12462,"market_cap":4439877154.028354,"last_updated":"2020-04-25T08:58:12.000Z"}}},{"id":1765,"name":"EOS","symbol":"EOS","slug":"eos","num_market_pairs":378,"date_added":"2017-07-01T00:00:00.000Z","tags":[],"max_supply":null,"circulating_supply":922082942.2488,"total_supply":1018782954.2484,"platform":null,"cmc_rank":9,"last_updated":"2020-04-25T08:58:10.000Z","quote":{"USD":{"price":2.72814865387,"volume_24h":3008212408.76139,"percent_change_1h":-0.460003,"percent_change_24h":0.327369,"percent_change_7d":2.12491,"market_cap":2515579337.6525526,"last_updated":"2020-04-25T08:58:10.000Z"}}},{"id":3602,"name":"Bitcoin SV","symbol":"BSV","slug":"bitcoin-sv","num_market_pairs":183,"date_added":"2018-11-09T00:00:00.000Z","tags":["mineable"],"max_supply":21000000,"circulating_supply":18388189.5819233,"total_supply":18388189.5819233,"platform":null,"cmc_rank":6,"last_updated":"2020-04-25T08:58:16.000Z","quote":{"USD":{"price":195.639360383,"volume_24h":1903747990.34327,"percent_change_1h":-0.365373,"percent_change_24h":-0.129277,"percent_change_7d":0.0460584,"market_cap":3597453648.4088182,"last_updated":"2020-04-25T08:58:16.000Z"}}},{"id":52,"name":"XRP","symbol":"XRP","slug":"xrp","num_market_pairs":545,"date_added":"2013-08-04T00:00:00.000Z","tags":[],"max_supply":100000000000,"circulating_supply":44089620959,"total_supply":99990980257,"platform":null,"cmc_rank":3,"last_updated":"2020-04-25T08:58:11.000Z","quote":{"USD":{"price":0.195416604532,"volume_24h":1778734251.76141,"percent_change_1h":-0.351109,"percent_change_24h":-0.222741,"percent_change_7d":2.03557,"market_cap":8615844022.91068,"last_updated":"2020-04-25T08:58:11.000Z"}}},{"id":1321,"name":"Ethereum Classic","symbol":"ETC","slug":"ethereum-classic","num_market_pairs":246,"date_added":"2016-07-24T00:00:00.000Z","tags":["mineable"],"max_supply":210700000,"circulating_supply":116313299,"total_supply":116313299,"platform":null,"cmc_rank":21,"last_updated":"2020-04-25T08:58:08.000Z","quote":{"USD":{"price":5.69863982587,"volume_24h":1704886555.11667,"percent_change_1h":-0.281218,"percent_change_24h":0.69485,"percent_change_7d":3.46388,"market_cap":662827597.9597253,"last_updated":"2020-04-25T08:58:08.000Z"}}},{"id":1958,"name":"TRON","symbol":"TRX","slug":"tron","num_market_pairs":337,"date_added":"2017-09-13T00:00:00.000Z","tags":["mineable"],"max_supply":null,"circulating_supply":66682072191.4,"total_supply":99281283754.3,"platform":null,"cmc_rank":16,"last_updated":"2020-04-25T08:58:08.000Z","quote":{"USD":{"price":0.0138527346453,"volume_24h":1496463599.57758,"percent_change_1h":-2.45647,"percent_change_24h":-2.26627,"percent_change_7d":5.76545,"market_cap":923729051.6662024,"last_updated":"2020-04-25T08:58:08.000Z"}}},{"id":131,"name":"Dash","symbol":"DASH","slug":"dash","num_market_pairs":297,"date_added":"2014-02-14T00:00:00.000Z","tags":["mineable"],"max_supply":18900000,"circulating_supply":9456908.62336547,"total_supply":9456908.62336547,"platform":null,"cmc_rank":18,"last_updated":"2020-04-25T08:58:08.000Z","quote":{"USD":{"price":82.7385788446,"volume_24h":687965629.039528,"percent_change_1h":-0.0363542,"percent_change_24h":0.474346,"percent_change_7d":4.91803,"market_cap":782451179.7605015,"last_updated":"2020-04-25T08:58:08.000Z"}}},{"id":1437,"name":"Zcash","symbol":"ZEC","slug":"zcash","num_market_pairs":238,"date_added":"2016-10-29T00:00:00.000Z","tags":["mineable"],"max_supply":21000000,"circulating_supply":9015662.5,"total_supply":9015662.5,"platform":null,"cmc_rank":26,"last_updated":"2020-04-25T08:58:07.000Z","quote":{"USD":{"price":44.544371571,"volume_24h":610743866.766758,"percent_change_1h":-0.515418,"percent_change_24h":-1.31802,"percent_change_7d":7.25894,"market_cap":401597020.3587308,"last_updated":"2020-04-25T08:58:07.000Z"}}},{"id":512,"name":"Stellar","symbol":"XLM","slug":"stellar","num_market_pairs":296,"date_added":"2014-08-05T00:00:00.000Z","tags":[],"max_supply":null,"circulating_supply":20295869283.2011,"total_supply":50001803872.8717,"platform":null,"cmc_rank":12,"last_updated":"2020-04-25T08:58:07.000Z","quote":{"USD":{"price":0.0624713949178,"volume_24h":590043884.557088,"percent_change_1h":-0.780173,"percent_change_24h":-1.00894,"percent_change_7d":26.099,"market_cap":1267911265.1909022,"last_updated":"2020-04-25T08:58:07.000Z"}}},{"id":1376,"name":"Neo","symbol":"NEO","slug":"neo","num_market_pairs":238,"date_added":"2016-09-08T00:00:00.000Z","tags":[],"max_supply":100000000,"circulating_supply":70538831,"total_supply":100000000,"platform":null,"cmc_rank":23,"last_updated":"2020-04-25T08:58:08.000Z","quote":{"USD":{"price":8.22514689613,"volume_24h":580846572.632693,"percent_change_1h":-0.627188,"percent_change_24h":0.00888739,"percent_change_7d":7.26112,"market_cap":580192246.8562886,"last_updated":"2020-04-25T08:58:08.000Z"}}},{"id":3330,"name":"Paxos Standard","symbol":"PAX","slug":"paxos-standard","num_market_pairs":99,"date_added":"2018-09-27T00:00:00.000Z","tags":[],"max_supply":null,"circulating_supply":244951954.494264,"total_supply":249952064.83,"platform":{"id":1027,"name":"Ethereum","symbol":"ETH","slug":"ethereum","token_address":"0x8e870d67f660d95d5be530380d0ec0bd388289e1"},"cmc_rank":34,"last_updated":"2020-04-25T08:58:14.000Z","quote":{"USD":{"price":1.0046250811,"volume_24h":501068857.413786,"percent_change_1h":0.0933619,"percent_change_24h":0.526968,"percent_change_7d":0.0975832,"market_cap":246084877.14940348,"last_updated":"2020-04-25T08:58:14.000Z"}}},{"id":2563,"name":"TrueUSD","symbol":"TUSD","slug":"trueusd","num_market_pairs":155,"date_added":"2018-03-06T00:00:00.000Z","tags":[],"max_supply":null,"circulating_supply":131406340.06,"total_supply":131406340.06,"platform":{"id":1027,"name":"Ethereum","symbol":"ETH","slug":"ethereum","token_address":"0x0000000000085d4780B73119b644AE5ecd22b376"},"cmc_rank":44,"last_updated":"2020-04-25T08:58:12.000Z","quote":{"USD":{"price":1.00353955959,"volume_24h":471690063.771494,"percent_change_1h":-0.0535265,"percent_change_24h":0.396291,"percent_change_7d":-0.0145621,"market_cap":131871460.6311462,"last_updated":"2020-04-25T08:58:12.000Z"}}},{"id":3408,"name":"USD Coin","symbol":"USDC","slug":"usd-coin","num_market_pairs":219,"date_added":"2018-10-08T00:00:00.000Z","tags":[],"max_supply":null,"circulating_supply":750155152.808994,"total_supply":754158121.27,"platform":{"id":1027,"name":"Ethereum","symbol":"ETH","slug":"ethereum","token_address":"0xa0b86991c6218b36c1d19d4a2e9eb0ce3606eb48"},"cmc_rank":20,"last_updated":"2020-04-25T08:58:15.000Z","quote":{"USD":{"price":1.00445298696,"volume_24h":435087793.55996,"percent_change_1h":-0.0549956,"percent_change_24h":0.440067,"percent_change_7d":0.0183997,"market_cap":753495583.9224293,"last_updated":"2020-04-25T08:58:15.000Z"}}},{"id":1684,"name":"Qtum","symbol":"QTUM","slug":"qtum","num_market_pairs":172,"date_added":"2017-05-24T00:00:00.000Z","tags":[],"max_supply":107822406,"circulating_supply":96607300.359,"total_supply":102357300,"platform":null,"cmc_rank":42,"last_updated":"2020-04-25T08:58:07.000Z","quote":{"USD":{"price":1.46690418527,"volume_24h":359557629.097456,"percent_change_1h":0.362131,"percent_change_24h":2.45589,"percent_change_7d":3.77881,"market_cap":141713653.22425306,"last_updated":"2020-04-25T08:58:07.000Z"}}},{"id":1839,"name":"Binance Coin","symbol":"BNB","slug":"binance-coin","num_market_pairs":305,"date_added":"2017-07-25T00:00:00.000Z","tags":[],"max_supply":187536713,"circulating_supply":155536713,"total_supply":187536713,"platform":null,"cmc_rank":8,"last_updated":"2020-04-25T08:58:10.000Z","quote":{"USD":{"price":16.2248183778,"volume_24h":353672514.905764,"percent_change_1h":0.0538152,"percent_change_24h":-0.161471,"percent_change_7d":1.01906,"market_cap":2523554919.505004,"last_updated":"2020-04-25T08:58:10.000Z"}}},{"id":2011,"name":"Tezos","symbol":"XTZ","slug":"tezos","num_market_pairs":90,"date_added":"2017-10-06T00:00:00.000Z","tags":[],"max_supply":null,"circulating_supply":708255589.198693,"total_supply":708255589.198693,"platform":null,"cmc_rank":10,"last_updated":"2020-04-25T08:58:07.000Z","quote":{"USD":{"price":2.73167167869,"volume_24h":332746007.490399,"percent_change_1h":-0.208954,"percent_change_24h":1.27302,"percent_change_7d":26.9451,"market_cap":1934721734.2879689,"last_updated":"2020-04-25T08:58:07.000Z"}}},{"id":1975,"name":"Chainlink","symbol":"LINK","slug":"chainlink","num_market_pairs":170,"date_added":"2017-09-20T00:00:00.000Z","tags":[],"max_supply":null,"circulating_supply":350000000,"total_supply":1000000000,"platform":{"id":1027,"name":"Ethereum","symbol":"ETH","slug":"ethereum","token_address":"0x514910771af9ca656af840dff83e8264ecf986ca"},"cmc_rank":11,"last_updated":"2020-04-25T08:58:09.000Z","quote":{"USD":{"price":3.82107028875,"volume_24h":329545073.035805,"percent_change_1h":-0.506214,"percent_change_24h":-0.873843,"percent_change_7d":6.88132,"market_cap":1337374601.0625,"last_updated":"2020-04-25T08:58:09.000Z"}}},{"id":2319,"name":"QCash","symbol":"QC","slug":"qcash","num_market_pairs":91,"date_added":"2019-12-12T00:00:00.000Z","tags":[],"max_supply":10000000000,"circulating_supply":460000200,"total_supply":10000000000,"platform":{"id":1684,"name":"Qtum","symbol":"QTUM","slug":"qtum","token_address":"f2033ede578e17fa6231047265010445bca8cf1c"},"cmc_rank":221,"last_updated":"2020-04-25T08:58:09.000Z","quote":{"USD":{"price":0.140644318344,"volume_24h":277988125.443341,"percent_change_1h":-0.00542536,"percent_change_24h":0.412459,"percent_change_7d":0.367961,"market_cap":64696414.56710368,"last_updated":"2020-04-25T08:58:09.000Z"}}},{"id":3794,"name":"Cosmos","symbol":"ATOM","slug":"cosmos","num_market_pairs":121,"date_added":"2019-03-14T00:00:00.000Z","tags":[],"max_supply":null,"circulating_supply":190688439.2,"total_supply":237928230.821588,"platform":null,"cmc_rank":24,"last_updated":"2020-04-25T08:58:15.000Z","quote":{"USD":{"price":2.87067232607,"volume_24h":273066331.020315,"percent_change_1h":2.46296,"percent_change_24h":11.9486,"percent_change_7d":18.438,"market_cap":547404025.3129216,"last_updated":"2020-04-25T08:58:15.000Z"}}},{"id":2502,"name":"Huobi Token","symbol":"HT","slug":"huobi-token","num_market_pairs":136,"date_added":"2018-02-03T00:00:00.000Z","tags":[],"max_supply":null,"circulating_supply":222668092.971921,"total_supply":500000000,"platform":{"id":1027,"name":"Ethereum","symbol":"ETH","slug":"ethereum","token_address":"0x6f259637dcd74c767781e37bc6133cd6a68aa161"},"cmc_rank":17,"last_updated":"2020-04-25T08:58:10.000Z","quote":{"USD":{"price":4.0073823813,"volume_24h":236871682.395034,"percent_change_1h":-0.299032,"percent_change_24h":0.586847,"percent_change_7d":4.01766,"market_cap":892316192.6533467,"last_updated":"2020-04-25T08:58:10.000Z"}}},{"id":74,"name":"Dogecoin","symbol":"DOGE","slug":"dogecoin","num_market_pairs":239,"date_added":"2013-12-15T00:00:00.000Z","tags":["mineable"],"max_supply":null,"circulating_supply":124288752342.721,"total_supply":124288752342.721,"platform":null,"cmc_rank":33,"last_updated":"2020-04-25T08:58:06.000Z","quote":{"USD":{"price":0.00210495473885,"volume_24h":219894287.077107,"percent_change_1h":-0.123667,"percent_change_24h":0.903305,"percent_change_7d":4.23288,"market_cap":261622198.22956458,"last_updated":"2020-04-25T08:58:06.000Z"}}},{"id":3077,"name":"VeChain","symbol":"VET","slug":"vechain","num_market_pairs":98,"date_added":"2017-08-22T00:00:00.000Z","tags":[],"max_supply":null,"circulating_supply":55454734800,"total_supply":86712634466,"platform":null,"cmc_rank":35,"last_updated":"2020-04-25T08:58:13.000Z","quote":{"USD":{"price":0.00415205661872,"volume_24h":157084481.850145,"percent_change_1h":-0.609702,"percent_change_24h":2.29098,"percent_change_7d":7.13202,"market_cap":230251198.6657023,"last_updated":"2020-04-25T08:58:13.000Z"}}},{"id":2010,"name":"Cardano","symbol":"ADA","slug":"cardano","num_market_pairs":131,"date_added":"2017-10-01T00:00:00.000Z","tags":["mineable"],"max_supply":45000000000,"circulating_supply":25927070538,"total_supply":31112483745,"platform":null,"cmc_rank":13,"last_updated":"2020-04-25T08:58:09.000Z","quote":{"USD":{"price":0.0429834794258,"volume_24h":152626086.906386,"percent_change_1h":-0.674619,"percent_change_24h":-1.0858,"percent_change_7d":21.8923,"market_cap":1114435703.0413883,"last_updated":"2020-04-25T08:58:09.000Z"}}},{"id":3897,"name":"OKB","symbol":"OKB","slug":"okb","num_market_pairs":50,"date_added":"2019-04-30T00:00:00.000Z","tags":[],"max_supply":null,"circulating_supply":60000000,"total_supply":300000000,"platform":{"id":1027,"name":"Ethereum","symbol":"ETH","slug":"ethereum","token_address":"0x75231f58b43240c9718dd58b4967c5114342a86c"},"cmc_rank":30,"last_updated":"2020-04-25T08:58:16.000Z","quote":{"USD":{"price":4.90970778347,"volume_24h":134486839.75859,"percent_change_1h":-0.754242,"percent_change_24h":-0.870837,"percent_change_7d":3.25745,"market_cap":294582467.0082,"last_updated":"2020-04-25T08:58:16.000Z"}}},{"id":2566,"name":"Ontology","symbol":"ONT","slug":"ontology","num_market_pairs":119,"date_added":"2018-03-08T00:00:00.000Z","tags":[],"max_supply":null,"circulating_supply":656746573,"total_supply":1000000000,"platform":null,"cmc_rank":29,"last_updated":"2020-04-25T08:58:10.000Z","quote":{"USD":{"price":0.467553678518,"volume_24h":128156118.100129,"percent_change_1h":-0.601022,"percent_change_24h":4.76574,"percent_change_7d":11.8409,"market_cap":307064276.0602402,"last_updated":"2020-04-25T08:58:10.000Z"}}},{"id":328,"name":"Monero","symbol":"XMR","slug":"monero","num_market_pairs":146,"date_added":"2014-05-21T00:00:00.000Z","tags":["mineable"],"max_supply":null,"circulating_supply":17536145.0402105,"total_supply":17536145.0402105,"platform":null,"cmc_rank":14,"last_updated":"2020-04-25T08:58:06.000Z","quote":{"USD":{"price":61.3607731476,"volume_24h":112894235.043771,"percent_change_1h":-0.607015,"percent_change_24h":0.452553,"percent_change_7d":7.32608,"market_cap":1076031417.6957674,"last_updated":"2020-04-25T08:58:06.000Z"}}},{"id":1168,"name":"Decred","symbol":"DCR","slug":"decred","num_market_pairs":49,"date_added":"2016-02-10T00:00:00.000Z","tags":["mineable"],"max_supply":21000000,"circulating_supply":11404287.8339427,"total_supply":11404287.8339427,"platform":null,"cmc_rank":41,"last_updated":"2020-04-25T08:58:06.000Z","quote":{"USD":{"price":12.6408035746,"volume_24h":91162128.0723376,"percent_change_1h":-0.336943,"percent_change_24h":0.609391,"percent_change_7d":1.38337,"market_cap":144159362.41707018,"last_updated":"2020-04-25T08:58:06.000Z"}}},{"id":1697,"name":"Basic Attention Token","symbol":"BAT","slug":"basic-attention-token","num_market_pairs":183,"date_added":"2017-06-01T00:00:00.000Z","tags":[],"max_supply":null,"circulating_supply":1457527137.0863,"total_supply":1500000000,"platform":{"id":1027,"name":"Ethereum","symbol":"ETH","slug":"ethereum","token_address":"0x0d8775f648430679a709e98d2b0cb6250d2887ef"},"cmc_rank":32,"last_updated":"2020-04-25T08:58:08.000Z","quote":{"USD":{"price":0.183365399507,"volume_24h":85451692.042058,"percent_change_1h":0.48624,"percent_change_24h":5.95406,"percent_change_7d":8.77238,"market_cap":267260045.78412336,"last_updated":"2020-04-25T08:58:08.000Z"}}},{"id":1808,"name":"OmiseGO","symbol":"OMG","slug":"omisego","num_market_pairs":209,"date_added":"2017-07-14T00:00:00.000Z","tags":[],"max_supply":null,"circulating_supply":140245398.245133,"total_supply":140245398.245133,"platform":{"id":1027,"name":"Ethereum","symbol":"ETH","slug":"ethereum","token_address":"0xd26114cd6EE289AccF82350c8d8487fedB8A0C07"},"cmc_rank":56,"last_updated":"2020-04-25T08:58:07.000Z","quote":{"USD":{"price":0.635864111428,"volume_24h":82055171.0196185,"percent_change_1h":0.9706,"percent_change_24h":2.94668,"percent_change_7d":9.66934,"market_cap":89177015.5370075,"last_updated":"2020-04-25T08:58:07.000Z"}}},{"id":3702,"name":"Beam","symbol":"BEAM","slug":"beam","num_market_pairs":32,"date_added":"2019-01-17T00:00:00.000Z","tags":["mineable"],"max_supply":262800000,"circulating_supply":60267200,"total_supply":60267200,"platform":null,"cmc_rank":156,"last_updated":"2020-04-25T08:58:15.000Z","quote":{"USD":{"price":0.290203739909,"volume_24h":72394499.7677245,"percent_change_1h":-0.625661,"percent_change_24h":4.30548,"percent_change_7d":5.14972,"market_cap":17489766.833843686,"last_updated":"2020-04-25T08:58:15.000Z"}}},{"id":5031,"name":"MimbleWimbleCoin","symbol":"MWC","slug":"mimblewimblecoin","num_market_pairs":7,"date_added":"2020-02-24T00:00:00.000Z","tags":[],"max_supply":20000000,"circulating_supply":8011214.2569404,"total_supply":10520857.2569404,"platform":null,"cmc_rank":208,"last_updated":"2020-04-25T08:58:18.000Z","quote":{"USD":{"price":16.6031716188,"volume_24h":71352259.164705,"percent_change_1h":-0.648341,"percent_change_24h":-0.35899,"percent_change_7d":21.0166,"market_cap":133011565.1829588,"last_updated":"2020-04-25T08:58:18.000Z"}}},{"id":4030,"name":"Algorand","symbol":"ALGO","slug":"algorand","num_market_pairs":77,"date_added":"2019-06-20T00:00:00.000Z","tags":["mineable"],"max_supply":null,"circulating_supply":708352641.950414,"total_supply":3239624484.95041,"platform":null,"cmc_rank":39,"last_updated":"2020-04-25T08:58:17.000Z","quote":{"USD":{"price":0.215153238962,"volume_24h":70799125.0061499,"percent_change_1h":0.503099,"percent_change_24h":6.99949,"percent_change_7d":11.0586,"market_cap":152404365.24292144,"last_updated":"2020-04-25T08:58:17.000Z"}}},{"id":4687,"name":"Binance USD","symbol":"BUSD","slug":"binance-usd","num_market_pairs":61,"date_added":"2019-09-20T00:00:00.000Z","tags":[],"max_supply":null,"circulating_supply":190748647.59,"total_supply":190748647.59,"platform":{"id":1027,"name":"Ethereum","symbol":"ETH","slug":"ethereum","token_address":"0x4Fabb145d64652a948d72533023f6E7A623C7C53"},"cmc_rank":36,"last_updated":"2020-04-25T08:58:18.000Z","quote":{"USD":{"price":1.00354615693,"volume_24h":68370827.1619788,"percent_change_1h":-0.0195825,"percent_change_24h":0.423588,"percent_change_7d":-0.0300866,"market_cap":191425072.2285394,"last_updated":"2020-04-25T08:58:18.000Z"}}},{"id":2307,"name":"Bibox Token","symbol":"BIX","slug":"bibox-token","num_market_pairs":27,"date_added":"2017-12-24T00:00:00.000Z","tags":[],"max_supply":null,"circulating_supply":97882450.27,"total_supply":251424733.27,"platform":{"id":1027,"name":"Ethereum","symbol":"ETH","slug":"ethereum","token_address":"0xb3104b4b9da82025e8b9f8fb28b3553ce2f67069"},"cmc_rank":331,"last_updated":"2020-04-25T08:58:09.000Z","quote":{"USD":{"price":0.0839288445378,"volume_24h":65906661.1877407,"percent_change_1h":0.227616,"percent_change_24h":0.458161,"percent_change_7d":3.63281,"market_cap":8215160.9516897695,"last_updated":"2020-04-25T08:58:09.000Z"}}},{"id":4064,"name":"USDK","symbol":"USDK","slug":"usdk","num_market_pairs":37,"date_added":"2019-07-29T00:00:00.000Z","tags":[],"max_supply":null,"circulating_supply":28600072,"total_supply":28600072,"platform":{"id":1027,"name":"Ethereum","symbol":"ETH","slug":"ethereum","token_address":"0x1c48f86ae57291f7686349f12601910bd8d470bb"},"cmc_rank":251,"last_updated":"2020-04-25T08:58:17.000Z","quote":{"USD":{"price":1.00340593613,"volume_24h":64894156.166275,"percent_change_1h":0.0577566,"percent_change_24h":0.390662,"percent_change_7d":-0.0246005,"market_cap":28697482.018545404,"last_updated":"2020-04-25T08:58:17.000Z"}}},{"id":1772,"name":"Storj","symbol":"STORJ","slug":"storj","num_market_pairs":32,"date_added":"2017-07-02T00:00:00.000Z","tags":[],"max_supply":null,"circulating_supply":135787438.700013,"total_supply":424999998.000013,"platform":{"id":1027,"name":"Ethereum","symbol":"ETH","slug":"ethereum","token_address":"0xb64ef51c888972c908cfacf59b47c1afbc0ab8ac"},"cmc_rank":179,"last_updated":"2020-04-25T08:58:07.000Z","quote":{"USD":{"price":0.10098275955,"volume_24h":62108788.7332425,"percent_change_1h":0.689137,"percent_change_24h":3.20833,"percent_change_7d":4.36505,"market_cap":13712190.272153778,"last_updated":"2020-04-25T08:58:07.000Z"}}},{"id":3718,"name":"BitTorrent","symbol":"BTT","slug":"bittorrent","num_market_pairs":134,"date_added":"2019-01-31T00:00:00.000Z","tags":[],"max_supply":null,"circulating_supply":212116500000,"total_supply":990000000000,"platform":{"id":1958,"name":"TRON","symbol":"TRX","slug":"tron","token_address":"1002000"},"cmc_rank":80,"last_updated":"2020-04-25T08:58:15.000Z","quote":{"USD":{"price":0.0002441884234,"volume_24h":60772110.1910417,"percent_change_1h":-1.59424,"percent_change_24h":0.552546,"percent_change_7d":5.34144,"market_cap":51796393.712126106,"last_updated":"2020-04-25T08:58:15.000Z"}}},{"id":2405,"name":"IOST","symbol":"IOST","slug":"iostoken","num_market_pairs":85,"date_added":"2018-01-16T00:00:00.000Z","tags":[],"max_supply":null,"circulating_supply":12013965608.8475,"total_supply":21000000000,"platform":null,"cmc_rank":91,"last_updated":"2020-04-25T08:58:10.000Z","quote":{"USD":{"price":0.00357852083246,"volume_24h":54326308.6756956,"percent_change_1h":-0.625328,"percent_change_24h":6.58765,"percent_change_7d":5.02044,"market_cap":42992226.21171877,"last_updated":"2020-04-25T08:58:10.000Z"}}},{"id":2280,"name":"Filecoin [Futures]","symbol":"FIL","slug":"filecoin","num_market_pairs":4,"date_added":"2017-12-13T00:00:00.000Z","tags":["mineable"],"max_supply":null,"circulating_supply":null,"total_supply":null,"platform":null,"cmc_rank":2030,"last_updated":"2020-04-25T08:58:08.000Z","quote":{"USD":{"price":5.11126652602,"volume_24h":50477013.0810612,"percent_change_1h":-0.912812,"percent_change_24h":-0.84541,"percent_change_7d":3.78577,"market_cap":null,"last_updated":"2020-04-25T08:58:08.000Z"}}},{"id":2349,"name":"Mixin","symbol":"XIN","slug":"mixin","num_market_pairs":8,"date_added":"2018-01-09T00:00:00.000Z","tags":[],"max_supply":1000000,"circulating_supply":510448.380710816,"total_supply":1000000,"platform":{"id":1027,"name":"Ethereum","symbol":"ETH","slug":"ethereum","token_address":"0xa974c709cfb4566686553a20790685a47aceaa33"},"cmc_rank":216,"last_updated":"2020-04-25T08:58:09.000Z","quote":{"USD":{"price":164.594184004,"volume_24h":50125861.5644622,"percent_change_1h":-0.786606,"percent_change_24h":-0.480409,"percent_change_7d":-1.43293,"market_cap":84016834.69925989,"last_updated":"2020-04-25T08:58:09.000Z"}}},{"id":1776,"name":"MCO","symbol":"MCO","slug":"crypto-com","num_market_pairs":61,"date_added":"2017-07-03T00:00:00.000Z","tags":[],"max_supply":null,"circulating_supply":15793831.0949625,"total_supply":31587682.3632061,"platform":{"id":1027,"name":"Ethereum","symbol":"ETH","slug":"ethereum","token_address":"0xb63b606ac810a52cca15e44bb630fd42d8d1d83d"},"cmc_rank":58,"last_updated":"2020-04-25T08:58:07.000Z","quote":{"USD":{"price":5.15974885957,"volume_24h":48275730.4037088,"percent_change_1h":0.222286,"percent_change_24h":0.85334,"percent_change_7d":-1.46244,"market_cap":81492201.98047397,"last_updated":"2020-04-25T08:58:07.000Z"}}},{"id":1982,"name":"Kyber Network","symbol":"KNC","slug":"kyber-network","num_market_pairs":64,"date_added":"2017-09-24T00:00:00.000Z","tags":[],"max_supply":null,"circulating_supply":180432602.911872,"total_supply":210939151.730736,"platform":{"id":1027,"name":"Ethereum","symbol":"ETH","slug":"ethereum","token_address":"0xdd974d5c2e2928dea5f71b9825b8b646686bd200"},"cmc_rank":55,"last_updated":"2020-04-25T08:58:08.000Z","quote":{"USD":{"price":0.531119792568,"volume_24h":47665991.8977,"percent_change_1h":0.0229604,"percent_change_24h":8.15075,"percent_change_7d":9.87468,"market_cap":95831326.63105777,"last_updated":"2020-04-25T08:58:08.000Z"}}},{"id":3437,"name":"ABBC Coin","symbol":"ABBC","slug":"abbc-coin","num_market_pairs":42,"date_added":"2018-10-12T00:00:00.000Z","tags":["mineable"],"max_supply":null,"circulating_supply":555416924.350722,"total_supply":1003278750.0109,"platform":null,"cmc_rank":69,"last_updated":"2020-04-25T08:58:14.000Z","quote":{"USD":{"price":0.114662598348,"volume_24h":45373543.2212511,"percent_change_1h":-0.40419,"percent_change_24h":-0.807539,"percent_change_7d":-2.88447,"market_cap":63685547.71250833,"last_updated":"2020-04-25T08:58:14.000Z"}}},{"id":4229,"name":"Yobit Token","symbol":"YO","slug":"yobit-token","num_market_pairs":11,"date_added":"2019-09-03T00:00:00.000Z","tags":[],"max_supply":null,"circulating_supply":null,"total_supply":17000,"platform":{"id":1027,"name":"Ethereum","symbol":"ETH","slug":"ethereum","token_address":"0xebf4ca5319f406602eeff68da16261f1216011b5"},"cmc_rank":2031,"last_updated":"2020-04-25T08:58:17.000Z","quote":{"USD":{"price":756.517018145,"volume_24h":42944476.5833477,"percent_change_1h":-0.742833,"percent_change_24h":2.98158,"percent_change_7d":5.71266,"market_cap":null,"last_updated":"2020-04-25T08:58:17.000Z"}}},{"id":3657,"name":"Lambda","symbol":"LAMB","slug":"lambda","num_market_pairs":41,"date_added":"2019-01-02T00:00:00.000Z","tags":[],"max_supply":10000000000,"circulating_supply":646363938.627519,"total_supply":6000000000,"platform":{"id":1027,"name":"Ethereum","symbol":"ETH","slug":"ethereum","token_address":"0x8971f9fd7196e5cee2c1032b50f656855af7dd26"},"cmc_rank":322,"last_updated":"2020-04-25T08:58:14.000Z","quote":{"USD":{"price":0.0133447937468,"volume_24h":42811529.8645663,"percent_change_1h":-1.39719,"percent_change_24h":2.17477,"percent_change_7d":-4.35567,"market_cap":8625593.446353534,"last_updated":"2020-04-25T08:58:14.000Z"}}},{"id":2099,"name":"ICON","symbol":"ICX","slug":"icon","num_market_pairs":61,"date_added":"2017-10-27T00:00:00.000Z","tags":[],"max_supply":null,"circulating_supply":538153595.630811,"total_supply":800460000,"platform":null,"cmc_rank":40,"last_updated":"2020-04-25T08:58:08.000Z","quote":{"USD":{"price":0.275424849323,"volume_24h":42776448.7047548,"percent_change_1h":-0.91017,"percent_change_24h":5.90406,"percent_change_7d":16.8119,"market_cap":148220872.9892468,"last_updated":"2020-04-25T08:58:08.000Z"}}},{"id":3306,"name":"Gemini Dollar","symbol":"GUSD","slug":"gemini-dollar","num_market_pairs":31,"date_added":"2018-10-05T00:00:00.000Z","tags":[],"max_supply":null,"circulating_supply":5884964.1,"total_supply":5884964.1,"platform":{"id":1027,"name":"Ethereum","symbol":"ETH","slug":"ethereum","token_address":"0x056Fd409E1d7A124BD7017459dFEa2F387b6d5Cd"},"cmc_rank":396,"last_updated":"2020-04-25T08:58:14.000Z","quote":{"USD":{"price":1.00781887769,"volume_24h":42476984.9314761,"percent_change_1h":-0.293442,"percent_change_24h":0.555922,"percent_change_7d":0.288174,"market_cap":5930977.9145079395,"last_updated":"2020-04-25T08:58:14.000Z"}}},{"id":2083,"name":"Bitcoin Gold","symbol":"BTG","slug":"bitcoin-gold","num_market_pairs":73,"date_added":"2017-10-23T00:00:00.000Z","tags":["mineable"],"max_supply":21000000,"circulating_supply":17513923.589,"total_supply":17513923.589,"platform":null,"cmc_rank":38,"last_updated":"2020-04-25T08:58:09.000Z","quote":{"USD":{"price":9.48589468392,"volume_24h":40801643.4369868,"percent_change_1h":0.0920412,"percent_change_24h":1.16906,"percent_change_7d":-4.51552,"market_cap":166135234.6674762,"last_updated":"2020-04-25T08:58:09.000Z"}}},{"id":3351,"name":"ZB Token","symbol":"ZB","slug":"zb-token","num_market_pairs":11,"date_added":"2018-09-27T00:00:00.000Z","tags":[],"max_supply":null,"circulating_supply":463288810,"total_supply":2100000000,"platform":{"id":1027,"name":"Ethereum","symbol":"ETH","slug":"ethereum","token_address":"0xbd0793332e9fb844a52a205a233ef27a5b34b927"},"cmc_rank":50,"last_updated":"2020-04-25T08:58:14.000Z","quote":{"USD":{"price":0.244031079642,"volume_24h":37960257.6034124,"percent_change_1h":-0.113198,"percent_change_24h":0.603517,"percent_change_7d":1.87448,"market_cap":113056868.4903574,"last_updated":"2020-04-25T08:58:14.000Z"}}},{"id":3709,"name":"Grin","symbol":"GRIN","slug":"grin","num_market_pairs":60,"date_added":"2019-01-27T00:00:00.000Z","tags":["mineable"],"max_supply":null,"circulating_supply":40067580,"total_supply":40067580,"platform":null,"cmc_rank":147,"last_updated":"2020-04-25T08:58:15.000Z","quote":{"USD":{"price":0.49563795595,"volume_24h":35503475.2792801,"percent_change_1h":-0.735369,"percent_change_24h":0.621284,"percent_change_7d":0.0200987,"market_cap":19859013.4510631,"last_updated":"2020-04-25T08:58:15.000Z"}}},{"id":2457,"name":"TrueChain","symbol":"TRUE","slug":"truechain","num_market_pairs":16,"date_added":"2018-01-24T00:00:00.000Z","tags":[],"max_supply":null,"circulating_supply":79575542.96,"total_supply":100000000,"platform":null,"cmc_rank":136,"last_updated":"2020-04-25T08:58:09.000Z","quote":{"USD":{"price":0.270393351843,"volume_24h":33645134.4992331,"percent_change_1h":-0.448022,"percent_change_24h":0.547898,"percent_change_7d":-2.77355,"market_cap":21516697.78568104,"last_updated":"2020-04-25T08:58:09.000Z"}}},{"id":1104,"name":"Augur","symbol":"REP","slug":"augur","num_market_pairs":73,"date_added":"2015-10-27T00:00:00.000Z","tags":[],"max_supply":null,"circulating_supply":11000000,"total_supply":11000000,"platform":{"id":1027,"name":"Ethereum","symbol":"ETH","slug":"ethereum","token_address":"0x1985365e9f78359a9b6ad760e32412f4a445e862"},"cmc_rank":48,"last_updated":"2020-04-25T08:58:06.000Z","quote":{"USD":{"price":10.2977185217,"volume_24h":33297024.1748551,"percent_change_1h":0.103283,"percent_change_24h":1.22202,"percent_change_7d":1.70778,"market_cap":113274903.7387,"last_updated":"2020-04-25T08:58:06.000Z"}}},{"id":624,"name":"bitCNY","symbol":"BITCNY","slug":"bitcny","num_market_pairs":23,"date_added":"2014-09-23T00:00:00.000Z","tags":[],"max_supply":null,"circulating_supply":31262000,"total_supply":31262000,"platform":{"id":463,"name":"BitShares","symbol":"BTS","slug":"bitshares","token_address":"CNY"},"cmc_rank":476,"last_updated":"2020-04-25T08:58:05.000Z","quote":{"USD":{"price":0.140983008165,"volume_24h":31951829.3894868,"percent_change_1h":0.0740454,"percent_change_24h":0.296365,"percent_change_7d":0.231078,"market_cap":4407410.801254231,"last_updated":"2020-04-25T08:58:05.000Z"}}},{"id":5267,"name":"QUEENBEE","symbol":"QBZ","slug":"queenbee","num_market_pairs":2,"date_added":"2020-03-05T00:00:00.000Z","tags":[],"max_supply":null,"circulating_supply":null,"total_supply":8000000000,"platform":{"id":1027,"name":"Ethereum","symbol":"ETH","slug":"ethereum","token_address":"0x9bbc9286cdf6eefebf21df19bac71c6bdd7759d4"},"cmc_rank":2032,"last_updated":"2020-04-25T08:58:18.000Z","quote":{"USD":{"price":0.00914146676018,"volume_24h":31590896.8432513,"percent_change_1h":-8.59802,"percent_change_24h":99.4495,"percent_change_7d":91.2027,"market_cap":null,"last_updated":"2020-04-25T08:58:18.000Z"}}},{"id":4467,"name":"Nestree","symbol":"EGG","slug":"nestree","num_market_pairs":4,"date_added":"2019-09-09T00:00:00.000Z","tags":[],"max_supply":null,"circulating_supply":706568351.349625,"total_supply":2994901340,"platform":{"id":1027,"name":"Ethereum","symbol":"ETH","slug":"ethereum","token_address":"0x65ccd72c0813ce6f2703593b633202a0f3ca6a0c"},"cmc_rank":534,"last_updated":"2020-04-25T08:58:17.000Z","quote":{"USD":{"price":0.00486806964324,"volume_24h":30288541.906116,"percent_change_1h":0.273111,"percent_change_24h":-4.53638,"percent_change_7d":-37.5449,"market_cap":3439623.942079244,"last_updated":"2020-04-25T08:58:17.000Z"}}},{"id":1896,"name":"0x","symbol":"ZRX","slug":"0x","num_market_pairs":179,"date_added":"2017-08-16T00:00:00.000Z","tags":[],"max_supply":null,"circulating_supply":652134957.432216,"total_supply":1000000000,"platform":{"id":1027,"name":"Ethereum","symbol":"ETH","slug":"ethereum","token_address":"0xe41d2489571d322189246dafa5ebde1f4699f498"},"cmc_rank":46,"last_updated":"2020-04-25T08:58:08.000Z","quote":{"USD":{"price":0.185548550026,"volume_24h":30192379.1797514,"percent_change_1h":-0.601721,"percent_change_24h":3.41178,"percent_change_7d":5.31355,"market_cap":121002695.77281491,"last_updated":"2020-04-25T08:58:08.000Z"}}},{"id":3890,"name":"Matic Network","symbol":"MATIC","slug":"matic-network","num_market_pairs":51,"date_added":"2019-04-28T00:00:00.000Z","tags":[],"max_supply":null,"circulating_supply":2758503686,"total_supply":10000000000,"platform":{"id":1027,"name":"Ethereum","symbol":"ETH","slug":"ethereum","token_address":"0x7D1AfA7B718fb893dB30A3aBc0Cfc608AaCfeBB0"},"cmc_rank":94,"last_updated":"2020-04-25T08:58:16.000Z","quote":{"USD":{"price":0.0151424051469,"volume_24h":29641804.5934596,"percent_change_1h":-0.370834,"percent_change_24h":-0.0627466,"percent_change_7d":16.679,"market_cap":41770380.41262902,"last_updated":"2020-04-25T08:58:16.000Z"}}},{"id":1274,"name":"Waves","symbol":"WAVES","slug":"waves","num_market_pairs":143,"date_added":"2016-06-02T00:00:00.000Z","tags":[],"max_supply":null,"circulating_supply":101759494,"total_supply":101759494,"platform":null,"cmc_rank":52,"last_updated":"2020-04-25T08:58:06.000Z","quote":{"USD":{"price":1.02489707302,"volume_24h":29353555.0230101,"percent_change_1h":0.00635902,"percent_change_24h":0.649303,"percent_change_7d":0.951873,"market_cap":104293007.55259626,"last_updated":"2020-04-25T08:58:06.000Z"}}},{"id":5085,"name":"Building Cities Beyond Blockchain","symbol":"BCB","slug":"building-cities-beyond-blockchain","num_market_pairs":3,"date_added":"2019-12-30T00:00:00.000Z","tags":[],"max_supply":66000000,"circulating_supply":null,"total_supply":66000000,"platform":null,"cmc_rank":2033,"last_updated":"2020-04-25T08:58:18.000Z","quote":{"USD":{"price":2.61708141999,"volume_24h":28740764.0626849,"percent_change_1h":0.175467,"percent_change_24h":1.58528,"percent_change_7d":0.891965,"market_cap":null,"last_updated":"2020-04-25T08:58:18.000Z"}}},{"id":5217,"name":"3X Long Ethereum Token","symbol":"ETHBULL","slug":"3x-long-ethereum-token","num_market_pairs":7,"date_added":"2020-02-11T00:00:00.000Z","tags":[],"max_supply":null,"circulating_supply":null,"total_supply":2688.70054275,"platform":{"id":1027,"name":"Ethereum","symbol":"ETH","slug":"ethereum","token_address":"0x871baed4088b863fd6407159f3672d70cd34837d"},"cmc_rank":2034,"last_updated":"2020-04-25T08:58:18.000Z","quote":{"USD":{"price":203.288694958,"volume_24h":26370293.7060571,"percent_change_1h":-1.51878,"percent_change_24h":8.4257,"percent_change_7d":29.1363,"market_cap":null,"last_updated":"2020-04-25T08:58:18.000Z"}}},{"id":5414,"name":"3x Long EOS Token","symbol":"EOSBULL","slug":"3x-long-eos-token","num_market_pairs":5,"date_added":"2020-04-06T00:00:00.000Z","tags":[],"max_supply":null,"circulating_supply":null,"total_supply":1057300.976,"platform":{"id":1027,"name":"Ethereum","symbol":"ETH","slug":"ethereum","token_address":"0xeaD7F3ae4e0Bb0D8785852Cc37CC9d0B5e75c06a"},"cmc_rank":2035,"last_updated":"2020-04-25T08:58:19.000Z","quote":{"USD":{"price":6.07002539561,"volume_24h":24154779.4907699,"percent_change_1h":-1.15131,"percent_change_24h":0.301602,"percent_change_7d":5.02247,"market_cap":null,"last_updated":"2020-04-25T08:58:19.000Z"}}},{"id":2062,"name":"Aion","symbol":"AION","slug":"aion","num_market_pairs":20,"date_added":"2017-10-18T00:00:00.000Z","tags":["mineable"],"max_supply":null,"circulating_supply":410411905,"total_supply":410411905,"platform":null,"cmc_rank":100,"last_updated":"2020-04-25T08:58:08.000Z","quote":{"USD":{"price":0.0890742518652,"volume_24h":23459266.2099371,"percent_change_1h":-0.886407,"percent_change_24h":19.3693,"percent_change_7d":36.547,"market_cap":36557133.39444654,"last_updated":"2020-04-25T08:58:08.000Z"}}},{"id":2299,"name":"aelf","symbol":"ELF","slug":"aelf","num_market_pairs":79,"date_added":"2017-12-21T00:00:00.000Z","tags":[],"max_supply":1000000000,"circulating_supply":544480199.986466,"total_supply":879999999.986466,"platform":{"id":1027,"name":"Ethereum","symbol":"ETH","slug":"ethereum","token_address":"0xbf2179859fc6d5bee9bf9158632dc51678a4100e"},"cmc_rank":102,"last_updated":"2020-04-25T08:58:09.000Z","quote":{"USD":{"price":0.0656136050717,"volume_24h":23044300.8781241,"percent_change_1h":-0.578014,"percent_change_24h":4.99536,"percent_change_7d":3.86268,"market_cap":35725308.81127222,"last_updated":"2020-04-25T08:58:09.000Z"}}},{"id":109,"name":"DigiByte","symbol":"DGB","slug":"digibyte","num_market_pairs":77,"date_added":"2014-02-06T00:00:00.000Z","tags":["mineable"],"max_supply":21000000000,"circulating_supply":13069838768.967,"total_supply":13069838768.967,"platform":null,"cmc_rank":37,"last_updated":"2020-04-25T08:58:05.000Z","quote":{"USD":{"price":0.0129928201161,"volume_24h":21169093.5482547,"percent_change_1h":0.93488,"percent_change_24h":0.0379222,"percent_change_7d":79.5961,"market_cap":169814064.07161808,"last_updated":"2020-04-25T08:58:05.000Z"}}},{"id":1759,"name":"Status","symbol":"SNT","slug":"status","num_market_pairs":84,"date_added":"2017-06-28T00:00:00.000Z","tags":[],"max_supply":null,"circulating_supply":3470483788,"total_supply":6804870174,"platform":{"id":1027,"name":"Ethereum","symbol":"ETH","slug":"ethereum","token_address":"0x744d70fdbe2ba4cf95131626614a1763df805b9e"},"cmc_rank":67,"last_updated":"2020-04-25T08:58:07.000Z","quote":{"USD":{"price":0.0191073369981,"volume_24h":20173232.6095102,"percent_change_1h":-1.91475,"percent_change_24h":-2.04814,"percent_change_7d":15.1596,"market_cap":66311703.28375864,"last_updated":"2020-04-25T08:58:07.000Z"}}},{"id":5198,"name":"Creditcoin","symbol":"CTC","slug":"creditcoin","num_market_pairs":3,"date_added":"2020-01-31T00:00:00.000Z","tags":[],"max_supply":null,"circulating_supply":null,"total_supply":600000000,"platform":null,"cmc_rank":2036,"last_updated":"2020-04-25T08:58:18.000Z","quote":{"USD":{"price":0.369456959827,"volume_24h":20065409.6102676,"percent_change_1h":-0.706088,"percent_change_24h":-1.21062,"percent_change_7d":-10.2586,"market_cap":null,"last_updated":"2020-04-25T08:58:18.000Z"}}},{"id":5295,"name":"3X Long BNB Token","symbol":"BNBBULL","slug":"3x-long-bnb-token","num_market_pairs":5,"date_added":"2020-03-11T00:00:00.000Z","tags":[],"max_supply":null,"circulating_supply":null,"total_supply":4975.41633724,"platform":{"id":1027,"name":"Ethereum","symbol":"ETH","slug":"ethereum","token_address":"0x9d1a62c2ad99019768b9126fda004a9952853f6e"},"cmc_rank":2037,"last_updated":"2020-04-25T08:58:18.000Z","quote":{"USD":{"price":112.952220269,"volume_24h":18991956.1289944,"percent_change_1h":-0.353378,"percent_change_24h":-1.8064,"percent_change_7d":1.379,"market_cap":null,"last_updated":"2020-04-25T08:58:18.000Z"}}},{"id":4899,"name":"Yap Stone","symbol":"YAP","slug":"yap-stone","num_market_pairs":14,"date_added":"2019-11-09T00:00:00.000Z","tags":[],"max_supply":null,"circulating_supply":150000000,"total_supply":1000000000,"platform":{"id":1027,"name":"Ethereum","symbol":"ETH","slug":"ethereum","token_address":""},"cmc_rank":107,"last_updated":"2020-04-25T08:58:18.000Z","quote":{"USD":{"price":0.220517740403,"volume_24h":18975979.7879239,"percent_change_1h":0.425915,"percent_change_24h":3.08961,"percent_change_7d":6.75613,"market_cap":33077661.060450003,"last_updated":"2020-04-25T08:58:18.000Z"}}},{"id":4779,"name":"HUSD","symbol":"HUSD","slug":"husd","num_market_pairs":18,"date_added":"2019-10-15T00:00:00.000Z","tags":[],"max_supply":null,"circulating_supply":null,"total_supply":87094416.0933887,"platform":{"id":1027,"name":"Ethereum","symbol":"ETH","slug":"ethereum","token_address":"0xdf574c24545e5ffecb9a659c229253d4111d87e1"},"cmc_rank":2038,"last_updated":"2020-04-25T08:58:18.000Z","quote":{"USD":{"price":1.0043273966,"volume_24h":18665087.9160619,"percent_change_1h":0.0176758,"percent_change_24h":0.410434,"percent_change_7d":0.0368857,"market_cap":null,"last_updated":"2020-04-25T08:58:18.000Z"}}},{"id":1866,"name":"Bytom","symbol":"BTM","slug":"bytom","num_market_pairs":54,"date_added":"2017-08-08T00:00:00.000Z","tags":["mineable"],"max_supply":null,"circulating_supply":1002499275,"total_supply":1407000000,"platform":null,"cmc_rank":72,"last_updated":"2020-04-25T08:58:07.000Z","quote":{"USD":{"price":0.060041653533,"volume_24h":18391985.9894143,"percent_change_1h":-0.371345,"percent_change_24h":2.81983,"percent_change_7d":2.00666,"market_cap":60191714.13663369,"last_updated":"2020-04-25T08:58:07.000Z"}}},{"id":2830,"name":"Seele","symbol":"SEELE","slug":"seele","num_market_pairs":18,"date_added":"2018-05-31T00:00:00.000Z","tags":[],"max_supply":null,"circulating_supply":699592066.289478,"total_supply":1000000000,"platform":{"id":1027,"name":"Ethereum","symbol":"ETH","slug":"ethereum","token_address":"0xb1eef147028e9f480dbc5ccaa3277d417d1b85f0"},"cmc_rank":74,"last_updated":"2020-04-25T08:58:12.000Z","quote":{"USD":{"price":0.0838189703544,"volume_24h":18102915.4963553,"percent_change_1h":1.05506,"percent_change_24h":5.32677,"percent_change_7d":6.97837,"market_cap":58639086.66449119,"last_updated":"2020-04-25T08:58:12.000Z"}}},{"id":2588,"name":"Loom Network","symbol":"LOOM","slug":"loom-network","num_market_pairs":65,"date_added":"2018-03-14T00:00:00.000Z","tags":[],"max_supply":null,"circulating_supply":970041175.954257,"total_supply":1000000000,"platform":{"id":1027,"name":"Ethereum","symbol":"ETH","slug":"ethereum","token_address":"0xa4e8c3ec456107ea67d3075bf9e3df3a75823db0"},"cmc_rank":172,"last_updated":"2020-04-25T08:58:10.000Z","quote":{"USD":{"price":0.0151064999004,"volume_24h":17529492.7558413,"percent_change_1h":-0.0722219,"percent_change_24h":3.84728,"percent_change_7d":4.03678,"market_cap":14653926.927936882,"last_updated":"2020-04-25T08:58:10.000Z"}}},{"id":2456,"name":"OFCOIN","symbol":"OF","slug":"ofcoin","num_market_pairs":1,"date_added":"2018-01-24T00:00:00.000Z","tags":[],"max_supply":null,"circulating_supply":null,"total_supply":51200000000,"platform":null,"cmc_rank":2039,"last_updated":"2020-04-25T08:58:09.000Z","quote":{"USD":{"price":0.0000462294645993,"volume_24h":17269722.0028931,"percent_change_1h":-2.49388,"percent_change_24h":21.4934,"percent_change_7d":2.16299,"market_cap":null,"last_updated":"2020-04-25T08:58:09.000Z"}}},{"id":4041,"name":"MX Token","symbol":"MX","slug":"mx-token","num_market_pairs":8,"date_added":"2019-09-24T00:00:00.000Z","tags":[],"max_supply":null,"circulating_supply":193278361.2597,"total_supply":673963903.14,"platform":{"id":1027,"name":"Ethereum","symbol":"ETH","slug":"ethereum","token_address":"0x11eef04c884e24d9b7b4760e7476d06ddf797f36"},"cmc_rank":137,"last_updated":"2020-04-25T08:58:16.000Z","quote":{"USD":{"price":0.109598814473,"volume_24h":16762355.0003783,"percent_change_1h":-0.833783,"percent_change_24h":0.804082,"percent_change_7d":8.3239,"market_cap":21183079.25734733,"last_updated":"2020-04-25T08:58:16.000Z"}}},{"id":3945,"name":"Harmony","symbol":"ONE","slug":"harmony","num_market_pairs":20,"date_added":"2019-06-01T00:00:00.000Z","tags":[],"max_supply":null,"circulating_supply":4596807869,"total_supply":12600000000,"platform":null,"cmc_rank":190,"last_updated":"2020-04-25T08:58:16.000Z","quote":{"USD":{"price":0.00269203095501,"volume_24h":16560393.1921045,"percent_change_1h":-0.146848,"percent_change_24h":1.97052,"percent_change_7d":18.9636,"market_cap":12374749.077581553,"last_updated":"2020-04-25T08:58:16.000Z"}}},{"id":5221,"name":"Handshake ","symbol":"HNS","slug":"handshake","num_market_pairs":10,"date_added":"2020-02-22T00:00:00.000Z","tags":[],"max_supply":null,"circulating_supply":268078892.322,"total_supply":2040000000,"platform":null,"cmc_rank":244,"last_updated":"2020-04-25T08:58:18.000Z","quote":{"USD":{"price":0.119326093512,"volume_24h":15741689.3822484,"percent_change_1h":-0.895388,"percent_change_24h":-3.41166,"percent_change_7d":-2.95313,"market_cap":31988806.973808352,"last_updated":"2020-04-25T08:58:18.000Z"}}},{"id":1966,"name":"Decentraland","symbol":"MANA","slug":"decentraland","num_market_pairs":75,"date_added":"2017-09-17T00:00:00.000Z","tags":[],"max_supply":null,"circulating_supply":1370185355.67155,"total_supply":2197929965.03415,"platform":{"id":1027,"name":"Ethereum","symbol":"ETH","slug":"ethereum","token_address":"0x0f5d2fb29fb7d3cfee444a200298f468908cc942"},"cmc_rank":96,"last_updated":"2020-04-25T08:58:07.000Z","quote":{"USD":{"price":0.0293699826265,"volume_24h":15528709.3764608,"percent_change_1h":-0.236765,"percent_change_24h":2.94162,"percent_change_7d":2.23107,"market_cap":40242320.09115815,"last_updated":"2020-04-25T08:58:07.000Z"}}},{"id":5477,"name":"ECOChain","symbol":"ECOC","slug":"ecochain","num_market_pairs":1,"date_added":"2020-04-20T00:00:00.000Z","tags":[],"max_supply":2000000000,"circulating_supply":null,"total_supply":223217150,"platform":null,"cmc_rank":2040,"last_updated":"2020-04-25T08:58:19.000Z","quote":{"USD":{"price":1.37081417409,"volume_24h":15294566.7527298,"percent_change_1h":2.59709,"percent_change_24h":3.20876,"percent_change_7d":null,"market_cap":null,"last_updated":"2020-04-25T08:58:19.000Z"}}},{"id":873,"name":"NEM","symbol":"XEM","slug":"nem","num_market_pairs":92,"date_added":"2015-04-01T00:00:00.000Z","tags":[],"max_supply":null,"circulating_supply":8999999999,"total_supply":8999999999,"platform":null,"cmc_rank":27,"last_updated":"2020-04-25T08:58:05.000Z","quote":{"USD":{"price":0.0383695934787,"volume_24h":15249482.5578309,"percent_change_1h":-1.72816,"percent_change_24h":-2.19796,"percent_change_7d":1.06214,"market_cap":345326341.26993036,"last_updated":"2020-04-25T08:58:05.000Z"}}},{"id":1903,"name":"HyperCash","symbol":"HC","slug":"hypercash","num_market_pairs":32,"date_added":"2017-08-20T00:00:00.000Z","tags":["mineable"],"max_supply":84000000,"circulating_supply":44588605.665052,"total_supply":44588605.665052,"platform":null,"cmc_rank":86,"last_updated":"2020-04-25T08:58:07.000Z","quote":{"USD":{"price":1.05730061378,"volume_24h":15192132.62365,"percent_change_1h":-0.49922,"percent_change_24h":1.49119,"percent_change_7d":1.37328,"market_cap":47143560.137253866,"last_updated":"2020-04-25T08:58:07.000Z"}}},{"id":2341,"name":"SwftCoin","symbol":"SWFTC","slug":"swftcoin","num_market_pairs":13,"date_added":"2018-01-04T00:00:00.000Z","tags":[],"max_supply":null,"circulating_supply":4004999999,"total_supply":10000000000,"platform":{"id":1027,"name":"Ethereum","symbol":"ETH","slug":"ethereum","token_address":"0x0bb217e40f8a5cb79adf04e1aab60e5abd0dfc1e"},"cmc_rank":394,"last_updated":"2020-04-25T08:58:09.000Z","quote":{"USD":{"price":0.00148769045967,"volume_24h":14568309.7968384,"percent_change_1h":0.834289,"percent_change_24h":7.7748,"percent_change_7d":17.2926,"market_cap":5958200.28949066,"last_updated":"2020-04-25T08:58:09.000Z"}}},{"id":4942,"name":"Digital Gold","symbol":"GOLD","slug":"digital-gold","num_market_pairs":3,"date_added":"2019-11-18T00:00:00.000Z","tags":[],"max_supply":null,"circulating_supply":11545.784,"total_supply":17190.659,"platform":{"id":1027,"name":"Ethereum","symbol":"ETH","slug":"ethereum","token_address":"0x0d16450d347c12c086d6c94c76c5aaac35ea07e0"},"cmc_rank":995,"last_updated":"2020-04-25T08:58:18.000Z","quote":{"USD":{"price":54.8552008662,"volume_24h":14346605.8853576,"percent_change_1h":-1.39485,"percent_change_24h":2.02671,"percent_change_7d":0.194696,"market_cap":633346.300477758,"last_updated":"2020-04-25T08:58:18.000Z"}}},{"id":5117,"name":"Origin Protocol","symbol":"OGN","slug":"origin-protocol","num_market_pairs":15,"date_added":"2020-01-09T00:00:00.000Z","tags":[],"max_supply":null,"circulating_supply":33523273.02,"total_supply":1000000000,"platform":{"id":1027,"name":"Ethereum","symbol":"ETH","slug":"ethereum","token_address":"0x8207c1ffc5b6804f6024322ccf34f29c3541ae26"},"cmc_rank":347,"last_updated":"2020-04-25T08:58:18.000Z","quote":{"USD":{"price":0.226875485239,"volume_24h":14284771.6064024,"percent_change_1h":-0.188114,"percent_change_24h":-1.32212,"percent_change_7d":-0.677677,"market_cap":7605608.833211977,"last_updated":"2020-04-25T08:58:18.000Z"}}},{"id":1720,"name":"IOTA","symbol":"MIOTA","slug":"iota","num_market_pairs":53,"date_added":"2017-06-13T00:00:00.000Z","tags":[],"max_supply":2779530283,"circulating_supply":2779530283,"total_supply":2779530283,"platform":null,"cmc_rank":25,"last_updated":"2020-04-25T08:58:07.000Z","quote":{"USD":{"price":0.169905090325,"volume_24h":14160413.2829542,"percent_change_1h":-0.96097,"percent_change_24h":2.81281,"percent_change_7d":6.40949,"market_cap":472256343.79418784,"last_updated":"2020-04-25T08:58:07.000Z"}}},{"id":5429,"name":"DEAPcoin","symbol":"DEP","slug":"deapcoin","num_market_pairs":2,"date_added":"2020-04-10T00:00:00.000Z","tags":[],"max_supply":30000000000,"circulating_supply":null,"total_supply":30000000000,"platform":{"id":1027,"name":"Ethereum","symbol":"ETH","slug":"ethereum","token_address":"0x1a3496c18d558bd9c6c8f609e1b129f67ab08163"},"cmc_rank":2041,"last_updated":"2020-04-25T08:58:19.000Z","quote":{"USD":{"price":0.00515379109706,"volume_24h":13996156.8956969,"percent_change_1h":0.170803,"percent_change_24h":-1.10764,"percent_change_7d":-0.937322,"market_cap":null,"last_updated":"2020-04-25T08:58:19.000Z"}}},{"id":2130,"name":"Enjin Coin","symbol":"ENJ","slug":"enjin-coin","num_market_pairs":61,"date_added":"2017-11-01T00:00:00.000Z","tags":[],"max_supply":null,"circulating_supply":814772129.064264,"total_supply":1000000000,"platform":{"id":1027,"name":"Ethereum","symbol":"ETH","slug":"ethereum","token_address":"0xf629cbd94d3791c9250152bd8dfbdf380e2a3b9c"},"cmc_rank":49,"last_updated":"2020-04-25T08:58:08.000Z","quote":{"USD":{"price":0.138773013925,"volume_24h":13895708.5529939,"percent_change_1h":1.25233,"percent_change_24h":9.93609,"percent_change_7d":44.1734,"market_cap":113068384.01233701,"last_updated":"2020-04-25T08:58:08.000Z"}}},{"id":4273,"name":"Sessia","symbol":"KICKS","slug":"sessia","num_market_pairs":2,"date_added":"2019-08-21T00:00:00.000Z","tags":[],"max_supply":null,"circulating_supply":6145759.45571843,"total_supply":100000000,"platform":{"id":1027,"name":"Ethereum","symbol":"ETH","slug":"ethereum","token_address":"0xd91a6162f146ef85922d9a15ee6eb14a00344586"},"cmc_rank":990,"last_updated":"2020-04-25T08:58:17.000Z","quote":{"USD":{"price":0.105776393654,"volume_24h":13177694.9517214,"percent_change_1h":-0.902265,"percent_change_24h":-0.293668,"percent_change_7d":0.0584496,"market_cap":650076.2714908654,"last_updated":"2020-04-25T08:58:17.000Z"}}},{"id":4943,"name":"Multi-collateral DAI","symbol":"DAI","slug":"multi-collateral-dai","num_market_pairs":75,"date_added":"2019-11-22T00:00:00.000Z","tags":[],"max_supply":null,"circulating_supply":94518812.6666828,"total_supply":94919702.8788279,"platform":{"id":1027,"name":"Ethereum","symbol":"ETH","slug":"ethereum","token_address":"0x6b175474e89094c44da98b954eedeac495271d0f"},"cmc_rank":54,"last_updated":"2020-04-25T08:58:18.000Z","quote":{"USD":{"price":1.02266309003,"volume_24h":12938858.6936703,"percent_change_1h":-0.194002,"percent_change_24h":0.832399,"percent_change_7d":0.0840516,"market_cap":96660901.02767654,"last_updated":"2020-04-25T08:58:18.000Z"}}},{"id":4078,"name":"Super Zero","symbol":"SERO","slug":"super-zero","num_market_pairs":15,"date_added":"2019-07-19T00:00:00.000Z","tags":[],"max_supply":647367590,"circulating_supply":257501390,"total_supply":645157767,"platform":null,"cmc_rank":149,"last_updated":"2020-04-25T08:58:17.000Z","quote":{"USD":{"price":0.0758828562223,"volume_24h":12850200.9558923,"percent_change_1h":-0.579889,"percent_change_24h":-1.01776,"percent_change_7d":2.92903,"market_cap":19539940.954412397,"last_updated":"2020-04-25T08:58:17.000Z"}}},{"id":4846,"name":"Kava","symbol":"KAVA","slug":"kava","num_market_pairs":15,"date_added":"2019-10-25T00:00:00.000Z","tags":[],"max_supply":null,"circulating_supply":35843740.721819,"total_supply":108633059.721819,"platform":{"id":1839,"name":"Binance Coin","symbol":"BNB","slug":"binance-coin","token_address":""},"cmc_rank":144,"last_updated":"2020-04-25T08:58:18.000Z","quote":{"USD":{"price":0.55804457288,"volume_24h":12821481.799071,"percent_change_1h":0.0366679,"percent_change_24h":3.77215,"percent_change_7d":3.31331,"market_cap":20002404.981528945,"last_updated":"2020-04-25T08:58:18.000Z"}}},{"id":5444,"name":"Cartesi","symbol":"CTSI","slug":"cartesi","num_market_pairs":4,"date_added":"2020-04-23T00:00:00.000Z","tags":[],"max_supply":null,"circulating_supply":null,"total_supply":1000000000,"platform":null,"cmc_rank":2042,"last_updated":"2020-04-25T08:58:19.000Z","quote":{"USD":{"price":0.0515573885529,"volume_24h":12636057.5877223,"percent_change_1h":-2.83892,"percent_change_24h":-11.241,"percent_change_7d":null,"market_cap":null,"last_updated":"2020-04-25T08:58:19.000Z"}}},{"id":1414,"name":"Zcoin","symbol":"XZC","slug":"zcoin","num_market_pairs":56,"date_added":"2016-10-06T00:00:00.000Z","tags":["mineable"],"max_supply":21400000,"circulating_supply":9973843.32977796,"total_supply":21400000,"platform":null,"cmc_rank":95,"last_updated":"2020-04-25T08:58:06.000Z","quote":{"USD":{"price":4.09758395546,"volume_24h":12599533.6150449,"percent_change_1h":0.241976,"percent_change_24h":-0.685014,"percent_change_7d":13.9797,"market_cap":40868660.40236991,"last_updated":"2020-04-25T08:58:06.000Z"}}},{"id":2570,"name":"TomoChain","symbol":"TOMO","slug":"tomochain","num_market_pairs":23,"date_added":"2018-03-08T00:00:00.000Z","tags":["mineable"],"max_supply":null,"circulating_supply":70461275,"total_supply":100000000,"platform":null,"cmc_rank":126,"last_updated":"2020-04-25T08:58:10.000Z","quote":{"USD":{"price":0.343735669302,"volume_24h":12414874.5495428,"percent_change_1h":-0.499283,"percent_change_24h":1.10055,"percent_change_7d":2.30961,"market_cap":24220053.52199728,"last_updated":"2020-04-25T08:58:10.000Z"}}},{"id":5216,"name":"3X Short Ethereum Token","symbol":"ETHBEAR","slug":"3x-short-ethereum-token","num_market_pairs":7,"date_added":"2020-02-11T00:00:00.000Z","tags":[],"max_supply":null,"circulating_supply":null,"total_supply":173633.2933466,"platform":{"id":1027,"name":"Ethereum","symbol":"ETH","slug":"ethereum","token_address":"0x2f5e2c9002c058c063d21a06b6cabb50950130c8"},"cmc_rank":2043,"last_updated":"2020-04-25T08:58:18.000Z","quote":{"USD":{"price":2.56352376987,"volume_24h":11735523.0821196,"percent_change_1h":1.5047,"percent_change_24h":-8.09942,"percent_change_7d":-34.2386,"market_cap":null,"last_updated":"2020-04-25T08:58:18.000Z"}}},{"id":3966,"name":"BitcoinHD","symbol":"BHD","slug":"bitcoinhd","num_market_pairs":11,"date_added":"2019-05-27T00:00:00.000Z","tags":[],"max_supply":21000000,"circulating_supply":6083016.35,"total_supply":6339465,"platform":null,"cmc_rank":238,"last_updated":"2020-04-25T08:58:16.000Z","quote":{"USD":{"price":6.43781401679,"volume_24h":11691155.3930742,"percent_change_1h":0.459438,"percent_change_24h":-0.183266,"percent_change_7d":11.9306,"market_cap":39161327.92239274,"last_updated":"2020-04-25T08:58:16.000Z"}}},{"id":3053,"name":"YOU COIN","symbol":"YOU","slug":"you-coin","num_market_pairs":6,"date_added":"2018-08-01T00:00:00.000Z","tags":[],"max_supply":null,"circulating_supply":556120198.410192,"total_supply":2856000000,"platform":{"id":1027,"name":"Ethereum","symbol":"ETH","slug":"ethereum","token_address":"0x34364BEe11607b1963d66BCA665FDE93fCA666a8"},"cmc_rank":168,"last_updated":"2020-04-25T08:58:13.000Z","quote":{"USD":{"price":0.0270143798613,"volume_24h":11643691.3186766,"percent_change_1h":-0.38393,"percent_change_24h":0.909824,"percent_change_7d":1.87025,"market_cap":15023242.288394453,"last_updated":"2020-04-25T08:58:13.000Z"}}}]}