{"status":{"timestamp":"2020-04-27T09:00:02.309Z","error_code":0,"error_message":null,"elapsed":153,"credit_count":1,"notice":null},"data":[{"id":825,"name":"Tether","symbol":"USDT","slug":"tether","num_market_pairs":4694,"date_added":"2015-02-25T00:00:00.000Z","tags":[],"max_supply":null,"circulating_supply":6361032509,"total_supply":6998318752.17,"platform":{"id":1027,"name":"Ethereum","symbol":"ETH","slug":"ethereum","token_address":"31"},"cmc_rank":4,"last_updated":"2020-04-27T08:58:29.000Z","quote":{"USD":{"price":1.00404136743,"volume_24h":52158107386.5787,"percent_change_1h":0.0955766,"percent_change_24h":-0.260151,"percent_change_7d":-0.162122,"market_cap":6386739778.603044,"last_updated":"2020-04-27T08:58:29.000Z"}}},{"id":1,"name":"Bitcoin","symbol":"BTC","slug":"bitcoin","num_market_pairs":7973,"date_added":"2013-04-28T00:00:00.000Z","tags":["mineable"],"max_supply":21000000,"circulating_supply":18347812,"total_supply":18347812,"platform":null,"cmc_rank":1,"last_updated":"2020-04-27T08:58:46.000Z","quote":{"USD":{"price":7724.32958199,"volume_24h":37362012758.6481,"percent_change_1h":0.0729983,"percent_change_24h":1.60131,"percent_change_7d":7.82323,"market_cap":141724546996.3911,"last_updated":"2020-04-27T08:58:46.000Z"}}},{"id":1027,"name":"Ethereum","symbol":"ETH","slug":"ethereum","num_market_pairs":5183,"date_added":"2015-08-07T00:00:00.000Z","tags":["mineable"],"max_supply":null,"circulating_supply":110689467.124,"total_supply":110689467.124,"platform":null,"cmc_rank":2,"last_updated":"2020-04-27T08:58:31.000Z","quote":{"USD":{"price":196.894773742,"volume_24h":20055347822.1167,"percent_change_1h":0.0300449,"percent_change_24h":0.618263,"percent_change_7d":7.89015,"market_cap":21794177585.00253,"last_updated":"2020-04-27T08:58:31.000Z"}}},{"id":2,"name":"Litecoin","symbol":"LTC","slug":"litecoin","num_market_pairs":600,"date_added":"2013-04-28T00:00:00.000Z","tags":["mineable"],"max_supply":84000000,"circulating_supply":64601468.2265572,"total_supply":64601468.2265572,"platform":null,"cmc_rank":7,"last_updated":"2020-04-27T08:58:09.000Z","quote":{"USD":{"price":44.6586241135,"volume_24h":4788161176.33702,"percent_change_1h":-0.0170973,"percent_change_24h":-0.414828,"percent_change_7d":4.53697,"market_cap":2885012686.7100315,"last_updated":"2020-04-27T08:58:09.000Z"}}},{"id":1765,"name":"EOS","symbol":"EOS","slug":"eos","num_market_pairs":378,"date_added":"2017-07-01T00:00:00.000Z","tags":[],"max_supply":null,"circulating_supply":922138680.8321,"total_supply":1018838692.8317,"platform":null,"cmc_rank":9,"last_updated":"2020-04-27T08:58:08.000Z","quote":{"USD":{"price":2.75462298714,"volume_24h":4284861582.48348,"percent_change_1h":-0.0259269,"percent_change_24h":1.16711,"percent_change_7d":4.27354,"market_cap":2540144407.5510583,"last_updated":"2020-04-27T08:58:08.000Z"}}},{"id":1831,"name":"Bitcoin Cash","symbol":"BCH","slug":"bitcoin-cash","num_market_pairs":473,"date_added":"2017-07-23T00:00:00.000Z","tags":["mineable"],"max_supply":21000000,"circulating_supply":18391350,"total_supply":18391350,"platform":null,"cmc_rank":5,"last_updated":"2020-04-27T08:58:11.000Z","quote":{"USD":{"price":243.78257637,"volume_24h":4054932487.69653,"percent_change_1h":-0.00980432,"percent_change_24h":1.17421,"percent_change_7d":3.87204,"market_cap":4483490685.9223995,"last_updated":"2020-04-27T08:58:11.000Z"}}},{"id":1321,"name":"Ethereum Classic","symbol":"ETC","slug":"ethereum-classic","num_market_pairs":246,"date_added":"2016-07-24T00:00:00.000Z","tags":["mineable"],"max_supply":210700000,"circulating_supply":116313299,"total_supply":116313299,"platform":null,"cmc_rank":21,"last_updated":"2020-04-27T08:58:07.000Z","quote":{"USD":{"price":6.09645010893,"volume_24h":2397771544.80151,"percent_change_1h":-0.032841,"percent_change_24h":3.66356,"percent_change_7d":9.94874,"market_cap":709098224.3585577,"last_updated":"2020-04-27T08:58:07.000Z"}}},{"id":3602,"name":"Bitcoin SV","symbol":"BSV","slug":"bitcoin-sv","num_market_pairs":183,"date_added":"2018-11-09T00:00:00.000Z","tags":["mineable"],"max_supply":21000000,"circulating_supply":18390014.5819233,"total_supply":18390014.5819233,"platform":null,"cmc_rank":6,"last_updated":"2020-04-27T08:58:13.000Z","quote":{"USD":{"price":195.849806304,"volume_24h":2050621387.8919,"percent_change_1h":-0.0610343,"percent_change_24h":-0.40975,"percent_change_7d":0.0962115,"market_cap":3601680793.7974133,"last_updated":"2020-04-27T08:58:13.000Z"}}},{"id":52,"name":"XRP","symbol":"XRP","slug":"xrp","num_market_pairs":545,"date_added":"2013-08-04T00:00:00.000Z","tags":[],"max_supply":100000000000,"circulating_supply":44089620959,"total_supply":99990980257,"platform":null,"cmc_rank":3,"last_updated":"2020-04-27T08:58:10.000Z","quote":{"USD":{"price":0.197440599897,"volume_24h":1882148110.23448,"percent_change_1h":-0.0613168,"percent_change_24h":1.08719,"percent_change_7d":2.63745,"market_cap":8705081211.376305,"last_updated":"2020-04-27T08:58:10.000Z"}}},{"id":1958,"name":"TRON","symbol":"TRX","slug":"tron","num_market_pairs":337,"date_added":"2017-09-13T00:00:00.000Z","tags":["mineable"],"max_supply":null,"circulating_supply":66682072191.4,"total_supply":99281283754.3,"platform":null,"cmc_rank":16,"last_updated":"2020-04-27T08:58:10.000Z","quote":{"USD":{"price":0.0145099992366,"volume_24h":1455971816.15697,"percent_change_1h":0.128528,"percent_change_24h":3.21693,"percent_change_7d":11.1381,"market_cap":967556816.5921202,"last_updated":"2020-04-27T08:58:10.000Z"}}},{"id":131,"name":"Dash","symbol":"DASH","slug":"dash","num_market_pairs":297,"date_added":"2014-02-14T00:00:00.000Z","tags":["mineable"],"max_supply":18900000,"circulating_supply":9460316.59309702,"total_supply":9460316.59309702,"platform":null,"cmc_rank":19,"last_updated":"2020-04-27T08:58:07.000Z","quote":{"USD":{"price":82.578058481,"volume_24h":930097502.756635,"percent_change_1h":-0.0938669,"percent_change_24h":-4.37497,"percent_change_7d":2.12783,"market_cap":781214576.8735404,"last_updated":"2020-04-27T08:58:07.000Z"}}},{"id":3330,"name":"Paxos Standard","symbol":"PAX","slug":"paxos-standard","num_market_pairs":99,"date_added":"2018-09-27T00:00:00.000Z","tags":[],"max_supply":null,"circulating_supply":244951954.494264,"total_supply":249952064.83,"platform":{"id":1027,"name":"Ethereum","symbol":"ETH","slug":"ethereum","token_address":"0x8e870d67f660d95d5be530380d0ec0bd388289e1"},"cmc_rank":34,"last_updated":"2020-04-27T08:58:11.000Z","quote":{"USD":{"price":1.00272821306,"volume_24h":655998359.003306,"percent_change_1h":0.0583304,"percent_change_24h":-0.235934,"percent_change_7d":-0.161,"market_cap":245620235.61558777,"last_updated":"2020-04-27T08:58:11.000Z"}}},{"id":1437,"name":"Zcash","symbol":"ZEC","slug":"zcash","num_market_pairs":238,"date_added":"2016-10-29T00:00:00.000Z","tags":["mineable"],"max_supply":21000000,"circulating_supply":9030012.5,"total_supply":9030012.5,"platform":null,"cmc_rank":26,"last_updated":"2020-04-27T08:58:07.000Z","quote":{"USD":{"price":44.2164664824,"volume_24h":643229893.725572,"percent_change_1h":-0.36938,"percent_change_24h":-1.34732,"percent_change_7d":-6.75965,"market_cap":399275245.041903,"last_updated":"2020-04-27T08:58:07.000Z"}}},{"id":1376,"name":"Neo","symbol":"NEO","slug":"neo","num_market_pairs":239,"date_added":"2016-09-08T00:00:00.000Z","tags":[],"max_supply":100000000,"circulating_supply":70538831,"total_supply":100000000,"platform":null,"cmc_rank":22,"last_updated":"2020-04-27T08:58:07.000Z","quote":{"USD":{"price":8.50743179322,"volume_24h":640445641.878736,"percent_change_1h":0.181431,"percent_change_24h":0.827145,"percent_change_7d":10.707,"market_cap":600104293.5059725,"last_updated":"2020-04-27T08:58:07.000Z"}}},{"id":512,"name":"Stellar","symbol":"XLM","slug":"stellar","num_market_pairs":296,"date_added":"2014-08-05T00:00:00.000Z","tags":[],"max_supply":null,"circulating_supply":20295869210.1338,"total_supply":50001803870.8717,"platform":null,"cmc_rank":12,"last_updated":"2020-04-27T08:58:08.000Z","quote":{"USD":{"price":0.0621020282475,"volume_24h":627167996.402799,"percent_change_1h":-0.265459,"percent_change_24h":0.403048,"percent_change_7d":21.5938,"market_cap":1260414642.9952948,"last_updated":"2020-04-27T08:58:08.000Z"}}},{"id":2563,"name":"TrueUSD","symbol":"TUSD","slug":"trueusd","num_market_pairs":155,"date_added":"2018-03-06T00:00:00.000Z","tags":[],"max_supply":null,"circulating_supply":131223160.78,"total_supply":131223160.78,"platform":{"id":1027,"name":"Ethereum","symbol":"ETH","slug":"ethereum","token_address":"0x0000000000085d4780B73119b644AE5ecd22b376"},"cmc_rank":46,"last_updated":"2020-04-27T08:58:10.000Z","quote":{"USD":{"price":1.00270270469,"volume_24h":568057427.776251,"percent_change_1h":0.0958864,"percent_change_24h":-0.266511,"percent_change_7d":-0.111418,"market_cap":131577818.23207672,"last_updated":"2020-04-27T08:58:10.000Z"}}},{"id":3408,"name":"USD Coin","symbol":"USDC","slug":"usd-coin","num_market_pairs":219,"date_added":"2018-10-08T00:00:00.000Z","tags":[],"max_supply":null,"circulating_supply":750291964.13443,"total_supply":754284771.37,"platform":{"id":1027,"name":"Ethereum","symbol":"ETH","slug":"ethereum","token_address":"0xa0b86991c6218b36c1d19d4a2e9eb0ce3606eb48"},"cmc_rank":20,"last_updated":"2020-04-27T08:58:13.000Z","quote":{"USD":{"price":1.00163217311,"volume_24h":455829491.223288,"percent_change_1h":0.00434098,"percent_change_24h":-0.426787,"percent_change_7d":-0.251191,"market_cap":751516570.5029393,"last_updated":"2020-04-27T08:58:13.000Z"}}},{"id":1839,"name":"Binance Coin","symbol":"BNB","slug":"binance-coin","num_market_pairs":306,"date_added":"2017-07-25T00:00:00.000Z","tags":[],"max_supply":187536713,"circulating_supply":155536713,"total_supply":187536713,"platform":null,"cmc_rank":8,"last_updated":"2020-04-27T08:58:09.000Z","quote":{"USD":{"price":16.3929986542,"volume_24h":418941239.833246,"percent_change_1h":-0.036263,"percent_change_24h":0.615053,"percent_change_7d":1.16796,"market_cap":2549713126.8876915,"last_updated":"2020-04-27T08:58:09.000Z"}}},{"id":1684,"name":"Qtum","symbol":"QTUM","slug":"qtum","num_market_pairs":172,"date_added":"2017-05-24T00:00:00.000Z","tags":[],"max_supply":107822406,"circulating_supply":96607300.359,"total_supply":102357300,"platform":null,"cmc_rank":43,"last_updated":"2020-04-27T08:58:08.000Z","quote":{"USD":{"price":1.50172685783,"volume_24h":408394652.76113,"percent_change_1h":0.114768,"percent_change_24h":0.50268,"percent_change_7d":7.24413,"market_cap":145077777.6115601,"last_updated":"2020-04-27T08:58:08.000Z"}}},{"id":1975,"name":"Chainlink","symbol":"LINK","slug":"chainlink","num_market_pairs":170,"date_added":"2017-09-20T00:00:00.000Z","tags":[],"max_supply":null,"circulating_supply":350000000,"total_supply":1000000000,"platform":{"id":1027,"name":"Ethereum","symbol":"ETH","slug":"ethereum","token_address":"0x514910771af9ca656af840dff83e8264ecf986ca"},"cmc_rank":11,"last_updated":"2020-04-27T08:58:08.000Z","quote":{"USD":{"price":3.61796014642,"volume_24h":397661809.004434,"percent_change_1h":-0.397184,"percent_change_24h":-3.27307,"percent_change_7d":-2.43885,"market_cap":1266286051.247,"last_updated":"2020-04-27T08:58:08.000Z"}}},{"id":2456,"name":"OFCOIN","symbol":"OF","slug":"ofcoin","num_market_pairs":1,"date_added":"2018-01-24T00:00:00.000Z","tags":[],"max_supply":null,"circulating_supply":null,"total_supply":51200000000,"platform":null,"cmc_rank":2030,"last_updated":"2020-04-27T08:58:08.000Z","quote":{"USD":{"price":0.0000451691970571,"volume_24h":361051593.273132,"percent_change_1h":0.0676787,"percent_change_24h":-0.303098,"percent_change_7d":0.0835442,"market_cap":null,"last_updated":"2020-04-27T08:58:08.000Z"}}},{"id":2502,"name":"Huobi Token","symbol":"HT","slug":"huobi-token","num_market_pairs":137,"date_added":"2018-02-03T00:00:00.000Z","tags":[],"max_supply":null,"circulating_supply":222668092.971921,"total_supply":500000000,"platform":{"id":1027,"name":"Ethereum","symbol":"ETH","slug":"ethereum","token_address":"0x6f259637dcd74c767781e37bc6133cd6a68aa161"},"cmc_rank":17,"last_updated":"2020-04-27T08:58:09.000Z","quote":{"USD":{"price":4.05000129661,"volume_24h":351632184.258915,"percent_change_1h":-0.104624,"percent_change_24h":1.6507,"percent_change_7d":4.57095,"market_cap":901806065.249956,"last_updated":"2020-04-27T08:58:09.000Z"}}},{"id":2319,"name":"QCash","symbol":"QC","slug":"qcash","num_market_pairs":91,"date_added":"2019-12-12T00:00:00.000Z","tags":[],"max_supply":10000000000,"circulating_supply":460000200,"total_supply":10000000000,"platform":{"id":1684,"name":"Qtum","symbol":"QTUM","slug":"qtum","token_address":"f2033ede578e17fa6231047265010445bca8cf1c"},"cmc_rank":220,"last_updated":"2020-04-27T08:58:09.000Z","quote":{"USD":{"price":0.140488854072,"volume_24h":327376036.064184,"percent_change_1h":0.21912,"percent_change_24h":-0.173219,"percent_change_7d":0.291667,"market_cap":64624900.97089082,"last_updated":"2020-04-27T08:58:09.000Z"}}},{"id":74,"name":"Dogecoin","symbol":"DOGE","slug":"dogecoin","num_market_pairs":240,"date_added":"2013-12-15T00:00:00.000Z","tags":["mineable"],"max_supply":null,"circulating_supply":124316394253.925,"total_supply":124316394253.925,"platform":null,"cmc_rank":31,"last_updated":"2020-04-27T08:58:06.000Z","quote":{"USD":{"price":0.00231575405343,"volume_24h":287144756.322132,"percent_change_1h":-0.339911,"percent_change_24h":5.56604,"percent_change_7d":13.6159,"market_cap":287886193.9013288,"last_updated":"2020-04-27T08:58:06.000Z"}}},{"id":2011,"name":"Tezos","symbol":"XTZ","slug":"tezos","num_market_pairs":90,"date_added":"2017-10-06T00:00:00.000Z","tags":[],"max_supply":null,"circulating_supply":708483187.093629,"total_supply":708483187.093629,"platform":null,"cmc_rank":10,"last_updated":"2020-04-27T08:58:07.000Z","quote":{"USD":{"price":2.68238657662,"volume_24h":272072681.683445,"percent_change_1h":-0.5458,"percent_change_24h":-4.09245,"percent_change_7d":16.6828,"market_cap":1900425790.8209064,"last_updated":"2020-04-27T08:58:07.000Z"}}},{"id":3794,"name":"Cosmos","symbol":"ATOM","slug":"cosmos","num_market_pairs":121,"date_added":"2019-03-14T00:00:00.000Z","tags":[],"max_supply":null,"circulating_supply":190688439.2,"total_supply":237928230.821588,"platform":null,"cmc_rank":24,"last_updated":"2020-04-27T08:58:13.000Z","quote":{"USD":{"price":2.75446978235,"volume_24h":210826760.818878,"percent_change_1h":0.27998,"percent_change_24h":-2.47588,"percent_change_7d":14.4914,"market_cap":525245543.6198852,"last_updated":"2020-04-27T08:58:13.000Z"}}},{"id":2010,"name":"Cardano","symbol":"ADA","slug":"cardano","num_market_pairs":131,"date_added":"2017-10-01T00:00:00.000Z","tags":["mineable"],"max_supply":45000000000,"circulating_supply":25927070538,"total_supply":31112483745,"platform":null,"cmc_rank":13,"last_updated":"2020-04-27T08:58:08.000Z","quote":{"USD":{"price":0.0457388964058,"volume_24h":188997528.509479,"percent_change_1h":-0.593724,"percent_change_24h":7.77568,"percent_change_7d":26.6894,"market_cap":1185875593.4434512,"last_updated":"2020-04-27T08:58:08.000Z"}}},{"id":3077,"name":"VeChain","symbol":"VET","slug":"vechain","num_market_pairs":98,"date_added":"2017-08-22T00:00:00.000Z","tags":[],"max_supply":null,"circulating_supply":55454734800,"total_supply":86712634466,"platform":null,"cmc_rank":35,"last_updated":"2020-04-27T08:58:11.000Z","quote":{"USD":{"price":0.00441000943393,"volume_24h":181114830.239173,"percent_change_1h":-0.28689,"percent_change_24h":4.01051,"percent_change_7d":11.5709,"market_cap":244555903.62408626,"last_updated":"2020-04-27T08:58:11.000Z"}}},{"id":2566,"name":"Ontology","symbol":"ONT","slug":"ontology","num_market_pairs":119,"date_added":"2018-03-08T00:00:00.000Z","tags":[],"max_supply":null,"circulating_supply":656746573,"total_supply":1000000000,"platform":null,"cmc_rank":29,"last_updated":"2020-04-27T08:58:09.000Z","quote":{"USD":{"price":0.475296098021,"volume_24h":167068377.687985,"percent_change_1h":0.147206,"percent_change_24h":1.80475,"percent_change_7d":14.4116,"market_cap":312149083.5355638,"last_updated":"2020-04-27T08:58:09.000Z"}}},{"id":5370,"name":"Hive","symbol":"HIVE","slug":"hive-blockchain","num_market_pairs":12,"date_added":"2020-03-26T00:00:00.000Z","tags":[],"max_supply":null,"circulating_supply":282554937.522,"total_supply":365925143.394,"platform":null,"cmc_rank":36,"last_updated":"2020-04-27T08:58:16.000Z","quote":{"USD":{"price":0.839058710427,"volume_24h":159147964.782366,"percent_change_1h":-1.94037,"percent_change_24h":31.6163,"percent_change_7d":572.503,"market_cap":237080181.50199088,"last_updated":"2020-04-27T08:58:16.000Z"}}},{"id":3897,"name":"OKB","symbol":"OKB","slug":"okb","num_market_pairs":50,"date_added":"2019-04-30T00:00:00.000Z","tags":[],"max_supply":null,"circulating_supply":60000000,"total_supply":300000000,"platform":{"id":1027,"name":"Ethereum","symbol":"ETH","slug":"ethereum","token_address":"0x75231f58b43240c9718dd58b4967c5114342a86c"},"cmc_rank":30,"last_updated":"2020-04-27T08:58:13.000Z","quote":{"USD":{"price":4.91040057429,"volume_24h":128618466.102487,"percent_change_1h":-0.120682,"percent_change_24h":0.173121,"percent_change_7d":4.20488,"market_cap":294624034.45739996,"last_updated":"2020-04-27T08:58:13.000Z"}}},{"id":1697,"name":"Basic Attention Token","symbol":"BAT","slug":"basic-attention-token","num_market_pairs":183,"date_added":"2017-06-01T00:00:00.000Z","tags":[],"max_supply":null,"circulating_supply":1457527137.0863,"total_supply":1500000000,"platform":{"id":1027,"name":"Ethereum","symbol":"ETH","slug":"ethereum","token_address":"0x0d8775f648430679a709e98d2b0cb6250d2887ef"},"cmc_rank":33,"last_updated":"2020-04-27T08:58:07.000Z","quote":{"USD":{"price":0.180174862412,"volume_24h":118562976.340512,"percent_change_1h":-0.381044,"percent_change_24h":-2.15866,"percent_change_7d":7.54328,"market_cap":262609751.38628036,"last_updated":"2020-04-27T08:58:07.000Z"}}},{"id":1982,"name":"Kyber Network","symbol":"KNC","slug":"kyber-network","num_market_pairs":64,"date_added":"2017-09-24T00:00:00.000Z","tags":[],"max_supply":null,"circulating_supply":180373951.680648,"total_supply":210880500.499512,"platform":{"id":1027,"name":"Ethereum","symbol":"ETH","slug":"ethereum","token_address":"0xdd974d5c2e2928dea5f71b9825b8b646686bd200"},"cmc_rank":49,"last_updated":"2020-04-27T08:58:07.000Z","quote":{"USD":{"price":0.653509380302,"volume_24h":115395812.588436,"percent_change_1h":-1.65282,"percent_change_24h":5.32309,"percent_change_7d":37.2054,"market_cap":117876069.38544317,"last_updated":"2020-04-27T08:58:07.000Z"}}},{"id":328,"name":"Monero","symbol":"XMR","slug":"monero","num_market_pairs":146,"date_added":"2014-05-21T00:00:00.000Z","tags":["mineable"],"max_supply":null,"circulating_supply":17538611.4651057,"total_supply":17538611.4651057,"platform":null,"cmc_rank":14,"last_updated":"2020-04-27T08:58:06.000Z","quote":{"USD":{"price":61.4041035352,"volume_24h":103167663.814409,"percent_change_1h":-0.249049,"percent_change_24h":-0.260706,"percent_change_7d":6.48577,"market_cap":1076942714.2669961,"last_updated":"2020-04-27T08:58:06.000Z"}}},{"id":1808,"name":"OmiseGO","symbol":"OMG","slug":"omisego","num_market_pairs":209,"date_added":"2017-07-14T00:00:00.000Z","tags":[],"max_supply":null,"circulating_supply":140245398.245133,"total_supply":140245398.245133,"platform":{"id":1027,"name":"Ethereum","symbol":"ETH","slug":"ethereum","token_address":"0xd26114cd6EE289AccF82350c8d8487fedB8A0C07"},"cmc_rank":57,"last_updated":"2020-04-27T08:58:08.000Z","quote":{"USD":{"price":0.678518101873,"volume_24h":94975303.1619262,"percent_change_1h":1.60379,"percent_change_24h":5.59551,"percent_change_7d":16.2814,"market_cap":95159041.41371061,"last_updated":"2020-04-27T08:58:08.000Z"}}},{"id":1168,"name":"Decred","symbol":"DCR","slug":"decred","num_market_pairs":49,"date_added":"2016-02-10T00:00:00.000Z","tags":["mineable"],"max_supply":21000000,"circulating_supply":11412958.847071,"total_supply":11412958.847071,"platform":null,"cmc_rank":42,"last_updated":"2020-04-27T08:58:06.000Z","quote":{"USD":{"price":12.9721006534,"volume_24h":94946836.4001842,"percent_change_1h":-0.136031,"percent_change_24h":1.80469,"percent_change_7d":3.97326,"market_cap":148050050.91731703,"last_updated":"2020-04-27T08:58:06.000Z"}}},{"id":3702,"name":"Beam","symbol":"BEAM","slug":"beam","num_market_pairs":32,"date_added":"2019-01-17T00:00:00.000Z","tags":["mineable"],"max_supply":262800000,"circulating_supply":60382280,"total_supply":60382280,"platform":null,"cmc_rank":150,"last_updated":"2020-04-27T08:58:12.000Z","quote":{"USD":{"price":0.329911466966,"volume_24h":93593587.293078,"percent_change_1h":1.77097,"percent_change_24h":-3.63228,"percent_change_7d":21.2898,"market_cap":19920806.573551763,"last_updated":"2020-04-27T08:58:12.000Z"}}},{"id":5031,"name":"MimbleWimbleCoin","symbol":"MWC","slug":"mimblewimblecoin","num_market_pairs":7,"date_added":"2020-02-24T00:00:00.000Z","tags":[],"max_supply":20000000,"circulating_supply":8012932.6569404,"total_supply":10522575.6569404,"platform":null,"cmc_rank":209,"last_updated":"2020-04-27T08:58:16.000Z","quote":{"USD":{"price":19.1096264777,"volume_24h":93294344.1558574,"percent_change_1h":1.22245,"percent_change_24h":5.10922,"percent_change_7d":26.0554,"market_cap":153124150.06509528,"last_updated":"2020-04-27T08:58:16.000Z"}}},{"id":4687,"name":"Binance USD","symbol":"BUSD","slug":"binance-usd","num_market_pairs":61,"date_added":"2019-09-20T00:00:00.000Z","tags":[],"max_supply":null,"circulating_supply":195255128.41,"total_supply":195255128.41,"platform":{"id":1027,"name":"Ethereum","symbol":"ETH","slug":"ethereum","token_address":"0x4Fabb145d64652a948d72533023f6E7A623C7C53"},"cmc_rank":37,"last_updated":"2020-04-27T08:58:14.000Z","quote":{"USD":{"price":1.00248665443,"volume_24h":79507918.9134123,"percent_change_1h":0.121283,"percent_change_24h":-0.287015,"percent_change_7d":-0.191484,"market_cap":195740660.44004095,"last_updated":"2020-04-27T08:58:14.000Z"}}},{"id":1772,"name":"Storj","symbol":"STORJ","slug":"storj","num_market_pairs":32,"date_added":"2017-07-02T00:00:00.000Z","tags":[],"max_supply":null,"circulating_supply":135787438.700013,"total_supply":424999998.000013,"platform":{"id":1027,"name":"Ethereum","symbol":"ETH","slug":"ethereum","token_address":"0xb64ef51c888972c908cfacf59b47c1afbc0ab8ac"},"cmc_rank":177,"last_updated":"2020-04-27T08:58:06.000Z","quote":{"USD":{"price":0.104916805378,"volume_24h":73008171.4106928,"percent_change_1h":0.852543,"percent_change_24h":3.64577,"percent_change_7d":6.94749,"market_cap":14246384.27886637,"last_updated":"2020-04-27T08:58:06.000Z"}}},{"id":4064,"name":"USDK","symbol":"USDK","slug":"usdk","num_market_pairs":37,"date_added":"2019-07-29T00:00:00.000Z","tags":[],"max_supply":null,"circulating_supply":28600072,"total_supply":28600072,"platform":{"id":1027,"name":"Ethereum","symbol":"ETH","slug":"ethereum","token_address":"0x1c48f86ae57291f7686349f12601910bd8d470bb"},"cmc_rank":251,"last_updated":"2020-04-27T08:58:13.000Z","quote":{"USD":{"price":1.0019930336,"volume_24h":70799962.8786428,"percent_change_1h":0.044501,"percent_change_24h":-0.343431,"percent_change_7d":-0.279831,"market_cap":28657072.90445842,"last_updated":"2020-04-27T08:58:13.000Z"}}},{"id":4030,"name":"Algorand","symbol":"ALGO","slug":"algorand","num_market_pairs":77,"date_added":"2019-06-20T00:00:00.000Z","tags":["mineable"],"max_supply":null,"circulating_supply":709771088.313329,"total_supply":3241042931.31333,"platform":null,"cmc_rank":40,"last_updated":"2020-04-27T08:58:13.000Z","quote":{"USD":{"price":0.217704639181,"volume_24h":70127321.6101623,"percent_change_1h":-0.444769,"percent_change_24h":0.563162,"percent_change_7d":14.5489,"market_cap":154520458.68235898,"last_updated":"2020-04-27T08:58:13.000Z"}}},{"id":3718,"name":"BitTorrent","symbol":"BTT","slug":"bittorrent","num_market_pairs":134,"date_added":"2019-01-31T00:00:00.000Z","tags":[],"max_supply":null,"circulating_supply":212116500000,"total_supply":990000000000,"platform":{"id":1958,"name":"TRON","symbol":"TRX","slug":"tron","token_address":"1002000"},"cmc_rank":80,"last_updated":"2020-04-27T08:58:13.000Z","quote":{"USD":{"price":0.000246768017567,"volume_24h":67271625.4153306,"percent_change_1h":-0.011835,"percent_change_24h":-0.084362,"percent_change_7d":7.17446,"market_cap":52343568.198250555,"last_updated":"2020-04-27T08:58:13.000Z"}}},{"id":2307,"name":"Bibox Token","symbol":"BIX","slug":"bibox-token","num_market_pairs":27,"date_added":"2017-12-24T00:00:00.000Z","tags":[],"max_supply":null,"circulating_supply":97882450.27,"total_supply":251424733.27,"platform":{"id":1027,"name":"Ethereum","symbol":"ETH","slug":"ethereum","token_address":"0xb3104b4b9da82025e8b9f8fb28b3553ce2f67069"},"cmc_rank":338,"last_updated":"2020-04-27T08:58:08.000Z","quote":{"USD":{"price":0.0845384846828,"volume_24h":60187578.2662592,"percent_change_1h":1.48975,"percent_change_24h":1.33991,"percent_change_7d":7.30693,"market_cap":8274834.022865327,"last_updated":"2020-04-27T08:58:08.000Z"}}},{"id":1230,"name":"Steem","symbol":"STEEM","slug":"steem","num_market_pairs":31,"date_added":"2016-04-18T00:00:00.000Z","tags":[],"max_supply":null,"circulating_supply":372447095.873,"total_supply":389421189.873,"platform":null,"cmc_rank":61,"last_updated":"2020-04-27T08:58:06.000Z","quote":{"USD":{"price":0.226797193736,"volume_24h":59726966.835014,"percent_change_1h":-5.65028,"percent_change_24h":40.1306,"percent_change_7d":44.6465,"market_cap":84469956.15911935,"last_updated":"2020-04-27T08:58:06.000Z"}}},{"id":2280,"name":"Filecoin [Futures]","symbol":"FIL","slug":"filecoin","num_market_pairs":4,"date_added":"2017-12-13T00:00:00.000Z","tags":["mineable"],"max_supply":null,"circulating_supply":null,"total_supply":null,"platform":null,"cmc_rank":2031,"last_updated":"2020-04-27T08:58:08.000Z","quote":{"USD":{"price":5.0825314296,"volume_24h":58029416.9169014,"percent_change_1h":0.988886,"percent_change_24h":-1.56637,"percent_change_7d":0.0508496,"market_cap":null,"last_updated":"2020-04-27T08:58:08.000Z"}}},{"id":2349,"name":"Mixin","symbol":"XIN","slug":"mixin","num_market_pairs":8,"date_added":"2018-01-09T00:00:00.000Z","tags":[],"max_supply":1000000,"circulating_supply":510562.069650666,"total_supply":1000000,"platform":{"id":1027,"name":"Ethereum","symbol":"ETH","slug":"ethereum","token_address":"0xa974c709cfb4566686553a20790685a47aceaa33"},"cmc_rank":217,"last_updated":"2020-04-27T08:58:08.000Z","quote":{"USD":{"price":165.717575898,"volume_24h":56421189.2430016,"percent_change_1h":0.0341616,"percent_change_24h":-1.89296,"percent_change_7d":-2.41824,"market_cap":84609108.5279742,"last_updated":"2020-04-27T08:58:08.000Z"}}},{"id":1274,"name":"Waves","symbol":"WAVES","slug":"waves","num_market_pairs":145,"date_added":"2016-06-02T00:00:00.000Z","tags":[],"max_supply":null,"circulating_supply":101777038,"total_supply":101777038,"platform":null,"cmc_rank":54,"last_updated":"2020-04-27T08:58:07.000Z","quote":{"USD":{"price":1.09016188386,"volume_24h":56281600.3755946,"percent_change_1h":3.03183,"percent_change_24h":6.7361,"percent_change_7d":6.28114,"market_cap":110953447.47977081,"last_updated":"2020-04-27T08:58:07.000Z"}}},{"id":4229,"name":"Yobit Token","symbol":"YO","slug":"yobit-token","num_market_pairs":11,"date_added":"2019-09-03T00:00:00.000Z","tags":[],"max_supply":null,"circulating_supply":null,"total_supply":17000,"platform":{"id":1027,"name":"Ethereum","symbol":"ETH","slug":"ethereum","token_address":"0xebf4ca5319f406602eeff68da16261f1216011b5"},"cmc_rank":2032,"last_updated":"2020-04-27T08:58:13.000Z","quote":{"USD":{"price":783.456203428,"volume_24h":51456187.2897494,"percent_change_1h":0.390307,"percent_change_24h":1.87515,"percent_change_7d":9.35042,"market_cap":null,"last_updated":"2020-04-27T08:58:13.000Z"}}},{"id":1776,"name":"MCO","symbol":"MCO","slug":"crypto-com","num_market_pairs":61,"date_added":"2017-07-03T00:00:00.000Z","tags":[],"max_supply":null,"circulating_supply":15793831.0949625,"total_supply":31587682.3632061,"platform":{"id":1027,"name":"Ethereum","symbol":"ETH","slug":"ethereum","token_address":"0xb63b606ac810a52cca15e44bb630fd42d8d1d83d"},"cmc_rank":62,"last_updated":"2020-04-27T08:58:06.000Z","quote":{"USD":{"price":5.07855703858,"volume_24h":50457104.5995546,"percent_change_1h":-0.0734744,"percent_change_24h":-0.412228,"percent_change_7d":-0.515202,"market_cap":80209872.07346547,"last_updated":"2020-04-27T08:58:06.000Z"}}},{"id":1866,"name":"Bytom","symbol":"BTM","slug":"bytom","num_market_pairs":54,"date_added":"2017-08-08T00:00:00.000Z","tags":["mineable"],"max_supply":null,"circulating_supply":1002499275,"total_supply":1407000000,"platform":null,"cmc_rank":69,"last_updated":"2020-04-27T08:58:07.000Z","quote":{"USD":{"price":0.0674350415466,"volume_24h":48973589.9207749,"percent_change_1h":-0.45593,"percent_change_24h":10.7343,"percent_change_7d":16.4973,"market_cap":67603580.26006138,"last_updated":"2020-04-27T08:58:07.000Z"}}},{"id":3657,"name":"Lambda","symbol":"LAMB","slug":"lambda","num_market_pairs":41,"date_added":"2019-01-02T00:00:00.000Z","tags":[],"max_supply":10000000000,"circulating_supply":648117219.867451,"total_supply":6000000000,"platform":{"id":1027,"name":"Ethereum","symbol":"ETH","slug":"ethereum","token_address":"0x8971f9fd7196e5cee2c1032b50f656855af7dd26"},"cmc_rank":316,"last_updated":"2020-04-27T08:58:12.000Z","quote":{"USD":{"price":0.0143433242653,"volume_24h":47859825.0550585,"percent_change_1h":-0.46798,"percent_change_24h":1.53564,"percent_change_7d":8.40262,"market_cap":9296155.446483584,"last_updated":"2020-04-27T08:58:12.000Z"}}},{"id":3437,"name":"ABBC Coin","symbol":"ABBC","slug":"abbc-coin","num_market_pairs":42,"date_added":"2018-10-12T00:00:00.000Z","tags":["mineable"],"max_supply":null,"circulating_supply":555416924.350722,"total_supply":1003278750.0109,"platform":null,"cmc_rank":71,"last_updated":"2020-04-27T08:58:11.000Z","quote":{"USD":{"price":0.117157970887,"volume_24h":46985068.3924817,"percent_change_1h":0.22224,"percent_change_24h":-0.236593,"percent_change_7d":2.09485,"market_cap":65071519.853228964,"last_updated":"2020-04-27T08:58:11.000Z"}}},{"id":2099,"name":"ICON","symbol":"ICX","slug":"icon","num_market_pairs":61,"date_added":"2017-10-27T00:00:00.000Z","tags":[],"max_supply":null,"circulating_supply":538543998.838798,"total_supply":800460000,"platform":null,"cmc_rank":41,"last_updated":"2020-04-27T08:58:07.000Z","quote":{"USD":{"price":0.286127800164,"volume_24h":45446119.5964663,"percent_change_1h":-0.247509,"percent_change_24h":-0.901268,"percent_change_7d":19.3994,"market_cap":154092409.67926908,"last_updated":"2020-04-27T08:58:07.000Z"}}},{"id":1896,"name":"0x","symbol":"ZRX","slug":"0x","num_market_pairs":179,"date_added":"2017-08-16T00:00:00.000Z","tags":[],"max_supply":null,"circulating_supply":652285423.432216,"total_supply":1000000000,"platform":{"id":1027,"name":"Ethereum","symbol":"ETH","slug":"ethereum","token_address":"0xe41d2489571d322189246dafa5ebde1f4699f498"},"cmc_rank":45,"last_updated":"2020-04-27T08:58:08.000Z","quote":{"USD":{"price":0.205654407544,"volume_24h":43892894.7238724,"percent_change_1h":-1.18307,"percent_change_24h":10.0455,"percent_change_7d":18.5931,"market_cap":134145372.30553956,"last_updated":"2020-04-27T08:58:08.000Z"}}},{"id":2083,"name":"Bitcoin Gold","symbol":"BTG","slug":"bitcoin-gold","num_market_pairs":73,"date_added":"2017-10-23T00:00:00.000Z","tags":["mineable"],"max_supply":21000000,"circulating_supply":17513923.589,"total_supply":17513923.589,"platform":null,"cmc_rank":39,"last_updated":"2020-04-27T08:58:07.000Z","quote":{"USD":{"price":9.41944064867,"volume_24h":43137583.9088098,"percent_change_1h":-0.0621686,"percent_change_24h":-0.322005,"percent_change_7d":-2.20066,"market_cap":164971363.77192697,"last_updated":"2020-04-27T08:58:07.000Z"}}},{"id":3306,"name":"Gemini Dollar","symbol":"GUSD","slug":"gemini-dollar","num_market_pairs":31,"date_added":"2018-10-05T00:00:00.000Z","tags":[],"max_supply":null,"circulating_supply":5884964.1,"total_supply":5884964.1,"platform":{"id":1027,"name":"Ethereum","symbol":"ETH","slug":"ethereum","token_address":"0x056Fd409E1d7A124BD7017459dFEa2F387b6d5Cd"},"cmc_rank":406,"last_updated":"2020-04-27T08:58:11.000Z","quote":{"USD":{"price":0.998409503478,"volume_24h":42289248.0314759,"percent_change_1h":0.0701292,"percent_change_24h":-1.18368,"percent_change_7d":-0.498338,"market_cap":5875604.085066854,"last_updated":"2020-04-27T08:58:11.000Z"}}},{"id":624,"name":"bitCNY","symbol":"BITCNY","slug":"bitcny","num_market_pairs":23,"date_added":"2014-09-23T00:00:00.000Z","tags":[],"max_supply":null,"circulating_supply":31142800,"total_supply":31142800,"platform":{"id":463,"name":"BitShares","symbol":"BTS","slug":"bitshares","token_address":"CNY"},"cmc_rank":487,"last_updated":"2020-04-27T08:58:05.000Z","quote":{"USD":{"price":0.140649555651,"volume_24h":42034079.5638558,"percent_change_1h":0.167523,"percent_change_24h":-0.361584,"percent_change_7d":0.0236699,"market_cap":4380220.981727963,"last_updated":"2020-04-27T08:58:05.000Z"}}},{"id":3709,"name":"Grin","symbol":"GRIN","slug":"grin","num_market_pairs":60,"date_added":"2019-01-27T00:00:00.000Z","tags":["mineable"],"max_supply":null,"circulating_supply":40239660,"total_supply":40239660,"platform":null,"cmc_rank":145,"last_updated":"2020-04-27T08:58:13.000Z","quote":{"USD":{"price":0.513436000885,"volume_24h":39345467.7456829,"percent_change_1h":-0.582172,"percent_change_24h":-2.0511,"percent_change_7d":5.12331,"market_cap":20660490.107372098,"last_updated":"2020-04-27T08:58:13.000Z"}}},{"id":3351,"name":"ZB Token","symbol":"ZB","slug":"zb-token","num_market_pairs":11,"date_added":"2018-09-27T00:00:00.000Z","tags":[],"max_supply":null,"circulating_supply":463288810,"total_supply":2100000000,"platform":{"id":1027,"name":"Ethereum","symbol":"ETH","slug":"ethereum","token_address":"0xbd0793332e9fb844a52a205a233ef27a5b34b927"},"cmc_rank":53,"last_updated":"2020-04-27T08:58:11.000Z","quote":{"USD":{"price":0.244700748554,"volume_24h":39174337.9015131,"percent_change_1h":0.0359866,"percent_change_24h":0.394191,"percent_change_7d":2.57294,"market_cap":113367118.60369189,"last_updated":"2020-04-27T08:58:11.000Z"}}},{"id":2405,"name":"IOST","symbol":"IOST","slug":"iostoken","num_market_pairs":85,"date_added":"2018-01-16T00:00:00.000Z","tags":[],"max_supply":null,"circulating_supply":12013965608.8475,"total_supply":21000000000,"platform":null,"cmc_rank":95,"last_updated":"2020-04-27T08:58:09.000Z","quote":{"USD":{"price":0.00351942694846,"volume_24h":38436842.0689429,"percent_change_1h":-0.0837671,"percent_change_24h":-0.944136,"percent_change_7d":6.47016,"market_cap":42282274.321649544,"last_updated":"2020-04-27T08:58:09.000Z"}}},{"id":2457,"name":"TrueChain","symbol":"TRUE","slug":"truechain","num_market_pairs":16,"date_added":"2018-01-24T00:00:00.000Z","tags":[],"max_supply":null,"circulating_supply":79575542.96,"total_supply":100000000,"platform":null,"cmc_rank":130,"last_updated":"2020-04-27T08:58:08.000Z","quote":{"USD":{"price":0.308858224943,"volume_24h":33486490.4521652,"percent_change_1h":10.2264,"percent_change_24h":15.1925,"percent_change_7d":16.1998,"market_cap":24577560.94750104,"last_updated":"2020-04-27T08:58:08.000Z"}}},{"id":1104,"name":"Augur","symbol":"REP","slug":"augur","num_market_pairs":73,"date_added":"2015-10-27T00:00:00.000Z","tags":[],"max_supply":null,"circulating_supply":11000000,"total_supply":11000000,"platform":{"id":1027,"name":"Ethereum","symbol":"ETH","slug":"ethereum","token_address":"0x1985365e9f78359a9b6ad760e32412f4a445e862"},"cmc_rank":52,"last_updated":"2020-04-27T08:58:06.000Z","quote":{"USD":{"price":10.3521187902,"volume_24h":32786371.1521325,"percent_change_1h":0.109887,"percent_change_24h":-0.60563,"percent_change_7d":2.29622,"market_cap":113873306.6922,"last_updated":"2020-04-27T08:58:06.000Z"}}},{"id":3945,"name":"Harmony","symbol":"ONE","slug":"harmony","num_market_pairs":20,"date_added":"2019-06-01T00:00:00.000Z","tags":[],"max_supply":null,"circulating_supply":4596807869,"total_supply":12600000000,"platform":null,"cmc_rank":194,"last_updated":"2020-04-27T08:58:13.000Z","quote":{"USD":{"price":0.00264666917768,"volume_24h":30687307.9944224,"percent_change_1h":-0.41906,"percent_change_24h":0.56243,"percent_change_7d":13.0711,"market_cap":12166229.702599183,"last_updated":"2020-04-27T08:58:13.000Z"}}},{"id":2588,"name":"Loom Network","symbol":"LOOM","slug":"loom-network","num_market_pairs":65,"date_added":"2018-03-14T00:00:00.000Z","tags":[],"max_supply":null,"circulating_supply":970066177.429225,"total_supply":1000000000,"platform":{"id":1027,"name":"Ethereum","symbol":"ETH","slug":"ethereum","token_address":"0xa4e8c3ec456107ea67d3075bf9e3df3a75823db0"},"cmc_rank":169,"last_updated":"2020-04-27T08:58:09.000Z","quote":{"USD":{"price":0.0155463906506,"volume_24h":30349308.9994701,"percent_change_1h":0.904046,"percent_change_24h":2.16682,"percent_change_7d":7.34158,"market_cap":15081027.751248984,"last_updated":"2020-04-27T08:58:09.000Z"}}},{"id":2130,"name":"Enjin Coin","symbol":"ENJ","slug":"enjin-coin","num_market_pairs":61,"date_added":"2017-11-01T00:00:00.000Z","tags":[],"max_supply":null,"circulating_supply":814772129.064264,"total_supply":1000000000,"platform":{"id":1027,"name":"Ethereum","symbol":"ETH","slug":"ethereum","token_address":"0xf629cbd94d3791c9250152bd8dfbdf380e2a3b9c"},"cmc_rank":51,"last_updated":"2020-04-27T08:58:08.000Z","quote":{"USD":{"price":0.140342653925,"volume_24h":30272264.2379059,"percent_change_1h":-0.590312,"percent_change_24h":-7.00188,"percent_change_7d":37.7716,"market_cap":114347282.93700145,"last_updated":"2020-04-27T08:58:08.000Z"}}},{"id":3890,"name":"Matic Network","symbol":"MATIC","slug":"matic-network","num_market_pairs":51,"date_added":"2019-04-28T00:00:00.000Z","tags":[],"max_supply":null,"circulating_supply":3433504398,"total_supply":10000000000,"platform":{"id":1027,"name":"Ethereum","symbol":"ETH","slug":"ethereum","token_address":"0x7D1AfA7B718fb893dB30A3aBc0Cfc608AaCfeBB0"},"cmc_rank":82,"last_updated":"2020-04-27T08:58:13.000Z","quote":{"USD":{"price":0.0151444529169,"volume_24h":29402344.1874694,"percent_change_1h":-0.979944,"percent_change_24h":-0.428677,"percent_change_7d":16.29,"market_cap":51998545.69548008,"last_updated":"2020-04-27T08:58:13.000Z"}}},{"id":109,"name":"DigiByte","symbol":"DGB","slug":"digibyte","num_market_pairs":77,"date_added":"2014-02-06T00:00:00.000Z","tags":["mineable"],"max_supply":21000000000,"circulating_supply":13076736921.9279,"total_supply":13076736921.9279,"platform":null,"cmc_rank":38,"last_updated":"2020-04-27T08:58:05.000Z","quote":{"USD":{"price":0.0132317460943,"volume_24h":25510234.1393959,"percent_change_1h":0.938281,"percent_change_24h":-16.1892,"percent_change_7d":60.6224,"market_cap":173028062.69290808,"last_updated":"2020-04-27T08:58:05.000Z"}}},{"id":2830,"name":"Seele","symbol":"SEELE","slug":"seele","num_market_pairs":18,"date_added":"2018-05-31T00:00:00.000Z","tags":[],"max_supply":null,"circulating_supply":699592066.289478,"total_supply":1000000000,"platform":{"id":1027,"name":"Ethereum","symbol":"ETH","slug":"ethereum","token_address":"0xb1eef147028e9f480dbc5ccaa3277d417d1b85f0"},"cmc_rank":74,"last_updated":"2020-04-27T08:58:09.000Z","quote":{"USD":{"price":0.0884063782193,"volume_24h":24532695.5772944,"percent_change_1h":-1.01851,"percent_change_24h":-1.10971,"percent_change_7d":15.2006,"market_cap":61848400.811609186,"last_updated":"2020-04-27T08:58:09.000Z"}}},{"id":4779,"name":"HUSD","symbol":"HUSD","slug":"husd","num_market_pairs":18,"date_added":"2019-10-15T00:00:00.000Z","tags":[],"max_supply":null,"circulating_supply":null,"total_supply":87094416.0933887,"platform":{"id":1027,"name":"Ethereum","symbol":"ETH","slug":"ethereum","token_address":"0xdf574c24545e5ffecb9a659c229253d4111d87e1"},"cmc_rank":2033,"last_updated":"2020-04-27T08:58:14.000Z","quote":{"USD":{"price":1.00275798156,"volume_24h":23087617.3862199,"percent_change_1h":0.0661304,"percent_change_24h":-0.303479,"percent_change_7d":-0.152337,"market_cap":null,"last_updated":"2020-04-27T08:58:14.000Z"}}},{"id":5217,"name":"3X Long Ethereum Token","symbol":"ETHBULL","slug":"3x-long-ethereum-token","num_market_pairs":7,"date_added":"2020-02-11T00:00:00.000Z","tags":[],"max_supply":null,"circulating_supply":null,"total_supply":2688.70054275,"platform":{"id":1027,"name":"Ethereum","symbol":"ETH","slug":"ethereum","token_address":"0x871baed4088b863fd6407159f3672d70cd34837d"},"cmc_rank":2034,"last_updated":"2020-04-27T08:58:15.000Z","quote":{"USD":{"price":208.353200674,"volume_24h":22360951.5114061,"percent_change_1h":-0.3692,"percent_change_24h":1.85994,"percent_change_7d":21.3479,"market_cap":null,"last_updated":"2020-04-27T08:58:15.000Z"}}},{"id":2299,"name":"aelf","symbol":"ELF","slug":"aelf","num_market_pairs":79,"date_added":"2017-12-21T00:00:00.000Z","tags":[],"max_supply":1000000000,"circulating_supply":544480199.986466,"total_supply":879999999.986466,"platform":{"id":1027,"name":"Ethereum","symbol":"ETH","slug":"ethereum","token_address":"0xbf2179859fc6d5bee9bf9158632dc51678a4100e"},"cmc_rank":99,"last_updated":"2020-04-27T08:58:08.000Z","quote":{"USD":{"price":0.0683990081103,"volume_24h":22324539.7308104,"percent_change_1h":0.999459,"percent_change_24h":4.30306,"percent_change_7d":9.1365,"market_cap":37241905.61477206,"last_updated":"2020-04-27T08:58:08.000Z"}}},{"id":2577,"name":"Ravencoin","symbol":"RVN","slug":"ravencoin","num_market_pairs":50,"date_added":"2018-03-10T00:00:00.000Z","tags":["mineable"],"max_supply":21000000000,"circulating_supply":6031560000,"total_supply":6031560000,"platform":null,"cmc_rank":50,"last_updated":"2020-04-27T08:58:09.000Z","quote":{"USD":{"price":0.019085777125,"volume_24h":21843055.0438927,"percent_change_1h":-0.499792,"percent_change_24h":-6.45684,"percent_change_7d":10.7963,"market_cap":115117009.87606502,"last_updated":"2020-04-27T08:58:09.000Z"}}},{"id":5477,"name":"ECOChain","symbol":"ECOC","slug":"ecochain","num_market_pairs":1,"date_added":"2020-04-20T00:00:00.000Z","tags":[],"max_supply":2000000000,"circulating_supply":null,"total_supply":223217150,"platform":null,"cmc_rank":2035,"last_updated":"2020-04-27T08:58:15.000Z","quote":{"USD":{"price":2.17818917089,"volume_24h":21791999.9659989,"percent_change_1h":-0.500306,"percent_change_24h":2.49839,"percent_change_7d":114.927,"market_cap":null,"last_updated":"2020-04-27T08:58:15.000Z"}}},{"id":1903,"name":"HyperCash","symbol":"HC","slug":"hypercash","num_market_pairs":32,"date_added":"2017-08-20T00:00:00.000Z","tags":["mineable"],"max_supply":84000000,"circulating_supply":44590828.129052,"total_supply":44590828.129052,"platform":null,"cmc_rank":87,"last_updated":"2020-04-27T08:58:07.000Z","quote":{"USD":{"price":1.08517755165,"volume_24h":20967642.7823509,"percent_change_1h":0.357524,"percent_change_24h":1.45934,"percent_change_7d":5.77382,"market_cap":48388965.695130594,"last_updated":"2020-04-27T08:58:07.000Z"}}},{"id":5414,"name":"3x Long EOS Token","symbol":"EOSBULL","slug":"3x-long-eos-token","num_market_pairs":5,"date_added":"2020-04-06T00:00:00.000Z","tags":[],"max_supply":null,"circulating_supply":null,"total_supply":1057300.976,"platform":{"id":1027,"name":"Ethereum","symbol":"ETH","slug":"ethereum","token_address":"0xeaD7F3ae4e0Bb0D8785852Cc37CC9d0B5e75c06a"},"cmc_rank":2036,"last_updated":"2020-04-27T08:58:15.000Z","quote":{"USD":{"price":6.19385060778,"volume_24h":20131007.4628761,"percent_change_1h":-0.446141,"percent_change_24h":3.66325,"percent_change_7d":11.9608,"market_cap":null,"last_updated":"2020-04-27T08:58:15.000Z"}}},{"id":2341,"name":"SwftCoin","symbol":"SWFTC","slug":"swftcoin","num_market_pairs":13,"date_added":"2018-01-04T00:00:00.000Z","tags":[],"max_supply":null,"circulating_supply":4004999999,"total_supply":10000000000,"platform":{"id":1027,"name":"Ethereum","symbol":"ETH","slug":"ethereum","token_address":"0x0bb217e40f8a5cb79adf04e1aab60e5abd0dfc1e"},"cmc_rank":395,"last_updated":"2020-04-27T08:58:08.000Z","quote":{"USD":{"price":0.00153693258427,"volume_24h":19284707.3222453,"percent_change_1h":1.3073,"percent_change_24h":0.341826,"percent_change_7d":25.9483,"market_cap":6155414.998464418,"last_updated":"2020-04-27T08:58:08.000Z"}}},{"id":1966,"name":"Decentraland","symbol":"MANA","slug":"decentraland","num_market_pairs":75,"date_added":"2017-09-17T00:00:00.000Z","tags":[],"max_supply":null,"circulating_supply":1370180655.67155,"total_supply":2197925265.03415,"platform":{"id":1027,"name":"Ethereum","symbol":"ETH","slug":"ethereum","token_address":"0x0f5d2fb29fb7d3cfee444a200298f468908cc942"},"cmc_rank":96,"last_updated":"2020-04-27T08:58:07.000Z","quote":{"USD":{"price":0.0307633133631,"volume_24h":17947547.0993129,"percent_change_1h":0.605164,"percent_change_24h":5.70725,"percent_change_7d":6.12256,"market_cap":42151296.874481715,"last_updated":"2020-04-27T08:58:07.000Z"}}},{"id":5221,"name":"Handshake ","symbol":"HNS","slug":"handshake","num_market_pairs":10,"date_added":"2020-02-22T00:00:00.000Z","tags":[],"max_supply":null,"circulating_supply":268078892.322,"total_supply":2040000000,"platform":null,"cmc_rank":243,"last_updated":"2020-04-27T08:58:15.000Z","quote":{"USD":{"price":0.120292108102,"volume_24h":17782192.9119,"percent_change_1h":-0.102041,"percent_change_24h":1.81106,"percent_change_7d":-0.895338,"market_cap":32247775.095062442,"last_updated":"2020-04-27T08:58:15.000Z"}}},{"id":5198,"name":"Creditcoin","symbol":"CTC","slug":"creditcoin","num_market_pairs":3,"date_added":"2020-01-31T00:00:00.000Z","tags":[],"max_supply":null,"circulating_supply":null,"total_supply":600000000,"platform":null,"cmc_rank":2037,"last_updated":"2020-04-27T08:58:15.000Z","quote":{"USD":{"price":0.312366250445,"volume_24h":17507754.4502633,"percent_change_1h":-0.127629,"percent_change_24h":-14.0117,"percent_change_7d":-25.2416,"market_cap":null,"last_updated":"2020-04-27T08:58:15.000Z"}}},{"id":4942,"name":"Digital Gold","symbol":"GOLD","slug":"digital-gold","num_market_pairs":3,"date_added":"2019-11-18T00:00:00.000Z","tags":[],"max_supply":null,"circulating_supply":11545.668,"total_supply":17190.543,"platform":{"id":1027,"name":"Ethereum","symbol":"ETH","slug":"ethereum","token_address":"0x0d16450d347c12c086d6c94c76c5aaac35ea07e0"},"cmc_rank":988,"last_updated":"2020-04-27T08:58:14.000Z","quote":{"USD":{"price":56.414552291,"volume_24h":17106656.0892998,"percent_change_1h":-0.309758,"percent_change_24h":1.24852,"percent_change_7d":2.70089,"market_cap":651343.6911205254,"last_updated":"2020-04-27T08:58:14.000Z"}}},{"id":5161,"name":"WazirX","symbol":"WRX","slug":"wazirx","num_market_pairs":12,"date_added":"2020-02-06T00:00:00.000Z","tags":[],"max_supply":null,"circulating_supply":107404950.010102,"total_supply":1000000000,"platform":{"id":1839,"name":"Binance Coin","symbol":"BNB","slug":"binance-coin","token_address":"bnb19cvhgyrxmkw30hlqs9c5lp966drjzyylytl74z"},"cmc_rank":165,"last_updated":"2020-04-27T08:58:15.000Z","quote":{"USD":{"price":0.144362599017,"volume_24h":16507514.1506505,"percent_change_1h":-0.0128818,"percent_change_24h":0.268749,"percent_change_7d":1.85547,"market_cap":15505257.730749285,"last_updated":"2020-04-27T08:58:15.000Z"}}},{"id":5085,"name":"Building Cities Beyond Blockchain","symbol":"BCB","slug":"building-cities-beyond-blockchain","num_market_pairs":3,"date_added":"2019-12-30T00:00:00.000Z","tags":[],"max_supply":66000000,"circulating_supply":null,"total_supply":66000000,"platform":null,"cmc_rank":2038,"last_updated":"2020-04-27T08:58:14.000Z","quote":{"USD":{"price":2.57527152016,"volume_24h":16466785.0260529,"percent_change_1h":0.0470733,"percent_change_24h":-0.524441,"percent_change_7d":-0.681214,"market_cap":null,"last_updated":"2020-04-27T08:58:14.000Z"}}},{"id":4078,"name":"Super Zero","symbol":"SERO","slug":"super-zero","num_market_pairs":15,"date_added":"2019-07-19T00:00:00.000Z","tags":[],"max_supply":647367590,"circulating_supply":257682109,"total_supply":645099165,"platform":null,"cmc_rank":142,"last_updated":"2020-04-27T08:58:13.000Z","quote":{"USD":{"price":0.0813809378346,"volume_24h":16378380.3664596,"percent_change_1h":0.622479,"percent_change_24h":6.79048,"percent_change_7d":6.39608,"market_cap":20970411.69361762,"last_updated":"2020-04-27T08:58:13.000Z"}}},{"id":3217,"name":"Ontology Gas","symbol":"ONG","slug":"ontology-gas","num_market_pairs":53,"date_added":"2018-08-23T00:00:00.000Z","tags":[],"max_supply":null,"circulating_supply":null,"total_supply":1000000000,"platform":{"id":2566,"name":"Ontology","symbol":"ONT","slug":"ontology","token_address":""},"cmc_rank":2039,"last_updated":"2020-04-27T08:58:11.000Z","quote":{"USD":{"price":0.091578757437,"volume_24h":16090116.4621121,"percent_change_1h":0.0189137,"percent_change_24h":1.79385,"percent_change_7d":6.87764,"market_cap":null,"last_updated":"2020-04-27T08:58:11.000Z"}}},{"id":1759,"name":"Status","symbol":"SNT","slug":"status","num_market_pairs":84,"date_added":"2017-06-28T00:00:00.000Z","tags":[],"max_supply":null,"circulating_supply":3470483788,"total_supply":6804870174,"platform":{"id":1027,"name":"Ethereum","symbol":"ETH","slug":"ethereum","token_address":"0x744d70fdbe2ba4cf95131626614a1763df805b9e"},"cmc_rank":72,"last_updated":"2020-04-27T08:58:07.000Z","quote":{"USD":{"price":0.018727582119,"volume_24h":15879528.5207487,"percent_change_1h":0.201843,"percent_change_24h":-1.84399,"percent_change_7d":6.39332,"market_cap":64993770.13242819,"last_updated":"2020-04-27T08:58:07.000Z"}}},{"id":5117,"name":"Origin Protocol","symbol":"OGN","slug":"origin-protocol","num_market_pairs":15,"date_added":"2020-01-09T00:00:00.000Z","tags":[],"max_supply":null,"circulating_supply":33523273.02,"total_supply":1000000000,"platform":{"id":1027,"name":"Ethereum","symbol":"ETH","slug":"ethereum","token_address":"0x8207c1ffc5b6804f6024322ccf34f29c3541ae26"},"cmc_rank":352,"last_updated":"2020-04-27T08:58:15.000Z","quote":{"USD":{"price":0.231967855299,"volume_24h":15373410.6595537,"percent_change_1h":-0.912684,"percent_change_24h":-4.25267,"percent_change_7d":0.5591,"market_cap":7776321.745052231,"last_updated":"2020-04-27T08:58:15.000Z"}}},{"id":4273,"name":"Sessia","symbol":"KICKS","slug":"sessia","num_market_pairs":2,"date_added":"2019-08-21T00:00:00.000Z","tags":[],"max_supply":null,"circulating_supply":6145759.45571843,"total_supply":100000000,"platform":{"id":1027,"name":"Ethereum","symbol":"ETH","slug":"ethereum","token_address":"0xd91a6162f146ef85922d9a15ee6eb14a00344586"},"cmc_rank":978,"last_updated":"2020-04-27T08:58:13.000Z","quote":{"USD":{"price":0.107906423475,"volume_24h":15066451.6769342,"percent_change_1h":0.400952,"percent_change_24h":1.90827,"percent_change_7d":5.23683,"market_cap":663166.9224042384,"last_updated":"2020-04-27T08:58:13.000Z"}}},{"id":5126,"name":"Soda Coin","symbol":"SOC","slug":"soda-coin","num_market_pairs":4,"date_added":"2020-02-11T00:00:00.000Z","tags":[],"max_supply":null,"circulating_supply":null,"total_supply":2000000000,"platform":{"id":1027,"name":"Ethereum","symbol":"ETH","slug":"ethereum","token_address":"0xcaD49C39B72c37B32cEe8b14F33F316D3a8bC335"},"cmc_rank":2040,"last_updated":"2020-04-27T08:58:14.000Z","quote":{"USD":{"price":0.00994504671165,"volume_24h":14797267.179323,"percent_change_1h":-1.01093,"percent_change_24h":-0.267274,"percent_change_7d":0.828399,"market_cap":null,"last_updated":"2020-04-27T08:58:14.000Z"}}},{"id":2469,"name":"Zilliqa","symbol":"ZIL","slug":"zilliqa","num_market_pairs":108,"date_added":"2018-01-25T00:00:00.000Z","tags":["mineable"],"max_supply":21000000000,"circulating_supply":10081774154.9246,"total_supply":13373241307.9246,"platform":null,"cmc_rank":84,"last_updated":"2020-04-27T08:58:09.000Z","quote":{"USD":{"price":0.00512131200609,"volume_24h":14671090.7869825,"percent_change_1h":-0.170304,"percent_change_24h":4.65235,"percent_change_7d":19.1062,"market_cap":51631911.02230322,"last_updated":"2020-04-27T08:58:09.000Z"}}},{"id":2570,"name":"TomoChain","symbol":"TOMO","slug":"tomochain","num_market_pairs":23,"date_added":"2018-03-08T00:00:00.000Z","tags":["mineable"],"max_supply":null,"circulating_supply":70482425,"total_supply":100000000,"platform":null,"cmc_rank":133,"last_updated":"2020-04-27T08:58:09.000Z","quote":{"USD":{"price":0.344627638757,"volume_24h":14064314.9247005,"percent_change_1h":-0.904249,"percent_change_24h":-2.90599,"percent_change_7d":7.10359,"market_cap":24290191.701617345,"last_updated":"2020-04-27T08:58:09.000Z"}}},{"id":4943,"name":"Multi-collateral DAI","symbol":"DAI","slug":"multi-collateral-dai","num_market_pairs":75,"date_added":"2019-11-22T00:00:00.000Z","tags":[],"max_supply":null,"circulating_supply":96525334.7889828,"total_supply":96926225.0011279,"platform":{"id":1027,"name":"Ethereum","symbol":"ETH","slug":"ethereum","token_address":"0x6b175474e89094c44da98b954eedeac495271d0f"},"cmc_rank":56,"last_updated":"2020-04-27T08:58:15.000Z","quote":{"USD":{"price":0.998034196265,"volume_24h":13768591.6225016,"percent_change_1h":-0.00865891,"percent_change_24h":-1.48366,"percent_change_7d":-1.22111,"market_cap":96335584.92533249,"last_updated":"2020-04-27T08:58:15.000Z"}}},{"id":5295,"name":"3X Long BNB Token","symbol":"BNBBULL","slug":"3x-long-bnb-token","num_market_pairs":5,"date_added":"2020-03-11T00:00:00.000Z","tags":[],"max_supply":null,"circulating_supply":null,"total_supply":4975.41633724,"platform":{"id":1027,"name":"Ethereum","symbol":"ETH","slug":"ethereum","token_address":"0x9d1a62c2ad99019768b9126fda004a9952853f6e"},"cmc_rank":2041,"last_updated":"2020-04-27T08:58:15.000Z","quote":{"USD":{"price":117.737573873,"volume_24h":13441196.0537166,"percent_change_1h":0.429416,"percent_change_24h":2.70769,"percent_change_7d":3.38331,"market_cap":null,"last_updated":"2020-04-27T08:58:15.000Z"}}},{"id":4899,"name":"Yap Stone","symbol":"YAP","slug":"yap-stone","num_market_pairs":14,"date_added":"2019-11-09T00:00:00.000Z","tags":[],"max_supply":null,"circulating_supply":150000000,"total_supply":1000000000,"platform":{"id":1027,"name":"Ethereum","symbol":"ETH","slug":"ethereum","token_address":""},"cmc_rank":117,"last_updated":"2020-04-27T08:58:14.000Z","quote":{"USD":{"price":0.19680166342,"volume_24h":13415819.7262512,"percent_change_1h":0.0103255,"percent_change_24h":-8.84587,"percent_change_7d":-6.32014,"market_cap":29520249.513,"last_updated":"2020-04-27T08:58:14.000Z"}}},{"id":1720,"name":"IOTA","symbol":"MIOTA","slug":"iota","num_market_pairs":53,"date_added":"2017-06-13T00:00:00.000Z","tags":[],"max_supply":2779530283,"circulating_supply":2779530283,"total_supply":2779530283,"platform":null,"cmc_rank":25,"last_updated":"2020-04-27T08:58:06.000Z","quote":{"USD":{"price":0.174637561423,"volume_24h":13104493.7297076,"percent_change_1h":0.439871,"percent_change_24h":0.909561,"percent_change_7d":8.65109,"market_cap":485410390.524501,"last_updated":"2020-04-27T08:58:06.000Z"}}},{"id":1414,"name":"Zcoin","symbol":"XZC","slug":"zcoin","num_market_pairs":56,"date_added":"2016-10-06T00:00:00.000Z","tags":["mineable"],"max_supply":21400000,"circulating_supply":9988518.32977796,"total_supply":21400000,"platform":null,"cmc_rank":98,"last_updated":"2020-04-27T08:58:06.000Z","quote":{"USD":{"price":3.98451499357,"volume_24h":13076672.1113091,"percent_change_1h":-0.694527,"percent_change_24h":-2.63216,"percent_change_7d":-4.5161,"market_cap":39799401.048549056,"last_updated":"2020-04-27T08:58:06.000Z"}}},{"id":2222,"name":"Bitcoin Diamond","symbol":"BCD","slug":"bitcoin-diamond","num_market_pairs":27,"date_added":"2017-11-24T00:00:00.000Z","tags":["mineable"],"max_supply":210000000,"circulating_supply":186492897.953,"total_supply":189492897.953,"platform":null,"cmc_rank":55,"last_updated":"2020-04-27T08:58:08.000Z","quote":{"USD":{"price":0.533722248099,"volume_24h":13003782.0695237,"percent_change_1h":0.0434454,"percent_change_24h":-0.530103,"percent_change_7d":0.404515,"market_cap":99535408.74997257,"last_updated":"2020-04-27T08:58:08.000Z"}}},{"id":5444,"name":"Cartesi","symbol":"CTSI","slug":"cartesi","num_market_pairs":4,"date_added":"2020-04-23T00:00:00.000Z","tags":[],"max_supply":null,"circulating_supply":null,"total_supply":1000000000,"platform":null,"cmc_rank":2042,"last_updated":"2020-04-27T08:58:15.000Z","quote":{"USD":{"price":0.042216985502,"volume_24h":12821274.1250399,"percent_change_1h":-0.80937,"percent_change_24h":-20.005,"percent_change_7d":null,"market_cap":null,"last_updated":"2020-04-27T08:58:15.000Z"}}},{"id":4846,"name":"Kava","symbol":"KAVA","slug":"kava","num_market_pairs":15,"date_added":"2019-10-25T00:00:00.000Z","tags":[],"max_supply":null,"circulating_supply":35871964.721819,"total_supply":108661283.721819,"platform":{"id":1839,"name":"Binance Coin","symbol":"BNB","slug":"binance-coin","token_address":""},"cmc_rank":140,"last_updated":"2020-04-27T08:58:15.000Z","quote":{"USD":{"price":0.614277084069,"volume_24h":12756780.4157548,"percent_change_1h":1.4485,"percent_change_24h":2.15879,"percent_change_7d":12.1829,"market_cap":22035325.88914501,"last_updated":"2020-04-27T08:58:15.000Z"}}},{"id":3029,"name":"Zel","symbol":"ZEL","slug":"zel","num_market_pairs":16,"date_added":"2018-08-02T00:00:00.000Z","tags":["mineable"],"max_supply":210000000,"circulating_supply":100483550,"total_supply":100483550,"platform":null,"cmc_rank":582,"last_updated":"2020-04-27T08:58:10.000Z","quote":{"USD":{"price":0.0289988999443,"volume_24h":12306429.1732108,"percent_change_1h":0.705368,"percent_change_24h":2.75574,"percent_change_7d":-1.18725,"market_cap":2913912.412498066,"last_updated":"2020-04-27T08:58:10.000Z"}}}]}