{"status":{"timestamp":"2020-04-25T12:00:05.391Z","error_code":0,"error_message":null,"elapsed":3357,"credit_count":1,"notice":null},"data":[{"id":825,"name":"Tether","symbol":"USDT","slug":"tether","num_market_pairs":4685,"date_added":"2015-02-25T00:00:00.000Z","tags":[],"max_supply":null,"circulating_supply":6361032509,"total_supply":6998318752.17,"platform":{"id":1027,"name":"Ethereum","symbol":"ETH","slug":"ethereum","token_address":"31"},"cmc_rank":4,"last_updated":"2020-04-25T11:58:33.000Z","quote":{"USD":{"price":1.00559786898,"volume_24h":45085558858.5172,"percent_change_1h":0.0785093,"percent_change_24h":0.165333,"percent_change_7d":0.0827132,"market_cap":6396640735.562902,"last_updated":"2020-04-25T11:58:33.000Z"}}},{"id":1,"name":"Bitcoin","symbol":"BTC","slug":"bitcoin","num_market_pairs":7956,"date_added":"2013-04-28T00:00:00.000Z","tags":["mineable"],"max_supply":21000000,"circulating_supply":18344475,"total_supply":18344475,"platform":null,"cmc_rank":1,"last_updated":"2020-04-25T11:58:47.000Z","quote":{"USD":{"price":7576.96751321,"volume_24h":33882299352.9208,"percent_change_1h":-0.0988935,"percent_change_24h":0.512988,"percent_change_7d":5.58354,"market_cap":138995491121.893,"last_updated":"2020-04-25T11:58:47.000Z"}}},{"id":1027,"name":"Ethereum","symbol":"ETH","slug":"ethereum","num_market_pairs":5179,"date_added":"2015-08-07T00:00:00.000Z","tags":["mineable"],"max_supply":null,"circulating_supply":110664036.374,"total_supply":110664036.374,"platform":null,"cmc_rank":2,"last_updated":"2020-04-25T11:58:34.000Z","quote":{"USD":{"price":195.062255441,"volume_24h":17932899990.8193,"percent_change_1h":-0.268142,"percent_change_24h":3.66335,"percent_change_7d":10.0097,"market_cap":21586376531.317303,"last_updated":"2020-04-25T11:58:34.000Z"}}},{"id":2,"name":"Litecoin","symbol":"LTC","slug":"litecoin","num_market_pairs":600,"date_added":"2013-04-28T00:00:00.000Z","tags":["mineable"],"max_supply":84000000,"circulating_supply":64588080.7265572,"total_supply":64588080.7265572,"platform":null,"cmc_rank":7,"last_updated":"2020-04-25T11:58:12.000Z","quote":{"USD":{"price":45.0194817037,"volume_24h":4793908191.86926,"percent_change_1h":-0.658543,"percent_change_24h":1.43316,"percent_change_7d":4.3464,"market_cap":2907721918.546341,"last_updated":"2020-04-25T11:58:12.000Z"}}},{"id":1831,"name":"Bitcoin Cash","symbol":"BCH","slug":"bitcoin-cash","num_market_pairs":473,"date_added":"2017-07-23T00:00:00.000Z","tags":["mineable"],"max_supply":21000000,"circulating_supply":18389781.25,"total_supply":18389781.25,"platform":null,"cmc_rank":5,"last_updated":"2020-04-25T11:58:13.000Z","quote":{"USD":{"price":241.385401602,"volume_24h":3170506260.99159,"percent_change_1h":-0.327555,"percent_change_24h":0.841572,"percent_change_7d":1.59946,"market_cap":4439024732.40418,"last_updated":"2020-04-25T11:58:13.000Z"}}},{"id":1765,"name":"EOS","symbol":"EOS","slug":"eos","num_market_pairs":378,"date_added":"2017-07-01T00:00:00.000Z","tags":[],"max_supply":null,"circulating_supply":922086637.6342,"total_supply":1018786649.6338,"platform":null,"cmc_rank":9,"last_updated":"2020-04-25T11:58:11.000Z","quote":{"USD":{"price":2.7255647958,"volume_24h":2947606164.8082,"percent_change_1h":-0.355883,"percent_change_24h":0.429085,"percent_change_7d":1.56051,"market_cap":2513206878.213367,"last_updated":"2020-04-25T11:58:11.000Z"}}},{"id":3602,"name":"Bitcoin SV","symbol":"BSV","slug":"bitcoin-sv","num_market_pairs":183,"date_added":"2018-11-09T00:00:00.000Z","tags":["mineable"],"max_supply":21000000,"circulating_supply":18388302.0819233,"total_supply":18388302.0819233,"platform":null,"cmc_rank":6,"last_updated":"2020-04-25T11:58:16.000Z","quote":{"USD":{"price":195.247806156,"volume_24h":1849850723.1022,"percent_change_1h":-0.395463,"percent_change_24h":-0.198293,"percent_change_7d":-0.506575,"market_cap":3590275640.4293313,"last_updated":"2020-04-25T11:58:16.000Z"}}},{"id":52,"name":"XRP","symbol":"XRP","slug":"xrp","num_market_pairs":545,"date_added":"2013-08-04T00:00:00.000Z","tags":[],"max_supply":100000000000,"circulating_supply":44089620959,"total_supply":99990980257,"platform":null,"cmc_rank":3,"last_updated":"2020-04-25T11:58:10.000Z","quote":{"USD":{"price":0.195689444075,"volume_24h":1747743312.34386,"percent_change_1h":-0.138741,"percent_change_24h":0.344649,"percent_change_7d":1.80862,"market_cap":8627873414.944178,"last_updated":"2020-04-25T11:58:10.000Z"}}},{"id":1321,"name":"Ethereum Classic","symbol":"ETC","slug":"ethereum-classic","num_market_pairs":246,"date_added":"2016-07-24T00:00:00.000Z","tags":["mineable"],"max_supply":210700000,"circulating_supply":116313299,"total_supply":116313299,"platform":null,"cmc_rank":21,"last_updated":"2020-04-25T11:58:10.000Z","quote":{"USD":{"price":5.6908382607,"volume_24h":1684684121.3136,"percent_change_1h":-0.478473,"percent_change_24h":1.29628,"percent_change_7d":2.88172,"market_cap":661920172.177439,"last_updated":"2020-04-25T11:58:10.000Z"}}},{"id":1958,"name":"TRON","symbol":"TRX","slug":"tron","num_market_pairs":337,"date_added":"2017-09-13T00:00:00.000Z","tags":["mineable"],"max_supply":null,"circulating_supply":66682072191.4,"total_supply":99281283754.3,"platform":null,"cmc_rank":16,"last_updated":"2020-04-25T11:58:12.000Z","quote":{"USD":{"price":0.0140660574876,"volume_24h":1530978030.85092,"percent_change_1h":0.218334,"percent_change_24h":-0.233494,"percent_change_7d":6.97339,"market_cap":937953860.8365258,"last_updated":"2020-04-25T11:58:12.000Z"}}},{"id":131,"name":"Dash","symbol":"DASH","slug":"dash","num_market_pairs":297,"date_added":"2014-02-14T00:00:00.000Z","tags":["mineable"],"max_supply":18900000,"circulating_supply":9457116.76736913,"total_supply":9457116.76736913,"platform":null,"cmc_rank":18,"last_updated":"2020-04-25T11:58:08.000Z","quote":{"USD":{"price":82.7711178744,"volume_24h":692971738.232203,"percent_change_1h":-0.184001,"percent_change_24h":0.804229,"percent_change_7d":4.68779,"market_cap":782776126.7038751,"last_updated":"2020-04-25T11:58:08.000Z"}}},{"id":1376,"name":"Neo","symbol":"NEO","slug":"neo","num_market_pairs":238,"date_added":"2016-09-08T00:00:00.000Z","tags":[],"max_supply":100000000,"circulating_supply":70538831,"total_supply":100000000,"platform":null,"cmc_rank":22,"last_updated":"2020-04-25T11:58:10.000Z","quote":{"USD":{"price":8.51995387878,"volume_24h":604480957.919793,"percent_change_1h":2.34336,"percent_change_24h":4.8222,"percent_change_7d":10.4293,"market_cap":600987586.783057,"last_updated":"2020-04-25T11:58:10.000Z"}}},{"id":1437,"name":"Zcash","symbol":"ZEC","slug":"zcash","num_market_pairs":238,"date_added":"2016-10-29T00:00:00.000Z","tags":["mineable"],"max_supply":21000000,"circulating_supply":9016600,"total_supply":9016600,"platform":null,"cmc_rank":26,"last_updated":"2020-04-25T11:58:10.000Z","quote":{"USD":{"price":44.4886147752,"volume_24h":604010208.603924,"percent_change_1h":-0.477418,"percent_change_24h":-0.901897,"percent_change_7d":6.964,"market_cap":401136043.9820683,"last_updated":"2020-04-25T11:58:10.000Z"}}},{"id":512,"name":"Stellar","symbol":"XLM","slug":"stellar","num_market_pairs":296,"date_added":"2014-08-05T00:00:00.000Z","tags":[],"max_supply":null,"circulating_supply":20295869279.8149,"total_supply":50001803872.8717,"platform":null,"cmc_rank":12,"last_updated":"2020-04-25T11:58:08.000Z","quote":{"USD":{"price":0.0624962219138,"volume_24h":582259556.034467,"percent_change_1h":0.00473298,"percent_change_24h":-0.0338013,"percent_change_7d":25.7609,"market_cap":1268415150.4447882,"last_updated":"2020-04-25T11:58:08.000Z"}}},{"id":2563,"name":"TrueUSD","symbol":"TUSD","slug":"trueusd","num_market_pairs":155,"date_added":"2018-03-06T00:00:00.000Z","tags":[],"max_supply":null,"circulating_supply":131414756.06,"total_supply":131414756.06,"platform":{"id":1027,"name":"Ethereum","symbol":"ETH","slug":"ethereum","token_address":"0x0000000000085d4780B73119b644AE5ecd22b376"},"cmc_rank":44,"last_updated":"2020-04-25T11:58:13.000Z","quote":{"USD":{"price":1.00514362801,"volume_24h":471249871.551941,"percent_change_1h":0.21955,"percent_change_24h":0.216234,"percent_change_7d":0.221526,"market_cap":132090704.68019752,"last_updated":"2020-04-25T11:58:13.000Z"}}},{"id":3330,"name":"Paxos Standard","symbol":"PAX","slug":"paxos-standard","num_market_pairs":99,"date_added":"2018-09-27T00:00:00.000Z","tags":[],"max_supply":null,"circulating_supply":244951954.494264,"total_supply":249952064.83,"platform":{"id":1027,"name":"Ethereum","symbol":"ETH","slug":"ethereum","token_address":"0x8e870d67f660d95d5be530380d0ec0bd388289e1"},"cmc_rank":34,"last_updated":"2020-04-25T11:58:15.000Z","quote":{"USD":{"price":1.00466939462,"volume_24h":455008068.6423,"percent_change_1h":0.118577,"percent_change_24h":0.166031,"percent_change_7d":0.192509,"market_cap":246095731.832738,"last_updated":"2020-04-25T11:58:15.000Z"}}},{"id":3408,"name":"USD Coin","symbol":"USDC","slug":"usd-coin","num_market_pairs":219,"date_added":"2018-10-08T00:00:00.000Z","tags":[],"max_supply":null,"circulating_supply":750150396.638994,"total_supply":754153365.27,"platform":{"id":1027,"name":"Ethereum","symbol":"ETH","slug":"ethereum","token_address":"0xa0b86991c6218b36c1d19d4a2e9eb0ce3606eb48"},"cmc_rank":20,"last_updated":"2020-04-25T11:58:17.000Z","quote":{"USD":{"price":1.00489282451,"volume_24h":417782145.075468,"percent_change_1h":0.0213342,"percent_change_24h":0.227351,"percent_change_7d":0.149506,"market_cap":753820750.8858554,"last_updated":"2020-04-25T11:58:17.000Z"}}},{"id":1684,"name":"Qtum","symbol":"QTUM","slug":"qtum","num_market_pairs":172,"date_added":"2017-05-24T00:00:00.000Z","tags":[],"max_supply":107822406,"circulating_supply":96607300.359,"total_supply":102357300,"platform":null,"cmc_rank":42,"last_updated":"2020-04-25T11:58:10.000Z","quote":{"USD":{"price":1.4901969063,"volume_24h":373785861.144699,"percent_change_1h":-0.149434,"percent_change_24h":4.66208,"percent_change_7d":5.00394,"market_cap":143963900.1209767,"last_updated":"2020-04-25T11:58:10.000Z"}}},{"id":1839,"name":"Binance Coin","symbol":"BNB","slug":"binance-coin","num_market_pairs":305,"date_added":"2017-07-25T00:00:00.000Z","tags":[],"max_supply":187536713,"circulating_supply":155536713,"total_supply":187536713,"platform":null,"cmc_rank":8,"last_updated":"2020-04-25T11:58:11.000Z","quote":{"USD":{"price":16.2770268035,"volume_24h":343210919.0423,"percent_change_1h":-0.0933018,"percent_change_24h":1.1745,"percent_change_7d":0.782719,"market_cap":2531675246.429287,"last_updated":"2020-04-25T11:58:11.000Z"}}},{"id":1975,"name":"Chainlink","symbol":"LINK","slug":"chainlink","num_market_pairs":170,"date_added":"2017-09-20T00:00:00.000Z","tags":[],"max_supply":null,"circulating_supply":350000000,"total_supply":1000000000,"platform":{"id":1027,"name":"Ethereum","symbol":"ETH","slug":"ethereum","token_address":"0x514910771af9ca656af840dff83e8264ecf986ca"},"cmc_rank":11,"last_updated":"2020-04-25T11:58:11.000Z","quote":{"USD":{"price":3.82729767477,"volume_24h":320173374.707951,"percent_change_1h":-0.0517653,"percent_change_24h":-0.0283277,"percent_change_7d":6.01653,"market_cap":1339554186.1695,"last_updated":"2020-04-25T11:58:11.000Z"}}},{"id":2011,"name":"Tezos","symbol":"XTZ","slug":"tezos","num_market_pairs":90,"date_added":"2017-10-06T00:00:00.000Z","tags":[],"max_supply":null,"circulating_supply":708255589.198693,"total_supply":708255589.198693,"platform":null,"cmc_rank":10,"last_updated":"2020-04-25T11:58:10.000Z","quote":{"USD":{"price":2.73087100524,"volume_24h":305120193.868627,"percent_change_1h":-0.496028,"percent_change_24h":1.84182,"percent_change_7d":24.7602,"market_cap":1934154652.8418834,"last_updated":"2020-04-25T11:58:10.000Z"}}},{"id":3794,"name":"Cosmos","symbol":"ATOM","slug":"cosmos","num_market_pairs":121,"date_added":"2019-03-14T00:00:00.000Z","tags":[],"max_supply":null,"circulating_supply":190688439.2,"total_supply":237928230.821588,"platform":null,"cmc_rank":24,"last_updated":"2020-04-25T11:58:16.000Z","quote":{"USD":{"price":2.84906627477,"volume_24h":270388811.618593,"percent_change_1h":-0.675821,"percent_change_24h":10.9999,"percent_change_7d":17.0205,"market_cap":543284001.1132497,"last_updated":"2020-04-25T11:58:16.000Z"}}},{"id":2319,"name":"QCash","symbol":"QC","slug":"qcash","num_market_pairs":91,"date_added":"2019-12-12T00:00:00.000Z","tags":[],"max_supply":10000000000,"circulating_supply":460000200,"total_supply":10000000000,"platform":{"id":1684,"name":"Qtum","symbol":"QTUM","slug":"qtum","token_address":"f2033ede578e17fa6231047265010445bca8cf1c"},"cmc_rank":221,"last_updated":"2020-04-25T11:58:11.000Z","quote":{"USD":{"price":0.140765148634,"volume_24h":259863154.143048,"percent_change_1h":0.0364998,"percent_change_24h":0.26899,"percent_change_7d":0.494157,"market_cap":64751996.52466973,"last_updated":"2020-04-25T11:58:11.000Z"}}},{"id":74,"name":"Dogecoin","symbol":"DOGE","slug":"dogecoin","num_market_pairs":239,"date_added":"2013-12-15T00:00:00.000Z","tags":["mineable"],"max_supply":null,"circulating_supply":124288752342.721,"total_supply":124288752342.721,"platform":null,"cmc_rank":33,"last_updated":"2020-04-25T11:58:08.000Z","quote":{"USD":{"price":0.00210996199668,"volume_24h":216667383.679866,"percent_change_1h":0.193469,"percent_change_24h":1.36319,"percent_change_7d":4.10705,"market_cap":262244544.0579136,"last_updated":"2020-04-25T11:58:08.000Z"}}},{"id":2502,"name":"Huobi Token","symbol":"HT","slug":"huobi-token","num_market_pairs":136,"date_added":"2018-02-03T00:00:00.000Z","tags":[],"max_supply":null,"circulating_supply":222668092.971921,"total_supply":500000000,"platform":{"id":1027,"name":"Ethereum","symbol":"ETH","slug":"ethereum","token_address":"0x6f259637dcd74c767781e37bc6133cd6a68aa161"},"cmc_rank":17,"last_updated":"2020-04-25T11:58:12.000Z","quote":{"USD":{"price":3.99149214014,"volume_24h":214981623.354464,"percent_change_1h":0.209195,"percent_change_24h":0.41326,"percent_change_7d":3.16092,"market_cap":888777942.9573854,"last_updated":"2020-04-25T11:58:12.000Z"}}},{"id":3077,"name":"VeChain","symbol":"VET","slug":"vechain","num_market_pairs":98,"date_added":"2017-08-22T00:00:00.000Z","tags":[],"max_supply":null,"circulating_supply":55454734800,"total_supply":86712634466,"platform":null,"cmc_rank":35,"last_updated":"2020-04-25T11:58:14.000Z","quote":{"USD":{"price":0.00419411124974,"volume_24h":155922863.56919,"percent_change_1h":0.258425,"percent_change_24h":3.06725,"percent_change_7d":7.82631,"market_cap":232583327.07602826,"last_updated":"2020-04-25T11:58:14.000Z"}}},{"id":2010,"name":"Cardano","symbol":"ADA","slug":"cardano","num_market_pairs":131,"date_added":"2017-10-01T00:00:00.000Z","tags":["mineable"],"max_supply":45000000000,"circulating_supply":25927070538,"total_supply":31112483745,"platform":null,"cmc_rank":13,"last_updated":"2020-04-25T11:58:11.000Z","quote":{"USD":{"price":0.0429392070177,"volume_24h":142107535.684971,"percent_change_1h":-0.598785,"percent_change_24h":-0.371638,"percent_change_7d":21.0803,"market_cap":1113287849.1936924,"last_updated":"2020-04-25T11:58:11.000Z"}}},{"id":2566,"name":"Ontology","symbol":"ONT","slug":"ontology","num_market_pairs":119,"date_added":"2018-03-08T00:00:00.000Z","tags":[],"max_supply":null,"circulating_supply":656746573,"total_supply":1000000000,"platform":null,"cmc_rank":29,"last_updated":"2020-04-25T11:58:12.000Z","quote":{"USD":{"price":0.470556452752,"volume_24h":124901039.47828,"percent_change_1h":-0.218224,"percent_change_24h":5.93269,"percent_change_7d":12.04,"market_cap":309036337.7479124,"last_updated":"2020-04-25T11:58:12.000Z"}}},{"id":3897,"name":"OKB","symbol":"OKB","slug":"okb","num_market_pairs":50,"date_added":"2019-04-30T00:00:00.000Z","tags":[],"max_supply":null,"circulating_supply":60000000,"total_supply":300000000,"platform":{"id":1027,"name":"Ethereum","symbol":"ETH","slug":"ethereum","token_address":"0x75231f58b43240c9718dd58b4967c5114342a86c"},"cmc_rank":30,"last_updated":"2020-04-25T11:58:16.000Z","quote":{"USD":{"price":4.92082866223,"volume_24h":124607775.120257,"percent_change_1h":-0.312408,"percent_change_24h":-0.0935624,"percent_change_7d":3.13825,"market_cap":295249719.7338,"last_updated":"2020-04-25T11:58:16.000Z"}}},{"id":328,"name":"Monero","symbol":"XMR","slug":"monero","num_market_pairs":146,"date_added":"2014-05-21T00:00:00.000Z","tags":["mineable"],"max_supply":null,"circulating_supply":17536294.3954677,"total_supply":17536294.3954677,"platform":null,"cmc_rank":14,"last_updated":"2020-04-25T11:58:07.000Z","quote":{"USD":{"price":61.2549301312,"volume_24h":107914830.150137,"percent_change_1h":-0.398209,"percent_change_24h":-0.230127,"percent_change_7d":6.69743,"market_cap":1074184487.954528,"last_updated":"2020-04-25T11:58:07.000Z"}}},{"id":1808,"name":"OmiseGO","symbol":"OMG","slug":"omisego","num_market_pairs":209,"date_added":"2017-07-14T00:00:00.000Z","tags":[],"max_supply":null,"circulating_supply":140245398.245133,"total_supply":140245398.245133,"platform":{"id":1027,"name":"Ethereum","symbol":"ETH","slug":"ethereum","token_address":"0xd26114cd6EE289AccF82350c8d8487fedB8A0C07"},"cmc_rank":57,"last_updated":"2020-04-25T11:58:11.000Z","quote":{"USD":{"price":0.633706465391,"volume_24h":92080696.9156722,"percent_change_1h":-0.305663,"percent_change_24h":4.0604,"percent_change_7d":8.78902,"market_cap":88874415.60927638,"last_updated":"2020-04-25T11:58:11.000Z"}}},{"id":1168,"name":"Decred","symbol":"DCR","slug":"decred","num_market_pairs":49,"date_added":"2016-02-10T00:00:00.000Z","tags":["mineable"],"max_supply":21000000,"circulating_supply":11404684.0489538,"total_supply":11404684.0489538,"platform":null,"cmc_rank":41,"last_updated":"2020-04-25T11:58:08.000Z","quote":{"USD":{"price":12.6848139108,"volume_24h":90064772.4172319,"percent_change_1h":0.187721,"percent_change_24h":1.40545,"percent_change_7d":1.38019,"market_cap":144666294.87244803,"last_updated":"2020-04-25T11:58:08.000Z"}}},{"id":1697,"name":"Basic Attention Token","symbol":"BAT","slug":"basic-attention-token","num_market_pairs":183,"date_added":"2017-06-01T00:00:00.000Z","tags":[],"max_supply":null,"circulating_supply":1457527137.0863,"total_supply":1500000000,"platform":{"id":1027,"name":"Ethereum","symbol":"ETH","slug":"ethereum","token_address":"0x0d8775f648430679a709e98d2b0cb6250d2887ef"},"cmc_rank":32,"last_updated":"2020-04-25T11:58:10.000Z","quote":{"USD":{"price":0.184976303967,"volume_24h":84293600.9675627,"percent_change_1h":-0.4773,"percent_change_24h":6.36197,"percent_change_7d":9.18985,"market_cap":269607982.74982667,"last_updated":"2020-04-25T11:58:10.000Z"}}},{"id":3702,"name":"Beam","symbol":"BEAM","slug":"beam","num_market_pairs":32,"date_added":"2019-01-17T00:00:00.000Z","tags":["mineable"],"max_supply":262800000,"circulating_supply":60274120,"total_supply":60274120,"platform":null,"cmc_rank":154,"last_updated":"2020-04-25T11:58:15.000Z","quote":{"USD":{"price":0.300021968174,"volume_24h":72642458.1763688,"percent_change_1h":1.22313,"percent_change_24h":7.72375,"percent_change_7d":8.34192,"market_cap":18083560.112355858,"last_updated":"2020-04-25T11:58:15.000Z"}}},{"id":5031,"name":"MimbleWimbleCoin","symbol":"MWC","slug":"mimblewimblecoin","num_market_pairs":7,"date_added":"2020-02-24T00:00:00.000Z","tags":[],"max_supply":20000000,"circulating_supply":8011315.0569404,"total_supply":10520958.0569404,"platform":null,"cmc_rank":208,"last_updated":"2020-04-25T11:58:18.000Z","quote":{"USD":{"price":16.6831455525,"volume_24h":69937716.1567582,"percent_change_1h":0.907132,"percent_change_24h":-0.147531,"percent_change_7d":20.5955,"market_cap":133653935.16187152,"last_updated":"2020-04-25T11:58:18.000Z"}}},{"id":4030,"name":"Algorand","symbol":"ALGO","slug":"algorand","num_market_pairs":77,"date_added":"2019-06-20T00:00:00.000Z","tags":["mineable"],"max_supply":null,"circulating_supply":708417638.774951,"total_supply":3239689481.77495,"platform":null,"cmc_rank":39,"last_updated":"2020-04-25T11:58:17.000Z","quote":{"USD":{"price":0.214763455695,"volume_24h":69641432.1101539,"percent_change_1h":0.288177,"percent_change_24h":7.28167,"percent_change_7d":10.1548,"market_cap":152142220.1786007,"last_updated":"2020-04-25T11:58:17.000Z"}}},{"id":2307,"name":"Bibox Token","symbol":"BIX","slug":"bibox-token","num_market_pairs":27,"date_added":"2017-12-24T00:00:00.000Z","tags":[],"max_supply":null,"circulating_supply":97882450.27,"total_supply":251424733.27,"platform":{"id":1027,"name":"Ethereum","symbol":"ETH","slug":"ethereum","token_address":"0xb3104b4b9da82025e8b9f8fb28b3553ce2f67069"},"cmc_rank":336,"last_updated":"2020-04-25T11:58:11.000Z","quote":{"USD":{"price":0.08253282263,"volume_24h":65388425.8372984,"percent_change_1h":-0.291374,"percent_change_24h":0.352383,"percent_change_7d":1.16332,"market_cap":8078514.906723705,"last_updated":"2020-04-25T11:58:11.000Z"}}},{"id":1772,"name":"Storj","symbol":"STORJ","slug":"storj","num_market_pairs":32,"date_added":"2017-07-02T00:00:00.000Z","tags":[],"max_supply":null,"circulating_supply":135787438.700013,"total_supply":424999998.000013,"platform":{"id":1027,"name":"Ethereum","symbol":"ETH","slug":"ethereum","token_address":"0xb64ef51c888972c908cfacf59b47c1afbc0ab8ac"},"cmc_rank":179,"last_updated":"2020-04-25T11:58:09.000Z","quote":{"USD":{"price":0.100978725825,"volume_24h":64281006.8536156,"percent_change_1h":-0.0660318,"percent_change_24h":3.25865,"percent_change_7d":4.15178,"market_cap":13711642.542967608,"last_updated":"2020-04-25T11:58:09.000Z"}}},{"id":3718,"name":"BitTorrent","symbol":"BTT","slug":"bittorrent","num_market_pairs":134,"date_added":"2019-01-31T00:00:00.000Z","tags":[],"max_supply":null,"circulating_supply":212116500000,"total_supply":990000000000,"platform":{"id":1958,"name":"TRON","symbol":"TRX","slug":"tron","token_address":"1002000"},"cmc_rank":80,"last_updated":"2020-04-25T11:58:18.000Z","quote":{"USD":{"price":0.000247900596789,"volume_24h":62943838.0876411,"percent_change_1h":0.00547587,"percent_change_24h":2.12258,"percent_change_7d":6.7005,"market_cap":52583806.93879392,"last_updated":"2020-04-25T11:58:18.000Z"}}},{"id":4064,"name":"USDK","symbol":"USDK","slug":"usdk","num_market_pairs":37,"date_added":"2019-07-29T00:00:00.000Z","tags":[],"max_supply":null,"circulating_supply":28600072,"total_supply":28600072,"platform":{"id":1027,"name":"Ethereum","symbol":"ETH","slug":"ethereum","token_address":"0x1c48f86ae57291f7686349f12601910bd8d470bb"},"cmc_rank":253,"last_updated":"2020-04-25T11:58:16.000Z","quote":{"USD":{"price":1.00415338584,"volume_24h":62001897.2587919,"percent_change_1h":0.0361492,"percent_change_24h":0.136262,"percent_change_7d":0.156132,"market_cap":28718859.13406778,"last_updated":"2020-04-25T11:58:16.000Z"}}},{"id":4687,"name":"Binance USD","symbol":"BUSD","slug":"binance-usd","num_market_pairs":61,"date_added":"2019-09-20T00:00:00.000Z","tags":[],"max_supply":null,"circulating_supply":190748647.59,"total_supply":190748647.59,"platform":{"id":1027,"name":"Ethereum","symbol":"ETH","slug":"ethereum","token_address":"0x4Fabb145d64652a948d72533023f6E7A623C7C53"},"cmc_rank":36,"last_updated":"2020-04-25T11:58:17.000Z","quote":{"USD":{"price":1.00467848597,"volume_24h":59465239.7051989,"percent_change_1h":0.117066,"percent_change_24h":0.150377,"percent_change_7d":0.169712,"market_cap":191641062.4615463,"last_updated":"2020-04-25T11:58:17.000Z"}}},{"id":2405,"name":"IOST","symbol":"IOST","slug":"iostoken","num_market_pairs":85,"date_added":"2018-01-16T00:00:00.000Z","tags":[],"max_supply":null,"circulating_supply":12013965608.8475,"total_supply":21000000000,"platform":null,"cmc_rank":92,"last_updated":"2020-04-25T11:58:11.000Z","quote":{"USD":{"price":0.00358428288356,"volume_24h":54865028.3096574,"percent_change_1h":-0.416762,"percent_change_24h":7.64041,"percent_change_7d":4.97762,"market_cap":43061451.29547059,"last_updated":"2020-04-25T11:58:11.000Z"}}},{"id":2349,"name":"Mixin","symbol":"XIN","slug":"mixin","num_market_pairs":8,"date_added":"2018-01-09T00:00:00.000Z","tags":[],"max_supply":1000000,"circulating_supply":510448.380710816,"total_supply":1000000,"platform":{"id":1027,"name":"Ethereum","symbol":"ETH","slug":"ethereum","token_address":"0xa974c709cfb4566686553a20790685a47aceaa33"},"cmc_rank":216,"last_updated":"2020-04-25T11:58:11.000Z","quote":{"USD":{"price":164.987558299,"volume_24h":50110252.2364852,"percent_change_1h":0.00914399,"percent_change_24h":0.375585,"percent_change_7d":-1.56229,"market_cap":84217631.9711559,"last_updated":"2020-04-25T11:58:11.000Z"}}},{"id":1776,"name":"MCO","symbol":"MCO","slug":"crypto-com","num_market_pairs":61,"date_added":"2017-07-03T00:00:00.000Z","tags":[],"max_supply":null,"circulating_supply":15793831.0949625,"total_supply":31587682.3632061,"platform":{"id":1027,"name":"Ethereum","symbol":"ETH","slug":"ethereum","token_address":"0xb63b606ac810a52cca15e44bb630fd42d8d1d83d"},"cmc_rank":58,"last_updated":"2020-04-25T11:58:09.000Z","quote":{"USD":{"price":5.16450846956,"volume_24h":49687703.274083,"percent_change_1h":0.278942,"percent_change_24h":1.44369,"percent_change_7d":-1.8413,"market_cap":81567374.45673393,"last_updated":"2020-04-25T11:58:09.000Z"}}},{"id":1982,"name":"Kyber Network","symbol":"KNC","slug":"kyber-network","num_market_pairs":64,"date_added":"2017-09-24T00:00:00.000Z","tags":[],"max_supply":null,"circulating_supply":180432602.911872,"total_supply":210939151.730736,"platform":{"id":1027,"name":"Ethereum","symbol":"ETH","slug":"ethereum","token_address":"0xdd974d5c2e2928dea5f71b9825b8b646686bd200"},"cmc_rank":55,"last_updated":"2020-04-25T11:58:11.000Z","quote":{"USD":{"price":0.532741103439,"volume_24h":48897910.9968754,"percent_change_1h":0.154521,"percent_change_24h":9.22639,"percent_change_7d":9.62815,"market_cap":96123863.97164163,"last_updated":"2020-04-25T11:58:11.000Z"}}},{"id":2280,"name":"Filecoin [Futures]","symbol":"FIL","slug":"filecoin","num_market_pairs":4,"date_added":"2017-12-13T00:00:00.000Z","tags":["mineable"],"max_supply":null,"circulating_supply":null,"total_supply":null,"platform":null,"cmc_rank":2030,"last_updated":"2020-04-25T11:58:10.000Z","quote":{"USD":{"price":5.13532995198,"volume_24h":48286638.3590015,"percent_change_1h":-0.650311,"percent_change_24h":1.00792,"percent_change_7d":2.58672,"market_cap":null,"last_updated":"2020-04-25T11:58:10.000Z"}}},{"id":3437,"name":"ABBC Coin","symbol":"ABBC","slug":"abbc-coin","num_market_pairs":42,"date_added":"2018-10-12T00:00:00.000Z","tags":["mineable"],"max_supply":null,"circulating_supply":555416924.350722,"total_supply":1003278750.0109,"platform":null,"cmc_rank":69,"last_updated":"2020-04-25T11:58:14.000Z","quote":{"USD":{"price":0.114807326673,"volume_24h":44859194.2297577,"percent_change_1h":0.0357408,"percent_change_24h":-0.0947543,"percent_change_7d":-2.82383,"market_cap":63765932.273646265,"last_updated":"2020-04-25T11:58:14.000Z"}}},{"id":2456,"name":"OFCOIN","symbol":"OF","slug":"ofcoin","num_market_pairs":1,"date_added":"2018-01-24T00:00:00.000Z","tags":[],"max_supply":null,"circulating_supply":null,"total_supply":51200000000,"platform":null,"cmc_rank":2031,"last_updated":"2020-04-25T11:58:11.000Z","quote":{"USD":{"price":0.0000462948911181,"volume_24h":44294062.1547837,"percent_change_1h":0.15356,"percent_change_24h":21.3254,"percent_change_7d":2.46014,"market_cap":null,"last_updated":"2020-04-25T11:58:11.000Z"}}},{"id":3657,"name":"Lambda","symbol":"LAMB","slug":"lambda","num_market_pairs":41,"date_added":"2019-01-02T00:00:00.000Z","tags":[],"max_supply":10000000000,"circulating_supply":646538400.547218,"total_supply":6000000000,"platform":{"id":1027,"name":"Ethereum","symbol":"ETH","slug":"ethereum","token_address":"0x8971f9fd7196e5cee2c1032b50f656855af7dd26"},"cmc_rank":319,"last_updated":"2020-04-25T11:58:15.000Z","quote":{"USD":{"price":0.0136072039756,"volume_24h":43340504.5810406,"percent_change_1h":0.450184,"percent_change_24h":4.62089,"percent_change_7d":-2.71182,"market_cap":8797579.89430417,"last_updated":"2020-04-25T11:58:15.000Z"}}},{"id":3306,"name":"Gemini Dollar","symbol":"GUSD","slug":"gemini-dollar","num_market_pairs":31,"date_added":"2018-10-05T00:00:00.000Z","tags":[],"max_supply":null,"circulating_supply":5884964.1,"total_supply":5884964.1,"platform":{"id":1027,"name":"Ethereum","symbol":"ETH","slug":"ethereum","token_address":"0x056Fd409E1d7A124BD7017459dFEa2F387b6d5Cd"},"cmc_rank":397,"last_updated":"2020-04-25T11:58:14.000Z","quote":{"USD":{"price":1.01004155032,"volume_24h":42432204.1244231,"percent_change_1h":0.0776952,"percent_change_24h":1.16543,"percent_change_7d":0.693096,"market_cap":5944058.263141543,"last_updated":"2020-04-25T11:58:14.000Z"}}},{"id":4229,"name":"Yobit Token","symbol":"YO","slug":"yobit-token","num_market_pairs":11,"date_added":"2019-09-03T00:00:00.000Z","tags":[],"max_supply":null,"circulating_supply":null,"total_supply":17000,"platform":{"id":1027,"name":"Ethereum","symbol":"ETH","slug":"ethereum","token_address":"0xebf4ca5319f406602eeff68da16261f1216011b5"},"cmc_rank":2032,"last_updated":"2020-04-25T11:58:16.000Z","quote":{"USD":{"price":771.597732474,"volume_24h":42115849.4762542,"percent_change_1h":1.0266,"percent_change_24h":4.72299,"percent_change_7d":7.64249,"market_cap":null,"last_updated":"2020-04-25T11:58:16.000Z"}}},{"id":2099,"name":"ICON","symbol":"ICX","slug":"icon","num_market_pairs":61,"date_added":"2017-10-27T00:00:00.000Z","tags":[],"max_supply":null,"circulating_supply":538178165.660687,"total_supply":800460000,"platform":null,"cmc_rank":40,"last_updated":"2020-04-25T11:58:10.000Z","quote":{"USD":{"price":0.275009987094,"volume_24h":41685874.7575452,"percent_change_1h":0.0156183,"percent_change_24h":7.21851,"percent_change_7d":15.8761,"market_cap":148004370.39261812,"last_updated":"2020-04-25T11:58:10.000Z"}}},{"id":2083,"name":"Bitcoin Gold","symbol":"BTG","slug":"bitcoin-gold","num_market_pairs":73,"date_added":"2017-10-23T00:00:00.000Z","tags":["mineable"],"max_supply":21000000,"circulating_supply":17513923.589,"total_supply":17513923.589,"platform":null,"cmc_rank":38,"last_updated":"2020-04-25T11:58:10.000Z","quote":{"USD":{"price":9.45045533764,"volume_24h":38646838.6396475,"percent_change_1h":-0.0636121,"percent_change_24h":0.234684,"percent_change_7d":-4.95384,"market_cap":165514552.66468415,"last_updated":"2020-04-25T11:58:10.000Z"}}},{"id":3351,"name":"ZB Token","symbol":"ZB","slug":"zb-token","num_market_pairs":11,"date_added":"2018-09-27T00:00:00.000Z","tags":[],"max_supply":null,"circulating_supply":463288810,"total_supply":2100000000,"platform":{"id":1027,"name":"Ethereum","symbol":"ETH","slug":"ethereum","token_address":"0xbd0793332e9fb844a52a205a233ef27a5b34b927"},"cmc_rank":49,"last_updated":"2020-04-25T11:58:14.000Z","quote":{"USD":{"price":0.244111442973,"volume_24h":38036121.2426302,"percent_change_1h":0.101517,"percent_change_24h":0.673727,"percent_change_7d":1.72199,"market_cap":113094099.92234403,"last_updated":"2020-04-25T11:58:14.000Z"}}},{"id":3709,"name":"Grin","symbol":"GRIN","slug":"grin","num_market_pairs":60,"date_added":"2019-01-27T00:00:00.000Z","tags":["mineable"],"max_supply":null,"circulating_supply":40078080,"total_supply":40078080,"platform":null,"cmc_rank":146,"last_updated":"2020-04-25T11:58:15.000Z","quote":{"USD":{"price":0.498233798361,"volume_24h":34845072.4413848,"percent_change_1h":0.630941,"percent_change_24h":1.2095,"percent_change_7d":0.337629,"market_cap":19968254.02941603,"last_updated":"2020-04-25T11:58:15.000Z"}}},{"id":2457,"name":"TrueChain","symbol":"TRUE","slug":"truechain","num_market_pairs":16,"date_added":"2018-01-24T00:00:00.000Z","tags":[],"max_supply":null,"circulating_supply":79575542.96,"total_supply":100000000,"platform":null,"cmc_rank":137,"last_updated":"2020-04-25T11:58:11.000Z","quote":{"USD":{"price":0.266987045427,"volume_24h":34040809.454936,"percent_change_1h":0.365981,"percent_change_24h":-0.206749,"percent_change_7d":-4.85779,"market_cap":21245639.10313971,"last_updated":"2020-04-25T11:58:11.000Z"}}},{"id":1104,"name":"Augur","symbol":"REP","slug":"augur","num_market_pairs":73,"date_added":"2015-10-27T00:00:00.000Z","tags":[],"max_supply":null,"circulating_supply":11000000,"total_supply":11000000,"platform":{"id":1027,"name":"Ethereum","symbol":"ETH","slug":"ethereum","token_address":"0x1985365e9f78359a9b6ad760e32412f4a445e862"},"cmc_rank":50,"last_updated":"2020-04-25T11:58:08.000Z","quote":{"USD":{"price":10.2698866301,"volume_24h":33890643.5773493,"percent_change_1h":-0.351128,"percent_change_24h":0.641423,"percent_change_7d":1.22442,"market_cap":112968752.9311,"last_updated":"2020-04-25T11:58:08.000Z"}}},{"id":1274,"name":"Waves","symbol":"WAVES","slug":"waves","num_market_pairs":144,"date_added":"2016-06-02T00:00:00.000Z","tags":[],"max_supply":null,"circulating_supply":101760640,"total_supply":101760640,"platform":null,"cmc_rank":52,"last_updated":"2020-04-25T11:58:08.000Z","quote":{"USD":{"price":1.01678512096,"volume_24h":30634575.0546205,"percent_change_1h":-0.734755,"percent_change_24h":0.555617,"percent_change_7d":-0.370634,"market_cap":103468704.65136702,"last_updated":"2020-04-25T11:58:08.000Z"}}},{"id":624,"name":"bitCNY","symbol":"BITCNY","slug":"bitcny","num_market_pairs":23,"date_added":"2014-09-23T00:00:00.000Z","tags":[],"max_supply":null,"circulating_supply":31257300,"total_supply":31257300,"platform":{"id":463,"name":"BitShares","symbol":"BTS","slug":"bitshares","token_address":"CNY"},"cmc_rank":475,"last_updated":"2020-04-25T11:58:07.000Z","quote":{"USD":{"price":0.141048667619,"volume_24h":29874293.52527,"percent_change_1h":-0.0689374,"percent_change_24h":0.071024,"percent_change_7d":0.327342,"market_cap":4408800.518367369,"last_updated":"2020-04-25T11:58:07.000Z"}}},{"id":1896,"name":"0x","symbol":"ZRX","slug":"0x","num_market_pairs":179,"date_added":"2017-08-16T00:00:00.000Z","tags":[],"max_supply":null,"circulating_supply":652134957.432216,"total_supply":1000000000,"platform":{"id":1027,"name":"Ethereum","symbol":"ETH","slug":"ethereum","token_address":"0xe41d2489571d322189246dafa5ebde1f4699f498"},"cmc_rank":46,"last_updated":"2020-04-25T11:58:11.000Z","quote":{"USD":{"price":0.185429845945,"volume_24h":29559863.4264702,"percent_change_1h":-0.704544,"percent_change_24h":3.64887,"percent_change_7d":4.95436,"market_cap":120925284.69200496,"last_updated":"2020-04-25T11:58:11.000Z"}}},{"id":5085,"name":"Building Cities Beyond Blockchain","symbol":"BCB","slug":"building-cities-beyond-blockchain","num_market_pairs":3,"date_added":"2019-12-30T00:00:00.000Z","tags":[],"max_supply":66000000,"circulating_supply":null,"total_supply":66000000,"platform":null,"cmc_rank":2033,"last_updated":"2020-04-25T11:58:17.000Z","quote":{"USD":{"price":2.6252589754,"volume_24h":28474621.5179864,"percent_change_1h":0.204626,"percent_change_24h":0.46195,"percent_change_7d":1.04792,"market_cap":null,"last_updated":"2020-04-25T11:58:17.000Z"}}},{"id":3890,"name":"Matic Network","symbol":"MATIC","slug":"matic-network","num_market_pairs":51,"date_added":"2019-04-28T00:00:00.000Z","tags":[],"max_supply":null,"circulating_supply":2758503686,"total_supply":10000000000,"platform":{"id":1027,"name":"Ethereum","symbol":"ETH","slug":"ethereum","token_address":"0x7D1AfA7B718fb893dB30A3aBc0Cfc608AaCfeBB0"},"cmc_rank":93,"last_updated":"2020-04-25T11:58:17.000Z","quote":{"USD":{"price":0.0155233471092,"volume_24h":27886702.7855272,"percent_change_1h":1.5634,"percent_change_24h":1.68212,"percent_change_7d":18.9981,"market_cap":42821210.219785646,"last_updated":"2020-04-25T11:58:17.000Z"}}},{"id":5267,"name":"QUEENBEE","symbol":"QBZ","slug":"queenbee","num_market_pairs":2,"date_added":"2020-03-05T00:00:00.000Z","tags":[],"max_supply":null,"circulating_supply":null,"total_supply":8000000000,"platform":{"id":1027,"name":"Ethereum","symbol":"ETH","slug":"ethereum","token_address":"0x9bbc9286cdf6eefebf21df19bac71c6bdd7759d4"},"cmc_rank":2034,"last_updated":"2020-04-25T11:58:17.000Z","quote":{"USD":{"price":0.00929604200739,"volume_24h":27695724.3719595,"percent_change_1h":-1.25161,"percent_change_24h":51.6953,"percent_change_7d":92.0846,"market_cap":null,"last_updated":"2020-04-25T11:58:17.000Z"}}},{"id":5217,"name":"3X Long Ethereum Token","symbol":"ETHBULL","slug":"3x-long-ethereum-token","num_market_pairs":7,"date_added":"2020-02-11T00:00:00.000Z","tags":[],"max_supply":null,"circulating_supply":null,"total_supply":2688.70054275,"platform":{"id":1027,"name":"Ethereum","symbol":"ETH","slug":"ethereum","token_address":"0x871baed4088b863fd6407159f3672d70cd34837d"},"cmc_rank":2035,"last_updated":"2020-04-25T11:58:17.000Z","quote":{"USD":{"price":203.445391345,"volume_24h":26996663.8196274,"percent_change_1h":-1.03413,"percent_change_24h":10.906,"percent_change_7d":24.47,"market_cap":null,"last_updated":"2020-04-25T11:58:17.000Z"}}},{"id":5414,"name":"3x Long EOS Token","symbol":"EOSBULL","slug":"3x-long-eos-token","num_market_pairs":5,"date_added":"2020-04-06T00:00:00.000Z","tags":[],"max_supply":null,"circulating_supply":null,"total_supply":1057300.976,"platform":{"id":1027,"name":"Ethereum","symbol":"ETH","slug":"ethereum","token_address":"0xeaD7F3ae4e0Bb0D8785852Cc37CC9d0B5e75c06a"},"cmc_rank":2036,"last_updated":"2020-04-25T11:58:18.000Z","quote":{"USD":{"price":6.04814010725,"volume_24h":24525674.5590893,"percent_change_1h":-1.07796,"percent_change_24h":1.43021,"percent_change_7d":3.00623,"market_cap":null,"last_updated":"2020-04-25T11:58:18.000Z"}}},{"id":2299,"name":"aelf","symbol":"ELF","slug":"aelf","num_market_pairs":79,"date_added":"2017-12-21T00:00:00.000Z","tags":[],"max_supply":1000000000,"circulating_supply":544480199.986466,"total_supply":879999999.986466,"platform":{"id":1027,"name":"Ethereum","symbol":"ETH","slug":"ethereum","token_address":"0xbf2179859fc6d5bee9bf9158632dc51678a4100e"},"cmc_rank":100,"last_updated":"2020-04-25T11:58:11.000Z","quote":{"USD":{"price":0.0665137100927,"volume_24h":23345096.7554371,"percent_change_1h":0.812814,"percent_change_24h":6.42722,"percent_change_7d":5.01687,"market_cap":36215398.17311513,"last_updated":"2020-04-25T11:58:11.000Z"}}},{"id":2062,"name":"Aion","symbol":"AION","slug":"aion","num_market_pairs":20,"date_added":"2017-10-18T00:00:00.000Z","tags":["mineable"],"max_supply":null,"circulating_supply":410411905,"total_supply":410411905,"platform":null,"cmc_rank":103,"last_updated":"2020-04-25T11:58:10.000Z","quote":{"USD":{"price":0.0865823783686,"volume_24h":22506645.9024098,"percent_change_1h":0.477612,"percent_change_24h":14.0029,"percent_change_7d":31.7389,"market_cap":35534438.84568792,"last_updated":"2020-04-25T11:58:10.000Z"}}},{"id":5198,"name":"Creditcoin","symbol":"CTC","slug":"creditcoin","num_market_pairs":3,"date_added":"2020-01-31T00:00:00.000Z","tags":[],"max_supply":null,"circulating_supply":null,"total_supply":600000000,"platform":null,"cmc_rank":2037,"last_updated":"2020-04-25T11:58:17.000Z","quote":{"USD":{"price":0.369653903214,"volume_24h":20402215.1242149,"percent_change_1h":-0.137072,"percent_change_24h":-1.42726,"percent_change_7d":-10.2384,"market_cap":null,"last_updated":"2020-04-25T11:58:17.000Z"}}},{"id":109,"name":"DigiByte","symbol":"DGB","slug":"digibyte","num_market_pairs":77,"date_added":"2014-02-06T00:00:00.000Z","tags":["mineable"],"max_supply":21000000000,"circulating_supply":13070268936.6909,"total_supply":13070268936.6909,"platform":null,"cmc_rank":37,"last_updated":"2020-04-25T11:58:06.000Z","quote":{"USD":{"price":0.0130055068179,"volume_24h":19919229.0785378,"percent_change_1h":-0.277794,"percent_change_24h":6.1277,"percent_change_7d":72.4449,"market_cap":169985471.76792008,"last_updated":"2020-04-25T11:58:06.000Z"}}},{"id":4899,"name":"Yap Stone","symbol":"YAP","slug":"yap-stone","num_market_pairs":14,"date_added":"2019-11-09T00:00:00.000Z","tags":[],"max_supply":null,"circulating_supply":150000000,"total_supply":1000000000,"platform":{"id":1027,"name":"Ethereum","symbol":"ETH","slug":"ethereum","token_address":""},"cmc_rank":108,"last_updated":"2020-04-25T11:58:17.000Z","quote":{"USD":{"price":0.22076389479,"volume_24h":19747541.50243,"percent_change_1h":-0.162323,"percent_change_24h":2.97204,"percent_change_7d":6.78653,"market_cap":33114584.2185,"last_updated":"2020-04-25T11:58:17.000Z"}}},{"id":5295,"name":"3X Long BNB Token","symbol":"BNBBULL","slug":"3x-long-bnb-token","num_market_pairs":5,"date_added":"2020-03-11T00:00:00.000Z","tags":[],"max_supply":null,"circulating_supply":null,"total_supply":4975.41633724,"platform":{"id":1027,"name":"Ethereum","symbol":"ETH","slug":"ethereum","token_address":"0x9d1a62c2ad99019768b9126fda004a9952853f6e"},"cmc_rank":2038,"last_updated":"2020-04-25T11:58:17.000Z","quote":{"USD":{"price":114.350403394,"volume_24h":19345083.6795363,"percent_change_1h":-0.582505,"percent_change_24h":3.24763,"percent_change_7d":0.892204,"market_cap":null,"last_updated":"2020-04-25T11:58:17.000Z"}}},{"id":1759,"name":"Status","symbol":"SNT","slug":"status","num_market_pairs":84,"date_added":"2017-06-28T00:00:00.000Z","tags":[],"max_supply":null,"circulating_supply":3470483788,"total_supply":6804870174,"platform":{"id":1027,"name":"Ethereum","symbol":"ETH","slug":"ethereum","token_address":"0x744d70fdbe2ba4cf95131626614a1763df805b9e"},"cmc_rank":67,"last_updated":"2020-04-25T11:58:09.000Z","quote":{"USD":{"price":0.0192521111443,"volume_24h":19009890.382486,"percent_change_1h":-0.516096,"percent_change_24h":0.584379,"percent_change_7d":15.5654,"market_cap":66814139.61106728,"last_updated":"2020-04-25T11:58:09.000Z"}}},{"id":1866,"name":"Bytom","symbol":"BTM","slug":"bytom","num_market_pairs":54,"date_added":"2017-08-08T00:00:00.000Z","tags":["mineable"],"max_supply":null,"circulating_supply":1002499275,"total_supply":1407000000,"platform":null,"cmc_rank":72,"last_updated":"2020-04-25T11:58:09.000Z","quote":{"USD":{"price":0.0599942934344,"volume_24h":18124979.9149127,"percent_change_1h":-0.308253,"percent_change_24h":3.38017,"percent_change_7d":1.54087,"market_cap":60144235.67212326,"last_updated":"2020-04-25T11:58:09.000Z"}}},{"id":2588,"name":"Loom Network","symbol":"LOOM","slug":"loom-network","num_market_pairs":65,"date_added":"2018-03-14T00:00:00.000Z","tags":[],"max_supply":null,"circulating_supply":970041175.954257,"total_supply":1000000000,"platform":{"id":1027,"name":"Ethereum","symbol":"ETH","slug":"ethereum","token_address":"0xa4e8c3ec456107ea67d3075bf9e3df3a75823db0"},"cmc_rank":172,"last_updated":"2020-04-25T11:58:12.000Z","quote":{"USD":{"price":0.015089629905,"volume_24h":17744136.9013987,"percent_change_1h":-0.586646,"percent_change_24h":3.52145,"percent_change_7d":3.56438,"market_cap":14637562.337760724,"last_updated":"2020-04-25T11:58:12.000Z"}}},{"id":4779,"name":"HUSD","symbol":"HUSD","slug":"husd","num_market_pairs":18,"date_added":"2019-10-15T00:00:00.000Z","tags":[],"max_supply":null,"circulating_supply":null,"total_supply":87094416.0933887,"platform":{"id":1027,"name":"Ethereum","symbol":"ETH","slug":"ethereum","token_address":"0xdf574c24545e5ffecb9a659c229253d4111d87e1"},"cmc_rank":2039,"last_updated":"2020-04-25T11:58:17.000Z","quote":{"USD":{"price":1.00585232429,"volume_24h":17421716.6538173,"percent_change_1h":0.15991,"percent_change_24h":0.219905,"percent_change_7d":0.252258,"market_cap":null,"last_updated":"2020-04-25T11:58:17.000Z"}}},{"id":2830,"name":"Seele","symbol":"SEELE","slug":"seele","num_market_pairs":18,"date_added":"2018-05-31T00:00:00.000Z","tags":[],"max_supply":null,"circulating_supply":699592066.289478,"total_supply":1000000000,"platform":{"id":1027,"name":"Ethereum","symbol":"ETH","slug":"ethereum","token_address":"0xb1eef147028e9f480dbc5ccaa3277d417d1b85f0"},"cmc_rank":74,"last_updated":"2020-04-25T11:58:12.000Z","quote":{"USD":{"price":0.0828108008615,"volume_24h":17327235.7134057,"percent_change_1h":-0.998504,"percent_change_24h":4.7091,"percent_change_7d":5.81665,"market_cap":57933779.28578327,"last_updated":"2020-04-25T11:58:12.000Z"}}},{"id":4041,"name":"MX Token","symbol":"MX","slug":"mx-token","num_market_pairs":8,"date_added":"2019-09-24T00:00:00.000Z","tags":[],"max_supply":null,"circulating_supply":193278361.2597,"total_supply":673963903.14,"platform":{"id":1027,"name":"Ethereum","symbol":"ETH","slug":"ethereum","token_address":"0x11eef04c884e24d9b7b4760e7476d06ddf797f36"},"cmc_rank":138,"last_updated":"2020-04-25T11:58:16.000Z","quote":{"USD":{"price":0.108766965346,"volume_24h":17102250.5736827,"percent_change_1h":-0.755204,"percent_change_24h":0.25981,"percent_change_7d":7.27798,"market_cap":21022300.82126546,"last_updated":"2020-04-25T11:58:16.000Z"}}},{"id":3945,"name":"Harmony","symbol":"ONE","slug":"harmony","num_market_pairs":20,"date_added":"2019-06-01T00:00:00.000Z","tags":[],"max_supply":null,"circulating_supply":4596807869,"total_supply":12600000000,"platform":null,"cmc_rank":192,"last_updated":"2020-04-25T11:58:16.000Z","quote":{"USD":{"price":0.00269776811856,"volume_24h":16803735.4949727,"percent_change_1h":0.878021,"percent_change_24h":1.50771,"percent_change_7d":18.3625,"market_cap":12401121.716133934,"last_updated":"2020-04-25T11:58:16.000Z"}}},{"id":1903,"name":"HyperCash","symbol":"HC","slug":"hypercash","num_market_pairs":32,"date_added":"2017-08-20T00:00:00.000Z","tags":["mineable"],"max_supply":84000000,"circulating_supply":44588746.897052,"total_supply":44588746.897052,"platform":null,"cmc_rank":85,"last_updated":"2020-04-25T11:58:09.000Z","quote":{"USD":{"price":1.06822235303,"volume_24h":16754384.8948659,"percent_change_1h":-0.302001,"percent_change_24h":2.78286,"percent_change_7d":2.07989,"market_cap":47630696.12902799,"last_updated":"2020-04-25T11:58:09.000Z"}}},{"id":2130,"name":"Enjin Coin","symbol":"ENJ","slug":"enjin-coin","num_market_pairs":61,"date_added":"2017-11-01T00:00:00.000Z","tags":[],"max_supply":null,"circulating_supply":814772129.064264,"total_supply":1000000000,"platform":{"id":1027,"name":"Ethereum","symbol":"ETH","slug":"ethereum","token_address":"0xf629cbd94d3791c9250152bd8dfbdf380e2a3b9c"},"cmc_rank":48,"last_updated":"2020-04-25T11:58:11.000Z","quote":{"USD":{"price":0.145824234843,"volume_24h":16425435.0259436,"percent_change_1h":2.68136,"percent_change_24h":15.7344,"percent_change_7d":50.4637,"market_cap":118813522.29219835,"last_updated":"2020-04-25T11:58:11.000Z"}}},{"id":5429,"name":"DEAPcoin","symbol":"DEP","slug":"deapcoin","num_market_pairs":2,"date_added":"2020-04-10T00:00:00.000Z","tags":[],"max_supply":30000000000,"circulating_supply":null,"total_supply":30000000000,"platform":{"id":1027,"name":"Ethereum","symbol":"ETH","slug":"ethereum","token_address":"0x1a3496c18d558bd9c6c8f609e1b129f67ab08163"},"cmc_rank":2040,"last_updated":"2020-04-25T11:58:18.000Z","quote":{"USD":{"price":0.00519046235565,"volume_24h":15551432.752906,"percent_change_1h":0.350839,"percent_change_24h":-0.697903,"percent_change_7d":0.086229,"market_cap":null,"last_updated":"2020-04-25T11:58:18.000Z"}}},{"id":5221,"name":"Handshake ","symbol":"HNS","slug":"handshake","num_market_pairs":10,"date_added":"2020-02-22T00:00:00.000Z","tags":[],"max_supply":null,"circulating_supply":268078892.322,"total_supply":2040000000,"platform":null,"cmc_rank":245,"last_updated":"2020-04-25T11:58:17.000Z","quote":{"USD":{"price":0.118635773846,"volume_24h":15513899.8713177,"percent_change_1h":0.359083,"percent_change_24h":-3.50803,"percent_change_7d":-3.65969,"market_cap":31803746.84239898,"last_updated":"2020-04-25T11:58:17.000Z"}}},{"id":2341,"name":"SwftCoin","symbol":"SWFTC","slug":"swftcoin","num_market_pairs":13,"date_added":"2018-01-04T00:00:00.000Z","tags":[],"max_supply":null,"circulating_supply":4004999999,"total_supply":10000000000,"platform":{"id":1027,"name":"Ethereum","symbol":"ETH","slug":"ethereum","token_address":"0x0bb217e40f8a5cb79adf04e1aab60e5abd0dfc1e"},"cmc_rank":396,"last_updated":"2020-04-25T11:58:11.000Z","quote":{"USD":{"price":0.00150447489941,"volume_24h":15460030.4287128,"percent_change_1h":-0.521407,"percent_change_24h":7.58664,"percent_change_7d":17.848,"market_cap":6025421.970632575,"last_updated":"2020-04-25T11:58:11.000Z"}}},{"id":1966,"name":"Decentraland","symbol":"MANA","slug":"decentraland","num_market_pairs":75,"date_added":"2017-09-17T00:00:00.000Z","tags":[],"max_supply":null,"circulating_supply":1370185055.67155,"total_supply":2197929665.03415,"platform":{"id":1027,"name":"Ethereum","symbol":"ETH","slug":"ethereum","token_address":"0x0f5d2fb29fb7d3cfee444a200298f468908cc942"},"cmc_rank":96,"last_updated":"2020-04-25T11:58:10.000Z","quote":{"USD":{"price":0.0294948197212,"volume_24h":15453327.9558192,"percent_change_1h":-0.0519109,"percent_change_24h":3.35937,"percent_change_7d":2.04293,"market_cap":40413361.201714754,"last_updated":"2020-04-25T11:58:10.000Z"}}},{"id":873,"name":"NEM","symbol":"XEM","slug":"nem","num_market_pairs":92,"date_added":"2015-04-01T00:00:00.000Z","tags":[],"max_supply":null,"circulating_supply":8999999999,"total_supply":8999999999,"platform":null,"cmc_rank":27,"last_updated":"2020-04-25T11:58:08.000Z","quote":{"USD":{"price":0.0400129950913,"volume_24h":15417214.2625857,"percent_change_1h":2.26199,"percent_change_24h":3.16728,"percent_change_7d":5.36465,"market_cap":360116955.78168696,"last_updated":"2020-04-25T11:58:08.000Z"}}},{"id":5477,"name":"ECOChain","symbol":"ECOC","slug":"ecochain","num_market_pairs":1,"date_added":"2020-04-20T00:00:00.000Z","tags":[],"max_supply":2000000000,"circulating_supply":null,"total_supply":223217150,"platform":null,"cmc_rank":2041,"last_updated":"2020-04-25T11:58:18.000Z","quote":{"USD":{"price":1.43514162466,"volume_24h":14320166.1094987,"percent_change_1h":0.205809,"percent_change_24h":7.93884,"percent_change_7d":null,"market_cap":null,"last_updated":"2020-04-25T11:58:18.000Z"}}},{"id":5117,"name":"Origin Protocol","symbol":"OGN","slug":"origin-protocol","num_market_pairs":15,"date_added":"2020-01-09T00:00:00.000Z","tags":[],"max_supply":null,"circulating_supply":33523273.02,"total_supply":1000000000,"platform":{"id":1027,"name":"Ethereum","symbol":"ETH","slug":"ethereum","token_address":"0x8207c1ffc5b6804f6024322ccf34f29c3541ae26"},"cmc_rank":347,"last_updated":"2020-04-25T11:58:17.000Z","quote":{"USD":{"price":0.227971404473,"volume_24h":14307896.9008062,"percent_change_1h":-0.415892,"percent_change_24h":0.355643,"percent_change_7d":-0.742158,"market_cap":7642347.632901228,"last_updated":"2020-04-25T11:58:17.000Z"}}},{"id":4942,"name":"Digital Gold","symbol":"GOLD","slug":"digital-gold","num_market_pairs":3,"date_added":"2019-11-18T00:00:00.000Z","tags":[],"max_supply":null,"circulating_supply":11545.784,"total_supply":17190.659,"platform":{"id":1027,"name":"Ethereum","symbol":"ETH","slug":"ethereum","token_address":"0x0d16450d347c12c086d6c94c76c5aaac35ea07e0"},"cmc_rank":986,"last_updated":"2020-04-25T11:58:17.000Z","quote":{"USD":{"price":55.7334293206,"volume_24h":14095771.7473076,"percent_change_1h":1.06237,"percent_change_24h":3.2627,"percent_change_7d":1.62012,"market_cap":643486.1365149143,"last_updated":"2020-04-25T11:58:17.000Z"}}},{"id":4467,"name":"Nestree","symbol":"EGG","slug":"nestree","num_market_pairs":4,"date_added":"2019-09-09T00:00:00.000Z","tags":[],"max_supply":null,"circulating_supply":706568351.349625,"total_supply":2994901340,"platform":{"id":1027,"name":"Ethereum","symbol":"ETH","slug":"ethereum","token_address":"0x65ccd72c0813ce6f2703593b633202a0f3ca6a0c"},"cmc_rank":550,"last_updated":"2020-04-25T11:58:16.000Z","quote":{"USD":{"price":0.00461750171573,"volume_24h":13665869.999846,"percent_change_1h":-0.723024,"percent_change_24h":-9.57034,"percent_change_7d":-39.7129,"market_cap":3262580.5746374107,"last_updated":"2020-04-25T11:58:16.000Z"}}},{"id":1720,"name":"IOTA","symbol":"MIOTA","slug":"iota","num_market_pairs":53,"date_added":"2017-06-13T00:00:00.000Z","tags":[],"max_supply":2779530283,"circulating_supply":2779530283,"total_supply":2779530283,"platform":null,"cmc_rank":25,"last_updated":"2020-04-25T11:58:09.000Z","quote":{"USD":{"price":0.170131609392,"volume_24h":13376616.3859414,"percent_change_1h":-0.340523,"percent_change_24h":3.21178,"percent_change_7d":6.12078,"market_cap":472885960.40059125,"last_updated":"2020-04-25T11:58:09.000Z"}}},{"id":4078,"name":"Super Zero","symbol":"SERO","slug":"super-zero","num_market_pairs":15,"date_added":"2019-07-19T00:00:00.000Z","tags":[],"max_supply":647367590,"circulating_supply":257513945,"total_supply":645153679,"platform":null,"cmc_rank":148,"last_updated":"2020-04-25T11:58:16.000Z","quote":{"USD":{"price":0.0772272398887,"volume_24h":12888986.4242256,"percent_change_1h":0.329383,"percent_change_24h":0.844816,"percent_change_7d":3.64759,"market_cap":19887091.2052005,"last_updated":"2020-04-25T11:58:16.000Z"}}},{"id":2570,"name":"TomoChain","symbol":"TOMO","slug":"tomochain","num_market_pairs":23,"date_added":"2018-03-08T00:00:00.000Z","tags":["mineable"],"max_supply":null,"circulating_supply":70462625,"total_supply":100000000,"platform":null,"cmc_rank":125,"last_updated":"2020-04-25T11:58:12.000Z","quote":{"USD":{"price":0.35405101484,"volume_24h":12630394.6136724,"percent_change_1h":0.10162,"percent_change_24h":4.60799,"percent_change_7d":0.679061,"market_cap":24947363.889540356,"last_updated":"2020-04-25T11:58:12.000Z"}}},{"id":5444,"name":"Cartesi","symbol":"CTSI","slug":"cartesi","num_market_pairs":4,"date_added":"2020-04-23T00:00:00.000Z","tags":[],"max_supply":null,"circulating_supply":null,"total_supply":1000000000,"platform":null,"cmc_rank":2042,"last_updated":"2020-04-25T11:58:18.000Z","quote":{"USD":{"price":0.0524031639031,"volume_24h":12531442.5556392,"percent_change_1h":-0.102139,"percent_change_24h":-9.85861,"percent_change_7d":null,"market_cap":null,"last_updated":"2020-04-25T11:58:18.000Z"}}},{"id":4273,"name":"Sessia","symbol":"KICKS","slug":"sessia","num_market_pairs":2,"date_added":"2019-08-21T00:00:00.000Z","tags":[],"max_supply":null,"circulating_supply":6145759.45571843,"total_supply":100000000,"platform":{"id":1027,"name":"Ethereum","symbol":"ETH","slug":"ethereum","token_address":"0xd91a6162f146ef85922d9a15ee6eb14a00344586"},"cmc_rank":981,"last_updated":"2020-04-25T11:58:16.000Z","quote":{"USD":{"price":0.106211027956,"volume_24h":12495116.4788089,"percent_change_1h":-0.69479,"percent_change_24h":0.392153,"percent_change_7d":0.25328,"market_cap":652747.4293621616,"last_updated":"2020-04-25T11:58:16.000Z"}}},{"id":1414,"name":"Zcoin","symbol":"XZC","slug":"zcoin","num_market_pairs":56,"date_added":"2016-10-06T00:00:00.000Z","tags":["mineable"],"max_supply":21400000,"circulating_supply":9974793.32977796,"total_supply":21400000,"platform":null,"cmc_rank":95,"last_updated":"2020-04-25T11:58:09.000Z","quote":{"USD":{"price":4.08546302404,"volume_24h":12372009.9322716,"percent_change_1h":-0.115992,"percent_change_24h":0.140879,"percent_change_7d":13.0868,"market_cap":40751649.32124869,"last_updated":"2020-04-25T11:58:09.000Z"}}},{"id":4943,"name":"Multi-collateral DAI","symbol":"DAI","slug":"multi-collateral-dai","num_market_pairs":75,"date_added":"2019-11-22T00:00:00.000Z","tags":[],"max_supply":null,"circulating_supply":94720844.009046,"total_supply":95121734.2211911,"platform":{"id":1027,"name":"Ethereum","symbol":"ETH","slug":"ethereum","token_address":"0x6b175474e89094c44da98b954eedeac495271d0f"},"cmc_rank":54,"last_updated":"2020-04-25T11:58:17.000Z","quote":{"USD":{"price":1.02005353915,"volume_24h":12278815.5154514,"percent_change_1h":-0.232075,"percent_change_24h":0.936379,"percent_change_7d":0.112405,"market_cap":96620332.16270246,"last_updated":"2020-04-25T11:58:17.000Z"}}},{"id":3966,"name":"BitcoinHD","symbol":"BHD","slug":"bitcoinhd","num_market_pairs":11,"date_added":"2019-05-27T00:00:00.000Z","tags":[],"max_supply":21000000,"circulating_supply":6083016.35,"total_supply":6339465,"platform":null,"cmc_rank":239,"last_updated":"2020-04-25T11:58:17.000Z","quote":{"USD":{"price":6.46586637982,"volume_24h":12114936.9102292,"percent_change_1h":0.807455,"percent_change_24h":0.377517,"percent_change_7d":12.6133,"market_cap":39331970.90536036,"last_updated":"2020-04-25T11:58:17.000Z"}}},{"id":5216,"name":"3X Short Ethereum Token","symbol":"ETHBEAR","slug":"3x-short-ethereum-token","num_market_pairs":7,"date_added":"2020-02-11T00:00:00.000Z","tags":[],"max_supply":null,"circulating_supply":null,"total_supply":173633.2933466,"platform":{"id":1027,"name":"Ethereum","symbol":"ETH","slug":"ethereum","token_address":"0x2f5e2c9002c058c063d21a06b6cabb50950130c8"},"cmc_rank":2043,"last_updated":"2020-04-25T11:58:17.000Z","quote":{"USD":{"price":2.56810627012,"volume_24h":11880557.2608458,"percent_change_1h":1.3692,"percent_change_24h":-10.6365,"percent_change_7d":-30.9662,"market_cap":null,"last_updated":"2020-04-25T11:58:17.000Z"}}},{"id":3053,"name":"YOU COIN","symbol":"YOU","slug":"you-coin","num_market_pairs":6,"date_added":"2018-08-01T00:00:00.000Z","tags":[],"max_supply":null,"circulating_supply":556120198.410192,"total_supply":2856000000,"platform":{"id":1027,"name":"Ethereum","symbol":"ETH","slug":"ethereum","token_address":"0x34364BEe11607b1963d66BCA665FDE93fCA666a8"},"cmc_rank":170,"last_updated":"2020-04-25T11:58:13.000Z","quote":{"USD":{"price":0.0268222301766,"volume_24h":11567236.3788086,"percent_change_1h":0.229268,"percent_change_24h":0.915126,"percent_change_7d":0.7414,"market_cap":14916383.967614632,"last_updated":"2020-04-25T11:58:13.000Z"}}},{"id":1230,"name":"Steem","symbol":"STEEM","slug":"steem","num_market_pairs":31,"date_added":"2016-04-18T00:00:00.000Z","tags":[],"max_supply":null,"circulating_supply":374082290.358,"total_supply":391056384.358,"platform":null,"cmc_rank":70,"last_updated":"2020-04-25T11:58:08.000Z","quote":{"USD":{"price":0.163360638495,"volume_24h":11510633.9043519,"percent_change_1h":-0.2469,"percent_change_24h":1.88035,"percent_change_7d":5.58888,"market_cap":61110321.80255485,"last_updated":"2020-04-25T11:58:08.000Z"}}}]}