{"status":{"timestamp":"2020-04-25T18:00:02.620Z","error_code":0,"error_message":null,"elapsed":807,"credit_count":1,"notice":null},"data":[{"id":825,"name":"Tether","symbol":"USDT","slug":"tether","num_market_pairs":4685,"date_added":"2015-02-25T00:00:00.000Z","tags":[],"max_supply":null,"circulating_supply":6361032509,"total_supply":6998318752.17,"platform":{"id":1027,"name":"Ethereum","symbol":"ETH","slug":"ethereum","token_address":"31"},"cmc_rank":4,"last_updated":"2020-04-25T17:58:30.000Z","quote":{"USD":{"price":1.00432107676,"volume_24h":46304718162.8095,"percent_change_1h":-0.0861984,"percent_change_24h":-0.206265,"percent_change_7d":0.225549,"market_cap":6388519018.744244,"last_updated":"2020-04-25T17:58:30.000Z"}}},{"id":1,"name":"Bitcoin","symbol":"BTC","slug":"bitcoin","num_market_pairs":7956,"date_added":"2013-04-28T00:00:00.000Z","tags":["mineable"],"max_supply":21000000,"circulating_supply":18344925,"total_supply":18344925,"platform":null,"cmc_rank":1,"last_updated":"2020-04-25T17:58:46.000Z","quote":{"USD":{"price":7559.50202408,"volume_24h":34190307865.8075,"percent_change_1h":-0.258936,"percent_change_24h":0.0952695,"percent_change_7d":4.64354,"market_cap":138678497669.0958,"last_updated":"2020-04-25T17:58:46.000Z"}}},{"id":1027,"name":"Ethereum","symbol":"ETH","slug":"ethereum","num_market_pairs":5179,"date_added":"2015-08-07T00:00:00.000Z","tags":["mineable"],"max_supply":null,"circulating_supply":110667420.499,"total_supply":110667420.499,"platform":null,"cmc_rank":2,"last_updated":"2020-04-25T17:58:29.000Z","quote":{"USD":{"price":195.090804734,"volume_24h":17852877070.4018,"percent_change_1h":-0.208104,"percent_change_24h":2.90295,"percent_change_7d":6.96709,"market_cap":21590196122.985878,"last_updated":"2020-04-25T17:58:29.000Z"}}},{"id":2,"name":"Litecoin","symbol":"LTC","slug":"litecoin","num_market_pairs":600,"date_added":"2013-04-28T00:00:00.000Z","tags":["mineable"],"max_supply":84000000,"circulating_supply":64589743.2265572,"total_supply":64589743.2265572,"platform":null,"cmc_rank":7,"last_updated":"2020-04-25T17:58:07.000Z","quote":{"USD":{"price":44.6115002456,"volume_24h":4882317951.55843,"percent_change_1h":-0.539216,"percent_change_24h":-0.511532,"percent_change_7d":2.15327,"market_cap":2881445345.8147974,"last_updated":"2020-04-25T17:58:07.000Z"}}},{"id":1831,"name":"Bitcoin Cash","symbol":"BCH","slug":"bitcoin-cash","num_market_pairs":473,"date_added":"2017-07-23T00:00:00.000Z","tags":["mineable"],"max_supply":21000000,"circulating_supply":18389912.5,"total_supply":18389912.5,"platform":null,"cmc_rank":5,"last_updated":"2020-04-25T17:58:15.000Z","quote":{"USD":{"price":239.553101388,"volume_24h":3317438660.22538,"percent_change_1h":-0.44273,"percent_change_24h":-0.183333,"percent_change_7d":-0.686608,"market_cap":4405360573.628948,"last_updated":"2020-04-25T17:58:15.000Z"}}},{"id":1765,"name":"EOS","symbol":"EOS","slug":"eos","num_market_pairs":378,"date_added":"2017-07-01T00:00:00.000Z","tags":[],"max_supply":null,"circulating_supply":922093071.4301,"total_supply":1018793083.4297,"platform":null,"cmc_rank":9,"last_updated":"2020-04-25T17:58:07.000Z","quote":{"USD":{"price":2.71314379239,"volume_24h":3299893050.05799,"percent_change_1h":-0.171931,"percent_change_24h":-0.402431,"percent_change_7d":0.142836,"market_cap":2501771092.7564044,"last_updated":"2020-04-25T17:58:07.000Z"}}},{"id":3602,"name":"Bitcoin SV","symbol":"BSV","slug":"bitcoin-sv","num_market_pairs":183,"date_added":"2018-11-09T00:00:00.000Z","tags":["mineable"],"max_supply":21000000,"circulating_supply":18388652.0819233,"total_supply":18388652.0819233,"platform":null,"cmc_rank":6,"last_updated":"2020-04-25T17:58:16.000Z","quote":{"USD":{"price":194.946348502,"volume_24h":1967094827.24467,"percent_change_1h":-0.513945,"percent_change_24h":0.031971,"percent_change_7d":-2.23925,"market_cap":3584800577.2446475,"last_updated":"2020-04-25T17:58:16.000Z"}}},{"id":1321,"name":"Ethereum Classic","symbol":"ETC","slug":"ethereum-classic","num_market_pairs":246,"date_added":"2016-07-24T00:00:00.000Z","tags":["mineable"],"max_supply":210700000,"circulating_supply":116313299,"total_supply":116313299,"platform":null,"cmc_rank":21,"last_updated":"2020-04-25T17:58:06.000Z","quote":{"USD":{"price":5.73086853491,"volume_24h":1747465259.09509,"percent_change_1h":-0.0945212,"percent_change_24h":1.54269,"percent_change_7d":2.61393,"market_cap":666576225.4306787,"last_updated":"2020-04-25T17:58:06.000Z"}}},{"id":52,"name":"XRP","symbol":"XRP","slug":"xrp","num_market_pairs":545,"date_added":"2013-08-04T00:00:00.000Z","tags":[],"max_supply":100000000000,"circulating_supply":44089620959,"total_supply":99990980257,"platform":null,"cmc_rank":3,"last_updated":"2020-04-25T17:58:07.000Z","quote":{"USD":{"price":0.194746913925,"volume_24h":1723434196.31605,"percent_change_1h":-0.222334,"percent_change_24h":-0.00048705,"percent_change_7d":0.479327,"market_cap":8586317617.888248,"last_updated":"2020-04-25T17:58:07.000Z"}}},{"id":1958,"name":"TRON","symbol":"TRX","slug":"tron","num_market_pairs":337,"date_added":"2017-09-13T00:00:00.000Z","tags":["mineable"],"max_supply":null,"circulating_supply":66682072191.4,"total_supply":99281283754.3,"platform":null,"cmc_rank":16,"last_updated":"2020-04-25T17:58:12.000Z","quote":{"USD":{"price":0.0140623853842,"volume_24h":1493142030.13901,"percent_change_1h":-0.0844299,"percent_change_24h":-0.512494,"percent_change_7d":5.73056,"market_cap":937708997.3725127,"last_updated":"2020-04-25T17:58:12.000Z"}}},{"id":131,"name":"Dash","symbol":"DASH","slug":"dash","num_market_pairs":297,"date_added":"2014-02-14T00:00:00.000Z","tags":["mineable"],"max_supply":18900000,"circulating_supply":9457551.69513797,"total_supply":9457551.69513797,"platform":null,"cmc_rank":18,"last_updated":"2020-04-25T17:58:06.000Z","quote":{"USD":{"price":84.7410609193,"volume_24h":849965861.676389,"percent_change_1h":-0.548742,"percent_change_24h":3.03405,"percent_change_7d":6.78932,"market_cap":801442964.3451157,"last_updated":"2020-04-25T17:58:06.000Z"}}},{"id":1437,"name":"Zcash","symbol":"ZEC","slug":"zcash","num_market_pairs":238,"date_added":"2016-10-29T00:00:00.000Z","tags":["mineable"],"max_supply":21000000,"circulating_supply":9018387.5,"total_supply":9018387.5,"platform":null,"cmc_rank":26,"last_updated":"2020-04-25T17:58:06.000Z","quote":{"USD":{"price":45.0252230561,"volume_24h":647313642.511921,"percent_change_1h":-0.979546,"percent_change_24h":0.943046,"percent_change_7d":7.58644,"market_cap":406054908.79384404,"last_updated":"2020-04-25T17:58:06.000Z"}}},{"id":1376,"name":"Neo","symbol":"NEO","slug":"neo","num_market_pairs":238,"date_added":"2016-09-08T00:00:00.000Z","tags":[],"max_supply":100000000,"circulating_supply":70538831,"total_supply":100000000,"platform":null,"cmc_rank":22,"last_updated":"2020-04-25T17:58:11.000Z","quote":{"USD":{"price":8.443007991,"volume_24h":629240589.342301,"percent_change_1h":-0.340587,"percent_change_24h":2.78555,"percent_change_7d":8.0969,"market_cap":595559913.8087986,"last_updated":"2020-04-25T17:58:11.000Z"}}},{"id":512,"name":"Stellar","symbol":"XLM","slug":"stellar","num_market_pairs":296,"date_added":"2014-08-05T00:00:00.000Z","tags":[],"max_supply":null,"circulating_supply":20295869271.1735,"total_supply":50001803872.8717,"platform":null,"cmc_rank":12,"last_updated":"2020-04-25T17:58:06.000Z","quote":{"USD":{"price":0.0621768724035,"volume_24h":554236756.117879,"percent_change_1h":-0.496734,"percent_change_24h":-1.22762,"percent_change_7d":23.9647,"market_cap":1261933673.991871,"last_updated":"2020-04-25T17:58:06.000Z"}}},{"id":2563,"name":"TrueUSD","symbol":"TUSD","slug":"trueusd","num_market_pairs":155,"date_added":"2018-03-06T00:00:00.000Z","tags":[],"max_supply":null,"circulating_supply":131536094.28,"total_supply":131536094.28,"platform":{"id":1027,"name":"Ethereum","symbol":"ETH","slug":"ethereum","token_address":"0x0000000000085d4780B73119b644AE5ecd22b376"},"cmc_rank":43,"last_updated":"2020-04-25T17:58:14.000Z","quote":{"USD":{"price":1.00293183688,"volume_24h":484439724.188071,"percent_change_1h":-0.115089,"percent_change_24h":-0.248235,"percent_change_7d":0.27305,"market_cap":131921736.65226126,"last_updated":"2020-04-25T17:58:14.000Z"}}},{"id":3330,"name":"Paxos Standard","symbol":"PAX","slug":"paxos-standard","num_market_pairs":99,"date_added":"2018-09-27T00:00:00.000Z","tags":[],"max_supply":null,"circulating_supply":244951954.494264,"total_supply":249952064.83,"platform":{"id":1027,"name":"Ethereum","symbol":"ETH","slug":"ethereum","token_address":"0x8e870d67f660d95d5be530380d0ec0bd388289e1"},"cmc_rank":34,"last_updated":"2020-04-25T17:58:14.000Z","quote":{"USD":{"price":1.00318689836,"volume_24h":448557981.846116,"percent_change_1h":-0.03754,"percent_change_24h":-0.197081,"percent_change_7d":0.305542,"market_cap":245732591.4763206,"last_updated":"2020-04-25T17:58:14.000Z"}}},{"id":3408,"name":"USD Coin","symbol":"USDC","slug":"usd-coin","num_market_pairs":219,"date_added":"2018-10-08T00:00:00.000Z","tags":[],"max_supply":null,"circulating_supply":750150396.638994,"total_supply":754153365.27,"platform":{"id":1027,"name":"Ethereum","symbol":"ETH","slug":"ethereum","token_address":"0xa0b86991c6218b36c1d19d4a2e9eb0ce3606eb48"},"cmc_rank":20,"last_updated":"2020-04-25T17:58:15.000Z","quote":{"USD":{"price":1.00401110809,"volume_24h":404010729.519305,"percent_change_1h":-0.0333206,"percent_change_24h":-0.112794,"percent_change_7d":0.344279,"market_cap":753159330.9636694,"last_updated":"2020-04-25T17:58:15.000Z"}}},{"id":1684,"name":"Qtum","symbol":"QTUM","slug":"qtum","num_market_pairs":172,"date_added":"2017-05-24T00:00:00.000Z","tags":[],"max_supply":107822406,"circulating_supply":96607300.359,"total_supply":102357300,"platform":null,"cmc_rank":42,"last_updated":"2020-04-25T17:58:10.000Z","quote":{"USD":{"price":1.48883819709,"volume_24h":391412644.168482,"percent_change_1h":-0.654835,"percent_change_24h":2.6102,"percent_change_7d":4.20327,"market_cap":143832638.89222565,"last_updated":"2020-04-25T17:58:10.000Z"}}},{"id":1839,"name":"Binance Coin","symbol":"BNB","slug":"binance-coin","num_market_pairs":305,"date_added":"2017-07-25T00:00:00.000Z","tags":[],"max_supply":187536713,"circulating_supply":155536713,"total_supply":187536713,"platform":null,"cmc_rank":8,"last_updated":"2020-04-25T17:58:13.000Z","quote":{"USD":{"price":16.2753568019,"volume_24h":344421118.998692,"percent_change_1h":-0.110491,"percent_change_24h":1.34006,"percent_change_7d":-0.747418,"market_cap":2531415499.869718,"last_updated":"2020-04-25T17:58:13.000Z"}}},{"id":1975,"name":"Chainlink","symbol":"LINK","slug":"chainlink","num_market_pairs":170,"date_added":"2017-09-20T00:00:00.000Z","tags":[],"max_supply":null,"circulating_supply":350000000,"total_supply":1000000000,"platform":{"id":1027,"name":"Ethereum","symbol":"ETH","slug":"ethereum","token_address":"0x514910771af9ca656af840dff83e8264ecf986ca"},"cmc_rank":11,"last_updated":"2020-04-25T17:58:11.000Z","quote":{"USD":{"price":3.83368487286,"volume_24h":324440362.836933,"percent_change_1h":-0.311386,"percent_change_24h":0.323294,"percent_change_7d":3.93979,"market_cap":1341789705.5010002,"last_updated":"2020-04-25T17:58:11.000Z"}}},{"id":2011,"name":"Tezos","symbol":"XTZ","slug":"tezos","num_market_pairs":90,"date_added":"2017-10-06T00:00:00.000Z","tags":[],"max_supply":null,"circulating_supply":708255589.198693,"total_supply":708255589.198693,"platform":null,"cmc_rank":10,"last_updated":"2020-04-25T17:58:10.000Z","quote":{"USD":{"price":2.83865071723,"volume_24h":305743591.585974,"percent_change_1h":-0.263167,"percent_change_24h":3.41254,"percent_change_7d":24.931,"market_cap":2010490236.2610264,"last_updated":"2020-04-25T17:58:10.000Z"}}},{"id":2319,"name":"QCash","symbol":"QC","slug":"qcash","num_market_pairs":91,"date_added":"2019-12-12T00:00:00.000Z","tags":[],"max_supply":10000000000,"circulating_supply":460000200,"total_supply":10000000000,"platform":{"id":1684,"name":"Qtum","symbol":"QTUM","slug":"qtum","token_address":"f2033ede578e17fa6231047265010445bca8cf1c"},"cmc_rank":221,"last_updated":"2020-04-25T17:58:10.000Z","quote":{"USD":{"price":0.140667884871,"volume_24h":280233841.700399,"percent_change_1h":-0.0762106,"percent_change_24h":-0.178612,"percent_change_7d":0.616001,"market_cap":64707255.17423697,"last_updated":"2020-04-25T17:58:10.000Z"}}},{"id":3794,"name":"Cosmos","symbol":"ATOM","slug":"cosmos","num_market_pairs":121,"date_added":"2019-03-14T00:00:00.000Z","tags":[],"max_supply":null,"circulating_supply":190688439.2,"total_supply":237928230.821588,"platform":null,"cmc_rank":24,"last_updated":"2020-04-25T17:58:15.000Z","quote":{"USD":{"price":2.88021306737,"volume_24h":265678381.849302,"percent_change_1h":-0.309491,"percent_change_24h":5.28508,"percent_change_7d":16.8654,"market_cap":549223334.3802297,"last_updated":"2020-04-25T17:58:15.000Z"}}},{"id":2502,"name":"Huobi Token","symbol":"HT","slug":"huobi-token","num_market_pairs":136,"date_added":"2018-02-03T00:00:00.000Z","tags":[],"max_supply":null,"circulating_supply":222668092.971921,"total_supply":500000000,"platform":{"id":1027,"name":"Ethereum","symbol":"ETH","slug":"ethereum","token_address":"0x6f259637dcd74c767781e37bc6133cd6a68aa161"},"cmc_rank":17,"last_updated":"2020-04-25T17:58:11.000Z","quote":{"USD":{"price":3.98075648569,"volume_24h":218701924.241619,"percent_change_1h":-0.0338331,"percent_change_24h":-0.0216127,"percent_change_7d":1.90187,"market_cap":886387455.2541984,"last_updated":"2020-04-25T17:58:11.000Z"}}},{"id":74,"name":"Dogecoin","symbol":"DOGE","slug":"dogecoin","num_market_pairs":239,"date_added":"2013-12-15T00:00:00.000Z","tags":["mineable"],"max_supply":null,"circulating_supply":124302538913.54,"total_supply":124302538913.54,"platform":null,"cmc_rank":33,"last_updated":"2020-04-25T17:58:06.000Z","quote":{"USD":{"price":0.00211904755191,"volume_24h":216130541.755101,"percent_change_1h":-0.302821,"percent_change_24h":0.845135,"percent_change_7d":3.73952,"market_cap":263402990.78093445,"last_updated":"2020-04-25T17:58:06.000Z"}}},{"id":3077,"name":"VeChain","symbol":"VET","slug":"vechain","num_market_pairs":98,"date_added":"2017-08-22T00:00:00.000Z","tags":[],"max_supply":null,"circulating_supply":55454734800,"total_supply":86712634466,"platform":null,"cmc_rank":35,"last_updated":"2020-04-25T17:58:13.000Z","quote":{"USD":{"price":0.00414106873453,"volume_24h":153245318.637035,"percent_change_1h":-0.500438,"percent_change_24h":0.505414,"percent_change_7d":5.37742,"market_cap":229641868.46193275,"last_updated":"2020-04-25T17:58:13.000Z"}}},{"id":2010,"name":"Cardano","symbol":"ADA","slug":"cardano","num_market_pairs":131,"date_added":"2017-10-01T00:00:00.000Z","tags":["mineable"],"max_supply":45000000000,"circulating_supply":25927070538,"total_supply":31112483745,"platform":null,"cmc_rank":13,"last_updated":"2020-04-25T17:58:11.000Z","quote":{"USD":{"price":0.0425201744616,"volume_24h":123630360.408934,"percent_change_1h":-0.878586,"percent_change_24h":-0.85247,"percent_change_7d":17.9209,"market_cap":1102423562.5539694,"last_updated":"2020-04-25T17:58:11.000Z"}}},{"id":2566,"name":"Ontology","symbol":"ONT","slug":"ontology","num_market_pairs":119,"date_added":"2018-03-08T00:00:00.000Z","tags":[],"max_supply":null,"circulating_supply":656746573,"total_supply":1000000000,"platform":null,"cmc_rank":29,"last_updated":"2020-04-25T17:58:13.000Z","quote":{"USD":{"price":0.466852379375,"volume_24h":122173521.9524,"percent_change_1h":-1.07359,"percent_change_24h":1.36477,"percent_change_7d":10.2519,"market_cap":306603700.2514271,"last_updated":"2020-04-25T17:58:13.000Z"}}},{"id":3897,"name":"OKB","symbol":"OKB","slug":"okb","num_market_pairs":50,"date_added":"2019-04-30T00:00:00.000Z","tags":[],"max_supply":null,"circulating_supply":60000000,"total_supply":300000000,"platform":{"id":1027,"name":"Ethereum","symbol":"ETH","slug":"ethereum","token_address":"0x75231f58b43240c9718dd58b4967c5114342a86c"},"cmc_rank":30,"last_updated":"2020-04-25T17:58:15.000Z","quote":{"USD":{"price":4.8877271809,"volume_24h":121565696.781531,"percent_change_1h":-0.449624,"percent_change_24h":-0.766812,"percent_change_7d":1.79915,"market_cap":293263630.854,"last_updated":"2020-04-25T17:58:15.000Z"}}},{"id":2456,"name":"OFCOIN","symbol":"OF","slug":"ofcoin","num_market_pairs":1,"date_added":"2018-01-24T00:00:00.000Z","tags":[],"max_supply":null,"circulating_supply":null,"total_supply":51200000000,"platform":null,"cmc_rank":2030,"last_updated":"2020-04-25T17:58:10.000Z","quote":{"USD":{"price":0.0000451584214414,"volume_24h":117478260.56376,"percent_change_1h":-0.176945,"percent_change_24h":-10.2593,"percent_change_7d":0.229905,"market_cap":null,"last_updated":"2020-04-25T17:58:10.000Z"}}},{"id":328,"name":"Monero","symbol":"XMR","slug":"monero","num_market_pairs":146,"date_added":"2014-05-21T00:00:00.000Z","tags":["mineable"],"max_supply":null,"circulating_supply":17536594.7684704,"total_supply":17536594.7684704,"platform":null,"cmc_rank":14,"last_updated":"2020-04-25T17:58:06.000Z","quote":{"USD":{"price":60.6947828133,"volume_24h":101545754.189426,"percent_change_1h":-0.775047,"percent_change_24h":-0.362637,"percent_change_7d":4.79274,"market_cap":1064379810.7571639,"last_updated":"2020-04-25T17:58:06.000Z"}}},{"id":1168,"name":"Decred","symbol":"DCR","slug":"decred","num_market_pairs":49,"date_added":"2016-02-10T00:00:00.000Z","tags":["mineable"],"max_supply":21000000,"circulating_supply":11405671.5386739,"total_supply":11405671.5386739,"platform":null,"cmc_rank":41,"last_updated":"2020-04-25T17:58:05.000Z","quote":{"USD":{"price":12.7396966876,"volume_24h":89055571.6038906,"percent_change_1h":0.425654,"percent_change_24h":1.72276,"percent_change_7d":0.815546,"market_cap":145304795.9210975,"last_updated":"2020-04-25T17:58:05.000Z"}}},{"id":1808,"name":"OmiseGO","symbol":"OMG","slug":"omisego","num_market_pairs":209,"date_added":"2017-07-14T00:00:00.000Z","tags":[],"max_supply":null,"circulating_supply":140245398.245133,"total_supply":140245398.245133,"platform":{"id":1027,"name":"Ethereum","symbol":"ETH","slug":"ethereum","token_address":"0xd26114cd6EE289AccF82350c8d8487fedB8A0C07"},"cmc_rank":57,"last_updated":"2020-04-25T17:58:11.000Z","quote":{"USD":{"price":0.625287852278,"volume_24h":88294553.7575111,"percent_change_1h":-0.439673,"percent_change_24h":0.877987,"percent_change_7d":5.74348,"market_cap":87693743.86057201,"last_updated":"2020-04-25T17:58:11.000Z"}}},{"id":1697,"name":"Basic Attention Token","symbol":"BAT","slug":"basic-attention-token","num_market_pairs":183,"date_added":"2017-06-01T00:00:00.000Z","tags":[],"max_supply":null,"circulating_supply":1457527137.0863,"total_supply":1500000000,"platform":{"id":1027,"name":"Ethereum","symbol":"ETH","slug":"ethereum","token_address":"0x0d8775f648430679a709e98d2b0cb6250d2887ef"},"cmc_rank":32,"last_updated":"2020-04-25T17:58:06.000Z","quote":{"USD":{"price":0.184757622199,"volume_24h":86800656.5259519,"percent_change_1h":-0.477045,"percent_change_24h":4.88163,"percent_change_7d":7.95937,"market_cap":269289248.1385807,"last_updated":"2020-04-25T17:58:06.000Z"}}},{"id":3702,"name":"Beam","symbol":"BEAM","slug":"beam","num_market_pairs":32,"date_added":"2019-01-17T00:00:00.000Z","tags":["mineable"],"max_supply":262800000,"circulating_supply":60289120,"total_supply":60289120,"platform":null,"cmc_rank":154,"last_updated":"2020-04-25T17:58:15.000Z","quote":{"USD":{"price":0.308291954745,"volume_24h":74386968.1251476,"percent_change_1h":-1.08064,"percent_change_24h":7.0856,"percent_change_7d":10.4415,"market_cap":18586650.654655874,"last_updated":"2020-04-25T17:58:15.000Z"}}},{"id":5031,"name":"MimbleWimbleCoin","symbol":"MWC","slug":"mimblewimblecoin","num_market_pairs":7,"date_added":"2020-02-24T00:00:00.000Z","tags":[],"max_supply":20000000,"circulating_supply":8011543.0569404,"total_supply":10521186.0569404,"platform":null,"cmc_rank":209,"last_updated":"2020-04-25T17:58:16.000Z","quote":{"USD":{"price":17.2554166144,"volume_24h":70194612.5381971,"percent_change_1h":-0.396567,"percent_change_24h":4.0144,"percent_change_7d":26.3116,"market_cap":138242513.17171034,"last_updated":"2020-04-25T17:58:16.000Z"}}},{"id":1772,"name":"Storj","symbol":"STORJ","slug":"storj","num_market_pairs":32,"date_added":"2017-07-02T00:00:00.000Z","tags":[],"max_supply":null,"circulating_supply":135787438.700013,"total_supply":424999998.000013,"platform":{"id":1027,"name":"Ethereum","symbol":"ETH","slug":"ethereum","token_address":"0xb64ef51c888972c908cfacf59b47c1afbc0ab8ac"},"cmc_rank":179,"last_updated":"2020-04-25T17:58:10.000Z","quote":{"USD":{"price":0.10148902213,"volume_24h":68541526.5855455,"percent_change_1h":-0.114453,"percent_change_24h":2.45716,"percent_change_7d":3.96617,"market_cap":13780934.371201638,"last_updated":"2020-04-25T17:58:10.000Z"}}},{"id":4064,"name":"USDK","symbol":"USDK","slug":"usdk","num_market_pairs":37,"date_added":"2019-07-29T00:00:00.000Z","tags":[],"max_supply":null,"circulating_supply":28600072,"total_supply":28600072,"platform":{"id":1027,"name":"Ethereum","symbol":"ETH","slug":"ethereum","token_address":"0x1c48f86ae57291f7686349f12601910bd8d470bb"},"cmc_rank":251,"last_updated":"2020-04-25T17:58:15.000Z","quote":{"USD":{"price":1.00220929619,"volume_24h":66505632.6441615,"percent_change_1h":-0.153573,"percent_change_24h":-0.28597,"percent_change_7d":0.160596,"market_cap":28663258.030103326,"last_updated":"2020-04-25T17:58:15.000Z"}}},{"id":2307,"name":"Bibox Token","symbol":"BIX","slug":"bibox-token","num_market_pairs":27,"date_added":"2017-12-24T00:00:00.000Z","tags":[],"max_supply":null,"circulating_supply":97882450.27,"total_supply":251424733.27,"platform":{"id":1027,"name":"Ethereum","symbol":"ETH","slug":"ethereum","token_address":"0xb3104b4b9da82025e8b9f8fb28b3553ce2f67069"},"cmc_rank":333,"last_updated":"2020-04-25T17:58:11.000Z","quote":{"USD":{"price":0.0842567809323,"volume_24h":64515846.7057499,"percent_change_1h":0.984524,"percent_change_24h":1.57507,"percent_change_7d":3.36559,"market_cap":8247260.169516139,"last_updated":"2020-04-25T17:58:11.000Z"}}},{"id":4030,"name":"Algorand","symbol":"ALGO","slug":"algorand","num_market_pairs":77,"date_added":"2019-06-20T00:00:00.000Z","tags":["mineable"],"max_supply":null,"circulating_supply":708547636.112486,"total_supply":3239819479.11249,"platform":null,"cmc_rank":39,"last_updated":"2020-04-25T17:58:16.000Z","quote":{"USD":{"price":0.212846253223,"volume_24h":63225013.3302536,"percent_change_1h":-1.46169,"percent_change_24h":4.53757,"percent_change_7d":7.71578,"market_cap":150811709.57655624,"last_updated":"2020-04-25T17:58:16.000Z"}}},{"id":3718,"name":"BitTorrent","symbol":"BTT","slug":"bittorrent","num_market_pairs":134,"date_added":"2019-01-31T00:00:00.000Z","tags":[],"max_supply":null,"circulating_supply":212116500000,"total_supply":990000000000,"platform":{"id":1958,"name":"TRON","symbol":"TRX","slug":"tron","token_address":"1002000"},"cmc_rank":80,"last_updated":"2020-04-25T17:58:15.000Z","quote":{"USD":{"price":0.000246785593165,"volume_24h":60760749.0518898,"percent_change_1h":-0.101023,"percent_change_24h":1.04429,"percent_change_7d":5.80417,"market_cap":52347296.27258372,"last_updated":"2020-04-25T17:58:15.000Z"}}},{"id":4687,"name":"Binance USD","symbol":"BUSD","slug":"binance-usd","num_market_pairs":61,"date_added":"2019-09-20T00:00:00.000Z","tags":[],"max_supply":null,"circulating_supply":190748647.59,"total_supply":190748647.59,"platform":{"id":1027,"name":"Ethereum","symbol":"ETH","slug":"ethereum","token_address":"0x4Fabb145d64652a948d72533023f6E7A623C7C53"},"cmc_rank":37,"last_updated":"2020-04-25T17:58:17.000Z","quote":{"USD":{"price":1.00281840688,"volume_24h":57323506.9000279,"percent_change_1h":-0.0954158,"percent_change_24h":-0.214256,"percent_change_7d":0.261349,"market_cap":191286254.89071834,"last_updated":"2020-04-25T17:58:17.000Z"}}},{"id":1982,"name":"Kyber Network","symbol":"KNC","slug":"kyber-network","num_market_pairs":64,"date_added":"2017-09-24T00:00:00.000Z","tags":[],"max_supply":null,"circulating_supply":180432602.911872,"total_supply":210939151.730736,"platform":{"id":1027,"name":"Ethereum","symbol":"ETH","slug":"ethereum","token_address":"0xdd974d5c2e2928dea5f71b9825b8b646686bd200"},"cmc_rank":54,"last_updated":"2020-04-25T17:58:10.000Z","quote":{"USD":{"price":0.550328330224,"volume_24h":53354190.3375461,"percent_change_1h":0.861777,"percent_change_24h":8.93907,"percent_change_7d":11.8546,"market_cap":99297173.07846054,"last_updated":"2020-04-25T17:58:10.000Z"}}},{"id":2349,"name":"Mixin","symbol":"XIN","slug":"mixin","num_market_pairs":8,"date_added":"2018-01-09T00:00:00.000Z","tags":[],"max_supply":1000000,"circulating_supply":510473.266535786,"total_supply":1000000,"platform":{"id":1027,"name":"Ethereum","symbol":"ETH","slug":"ethereum","token_address":"0xa974c709cfb4566686553a20790685a47aceaa33"},"cmc_rank":216,"last_updated":"2020-04-25T17:58:10.000Z","quote":{"USD":{"price":170.819667584,"volume_24h":51918030.7241885,"percent_change_1h":2.07001,"percent_change_24h":3.35968,"percent_change_7d":1.40389,"market_cap":87198873.70016159,"last_updated":"2020-04-25T17:58:10.000Z"}}},{"id":2280,"name":"Filecoin [Futures]","symbol":"FIL","slug":"filecoin","num_market_pairs":4,"date_added":"2017-12-13T00:00:00.000Z","tags":["mineable"],"max_supply":null,"circulating_supply":null,"total_supply":null,"platform":null,"cmc_rank":2031,"last_updated":"2020-04-25T17:58:10.000Z","quote":{"USD":{"price":5.21129546903,"volume_24h":50884999.9621552,"percent_change_1h":1.14425,"percent_change_24h":0.609117,"percent_change_7d":4.19591,"market_cap":null,"last_updated":"2020-04-25T17:58:10.000Z"}}},{"id":1776,"name":"MCO","symbol":"MCO","slug":"crypto-com","num_market_pairs":61,"date_added":"2017-07-03T00:00:00.000Z","tags":[],"max_supply":null,"circulating_supply":15793831.0949625,"total_supply":31587682.3632061,"platform":{"id":1027,"name":"Ethereum","symbol":"ETH","slug":"ethereum","token_address":"0xb63b606ac810a52cca15e44bb630fd42d8d1d83d"},"cmc_rank":59,"last_updated":"2020-04-25T17:58:09.000Z","quote":{"USD":{"price":5.09256134568,"volume_24h":49820033.7366875,"percent_change_1h":-0.0574154,"percent_change_24h":0.0637233,"percent_change_7d":-3.85973,"market_cap":80431053.73440486,"last_updated":"2020-04-25T17:58:09.000Z"}}},{"id":3437,"name":"ABBC Coin","symbol":"ABBC","slug":"abbc-coin","num_market_pairs":42,"date_added":"2018-10-12T00:00:00.000Z","tags":["mineable"],"max_supply":null,"circulating_supply":555416924.350722,"total_supply":1003278750.0109,"platform":null,"cmc_rank":69,"last_updated":"2020-04-25T17:58:14.000Z","quote":{"USD":{"price":0.11509053972,"volume_24h":44918596.7189012,"percent_change_1h":0.0248627,"percent_change_24h":0.579047,"percent_change_7d":-2.70549,"market_cap":63923233.593146995,"last_updated":"2020-04-25T17:58:14.000Z"}}},{"id":3657,"name":"Lambda","symbol":"LAMB","slug":"lambda","num_market_pairs":41,"date_added":"2019-01-02T00:00:00.000Z","tags":[],"max_supply":10000000000,"circulating_supply":646953847.163218,"total_supply":6000000000,"platform":{"id":1027,"name":"Ethereum","symbol":"ETH","slug":"ethereum","token_address":"0x8971f9fd7196e5cee2c1032b50f656855af7dd26"},"cmc_rank":320,"last_updated":"2020-04-25T17:58:14.000Z","quote":{"USD":{"price":0.0137642746295,"volume_24h":44514362.7193591,"percent_change_1h":-0.766387,"percent_change_24h":4.24482,"percent_change_7d":-1.09549,"market_cap":8904850.424966102,"last_updated":"2020-04-25T17:58:14.000Z"}}},{"id":3306,"name":"Gemini Dollar","symbol":"GUSD","slug":"gemini-dollar","num_market_pairs":31,"date_added":"2018-10-05T00:00:00.000Z","tags":[],"max_supply":null,"circulating_supply":5884964.1,"total_supply":5884964.1,"platform":{"id":1027,"name":"Ethereum","symbol":"ETH","slug":"ethereum","token_address":"0x056Fd409E1d7A124BD7017459dFEa2F387b6d5Cd"},"cmc_rank":405,"last_updated":"2020-04-25T17:58:13.000Z","quote":{"USD":{"price":1.005990381,"volume_24h":42438975.0421061,"percent_change_1h":-0.298657,"percent_change_24h":-0.038333,"percent_change_7d":0.72103,"market_cap":5920217.277130322,"last_updated":"2020-04-25T17:58:13.000Z"}}},{"id":4229,"name":"Yobit Token","symbol":"YO","slug":"yobit-token","num_market_pairs":11,"date_added":"2019-09-03T00:00:00.000Z","tags":[],"max_supply":null,"circulating_supply":null,"total_supply":17000,"platform":{"id":1027,"name":"Ethereum","symbol":"ETH","slug":"ethereum","token_address":"0xebf4ca5319f406602eeff68da16261f1216011b5"},"cmc_rank":2032,"last_updated":"2020-04-25T17:58:15.000Z","quote":{"USD":{"price":756.715597752,"volume_24h":42423289.6272345,"percent_change_1h":-0.666884,"percent_change_24h":2.4738,"percent_change_7d":4.97069,"market_cap":null,"last_updated":"2020-04-25T17:58:15.000Z"}}},{"id":2405,"name":"IOST","symbol":"IOST","slug":"iostoken","num_market_pairs":85,"date_added":"2018-01-16T00:00:00.000Z","tags":[],"max_supply":null,"circulating_supply":12013965608.8475,"total_supply":21000000000,"platform":null,"cmc_rank":93,"last_updated":"2020-04-25T17:58:11.000Z","quote":{"USD":{"price":0.00353557034531,"volume_24h":41402103.9720623,"percent_change_1h":-0.5023,"percent_change_24h":-2.63103,"percent_change_7d":3.74385,"market_cap":42476220.53621542,"last_updated":"2020-04-25T17:58:11.000Z"}}},{"id":3351,"name":"ZB Token","symbol":"ZB","slug":"zb-token","num_market_pairs":11,"date_added":"2018-09-27T00:00:00.000Z","tags":[],"max_supply":null,"circulating_supply":463288810,"total_supply":2100000000,"platform":{"id":1027,"name":"Ethereum","symbol":"ETH","slug":"ethereum","token_address":"0xbd0793332e9fb844a52a205a233ef27a5b34b927"},"cmc_rank":49,"last_updated":"2020-04-25T17:58:14.000Z","quote":{"USD":{"price":0.246468555643,"volume_24h":38619241.5843491,"percent_change_1h":0.0973325,"percent_change_24h":1.86343,"percent_change_7d":2.00341,"market_cap":114186123.84626426,"last_updated":"2020-04-25T17:58:14.000Z"}}},{"id":2083,"name":"Bitcoin Gold","symbol":"BTG","slug":"bitcoin-gold","num_market_pairs":73,"date_added":"2017-10-23T00:00:00.000Z","tags":["mineable"],"max_supply":21000000,"circulating_supply":17513923.589,"total_supply":17513923.589,"platform":null,"cmc_rank":38,"last_updated":"2020-04-25T17:58:10.000Z","quote":{"USD":{"price":9.4366478637,"volume_24h":38555584.9689805,"percent_change_1h":-0.245695,"percent_change_24h":-0.508587,"percent_change_7d":-5.52947,"market_cap":165272729.62114188,"last_updated":"2020-04-25T17:58:10.000Z"}}},{"id":2099,"name":"ICON","symbol":"ICX","slug":"icon","num_market_pairs":61,"date_added":"2017-10-27T00:00:00.000Z","tags":[],"max_supply":null,"circulating_supply":538227337.214796,"total_supply":800460000,"platform":null,"cmc_rank":40,"last_updated":"2020-04-25T17:58:10.000Z","quote":{"USD":{"price":0.277385958722,"volume_24h":34727550.2818569,"percent_change_1h":-1.10903,"percent_change_24h":1.77261,"percent_change_7d":15.2913,"market_cap":149296705.94371536,"last_updated":"2020-04-25T17:58:10.000Z"}}},{"id":3709,"name":"Grin","symbol":"GRIN","slug":"grin","num_market_pairs":60,"date_added":"2019-01-27T00:00:00.000Z","tags":["mineable"],"max_supply":null,"circulating_supply":40099860,"total_supply":40099860,"platform":null,"cmc_rank":147,"last_updated":"2020-04-25T17:58:16.000Z","quote":{"USD":{"price":0.500290202126,"volume_24h":34719591.0405585,"percent_change_1h":-0.127727,"percent_change_24h":0.982318,"percent_change_7d":-0.236771,"market_cap":20061567.064624302,"last_updated":"2020-04-25T17:58:16.000Z"}}},{"id":2457,"name":"TrueChain","symbol":"TRUE","slug":"truechain","num_market_pairs":16,"date_added":"2018-01-24T00:00:00.000Z","tags":[],"max_supply":null,"circulating_supply":79575542.96,"total_supply":100000000,"platform":null,"cmc_rank":137,"last_updated":"2020-04-25T17:58:11.000Z","quote":{"USD":{"price":0.269377194492,"volume_24h":34644306.9855243,"percent_change_1h":0.0761232,"percent_change_24h":0.510147,"percent_change_7d":-4.09069,"market_cap":21435836.51274242,"last_updated":"2020-04-25T17:58:11.000Z"}}},{"id":1104,"name":"Augur","symbol":"REP","slug":"augur","num_market_pairs":73,"date_added":"2015-10-27T00:00:00.000Z","tags":[],"max_supply":null,"circulating_supply":11000000,"total_supply":11000000,"platform":{"id":1027,"name":"Ethereum","symbol":"ETH","slug":"ethereum","token_address":"0x1985365e9f78359a9b6ad760e32412f4a445e862"},"cmc_rank":50,"last_updated":"2020-04-25T17:58:06.000Z","quote":{"USD":{"price":10.2127837278,"volume_24h":34480295.7731778,"percent_change_1h":-0.184765,"percent_change_24h":0.429638,"percent_change_7d":0.5196,"market_cap":112340621.0058,"last_updated":"2020-04-25T17:58:06.000Z"}}},{"id":2130,"name":"Enjin Coin","symbol":"ENJ","slug":"enjin-coin","num_market_pairs":61,"date_added":"2017-11-01T00:00:00.000Z","tags":[],"max_supply":null,"circulating_supply":814772129.064264,"total_supply":1000000000,"platform":{"id":1027,"name":"Ethereum","symbol":"ETH","slug":"ethereum","token_address":"0xf629cbd94d3791c9250152bd8dfbdf380e2a3b9c"},"cmc_rank":48,"last_updated":"2020-04-25T17:58:10.000Z","quote":{"USD":{"price":0.147329316052,"volume_24h":32545452.6344726,"percent_change_1h":-3.0879,"percent_change_24h":14.7747,"percent_change_7d":47.5883,"market_cap":120039820.5132699,"last_updated":"2020-04-25T17:58:10.000Z"}}},{"id":1274,"name":"Waves","symbol":"WAVES","slug":"waves","num_market_pairs":144,"date_added":"2016-06-02T00:00:00.000Z","tags":[],"max_supply":null,"circulating_supply":101762842,"total_supply":101762842,"platform":null,"cmc_rank":52,"last_updated":"2020-04-25T17:58:06.000Z","quote":{"USD":{"price":1.02657223511,"volume_24h":32367755.011733,"percent_change_1h":0.225758,"percent_change_24h":0.831967,"percent_change_7d":-0.29975,"market_cap":104466908.16308577,"last_updated":"2020-04-25T17:58:06.000Z"}}},{"id":624,"name":"bitCNY","symbol":"BITCNY","slug":"bitcny","num_market_pairs":23,"date_added":"2014-09-23T00:00:00.000Z","tags":[],"max_supply":null,"circulating_supply":31247700,"total_supply":31247700,"platform":{"id":463,"name":"BitShares","symbol":"BTS","slug":"bitshares","token_address":"CNY"},"cmc_rank":482,"last_updated":"2020-04-25T17:58:05.000Z","quote":{"USD":{"price":0.140815922225,"volume_24h":29460246.4273581,"percent_change_1h":-0.0882255,"percent_change_24h":-0.228403,"percent_change_7d":0.314138,"market_cap":4400173.692910133,"last_updated":"2020-04-25T17:58:05.000Z"}}},{"id":5217,"name":"3X Long Ethereum Token","symbol":"ETHBULL","slug":"3x-long-ethereum-token","num_market_pairs":7,"date_added":"2020-02-11T00:00:00.000Z","tags":[],"max_supply":null,"circulating_supply":null,"total_supply":2688.70054275,"platform":{"id":1027,"name":"Ethereum","symbol":"ETH","slug":"ethereum","token_address":"0x871baed4088b863fd6407159f3672d70cd34837d"},"cmc_rank":2033,"last_updated":"2020-04-25T17:58:16.000Z","quote":{"USD":{"price":203.351063692,"volume_24h":27478172.1113264,"percent_change_1h":-0.438727,"percent_change_24h":9.2241,"percent_change_7d":14.595,"market_cap":null,"last_updated":"2020-04-25T17:58:16.000Z"}}},{"id":1896,"name":"0x","symbol":"ZRX","slug":"0x","num_market_pairs":179,"date_added":"2017-08-16T00:00:00.000Z","tags":[],"max_supply":null,"circulating_supply":652134957.432216,"total_supply":1000000000,"platform":{"id":1027,"name":"Ethereum","symbol":"ETH","slug":"ethereum","token_address":"0xe41d2489571d322189246dafa5ebde1f4699f498"},"cmc_rank":47,"last_updated":"2020-04-25T17:58:12.000Z","quote":{"USD":{"price":0.184403458138,"volume_24h":27378131.0904482,"percent_change_1h":-0.82611,"percent_change_24h":-1.53835,"percent_change_7d":3.73361,"market_cap":120255941.32317805,"last_updated":"2020-04-25T17:58:12.000Z"}}},{"id":3890,"name":"Matic Network","symbol":"MATIC","slug":"matic-network","num_market_pairs":51,"date_added":"2019-04-28T00:00:00.000Z","tags":[],"max_supply":null,"circulating_supply":2758503686,"total_supply":10000000000,"platform":{"id":1027,"name":"Ethereum","symbol":"ETH","slug":"ethereum","token_address":"0x7D1AfA7B718fb893dB30A3aBc0Cfc608AaCfeBB0"},"cmc_rank":95,"last_updated":"2020-04-25T17:58:15.000Z","quote":{"USD":{"price":0.0148597728345,"volume_24h":24697558.5708205,"percent_change_1h":-1.42214,"percent_change_24h":-1.16362,"percent_change_7d":12.124,"market_cap":40990738.13709092,"last_updated":"2020-04-25T17:58:15.000Z"}}},{"id":5085,"name":"Building Cities Beyond Blockchain","symbol":"BCB","slug":"building-cities-beyond-blockchain","num_market_pairs":3,"date_added":"2019-12-30T00:00:00.000Z","tags":[],"max_supply":66000000,"circulating_supply":null,"total_supply":66000000,"platform":null,"cmc_rank":2034,"last_updated":"2020-04-25T17:58:16.000Z","quote":{"USD":{"price":2.5953661488,"volume_24h":24554660.0696952,"percent_change_1h":-0.208145,"percent_change_24h":-1.08987,"percent_change_7d":-0.260317,"market_cap":null,"last_updated":"2020-04-25T17:58:16.000Z"}}},{"id":5414,"name":"3x Long EOS Token","symbol":"EOSBULL","slug":"3x-long-eos-token","num_market_pairs":5,"date_added":"2020-04-06T00:00:00.000Z","tags":[],"max_supply":null,"circulating_supply":null,"total_supply":1057300.976,"platform":{"id":1027,"name":"Ethereum","symbol":"ETH","slug":"ethereum","token_address":"0xeaD7F3ae4e0Bb0D8785852Cc37CC9d0B5e75c06a"},"cmc_rank":2035,"last_updated":"2020-04-25T17:58:18.000Z","quote":{"USD":{"price":5.91196136559,"volume_24h":22708915.603154,"percent_change_1h":-0.883725,"percent_change_24h":-1.23206,"percent_change_7d":-2.90383,"market_cap":null,"last_updated":"2020-04-25T17:58:18.000Z"}}},{"id":4779,"name":"HUSD","symbol":"HUSD","slug":"husd","num_market_pairs":18,"date_added":"2019-10-15T00:00:00.000Z","tags":[],"max_supply":null,"circulating_supply":null,"total_supply":87094416.0933887,"platform":{"id":1027,"name":"Ethereum","symbol":"ETH","slug":"ethereum","token_address":"0xdf574c24545e5ffecb9a659c229253d4111d87e1"},"cmc_rank":2036,"last_updated":"2020-04-25T17:58:16.000Z","quote":{"USD":{"price":1.00310430591,"volume_24h":22010353.0340883,"percent_change_1h":-0.155646,"percent_change_24h":-0.230739,"percent_change_7d":0.231867,"market_cap":null,"last_updated":"2020-04-25T17:58:16.000Z"}}},{"id":2299,"name":"aelf","symbol":"ELF","slug":"aelf","num_market_pairs":79,"date_added":"2017-12-21T00:00:00.000Z","tags":[],"max_supply":1000000000,"circulating_supply":544480199.986466,"total_supply":879999999.986466,"platform":{"id":1027,"name":"Ethereum","symbol":"ETH","slug":"ethereum","token_address":"0xbf2179859fc6d5bee9bf9158632dc51678a4100e"},"cmc_rank":102,"last_updated":"2020-04-25T17:58:11.000Z","quote":{"USD":{"price":0.0653350617396,"volume_24h":21412301.2698242,"percent_change_1h":-0.191321,"percent_change_24h":1.52611,"percent_change_7d":2.35684,"market_cap":35573647.482105516,"last_updated":"2020-04-25T17:58:11.000Z"}}},{"id":5198,"name":"Creditcoin","symbol":"CTC","slug":"creditcoin","num_market_pairs":3,"date_added":"2020-01-31T00:00:00.000Z","tags":[],"max_supply":null,"circulating_supply":null,"total_supply":600000000,"platform":null,"cmc_rank":2037,"last_updated":"2020-04-25T17:58:16.000Z","quote":{"USD":{"price":0.36868775223,"volume_24h":20267350.6951782,"percent_change_1h":-0.235123,"percent_change_24h":-2.09595,"percent_change_7d":-11.3663,"market_cap":null,"last_updated":"2020-04-25T17:58:16.000Z"}}},{"id":109,"name":"DigiByte","symbol":"DGB","slug":"digibyte","num_market_pairs":77,"date_added":"2014-02-06T00:00:00.000Z","tags":["mineable"],"max_supply":21000000000,"circulating_supply":13071134031.9475,"total_supply":13071134031.9475,"platform":null,"cmc_rank":36,"last_updated":"2020-04-25T17:58:05.000Z","quote":{"USD":{"price":0.0147435534522,"volume_24h":19929511.3084951,"percent_change_1h":4.41382,"percent_change_24h":17.1795,"percent_change_7d":91.87,"market_cap":192714963.28088847,"last_updated":"2020-04-25T17:58:05.000Z"}}},{"id":4899,"name":"Yap Stone","symbol":"YAP","slug":"yap-stone","num_market_pairs":14,"date_added":"2019-11-09T00:00:00.000Z","tags":[],"max_supply":null,"circulating_supply":150000000,"total_supply":1000000000,"platform":{"id":1027,"name":"Ethereum","symbol":"ETH","slug":"ethereum","token_address":""},"cmc_rank":108,"last_updated":"2020-04-25T17:58:16.000Z","quote":{"USD":{"price":0.218187243844,"volume_24h":19569037.6012187,"percent_change_1h":-0.748741,"percent_change_24h":2.35388,"percent_change_7d":5.10271,"market_cap":32728086.5766,"last_updated":"2020-04-25T17:58:16.000Z"}}},{"id":1866,"name":"Bytom","symbol":"BTM","slug":"bytom","num_market_pairs":54,"date_added":"2017-08-08T00:00:00.000Z","tags":["mineable"],"max_supply":null,"circulating_supply":1002499275,"total_supply":1407000000,"platform":null,"cmc_rank":71,"last_updated":"2020-04-25T17:58:10.000Z","quote":{"USD":{"price":0.0608499962352,"volume_24h":18564741.2350172,"percent_change_1h":-1.46764,"percent_change_24h":2.47419,"percent_change_7d":2.04921,"market_cap":61002077.10954073,"last_updated":"2020-04-25T17:58:10.000Z"}}},{"id":1903,"name":"HyperCash","symbol":"HC","slug":"hypercash","num_market_pairs":32,"date_added":"2017-08-20T00:00:00.000Z","tags":["mineable"],"max_supply":84000000,"circulating_supply":44589018.497052,"total_supply":44589018.497052,"platform":null,"cmc_rank":88,"last_updated":"2020-04-25T17:58:09.000Z","quote":{"USD":{"price":1.06669487107,"volume_24h":18530979.1795524,"percent_change_1h":-0.397246,"percent_change_24h":1.52124,"percent_change_7d":1.23821,"market_cap":47562877.336850725,"last_updated":"2020-04-25T17:58:09.000Z"}}},{"id":5295,"name":"3X Long BNB Token","symbol":"BNBBULL","slug":"3x-long-bnb-token","num_market_pairs":5,"date_added":"2020-03-11T00:00:00.000Z","tags":[],"max_supply":null,"circulating_supply":null,"total_supply":4975.41633724,"platform":{"id":1027,"name":"Ethereum","symbol":"ETH","slug":"ethereum","token_address":"0x9d1a62c2ad99019768b9126fda004a9952853f6e"},"cmc_rank":2038,"last_updated":"2020-04-25T17:58:17.000Z","quote":{"USD":{"price":114.211237291,"volume_24h":17736727.3798344,"percent_change_1h":-0.514206,"percent_change_24h":3.71162,"percent_change_7d":-3.82035,"market_cap":null,"last_updated":"2020-04-25T17:58:17.000Z"}}},{"id":2830,"name":"Seele","symbol":"SEELE","slug":"seele","num_market_pairs":18,"date_added":"2018-05-31T00:00:00.000Z","tags":[],"max_supply":null,"circulating_supply":699592066.289478,"total_supply":1000000000,"platform":{"id":1027,"name":"Ethereum","symbol":"ETH","slug":"ethereum","token_address":"0xb1eef147028e9f480dbc5ccaa3277d417d1b85f0"},"cmc_rank":73,"last_updated":"2020-04-25T17:58:12.000Z","quote":{"USD":{"price":0.0849054783029,"volume_24h":17611709.4914856,"percent_change_1h":-0.0589828,"percent_change_24h":7.07257,"percent_change_7d":8.81819,"market_cap":59399199.00522225,"last_updated":"2020-04-25T17:58:12.000Z"}}},{"id":2588,"name":"Loom Network","symbol":"LOOM","slug":"loom-network","num_market_pairs":65,"date_added":"2018-03-14T00:00:00.000Z","tags":[],"max_supply":null,"circulating_supply":970041175.954257,"total_supply":1000000000,"platform":{"id":1027,"name":"Ethereum","symbol":"ETH","slug":"ethereum","token_address":"0xa4e8c3ec456107ea67d3075bf9e3df3a75823db0"},"cmc_rank":173,"last_updated":"2020-04-25T17:58:12.000Z","quote":{"USD":{"price":0.0149695053568,"volume_24h":16963451.1353562,"percent_change_1h":-0.74695,"percent_change_24h":0.432601,"percent_change_7d":2.03118,"market_cap":14521036.579763822,"last_updated":"2020-04-25T17:58:12.000Z"}}},{"id":1759,"name":"Status","symbol":"SNT","slug":"status","num_market_pairs":84,"date_added":"2017-06-28T00:00:00.000Z","tags":[],"max_supply":null,"circulating_supply":3470483788,"total_supply":6804870174,"platform":{"id":1027,"name":"Ethereum","symbol":"ETH","slug":"ethereum","token_address":"0x744d70fdbe2ba4cf95131626614a1763df805b9e"},"cmc_rank":68,"last_updated":"2020-04-25T17:58:09.000Z","quote":{"USD":{"price":0.018952307007,"volume_24h":16908471.3634592,"percent_change_1h":-0.522963,"percent_change_24h":-0.324357,"percent_change_7d":13.0442,"market_cap":65773674.2129923,"last_updated":"2020-04-25T17:58:09.000Z"}}},{"id":5477,"name":"ECOChain","symbol":"ECOC","slug":"ecochain","num_market_pairs":1,"date_added":"2020-04-20T00:00:00.000Z","tags":[],"max_supply":2000000000,"circulating_supply":null,"total_supply":223217150,"platform":null,"cmc_rank":2039,"last_updated":"2020-04-25T17:58:17.000Z","quote":{"USD":{"price":1.70649660545,"volume_24h":16793140.1044391,"percent_change_1h":-2.98832,"percent_change_24h":28.1962,"percent_change_7d":null,"market_cap":null,"last_updated":"2020-04-25T17:58:17.000Z"}}},{"id":3945,"name":"Harmony","symbol":"ONE","slug":"harmony","num_market_pairs":20,"date_added":"2019-06-01T00:00:00.000Z","tags":[],"max_supply":null,"circulating_supply":4596807869,"total_supply":12600000000,"platform":null,"cmc_rank":190,"last_updated":"2020-04-25T17:58:15.000Z","quote":{"USD":{"price":0.00268664642071,"volume_24h":16443515.9666465,"percent_change_1h":-0.502739,"percent_change_24h":1.67262,"percent_change_7d":16.3995,"market_cap":12349997.407940412,"last_updated":"2020-04-25T17:58:15.000Z"}}},{"id":4041,"name":"MX Token","symbol":"MX","slug":"mx-token","num_market_pairs":8,"date_added":"2019-09-24T00:00:00.000Z","tags":[],"max_supply":null,"circulating_supply":193278361.2597,"total_supply":673963903.14,"platform":{"id":1027,"name":"Ethereum","symbol":"ETH","slug":"ethereum","token_address":"0x11eef04c884e24d9b7b4760e7476d06ddf797f36"},"cmc_rank":138,"last_updated":"2020-04-25T17:58:15.000Z","quote":{"USD":{"price":0.108200321163,"volume_24h":16196970.3250784,"percent_change_1h":-0.110068,"percent_change_24h":0.0149628,"percent_change_7d":6.32674,"market_cap":20912780.76215788,"last_updated":"2020-04-25T17:58:15.000Z"}}},{"id":1966,"name":"Decentraland","symbol":"MANA","slug":"decentraland","num_market_pairs":75,"date_added":"2017-09-17T00:00:00.000Z","tags":[],"max_supply":null,"circulating_supply":1370184155.67155,"total_supply":2197928765.03415,"platform":{"id":1027,"name":"Ethereum","symbol":"ETH","slug":"ethereum","token_address":"0x0f5d2fb29fb7d3cfee444a200298f468908cc942"},"cmc_rank":96,"last_updated":"2020-04-25T17:58:09.000Z","quote":{"USD":{"price":0.0295607230766,"volume_24h":15969947.4693113,"percent_change_1h":-0.107754,"percent_change_24h":1.21819,"percent_change_7d":1.07723,"market_cap":40503634.38975168,"last_updated":"2020-04-25T17:58:09.000Z"}}},{"id":5221,"name":"Handshake ","symbol":"HNS","slug":"handshake","num_market_pairs":10,"date_added":"2020-02-22T00:00:00.000Z","tags":[],"max_supply":null,"circulating_supply":268078892.322,"total_supply":2040000000,"platform":null,"cmc_rank":246,"last_updated":"2020-04-25T17:58:17.000Z","quote":{"USD":{"price":0.121887592048,"volume_24h":15220307.3108978,"percent_change_1h":-0.987126,"percent_change_24h":-0.576483,"percent_change_7d":-1.26407,"market_cap":32675490.664023653,"last_updated":"2020-04-25T17:58:17.000Z"}}},{"id":2341,"name":"SwftCoin","symbol":"SWFTC","slug":"swftcoin","num_market_pairs":13,"date_added":"2018-01-04T00:00:00.000Z","tags":[],"max_supply":null,"circulating_supply":4004999999,"total_supply":10000000000,"platform":{"id":1027,"name":"Ethereum","symbol":"ETH","slug":"ethereum","token_address":"0x0bb217e40f8a5cb79adf04e1aab60e5abd0dfc1e"},"cmc_rank":403,"last_updated":"2020-04-25T17:58:10.000Z","quote":{"USD":{"price":0.00148645008611,"volume_24h":14363881.0913089,"percent_change_1h":-1.04778,"percent_change_24h":2.25466,"percent_change_7d":14.3673,"market_cap":5953232.5933841,"last_updated":"2020-04-25T17:58:10.000Z"}}},{"id":4942,"name":"Digital Gold","symbol":"GOLD","slug":"digital-gold","num_market_pairs":3,"date_added":"2019-11-18T00:00:00.000Z","tags":[],"max_supply":null,"circulating_supply":11545.784,"total_supply":17190.659,"platform":{"id":1027,"name":"Ethereum","symbol":"ETH","slug":"ethereum","token_address":"0x0d16450d347c12c086d6c94c76c5aaac35ea07e0"},"cmc_rank":993,"last_updated":"2020-04-25T17:58:16.000Z","quote":{"USD":{"price":54.6948267392,"volume_24h":14100837.1192682,"percent_change_1h":-0.868801,"percent_change_24h":0.0526823,"percent_change_7d":-0.434286,"market_cap":631494.6554482275,"last_updated":"2020-04-25T17:58:16.000Z"}}},{"id":1720,"name":"IOTA","symbol":"MIOTA","slug":"iota","num_market_pairs":53,"date_added":"2017-06-13T00:00:00.000Z","tags":[],"max_supply":2779530283,"circulating_supply":2779530283,"total_supply":2779530283,"platform":null,"cmc_rank":25,"last_updated":"2020-04-25T17:58:10.000Z","quote":{"USD":{"price":0.170314191649,"volume_24h":14043877.2617264,"percent_change_1h":-0.383838,"percent_change_24h":2.60253,"percent_change_7d":5.18743,"market_cap":473393453.3130612,"last_updated":"2020-04-25T17:58:10.000Z"}}},{"id":5117,"name":"Origin Protocol","symbol":"OGN","slug":"origin-protocol","num_market_pairs":15,"date_added":"2020-01-09T00:00:00.000Z","tags":[],"max_supply":null,"circulating_supply":33523273.02,"total_supply":1000000000,"platform":{"id":1027,"name":"Ethereum","symbol":"ETH","slug":"ethereum","token_address":"0x8207c1ffc5b6804f6024322ccf34f29c3541ae26"},"cmc_rank":347,"last_updated":"2020-04-25T17:58:17.000Z","quote":{"USD":{"price":0.228463904621,"volume_24h":13854658.6246068,"percent_change_1h":-0.274506,"percent_change_24h":0.5702,"percent_change_7d":-0.843578,"market_cap":7658857.849825023,"last_updated":"2020-04-25T17:58:17.000Z"}}},{"id":5429,"name":"DEAPcoin","symbol":"DEP","slug":"deapcoin","num_market_pairs":2,"date_added":"2020-04-10T00:00:00.000Z","tags":[],"max_supply":30000000000,"circulating_supply":null,"total_supply":30000000000,"platform":{"id":1027,"name":"Ethereum","symbol":"ETH","slug":"ethereum","token_address":"0x1a3496c18d558bd9c6c8f609e1b129f67ab08163"},"cmc_rank":2040,"last_updated":"2020-04-25T17:58:17.000Z","quote":{"USD":{"price":0.00520820444962,"volume_24h":13421787.283239,"percent_change_1h":-0.173167,"percent_change_24h":-0.411179,"percent_change_7d":-0.367382,"market_cap":null,"last_updated":"2020-04-25T17:58:17.000Z"}}},{"id":2570,"name":"TomoChain","symbol":"TOMO","slug":"tomochain","num_market_pairs":23,"date_added":"2018-03-08T00:00:00.000Z","tags":["mineable"],"max_supply":null,"circulating_supply":70465325,"total_supply":100000000,"platform":null,"cmc_rank":124,"last_updated":"2020-04-25T17:58:12.000Z","quote":{"USD":{"price":0.356850546651,"volume_24h":13128817.0827899,"percent_change_1h":1.10923,"percent_change_24h":3.6066,"percent_change_7d":-8.49901,"market_cap":25145589.746190377,"last_updated":"2020-04-25T17:58:12.000Z"}}},{"id":4078,"name":"Super Zero","symbol":"SERO","slug":"super-zero","num_market_pairs":15,"date_added":"2019-07-19T00:00:00.000Z","tags":[],"max_supply":647367590,"circulating_supply":257536544,"total_supply":645146339,"platform":null,"cmc_rank":150,"last_updated":"2020-04-25T17:58:15.000Z","quote":{"USD":{"price":0.0766807170568,"volume_24h":12951692.6598573,"percent_change_1h":-1.11906,"percent_change_24h":0.315015,"percent_change_7d":0.843493,"market_cap":19748086.862250123,"last_updated":"2020-04-25T17:58:15.000Z"}}},{"id":2577,"name":"Ravencoin","symbol":"RVN","slug":"ravencoin","num_market_pairs":50,"date_added":"2018-03-10T00:00:00.000Z","tags":["mineable"],"max_supply":21000000000,"circulating_supply":6019925000,"total_supply":6019925000,"platform":null,"cmc_rank":51,"last_updated":"2020-04-25T17:58:12.000Z","quote":{"USD":{"price":0.0182832624355,"volume_24h":12882214.0165467,"percent_change_1h":-0.466493,"percent_change_24h":3.14623,"percent_change_7d":5.71496,"market_cap":110063868.61702733,"last_updated":"2020-04-25T17:58:12.000Z"}}},{"id":1785,"name":"Gas","symbol":"GAS","slug":"gas","num_market_pairs":52,"date_added":"2017-07-06T00:00:00.000Z","tags":[],"max_supply":100000000,"circulating_supply":10128375.105773,"total_supply":17190378,"platform":{"id":1376,"name":"Neo","symbol":"NEO","slug":"neo","token_address":"602c79718b16e442de58778e148d0b1084e3b2dffd5de6b7b16cee7969282de7"},"cmc_rank":185,"last_updated":"2020-04-25T17:58:09.000Z","quote":{"USD":{"price":1.28051760519,"volume_24h":12723839.2063593,"percent_change_1h":0.241535,"percent_change_24h":8.84328,"percent_change_7d":12.5516,"market_cap":12969562.634910455,"last_updated":"2020-04-25T17:58:09.000Z"}}},{"id":4273,"name":"Sessia","symbol":"KICKS","slug":"sessia","num_market_pairs":2,"date_added":"2019-08-21T00:00:00.000Z","tags":[],"max_supply":null,"circulating_supply":6145759.45571843,"total_supply":100000000,"platform":{"id":1027,"name":"Ethereum","symbol":"ETH","slug":"ethereum","token_address":"0xd91a6162f146ef85922d9a15ee6eb14a00344586"},"cmc_rank":981,"last_updated":"2020-04-25T17:58:16.000Z","quote":{"USD":{"price":0.105974363125,"volume_24h":12686776.2359059,"percent_change_1h":0.135072,"percent_change_24h":-0.130581,"percent_change_7d":-0.224817,"market_cap":651292.9442392072,"last_updated":"2020-04-25T17:58:16.000Z"}}},{"id":4943,"name":"Multi-collateral DAI","symbol":"DAI","slug":"multi-collateral-dai","num_market_pairs":75,"date_added":"2019-11-22T00:00:00.000Z","tags":[],"max_supply":null,"circulating_supply":95411842.422792,"total_supply":95812732.6349371,"platform":{"id":1027,"name":"Ethereum","symbol":"ETH","slug":"ethereum","token_address":"0x6b175474e89094c44da98b954eedeac495271d0f"},"cmc_rank":55,"last_updated":"2020-04-25T17:58:17.000Z","quote":{"USD":{"price":1.0182856107,"volume_24h":12618940.640297,"percent_change_1h":-0.231338,"percent_change_24h":0.304437,"percent_change_7d":0.391198,"market_cap":97156506.22950493,"last_updated":"2020-04-25T17:58:17.000Z"}}},{"id":4846,"name":"Kava","symbol":"KAVA","slug":"kava","num_market_pairs":15,"date_added":"2019-10-25T00:00:00.000Z","tags":[],"max_supply":null,"circulating_supply":35848749.721819,"total_supply":108638068.721819,"platform":{"id":1839,"name":"Binance Coin","symbol":"BNB","slug":"binance-coin","token_address":""},"cmc_rank":146,"last_updated":"2020-04-25T17:58:16.000Z","quote":{"USD":{"price":0.563832834809,"volume_24h":12221637.9272744,"percent_change_1h":-0.204507,"percent_change_24h":4.56073,"percent_change_7d":1.32146,"market_cap":20212702.18001156,"last_updated":"2020-04-25T17:58:16.000Z"}}},{"id":1414,"name":"Zcoin","symbol":"XZC","slug":"zcoin","num_market_pairs":56,"date_added":"2016-10-06T00:00:00.000Z","tags":["mineable"],"max_supply":21400000,"circulating_supply":9976668.32977796,"total_supply":21400000,"platform":null,"cmc_rank":94,"last_updated":"2020-04-25T17:58:06.000Z","quote":{"USD":{"price":4.16765035668,"volume_24h":12213910.0990904,"percent_change_1h":0.275074,"percent_change_24h":2.86794,"percent_change_7d":13.0233,"market_cap":41579265.32307718,"last_updated":"2020-04-25T17:58:06.000Z"}}},{"id":3966,"name":"BitcoinHD","symbol":"BHD","slug":"bitcoinhd","num_market_pairs":11,"date_added":"2019-05-27T00:00:00.000Z","tags":[],"max_supply":21000000,"circulating_supply":6083016.35,"total_supply":6339465,"platform":null,"cmc_rank":239,"last_updated":"2020-04-25T17:58:15.000Z","quote":{"USD":{"price":6.4248824464,"volume_24h":11956619.4019007,"percent_change_1h":0.237365,"percent_change_24h":-0.595075,"percent_change_7d":10.5774,"market_cap":39082664.9682792,"last_updated":"2020-04-25T17:58:15.000Z"}}},{"id":5216,"name":"3X Short Ethereum Token","symbol":"ETHBEAR","slug":"3x-short-ethereum-token","num_market_pairs":7,"date_added":"2020-02-11T00:00:00.000Z","tags":[],"max_supply":null,"circulating_supply":null,"total_supply":173633.2933466,"platform":{"id":1027,"name":"Ethereum","symbol":"ETH","slug":"ethereum","token_address":"0x2f5e2c9002c058c063d21a06b6cabb50950130c8"},"cmc_rank":2041,"last_updated":"2020-04-25T17:58:17.000Z","quote":{"USD":{"price":2.56867508103,"volume_24h":11697829.8839038,"percent_change_1h":0.245845,"percent_change_24h":-9.58085,"percent_change_7d":-22.4774,"market_cap":null,"last_updated":"2020-04-25T17:58:17.000Z"}}},{"id":3053,"name":"YOU COIN","symbol":"YOU","slug":"you-coin","num_market_pairs":6,"date_added":"2018-08-01T00:00:00.000Z","tags":[],"max_supply":null,"circulating_supply":556120198.410192,"total_supply":2856000000,"platform":{"id":1027,"name":"Ethereum","symbol":"ETH","slug":"ethereum","token_address":"0x34364BEe11607b1963d66BCA665FDE93fCA666a8"},"cmc_rank":171,"last_updated":"2020-04-25T17:58:13.000Z","quote":{"USD":{"price":0.02622716431,"volume_24h":11318823.6391677,"percent_change_1h":0.797451,"percent_change_24h":-0.921023,"percent_change_7d":-1.97841,"market_cap":14585455.819813905,"last_updated":"2020-04-25T17:58:13.000Z"}}},{"id":3957,"name":"UNUS SED LEO","symbol":"LEO","slug":"unus-sed-leo","num_market_pairs":25,"date_added":"2019-05-21T00:00:00.000Z","tags":[],"max_supply":null,"circulating_supply":999498892.9,"total_supply":999498892.9,"platform":{"id":1027,"name":"Ethereum","symbol":"ETH","slug":"ethereum","token_address":"0x2af5d2ad76741191d15dfe7bf6ac92d4bd912ca3"},"cmc_rank":15,"last_updated":"2020-04-25T17:58:15.000Z","quote":{"USD":{"price":1.05077053704,"volume_24h":11261434.9724261,"percent_change_1h":-0.134165,"percent_change_24h":-0.16619,"percent_change_7d":1.48298,"market_cap":1050243988.4634185,"last_updated":"2020-04-25T17:58:15.000Z"}}},{"id":5267,"name":"QUEENBEE","symbol":"QBZ","slug":"queenbee","num_market_pairs":2,"date_added":"2020-03-05T00:00:00.000Z","tags":[],"max_supply":null,"circulating_supply":null,"total_supply":8000000000,"platform":{"id":1027,"name":"Ethereum","symbol":"ETH","slug":"ethereum","token_address":"0x9bbc9286cdf6eefebf21df19bac71c6bdd7759d4"},"cmc_rank":2042,"last_updated":"2020-04-25T17:58:16.000Z","quote":{"USD":{"price":0.00802028594663,"volume_24h":10968872.4712676,"percent_change_1h":0.417101,"percent_change_24h":-2.36567,"percent_change_7d":65.7813,"market_cap":null,"last_updated":"2020-04-25T17:58:16.000Z"}}},{"id":2469,"name":"Zilliqa","symbol":"ZIL","slug":"zilliqa","num_market_pairs":107,"date_added":"2018-01-25T00:00:00.000Z","tags":["mineable"],"max_supply":21000000000,"circulating_supply":10077525300.4786,"total_supply":13368992453.4786,"platform":null,"cmc_rank":84,"last_updated":"2020-04-25T17:58:12.000Z","quote":{"USD":{"price":0.00479084297291,"volume_24h":10743822.5365749,"percent_change_1h":-0.317553,"percent_change_24h":2.62049,"percent_change_7d":10.2212,"market_cap":48279841.270120636,"last_updated":"2020-04-25T17:58:12.000Z"}}}]}