{"status":{"timestamp":"2020-04-25T15:00:02.591Z","error_code":0,"error_message":null,"elapsed":711,"credit_count":1,"notice":null},"data":[{"id":825,"name":"Tether","symbol":"USDT","slug":"tether","num_market_pairs":4685,"date_added":"2015-02-25T00:00:00.000Z","tags":[],"max_supply":null,"circulating_supply":6361032509,"total_supply":6998318752.17,"platform":{"id":1027,"name":"Ethereum","symbol":"ETH","slug":"ethereum","token_address":"31"},"cmc_rank":4,"last_updated":"2020-04-25T14:59:33.000Z","quote":{"USD":{"price":1.0010398195,"volume_24h":44443868135.2343,"percent_change_1h":-0.0655982,"percent_change_24h":-0.595629,"percent_change_7d":-0.29078,"market_cap":6367646834.642993,"last_updated":"2020-04-25T14:59:33.000Z"}}},{"id":1,"name":"Bitcoin","symbol":"BTC","slug":"bitcoin","num_market_pairs":7956,"date_added":"2013-04-28T00:00:00.000Z","tags":["mineable"],"max_supply":21000000,"circulating_supply":18344662,"total_supply":18344662,"platform":null,"cmc_rank":1,"last_updated":"2020-04-25T14:59:47.000Z","quote":{"USD":{"price":7580.87061961,"volume_24h":33026660955.3489,"percent_change_1h":-0.071226,"percent_change_24h":0.616126,"percent_change_7d":5.29822,"market_cap":139068509182.476,"last_updated":"2020-04-25T14:59:47.000Z"}}},{"id":1027,"name":"Ethereum","symbol":"ETH","slug":"ethereum","num_market_pairs":5179,"date_added":"2015-08-07T00:00:00.000Z","tags":["mineable"],"max_supply":null,"circulating_supply":110665777.749,"total_supply":110665777.749,"platform":null,"cmc_rank":2,"last_updated":"2020-04-25T14:59:33.000Z","quote":{"USD":{"price":195.936345022,"volume_24h":17990611474.7085,"percent_change_1h":0.00287791,"percent_change_24h":3.85774,"percent_change_7d":9.09351,"market_cap":21683448011.156036,"last_updated":"2020-04-25T14:59:33.000Z"}}},{"id":2,"name":"Litecoin","symbol":"LTC","slug":"litecoin","num_market_pairs":600,"date_added":"2013-04-28T00:00:00.000Z","tags":["mineable"],"max_supply":84000000,"circulating_supply":64588993.2265572,"total_supply":64588993.2265572,"platform":null,"cmc_rank":7,"last_updated":"2020-04-25T14:59:12.000Z","quote":{"USD":{"price":45.1617429147,"volume_24h":4845311532.52641,"percent_change_1h":-0.217049,"percent_change_24h":1.99167,"percent_change_7d":4.14274,"market_cap":2916951507.217076,"last_updated":"2020-04-25T14:59:12.000Z"}}},{"id":1831,"name":"Bitcoin Cash","symbol":"BCH","slug":"bitcoin-cash","num_market_pairs":473,"date_added":"2017-07-23T00:00:00.000Z","tags":["mineable"],"max_supply":21000000,"circulating_supply":18389837.5,"total_supply":18389837.5,"platform":null,"cmc_rank":5,"last_updated":"2020-04-25T14:59:13.000Z","quote":{"USD":{"price":242.934982839,"volume_24h":3187105188.46319,"percent_change_1h":-0.183336,"percent_change_24h":1.66094,"percent_change_7d":1.58562,"market_cap":4467534857.474499,"last_updated":"2020-04-25T14:59:13.000Z"}}},{"id":1765,"name":"EOS","symbol":"EOS","slug":"eos","num_market_pairs":378,"date_added":"2017-07-01T00:00:00.000Z","tags":[],"max_supply":null,"circulating_supply":922089664.0272,"total_supply":1018789676.0268,"platform":null,"cmc_rank":9,"last_updated":"2020-04-25T14:59:12.000Z","quote":{"USD":{"price":2.73806438486,"volume_24h":2998188449.80364,"percent_change_1h":-0.232594,"percent_change_24h":1.0163,"percent_change_7d":1.61842,"market_cap":2524740868.7203994,"last_updated":"2020-04-25T14:59:12.000Z"}}},{"id":3602,"name":"Bitcoin SV","symbol":"BSV","slug":"bitcoin-sv","num_market_pairs":183,"date_added":"2018-11-09T00:00:00.000Z","tags":["mineable"],"max_supply":21000000,"circulating_supply":18388445.8319233,"total_supply":18388445.8319233,"platform":null,"cmc_rank":6,"last_updated":"2020-04-25T14:59:16.000Z","quote":{"USD":{"price":197.417684991,"volume_24h":1907491885.51638,"percent_change_1h":-0.0922606,"percent_change_24h":1.23527,"percent_change_7d":0.152494,"market_cap":3630204406.7207003,"last_updated":"2020-04-25T14:59:16.000Z"}}},{"id":1321,"name":"Ethereum Classic","symbol":"ETC","slug":"ethereum-classic","num_market_pairs":246,"date_added":"2016-07-24T00:00:00.000Z","tags":["mineable"],"max_supply":210700000,"circulating_supply":116313299,"total_supply":116313299,"platform":null,"cmc_rank":21,"last_updated":"2020-04-25T14:59:09.000Z","quote":{"USD":{"price":5.76387340337,"volume_24h":1730867015.71881,"percent_change_1h":0.122366,"percent_change_24h":2.87967,"percent_change_7d":3.80726,"market_cap":670415130.5643224,"last_updated":"2020-04-25T14:59:09.000Z"}}},{"id":52,"name":"XRP","symbol":"XRP","slug":"xrp","num_market_pairs":545,"date_added":"2013-08-04T00:00:00.000Z","tags":[],"max_supply":100000000000,"circulating_supply":44089620959,"total_supply":99990980257,"platform":null,"cmc_rank":3,"last_updated":"2020-04-25T14:59:10.000Z","quote":{"USD":{"price":0.195506898579,"volume_24h":1704221621.29099,"percent_change_1h":-0.11052,"percent_change_24h":0.329535,"percent_change_7d":1.28159,"market_cap":8619825053.217766,"last_updated":"2020-04-25T14:59:10.000Z"}}},{"id":1958,"name":"TRON","symbol":"TRX","slug":"tron","num_market_pairs":337,"date_added":"2017-09-13T00:00:00.000Z","tags":["mineable"],"max_supply":null,"circulating_supply":66682072191.4,"total_supply":99281283754.3,"platform":null,"cmc_rank":16,"last_updated":"2020-04-25T14:59:11.000Z","quote":{"USD":{"price":0.0141195413549,"volume_24h":1518861728.012,"percent_change_1h":-0.110681,"percent_change_24h":0.56387,"percent_change_7d":6.85307,"market_cap":941520275.9368995,"last_updated":"2020-04-25T14:59:11.000Z"}}},{"id":131,"name":"Dash","symbol":"DASH","slug":"dash","num_market_pairs":297,"date_added":"2014-02-14T00:00:00.000Z","tags":["mineable"],"max_supply":18900000,"circulating_supply":9457337.33788047,"total_supply":9457337.33788047,"platform":null,"cmc_rank":18,"last_updated":"2020-04-25T14:59:08.000Z","quote":{"USD":{"price":85.8387253688,"volume_24h":780349631.805063,"percent_change_1h":0.177183,"percent_change_24h":4.68215,"percent_change_7d":8.47982,"market_cap":811805782.4664197,"last_updated":"2020-04-25T14:59:08.000Z"}}},{"id":1437,"name":"Zcash","symbol":"ZEC","slug":"zcash","num_market_pairs":238,"date_added":"2016-10-29T00:00:00.000Z","tags":["mineable"],"max_supply":21000000,"circulating_supply":9017487.5,"total_supply":9017487.5,"platform":null,"cmc_rank":26,"last_updated":"2020-04-25T14:59:09.000Z","quote":{"USD":{"price":45.5224865877,"volume_24h":639048768.995211,"percent_change_1h":-0.179684,"percent_change_24h":1.69008,"percent_change_7d":9.18773,"market_cap":410498453.7735024,"last_updated":"2020-04-25T14:59:09.000Z"}}},{"id":1376,"name":"Neo","symbol":"NEO","slug":"neo","num_market_pairs":238,"date_added":"2016-09-08T00:00:00.000Z","tags":[],"max_supply":100000000,"circulating_supply":70538831,"total_supply":100000000,"platform":null,"cmc_rank":22,"last_updated":"2020-04-25T14:59:10.000Z","quote":{"USD":{"price":8.51607636941,"volume_24h":620199403.762507,"percent_change_1h":-0.46724,"percent_change_24h":5.03113,"percent_change_7d":9.81061,"market_cap":600714071.8049055,"last_updated":"2020-04-25T14:59:10.000Z"}}},{"id":512,"name":"Stellar","symbol":"XLM","slug":"stellar","num_market_pairs":296,"date_added":"2014-08-05T00:00:00.000Z","tags":[],"max_supply":null,"circulating_supply":20295869275.4699,"total_supply":50001803872.8717,"platform":null,"cmc_rank":12,"last_updated":"2020-04-25T14:59:09.000Z","quote":{"USD":{"price":0.0627538048263,"volume_24h":566962244.783808,"percent_change_1h":-0.439311,"percent_change_24h":0.222183,"percent_change_7d":25.8016,"market_cap":1273643019.2929368,"last_updated":"2020-04-25T14:59:09.000Z"}}},{"id":2563,"name":"TrueUSD","symbol":"TUSD","slug":"trueusd","num_market_pairs":155,"date_added":"2018-03-06T00:00:00.000Z","tags":[],"max_supply":null,"circulating_supply":131401241.28,"total_supply":131401241.28,"platform":{"id":1027,"name":"Ethereum","symbol":"ETH","slug":"ethereum","token_address":"0x0000000000085d4780B73119b644AE5ecd22b376"},"cmc_rank":44,"last_updated":"2020-04-25T14:59:12.000Z","quote":{"USD":{"price":1.00045853387,"volume_24h":456810573.837462,"percent_change_1h":0.0314786,"percent_change_24h":-0.547901,"percent_change_7d":-0.166031,"market_cap":131461493.19968693,"last_updated":"2020-04-25T14:59:12.000Z"}}},{"id":3330,"name":"Paxos Standard","symbol":"PAX","slug":"paxos-standard","num_market_pairs":99,"date_added":"2018-09-27T00:00:00.000Z","tags":[],"max_supply":null,"circulating_supply":244951954.494264,"total_supply":249952064.83,"platform":{"id":1027,"name":"Ethereum","symbol":"ETH","slug":"ethereum","token_address":"0x8e870d67f660d95d5be530380d0ec0bd388289e1"},"cmc_rank":34,"last_updated":"2020-04-25T14:59:15.000Z","quote":{"USD":{"price":1.00065005385,"volume_24h":451972368.782484,"percent_change_1h":0.0880734,"percent_change_24h":-0.535352,"percent_change_7d":-0.137444,"market_cap":245111186.45534804,"last_updated":"2020-04-25T14:59:15.000Z"}}},{"id":3408,"name":"USD Coin","symbol":"USDC","slug":"usd-coin","num_market_pairs":219,"date_added":"2018-10-08T00:00:00.000Z","tags":[],"max_supply":null,"circulating_supply":750150396.638994,"total_supply":754153365.27,"platform":{"id":1027,"name":"Ethereum","symbol":"ETH","slug":"ethereum","token_address":"0xa0b86991c6218b36c1d19d4a2e9eb0ce3606eb48"},"cmc_rank":20,"last_updated":"2020-04-25T14:59:16.000Z","quote":{"USD":{"price":1.00205447287,"volume_24h":404026473.654163,"percent_change_1h":0.0524969,"percent_change_24h":-0.32991,"percent_change_7d":-0.0469575,"market_cap":751691560.2773086,"last_updated":"2020-04-25T14:59:16.000Z"}}},{"id":1684,"name":"Qtum","symbol":"QTUM","slug":"qtum","num_market_pairs":172,"date_added":"2017-05-24T00:00:00.000Z","tags":[],"max_supply":107822406,"circulating_supply":96607300.359,"total_supply":102357300,"platform":null,"cmc_rank":41,"last_updated":"2020-04-25T14:59:10.000Z","quote":{"USD":{"price":1.51856191866,"volume_24h":386457817.307675,"percent_change_1h":-0.092217,"percent_change_24h":6.48254,"percent_change_7d":6.71926,"market_cap":146704167.38972592,"last_updated":"2020-04-25T14:59:10.000Z"}}},{"id":1839,"name":"Binance Coin","symbol":"BNB","slug":"binance-coin","num_market_pairs":305,"date_added":"2017-07-25T00:00:00.000Z","tags":[],"max_supply":187536713,"circulating_supply":155536713,"total_supply":187536713,"platform":null,"cmc_rank":8,"last_updated":"2020-04-25T14:59:11.000Z","quote":{"USD":{"price":16.2488046023,"volume_24h":331828036.00187,"percent_change_1h":-0.0736385,"percent_change_24h":1.43624,"percent_change_7d":-0.10343,"market_cap":2527285658.0210147,"last_updated":"2020-04-25T14:59:11.000Z"}}},{"id":2011,"name":"Tezos","symbol":"XTZ","slug":"tezos","num_market_pairs":90,"date_added":"2017-10-06T00:00:00.000Z","tags":[],"max_supply":null,"circulating_supply":708255589.198693,"total_supply":708255589.198693,"platform":null,"cmc_rank":10,"last_updated":"2020-04-25T14:59:10.000Z","quote":{"USD":{"price":2.84281092744,"volume_24h":304758179.88263,"percent_change_1h":2.76195,"percent_change_24h":4.82904,"percent_change_7d":27.7293,"market_cap":2013436728.3945003,"last_updated":"2020-04-25T14:59:10.000Z"}}},{"id":1975,"name":"Chainlink","symbol":"LINK","slug":"chainlink","num_market_pairs":170,"date_added":"2017-09-20T00:00:00.000Z","tags":[],"max_supply":null,"circulating_supply":350000000,"total_supply":1000000000,"platform":{"id":1027,"name":"Ethereum","symbol":"ETH","slug":"ethereum","token_address":"0x514910771af9ca656af840dff83e8264ecf986ca"},"cmc_rank":11,"last_updated":"2020-04-25T14:59:10.000Z","quote":{"USD":{"price":3.86024325075,"volume_24h":322230712.432772,"percent_change_1h":0.567645,"percent_change_24h":1.06615,"percent_change_7d":5.95077,"market_cap":1351085137.7625,"last_updated":"2020-04-25T14:59:10.000Z"}}},{"id":3794,"name":"Cosmos","symbol":"ATOM","slug":"cosmos","num_market_pairs":121,"date_added":"2019-03-14T00:00:00.000Z","tags":[],"max_supply":null,"circulating_supply":190688439.2,"total_supply":237928230.821588,"platform":null,"cmc_rank":24,"last_updated":"2020-04-25T14:59:16.000Z","quote":{"USD":{"price":2.88521232542,"volume_24h":273073267.778075,"percent_change_1h":0.458561,"percent_change_24h":10.9915,"percent_change_7d":17.9153,"market_cap":550176635.0949422,"last_updated":"2020-04-25T14:59:16.000Z"}}},{"id":2319,"name":"QCash","symbol":"QC","slug":"qcash","num_market_pairs":91,"date_added":"2019-12-12T00:00:00.000Z","tags":[],"max_supply":10000000000,"circulating_supply":460000200,"total_supply":10000000000,"platform":{"id":1684,"name":"Qtum","symbol":"QTUM","slug":"qtum","token_address":"f2033ede578e17fa6231047265010445bca8cf1c"},"cmc_rank":221,"last_updated":"2020-04-25T14:59:11.000Z","quote":{"USD":{"price":0.140066432901,"volume_24h":253242710.031958,"percent_change_1h":-0.0988516,"percent_change_24h":-0.588804,"percent_change_7d":0.0383574,"market_cap":64430587.14774658,"last_updated":"2020-04-25T14:59:11.000Z"}}},{"id":74,"name":"Dogecoin","symbol":"DOGE","slug":"dogecoin","num_market_pairs":239,"date_added":"2013-12-15T00:00:00.000Z","tags":["mineable"],"max_supply":null,"circulating_supply":124302538913.54,"total_supply":124302538913.54,"platform":null,"cmc_rank":33,"last_updated":"2020-04-25T14:59:08.000Z","quote":{"USD":{"price":0.00210325566086,"volume_24h":216387302.603014,"percent_change_1h":-0.0786204,"percent_change_24h":0.921713,"percent_change_7d":3.36839,"market_cap":261440018.62917343,"last_updated":"2020-04-25T14:59:08.000Z"}}},{"id":2502,"name":"Huobi Token","symbol":"HT","slug":"huobi-token","num_market_pairs":136,"date_added":"2018-02-03T00:00:00.000Z","tags":[],"max_supply":null,"circulating_supply":222668092.971921,"total_supply":500000000,"platform":{"id":1027,"name":"Ethereum","symbol":"ETH","slug":"ethereum","token_address":"0x6f259637dcd74c767781e37bc6133cd6a68aa161"},"cmc_rank":17,"last_updated":"2020-04-25T14:59:12.000Z","quote":{"USD":{"price":3.98803432411,"volume_24h":207281140.179386,"percent_change_1h":0.182069,"percent_change_24h":0.245955,"percent_change_7d":2.63939,"market_cap":888007997.6561376,"last_updated":"2020-04-25T14:59:12.000Z"}}},{"id":3077,"name":"VeChain","symbol":"VET","slug":"vechain","num_market_pairs":98,"date_added":"2017-08-22T00:00:00.000Z","tags":[],"max_supply":null,"circulating_supply":55454734800,"total_supply":86712634466,"platform":null,"cmc_rank":35,"last_updated":"2020-04-25T14:59:14.000Z","quote":{"USD":{"price":0.00421078379295,"volume_24h":154597308.572687,"percent_change_1h":-0.183788,"percent_change_24h":4.14018,"percent_change_7d":7.75925,"market_cap":233507898.53818035,"last_updated":"2020-04-25T14:59:14.000Z"}}},{"id":2010,"name":"Cardano","symbol":"ADA","slug":"cardano","num_market_pairs":131,"date_added":"2017-10-01T00:00:00.000Z","tags":["mineable"],"max_supply":45000000000,"circulating_supply":25927070538,"total_supply":31112483745,"platform":null,"cmc_rank":13,"last_updated":"2020-04-25T14:59:10.000Z","quote":{"USD":{"price":0.0432223483341,"volume_24h":127502633.491328,"percent_change_1h":-0.0370367,"percent_change_24h":0.304427,"percent_change_7d":21.0008,"market_cap":1120628874.0762174,"last_updated":"2020-04-25T14:59:10.000Z"}}},{"id":2566,"name":"Ontology","symbol":"ONT","slug":"ontology","num_market_pairs":119,"date_added":"2018-03-08T00:00:00.000Z","tags":[],"max_supply":null,"circulating_supply":656746573,"total_supply":1000000000,"platform":null,"cmc_rank":29,"last_updated":"2020-04-25T14:59:12.000Z","quote":{"USD":{"price":0.480190245934,"volume_24h":125752818.353857,"percent_change_1h":0.486398,"percent_change_24h":7.35608,"percent_change_7d":13.9385,"market_cap":315363298.4051817,"last_updated":"2020-04-25T14:59:12.000Z"}}},{"id":3897,"name":"OKB","symbol":"OKB","slug":"okb","num_market_pairs":50,"date_added":"2019-04-30T00:00:00.000Z","tags":[],"max_supply":null,"circulating_supply":60000000,"total_supply":300000000,"platform":{"id":1027,"name":"Ethereum","symbol":"ETH","slug":"ethereum","token_address":"0x75231f58b43240c9718dd58b4967c5114342a86c"},"cmc_rank":30,"last_updated":"2020-04-25T14:59:16.000Z","quote":{"USD":{"price":4.90972741605,"volume_24h":121500393.384468,"percent_change_1h":-0.103552,"percent_change_24h":-0.0631064,"percent_change_7d":2.52688,"market_cap":294583644.963,"last_updated":"2020-04-25T14:59:16.000Z"}}},{"id":2456,"name":"OFCOIN","symbol":"OF","slug":"ofcoin","num_market_pairs":1,"date_added":"2018-01-24T00:00:00.000Z","tags":[],"max_supply":null,"circulating_supply":null,"total_supply":51200000000,"platform":null,"cmc_rank":2030,"last_updated":"2020-04-25T14:59:11.000Z","quote":{"USD":{"price":0.0000450776405874,"volume_24h":117265769.593882,"percent_change_1h":-1.09994,"percent_change_24h":-4.07725,"percent_change_7d":-0.153123,"market_cap":null,"last_updated":"2020-04-25T14:59:11.000Z"}}},{"id":328,"name":"Monero","symbol":"XMR","slug":"monero","num_market_pairs":146,"date_added":"2014-05-21T00:00:00.000Z","tags":["mineable"],"max_supply":null,"circulating_supply":17536454.143739,"total_supply":17536454.143739,"platform":null,"cmc_rank":14,"last_updated":"2020-04-25T14:59:07.000Z","quote":{"USD":{"price":61.5127593583,"volume_24h":107518010.392752,"percent_change_1h":-0.0348433,"percent_change_24h":1.45318,"percent_change_7d":6.70544,"market_cap":1078715683.74168,"last_updated":"2020-04-25T14:59:07.000Z"}}},{"id":1808,"name":"OmiseGO","symbol":"OMG","slug":"omisego","num_market_pairs":209,"date_added":"2017-07-14T00:00:00.000Z","tags":[],"max_supply":null,"circulating_supply":140245398.245133,"total_supply":140245398.245133,"platform":{"id":1027,"name":"Ethereum","symbol":"ETH","slug":"ethereum","token_address":"0xd26114cd6EE289AccF82350c8d8487fedB8A0C07"},"cmc_rank":57,"last_updated":"2020-04-25T14:59:10.000Z","quote":{"USD":{"price":0.632683519297,"volume_24h":90659651.8038113,"percent_change_1h":-0.52597,"percent_change_24h":4.32048,"percent_change_7d":7.91608,"market_cap":88730952.12694006,"last_updated":"2020-04-25T14:59:10.000Z"}}},{"id":1168,"name":"Decred","symbol":"DCR","slug":"decred","num_market_pairs":49,"date_added":"2016-02-10T00:00:00.000Z","tags":["mineable"],"max_supply":21000000,"circulating_supply":11405199.1284683,"total_supply":11405199.1284683,"platform":null,"cmc_rank":42,"last_updated":"2020-04-25T14:59:08.000Z","quote":{"USD":{"price":12.7016922953,"volume_24h":89684586.551823,"percent_change_1h":0.0384008,"percent_change_24h":1.65963,"percent_change_7d":0.994465,"market_cap":144865329.89642808,"last_updated":"2020-04-25T14:59:08.000Z"}}},{"id":1697,"name":"Basic Attention Token","symbol":"BAT","slug":"basic-attention-token","num_market_pairs":183,"date_added":"2017-06-01T00:00:00.000Z","tags":[],"max_supply":null,"circulating_supply":1457527137.0863,"total_supply":1500000000,"platform":{"id":1027,"name":"Ethereum","symbol":"ETH","slug":"ethereum","token_address":"0x0d8775f648430679a709e98d2b0cb6250d2887ef"},"cmc_rank":31,"last_updated":"2020-04-25T14:59:10.000Z","quote":{"USD":{"price":0.186852052675,"volume_24h":85824103.9829759,"percent_change_1h":0.0334311,"percent_change_24h":7.50697,"percent_change_7d":9.81922,"market_cap":272341937.39409125,"last_updated":"2020-04-25T14:59:10.000Z"}}},{"id":3702,"name":"Beam","symbol":"BEAM","slug":"beam","num_market_pairs":32,"date_added":"2019-01-17T00:00:00.000Z","tags":["mineable"],"max_supply":262800000,"circulating_supply":60282480,"total_supply":60282480,"platform":null,"cmc_rank":155,"last_updated":"2020-04-25T14:59:15.000Z","quote":{"USD":{"price":0.304172847518,"volume_24h":74058999.1266858,"percent_change_1h":-1.21984,"percent_change_24h":7.20129,"percent_change_7d":9.3929,"market_cap":18336293.597046886,"last_updated":"2020-04-25T14:59:15.000Z"}}},{"id":4030,"name":"Algorand","symbol":"ALGO","slug":"algorand","num_market_pairs":77,"date_added":"2019-06-20T00:00:00.000Z","tags":["mineable"],"max_supply":null,"circulating_supply":708482637.036924,"total_supply":3239754480.03692,"platform":null,"cmc_rank":39,"last_updated":"2020-04-25T14:59:17.000Z","quote":{"USD":{"price":0.217995078191,"volume_24h":71250850.1637692,"percent_change_1h":0.401123,"percent_change_24h":10.2878,"percent_change_7d":11.1846,"market_cap":154445727.85783014,"last_updated":"2020-04-25T14:59:17.000Z"}}},{"id":5031,"name":"MimbleWimbleCoin","symbol":"MWC","slug":"mimblewimblecoin","num_market_pairs":7,"date_added":"2020-02-24T00:00:00.000Z","tags":[],"max_supply":20000000,"circulating_supply":8011423.0569404,"total_supply":10521066.0569404,"platform":null,"cmc_rank":209,"last_updated":"2020-04-25T14:59:18.000Z","quote":{"USD":{"price":17.3968630029,"volume_24h":70288729.5021088,"percent_change_1h":2.66068,"percent_change_24h":4.49082,"percent_change_7d":25.9106,"market_cap":139373629.37986648,"last_updated":"2020-04-25T14:59:18.000Z"}}},{"id":2307,"name":"Bibox Token","symbol":"BIX","slug":"bibox-token","num_market_pairs":27,"date_added":"2017-12-24T00:00:00.000Z","tags":[],"max_supply":null,"circulating_supply":97882450.27,"total_supply":251424733.27,"platform":{"id":1027,"name":"Ethereum","symbol":"ETH","slug":"ethereum","token_address":"0xb3104b4b9da82025e8b9f8fb28b3553ce2f67069"},"cmc_rank":334,"last_updated":"2020-04-25T14:59:11.000Z","quote":{"USD":{"price":0.0828839751267,"volume_24h":64999310.065897,"percent_change_1h":-1.03347,"percent_change_24h":1.32,"percent_change_7d":1.54401,"market_cap":8112886.573519129,"last_updated":"2020-04-25T14:59:11.000Z"}}},{"id":1772,"name":"Storj","symbol":"STORJ","slug":"storj","num_market_pairs":32,"date_added":"2017-07-02T00:00:00.000Z","tags":[],"max_supply":null,"circulating_supply":135787438.700013,"total_supply":424999998.000013,"platform":{"id":1027,"name":"Ethereum","symbol":"ETH","slug":"ethereum","token_address":"0xb64ef51c888972c908cfacf59b47c1afbc0ab8ac"},"cmc_rank":180,"last_updated":"2020-04-25T14:59:09.000Z","quote":{"USD":{"price":0.101685321663,"volume_24h":63983930.3475348,"percent_change_1h":1.00755,"percent_change_24h":2.99299,"percent_change_7d":4.64372,"market_cap":13807589.382005718,"last_updated":"2020-04-25T14:59:09.000Z"}}},{"id":3718,"name":"BitTorrent","symbol":"BTT","slug":"bittorrent","num_market_pairs":134,"date_added":"2019-01-31T00:00:00.000Z","tags":[],"max_supply":null,"circulating_supply":212116500000,"total_supply":990000000000,"platform":{"id":1958,"name":"TRON","symbol":"TRX","slug":"tron","token_address":"1002000"},"cmc_rank":80,"last_updated":"2020-04-25T14:59:16.000Z","quote":{"USD":{"price":0.000247287845003,"volume_24h":63838463.5642904,"percent_change_1h":-0.212333,"percent_change_24h":2.34529,"percent_change_7d":6.24957,"market_cap":52453832.174578846,"last_updated":"2020-04-25T14:59:16.000Z"}}},{"id":4064,"name":"USDK","symbol":"USDK","slug":"usdk","num_market_pairs":37,"date_added":"2019-07-29T00:00:00.000Z","tags":[],"max_supply":null,"circulating_supply":28600072,"total_supply":28600072,"platform":{"id":1027,"name":"Ethereum","symbol":"ETH","slug":"ethereum","token_address":"0x1c48f86ae57291f7686349f12601910bd8d470bb"},"cmc_rank":250,"last_updated":"2020-04-25T14:59:17.000Z","quote":{"USD":{"price":0.998727285712,"volume_24h":63407870.1436291,"percent_change_1h":-0.0517722,"percent_change_24h":-0.722423,"percent_change_7d":-0.335085,"market_cap":28563672.279727772,"last_updated":"2020-04-25T14:59:17.000Z"}}},{"id":4687,"name":"Binance USD","symbol":"BUSD","slug":"binance-usd","num_market_pairs":61,"date_added":"2019-09-20T00:00:00.000Z","tags":[],"max_supply":null,"circulating_supply":190748647.59,"total_supply":190748647.59,"platform":{"id":1027,"name":"Ethereum","symbol":"ETH","slug":"ethereum","token_address":"0x4Fabb145d64652a948d72533023f6E7A623C7C53"},"cmc_rank":36,"last_updated":"2020-04-25T14:59:18.000Z","quote":{"USD":{"price":0.999309081796,"volume_24h":55203097.7622928,"percent_change_1h":-0.0520533,"percent_change_24h":-0.690208,"percent_change_7d":-0.28468,"market_cap":190616855.8769917,"last_updated":"2020-04-25T14:59:18.000Z"}}},{"id":2405,"name":"IOST","symbol":"IOST","slug":"iostoken","num_market_pairs":85,"date_added":"2018-01-16T00:00:00.000Z","tags":[],"max_supply":null,"circulating_supply":12013965608.8475,"total_supply":21000000000,"platform":null,"cmc_rank":92,"last_updated":"2020-04-25T14:59:11.000Z","quote":{"USD":{"price":0.00358466396501,"volume_24h":54661712.0534054,"percent_change_1h":-0.259365,"percent_change_24h":6.53037,"percent_change_7d":5.08189,"market_cap":43066029.594905056,"last_updated":"2020-04-25T14:59:11.000Z"}}},{"id":1982,"name":"Kyber Network","symbol":"KNC","slug":"kyber-network","num_market_pairs":64,"date_added":"2017-09-24T00:00:00.000Z","tags":[],"max_supply":null,"circulating_supply":180432602.911872,"total_supply":210939151.730736,"platform":{"id":1027,"name":"Ethereum","symbol":"ETH","slug":"ethereum","token_address":"0xdd974d5c2e2928dea5f71b9825b8b646686bd200"},"cmc_rank":54,"last_updated":"2020-04-25T14:59:10.000Z","quote":{"USD":{"price":0.551615210606,"volume_24h":51491587.6113284,"percent_change_1h":0.65096,"percent_change_24h":11.5802,"percent_change_7d":12.889,"market_cap":99529368.25542106,"last_updated":"2020-04-25T14:59:10.000Z"}}},{"id":2349,"name":"Mixin","symbol":"XIN","slug":"mixin","num_market_pairs":8,"date_added":"2018-01-09T00:00:00.000Z","tags":[],"max_supply":1000000,"circulating_supply":510473.266535786,"total_supply":1000000,"platform":{"id":1027,"name":"Ethereum","symbol":"ETH","slug":"ethereum","token_address":"0xa974c709cfb4566686553a20790685a47aceaa33"},"cmc_rank":216,"last_updated":"2020-04-25T14:59:11.000Z","quote":{"USD":{"price":164.969529372,"volume_24h":50004442.9511048,"percent_change_1h":0.0630922,"percent_change_24h":0.0566301,"percent_change_7d":-1.79392,"market_cap":84212534.53739613,"last_updated":"2020-04-25T14:59:11.000Z"}}},{"id":2280,"name":"Filecoin [Futures]","symbol":"FIL","slug":"filecoin","num_market_pairs":4,"date_added":"2017-12-13T00:00:00.000Z","tags":["mineable"],"max_supply":null,"circulating_supply":null,"total_supply":null,"platform":null,"cmc_rank":2031,"last_updated":"2020-04-25T14:59:11.000Z","quote":{"USD":{"price":5.11663031735,"volume_24h":48369692.47225,"percent_change_1h":-1.18509,"percent_change_24h":0.132531,"percent_change_7d":2.3063,"market_cap":null,"last_updated":"2020-04-25T14:59:11.000Z"}}},{"id":1776,"name":"MCO","symbol":"MCO","slug":"crypto-com","num_market_pairs":61,"date_added":"2017-07-03T00:00:00.000Z","tags":[],"max_supply":null,"circulating_supply":15793831.0949625,"total_supply":31587682.3632061,"platform":{"id":1027,"name":"Ethereum","symbol":"ETH","slug":"ethereum","token_address":"0xb63b606ac810a52cca15e44bb630fd42d8d1d83d"},"cmc_rank":58,"last_updated":"2020-04-25T14:59:09.000Z","quote":{"USD":{"price":5.12150091613,"volume_24h":48403485.7268001,"percent_change_1h":-0.229388,"percent_change_24h":0.527105,"percent_change_7d":-3.01331,"market_cap":80888120.42205292,"last_updated":"2020-04-25T14:59:09.000Z"}}},{"id":3437,"name":"ABBC Coin","symbol":"ABBC","slug":"abbc-coin","num_market_pairs":42,"date_added":"2018-10-12T00:00:00.000Z","tags":["mineable"],"max_supply":null,"circulating_supply":555416924.350722,"total_supply":1003278750.0109,"platform":null,"cmc_rank":69,"last_updated":"2020-04-25T14:59:15.000Z","quote":{"USD":{"price":0.114868942049,"volume_24h":44339959.1402366,"percent_change_1h":0.0604731,"percent_change_24h":0.460162,"percent_change_7d":-2.97,"market_cap":63800154.4962769,"last_updated":"2020-04-25T14:59:15.000Z"}}},{"id":3657,"name":"Lambda","symbol":"LAMB","slug":"lambda","num_market_pairs":41,"date_added":"2019-01-02T00:00:00.000Z","tags":[],"max_supply":10000000000,"circulating_supply":646953847.163218,"total_supply":6000000000,"platform":{"id":1027,"name":"Ethereum","symbol":"ETH","slug":"ethereum","token_address":"0x8971f9fd7196e5cee2c1032b50f656855af7dd26"},"cmc_rank":318,"last_updated":"2020-04-25T14:59:15.000Z","quote":{"USD":{"price":0.0136232018694,"volume_24h":43740221.3084935,"percent_change_1h":-0.0498393,"percent_change_24h":4.56099,"percent_change_7d":-2.54223,"market_cap":8813582.860089473,"last_updated":"2020-04-25T14:59:15.000Z"}}},{"id":3306,"name":"Gemini Dollar","symbol":"GUSD","slug":"gemini-dollar","num_market_pairs":31,"date_added":"2018-10-05T00:00:00.000Z","tags":[],"max_supply":null,"circulating_supply":5884964.1,"total_supply":5884964.1,"platform":{"id":1027,"name":"Ethereum","symbol":"ETH","slug":"ethereum","token_address":"0x056Fd409E1d7A124BD7017459dFEa2F387b6d5Cd"},"cmc_rank":403,"last_updated":"2020-04-25T14:59:14.000Z","quote":{"USD":{"price":1.0082927969,"volume_24h":42702567.4522889,"percent_change_1h":-0.0420172,"percent_change_24h":0.484332,"percent_change_7d":0.735339,"market_cap":5933766.91204509,"last_updated":"2020-04-25T14:59:14.000Z"}}},{"id":4229,"name":"Yobit Token","symbol":"YO","slug":"yobit-token","num_market_pairs":11,"date_added":"2019-09-03T00:00:00.000Z","tags":[],"max_supply":null,"circulating_supply":null,"total_supply":17000,"platform":{"id":1027,"name":"Ethereum","symbol":"ETH","slug":"ethereum","token_address":"0xebf4ca5319f406602eeff68da16261f1216011b5"},"cmc_rank":2032,"last_updated":"2020-04-25T14:59:17.000Z","quote":{"USD":{"price":772.830511703,"volume_24h":42630819.5378717,"percent_change_1h":-0.0946085,"percent_change_24h":4.83705,"percent_change_7d":7.66877,"market_cap":null,"last_updated":"2020-04-25T14:59:17.000Z"}}},{"id":2099,"name":"ICON","symbol":"ICX","slug":"icon","num_market_pairs":61,"date_added":"2017-10-27T00:00:00.000Z","tags":[],"max_supply":null,"circulating_supply":538202772.597107,"total_supply":800460000,"platform":null,"cmc_rank":40,"last_updated":"2020-04-25T14:59:10.000Z","quote":{"USD":{"price":0.285063991103,"volume_24h":41257968.3256249,"percent_change_1h":1.1769,"percent_change_24h":6.47821,"percent_change_7d":19.4832,"market_cap":153422230.37923166,"last_updated":"2020-04-25T14:59:10.000Z"}}},{"id":2083,"name":"Bitcoin Gold","symbol":"BTG","slug":"bitcoin-gold","num_market_pairs":73,"date_added":"2017-10-23T00:00:00.000Z","tags":["mineable"],"max_supply":21000000,"circulating_supply":17513923.589,"total_supply":17513923.589,"platform":null,"cmc_rank":38,"last_updated":"2020-04-25T14:59:11.000Z","quote":{"USD":{"price":9.49857597967,"volume_24h":38602286.7820609,"percent_change_1h":0.520756,"percent_change_24h":0.61928,"percent_change_7d":-4.61358,"market_cap":166357333.9122512,"last_updated":"2020-04-25T14:59:11.000Z"}}},{"id":3351,"name":"ZB Token","symbol":"ZB","slug":"zb-token","num_market_pairs":11,"date_added":"2018-09-27T00:00:00.000Z","tags":[],"max_supply":null,"circulating_supply":463288810,"total_supply":2100000000,"platform":{"id":1027,"name":"Ethereum","symbol":"ETH","slug":"ethereum","token_address":"0xbd0793332e9fb844a52a205a233ef27a5b34b927"},"cmc_rank":49,"last_updated":"2020-04-25T14:59:14.000Z","quote":{"USD":{"price":0.246258800499,"volume_24h":38528040.8807895,"percent_change_1h":-0.0325244,"percent_change_24h":1.83501,"percent_change_7d":2.20358,"market_cap":114088946.63520911,"last_updated":"2020-04-25T14:59:14.000Z"}}},{"id":3709,"name":"Grin","symbol":"GRIN","slug":"grin","num_market_pairs":60,"date_added":"2019-01-27T00:00:00.000Z","tags":["mineable"],"max_supply":null,"circulating_supply":40088760,"total_supply":40088760,"platform":null,"cmc_rank":145,"last_updated":"2020-04-25T14:59:16.000Z","quote":{"USD":{"price":0.4986031139,"volume_24h":34862937.1293951,"percent_change_1h":0.00350122,"percent_change_24h":1.4385,"percent_change_7d":0.0662476,"market_cap":19988380.568389766,"last_updated":"2020-04-25T14:59:16.000Z"}}},{"id":1104,"name":"Augur","symbol":"REP","slug":"augur","num_market_pairs":73,"date_added":"2015-10-27T00:00:00.000Z","tags":[],"max_supply":null,"circulating_supply":11000000,"total_supply":11000000,"platform":{"id":1027,"name":"Ethereum","symbol":"ETH","slug":"ethereum","token_address":"0x1985365e9f78359a9b6ad760e32412f4a445e862"},"cmc_rank":50,"last_updated":"2020-04-25T14:59:08.000Z","quote":{"USD":{"price":10.2780263191,"volume_24h":34326484.3619147,"percent_change_1h":0.103186,"percent_change_24h":0.878478,"percent_change_7d":1.34654,"market_cap":113058289.5101,"last_updated":"2020-04-25T14:59:08.000Z"}}},{"id":2457,"name":"TrueChain","symbol":"TRUE","slug":"truechain","num_market_pairs":16,"date_added":"2018-01-24T00:00:00.000Z","tags":[],"max_supply":null,"circulating_supply":79575542.96,"total_supply":100000000,"platform":null,"cmc_rank":138,"last_updated":"2020-04-25T14:59:12.000Z","quote":{"USD":{"price":0.26769982503,"volume_24h":34143023.3100088,"percent_change_1h":-0.07698,"percent_change_24h":0.569843,"percent_change_7d":-5.03377,"market_cap":21302358.927059248,"last_updated":"2020-04-25T14:59:12.000Z"}}},{"id":1896,"name":"0x","symbol":"ZRX","slug":"0x","num_market_pairs":179,"date_added":"2017-08-16T00:00:00.000Z","tags":[],"max_supply":null,"circulating_supply":652134957.432216,"total_supply":1000000000,"platform":{"id":1027,"name":"Ethereum","symbol":"ETH","slug":"ethereum","token_address":"0xe41d2489571d322189246dafa5ebde1f4699f498"},"cmc_rank":46,"last_updated":"2020-04-25T14:59:11.000Z","quote":{"USD":{"price":0.187664789846,"volume_24h":29401888.8987435,"percent_change_1h":0.129345,"percent_change_24h":3.8102,"percent_change_7d":5.97854,"market_cap":122382769.73774697,"last_updated":"2020-04-25T14:59:11.000Z"}}},{"id":1274,"name":"Waves","symbol":"WAVES","slug":"waves","num_market_pairs":144,"date_added":"2016-06-02T00:00:00.000Z","tags":[],"max_supply":null,"circulating_supply":101761798,"total_supply":101761798,"platform":null,"cmc_rank":52,"last_updated":"2020-04-25T14:59:08.000Z","quote":{"USD":{"price":1.02247213225,"volume_24h":29216019.0960082,"percent_change_1h":0.0313446,"percent_change_24h":0.95942,"percent_change_7d":-0.226448,"market_cap":104048602.58265379,"last_updated":"2020-04-25T14:59:08.000Z"}}},{"id":624,"name":"bitCNY","symbol":"BITCNY","slug":"bitcny","num_market_pairs":23,"date_added":"2014-09-23T00:00:00.000Z","tags":[],"max_supply":null,"circulating_supply":31247700,"total_supply":31247700,"platform":{"id":463,"name":"BitShares","symbol":"BTS","slug":"bitshares","token_address":"CNY"},"cmc_rank":480,"last_updated":"2020-04-25T14:59:07.000Z","quote":{"USD":{"price":0.140584172277,"volume_24h":28725762.6446524,"percent_change_1h":0.0637185,"percent_change_24h":-0.429518,"percent_change_7d":0.00792347,"market_cap":4392932.0400600135,"last_updated":"2020-04-25T14:59:07.000Z"}}},{"id":2130,"name":"Enjin Coin","symbol":"ENJ","slug":"enjin-coin","num_market_pairs":61,"date_added":"2017-11-01T00:00:00.000Z","tags":[],"max_supply":null,"circulating_supply":814772129.064264,"total_supply":1000000000,"platform":{"id":1027,"name":"Ethereum","symbol":"ETH","slug":"ethereum","token_address":"0xf629cbd94d3791c9250152bd8dfbdf380e2a3b9c"},"cmc_rank":48,"last_updated":"2020-04-25T14:59:10.000Z","quote":{"USD":{"price":0.144730640869,"volume_24h":27597619.7360329,"percent_change_1h":-1.18673,"percent_change_24h":15.5461,"percent_change_7d":47.6491,"market_cap":117922492.40167052,"last_updated":"2020-04-25T14:59:10.000Z"}}},{"id":5217,"name":"3X Long Ethereum Token","symbol":"ETHBULL","slug":"3x-long-ethereum-token","num_market_pairs":7,"date_added":"2020-02-11T00:00:00.000Z","tags":[],"max_supply":null,"circulating_supply":null,"total_supply":2688.70054275,"platform":{"id":1027,"name":"Ethereum","symbol":"ETH","slug":"ethereum","token_address":"0x871baed4088b863fd6407159f3672d70cd34837d"},"cmc_rank":2033,"last_updated":"2020-04-25T14:59:18.000Z","quote":{"USD":{"price":208.045477858,"volume_24h":27608333.3099463,"percent_change_1h":0.0530748,"percent_change_24h":13.4577,"percent_change_7d":22.8242,"market_cap":null,"last_updated":"2020-04-25T14:59:18.000Z"}}},{"id":5085,"name":"Building Cities Beyond Blockchain","symbol":"BCB","slug":"building-cities-beyond-blockchain","num_market_pairs":3,"date_added":"2019-12-30T00:00:00.000Z","tags":[],"max_supply":66000000,"circulating_supply":null,"total_supply":66000000,"platform":null,"cmc_rank":2034,"last_updated":"2020-04-25T14:59:18.000Z","quote":{"USD":{"price":2.59999598023,"volume_24h":25898960.0687243,"percent_change_1h":-0.0416284,"percent_change_24h":-0.857793,"percent_change_7d":-0.107765,"market_cap":null,"last_updated":"2020-04-25T14:59:18.000Z"}}},{"id":5414,"name":"3x Long EOS Token","symbol":"EOSBULL","slug":"3x-long-eos-token","num_market_pairs":5,"date_added":"2020-04-06T00:00:00.000Z","tags":[],"max_supply":null,"circulating_supply":null,"total_supply":1057300.976,"platform":{"id":1027,"name":"Ethereum","symbol":"ETH","slug":"ethereum","token_address":"0xeaD7F3ae4e0Bb0D8785852Cc37CC9d0B5e75c06a"},"cmc_rank":2035,"last_updated":"2020-04-25T14:59:19.000Z","quote":{"USD":{"price":6.19954517276,"volume_24h":25129929.8490944,"percent_change_1h":-0.119879,"percent_change_24h":5.08862,"percent_change_7d":4.04863,"market_cap":null,"last_updated":"2020-04-25T14:59:19.000Z"}}},{"id":3890,"name":"Matic Network","symbol":"MATIC","slug":"matic-network","num_market_pairs":51,"date_added":"2019-04-28T00:00:00.000Z","tags":[],"max_supply":null,"circulating_supply":2758503686,"total_supply":10000000000,"platform":{"id":1027,"name":"Ethereum","symbol":"ETH","slug":"ethereum","token_address":"0x7D1AfA7B718fb893dB30A3aBc0Cfc608AaCfeBB0"},"cmc_rank":94,"last_updated":"2020-04-25T14:59:16.000Z","quote":{"USD":{"price":0.0152656850211,"volume_24h":24383857.0751741,"percent_change_1h":-0.545902,"percent_change_24h":1.21366,"percent_change_7d":16.1995,"market_cap":42110448.40001934,"last_updated":"2020-04-25T14:59:16.000Z"}}},{"id":2299,"name":"aelf","symbol":"ELF","slug":"aelf","num_market_pairs":79,"date_added":"2017-12-21T00:00:00.000Z","tags":[],"max_supply":1000000000,"circulating_supply":544480199.986466,"total_supply":879999999.986466,"platform":{"id":1027,"name":"Ethereum","symbol":"ETH","slug":"ethereum","token_address":"0xbf2179859fc6d5bee9bf9158632dc51678a4100e"},"cmc_rank":102,"last_updated":"2020-04-25T14:59:11.000Z","quote":{"USD":{"price":0.0661956980781,"volume_24h":23290091.4954498,"percent_change_1h":-0.981431,"percent_change_24h":3.60745,"percent_change_7d":4.1004,"market_cap":36042246.927807614,"last_updated":"2020-04-25T14:59:11.000Z"}}},{"id":5198,"name":"Creditcoin","symbol":"CTC","slug":"creditcoin","num_market_pairs":3,"date_added":"2020-01-31T00:00:00.000Z","tags":[],"max_supply":null,"circulating_supply":null,"total_supply":600000000,"platform":null,"cmc_rank":2036,"last_updated":"2020-04-25T14:59:18.000Z","quote":{"USD":{"price":0.368338734994,"volume_24h":20437684.9888507,"percent_change_1h":-0.24875,"percent_change_24h":-2.05667,"percent_change_7d":-10.8685,"market_cap":null,"last_updated":"2020-04-25T14:59:18.000Z"}}},{"id":109,"name":"DigiByte","symbol":"DGB","slug":"digibyte","num_market_pairs":77,"date_added":"2014-02-06T00:00:00.000Z","tags":["mineable"],"max_supply":21000000000,"circulating_supply":13070703269.2475,"total_supply":13070703269.2475,"platform":null,"cmc_rank":37,"last_updated":"2020-04-25T14:59:07.000Z","quote":{"USD":{"price":0.0141237113255,"volume_24h":19549893.123611,"percent_change_1h":7.09975,"percent_change_24h":22.9171,"percent_change_7d":84.2487,"market_cap":184606839.7961208,"last_updated":"2020-04-25T14:59:07.000Z"}}},{"id":4899,"name":"Yap Stone","symbol":"YAP","slug":"yap-stone","num_market_pairs":14,"date_added":"2019-11-09T00:00:00.000Z","tags":[],"max_supply":null,"circulating_supply":150000000,"total_supply":1000000000,"platform":{"id":1027,"name":"Ethereum","symbol":"ETH","slug":"ethereum","token_address":""},"cmc_rank":107,"last_updated":"2020-04-25T14:59:18.000Z","quote":{"USD":{"price":0.221264416162,"volume_24h":19393367.4924106,"percent_change_1h":0.387295,"percent_change_24h":3.54178,"percent_change_7d":6.89439,"market_cap":33189662.4243,"last_updated":"2020-04-25T14:59:18.000Z"}}},{"id":5295,"name":"3X Long BNB Token","symbol":"BNBBULL","slug":"3x-long-bnb-token","num_market_pairs":5,"date_added":"2020-03-11T00:00:00.000Z","tags":[],"max_supply":null,"circulating_supply":null,"total_supply":4975.41633724,"platform":{"id":1027,"name":"Ethereum","symbol":"ETH","slug":"ethereum","token_address":"0x9d1a62c2ad99019768b9126fda004a9952853f6e"},"cmc_rank":2037,"last_updated":"2020-04-25T14:59:18.000Z","quote":{"USD":{"price":115.350831621,"volume_24h":18967886.9674594,"percent_change_1h":0.0387931,"percent_change_24h":6.12473,"percent_change_7d":-0.32105,"market_cap":null,"last_updated":"2020-04-25T14:59:18.000Z"}}},{"id":4779,"name":"HUSD","symbol":"HUSD","slug":"husd","num_market_pairs":18,"date_added":"2019-10-15T00:00:00.000Z","tags":[],"max_supply":null,"circulating_supply":null,"total_supply":87094416.0933887,"platform":{"id":1027,"name":"Ethereum","symbol":"ETH","slug":"ethereum","token_address":"0xdf574c24545e5ffecb9a659c229253d4111d87e1"},"cmc_rank":2038,"last_updated":"2020-04-25T14:59:18.000Z","quote":{"USD":{"price":1.00078891369,"volume_24h":18710473.8410474,"percent_change_1h":-0.0463891,"percent_change_24h":-0.575803,"percent_change_7d":-0.189193,"market_cap":null,"last_updated":"2020-04-25T14:59:18.000Z"}}},{"id":1866,"name":"Bytom","symbol":"BTM","slug":"bytom","num_market_pairs":54,"date_added":"2017-08-08T00:00:00.000Z","tags":["mineable"],"max_supply":null,"circulating_supply":1002499275,"total_supply":1407000000,"platform":null,"cmc_rank":73,"last_updated":"2020-04-25T14:59:10.000Z","quote":{"USD":{"price":0.0601103103087,"volume_24h":18681343.689081,"percent_change_1h":0.082584,"percent_change_24h":4.12333,"percent_change_7d":1.28469,"market_cap":60260542.50449678,"last_updated":"2020-04-25T14:59:10.000Z"}}},{"id":1759,"name":"Status","symbol":"SNT","slug":"status","num_market_pairs":84,"date_added":"2017-06-28T00:00:00.000Z","tags":[],"max_supply":null,"circulating_supply":3470483788,"total_supply":6804870174,"platform":{"id":1027,"name":"Ethereum","symbol":"ETH","slug":"ethereum","token_address":"0x744d70fdbe2ba4cf95131626614a1763df805b9e"},"cmc_rank":68,"last_updated":"2020-04-25T14:59:09.000Z","quote":{"USD":{"price":0.0191405237829,"volume_24h":18304320.001432,"percent_change_1h":0.160432,"percent_change_24h":0.658264,"percent_change_7d":14.469,"market_cap":66426877.482382886,"last_updated":"2020-04-25T14:59:09.000Z"}}},{"id":1903,"name":"HyperCash","symbol":"HC","slug":"hypercash","num_market_pairs":32,"date_added":"2017-08-20T00:00:00.000Z","tags":["mineable"],"max_supply":84000000,"circulating_supply":44588885.025052,"total_supply":44588885.025052,"platform":null,"cmc_rank":85,"last_updated":"2020-04-25T14:59:10.000Z","quote":{"USD":{"price":1.07677737917,"volume_24h":17876144.3406893,"percent_change_1h":-0.713384,"percent_change_24h":3.70247,"percent_change_7d":2.5468,"market_cap":48012302.75738795,"last_updated":"2020-04-25T14:59:10.000Z"}}},{"id":2588,"name":"Loom Network","symbol":"LOOM","slug":"loom-network","num_market_pairs":65,"date_added":"2018-03-14T00:00:00.000Z","tags":[],"max_supply":null,"circulating_supply":970041175.954257,"total_supply":1000000000,"platform":{"id":1027,"name":"Ethereum","symbol":"ETH","slug":"ethereum","token_address":"0xa4e8c3ec456107ea67d3075bf9e3df3a75823db0"},"cmc_rank":170,"last_updated":"2020-04-25T14:59:12.000Z","quote":{"USD":{"price":0.0152001230484,"volume_24h":17831768.7052524,"percent_change_1h":-0.841251,"percent_change_24h":2.74832,"percent_change_7d":3.91621,"market_cap":14744745.236519342,"last_updated":"2020-04-25T14:59:12.000Z"}}},{"id":2830,"name":"Seele","symbol":"SEELE","slug":"seele","num_market_pairs":18,"date_added":"2018-05-31T00:00:00.000Z","tags":[],"max_supply":null,"circulating_supply":699592066.289478,"total_supply":1000000000,"platform":{"id":1027,"name":"Ethereum","symbol":"ETH","slug":"ethereum","token_address":"0xb1eef147028e9f480dbc5ccaa3277d417d1b85f0"},"cmc_rank":74,"last_updated":"2020-04-25T14:59:13.000Z","quote":{"USD":{"price":0.0829228380592,"volume_24h":17297681.7087653,"percent_change_1h":-0.274485,"percent_change_24h":4.42452,"percent_change_7d":6.15095,"market_cap":58012159.620423496,"last_updated":"2020-04-25T14:59:13.000Z"}}},{"id":4041,"name":"MX Token","symbol":"MX","slug":"mx-token","num_market_pairs":8,"date_added":"2019-09-24T00:00:00.000Z","tags":[],"max_supply":null,"circulating_supply":193278361.2597,"total_supply":673963903.14,"platform":{"id":1027,"name":"Ethereum","symbol":"ETH","slug":"ethereum","token_address":"0x11eef04c884e24d9b7b4760e7476d06ddf797f36"},"cmc_rank":139,"last_updated":"2020-04-25T14:59:16.000Z","quote":{"USD":{"price":0.109350198452,"volume_24h":17039769.4140824,"percent_change_1h":0.278847,"percent_change_24h":-0.0986428,"percent_change_7d":7.81757,"market_cap":21135027.160225544,"last_updated":"2020-04-25T14:59:16.000Z"}}},{"id":3945,"name":"Harmony","symbol":"ONE","slug":"harmony","num_market_pairs":20,"date_added":"2019-06-01T00:00:00.000Z","tags":[],"max_supply":null,"circulating_supply":4596807869,"total_supply":12600000000,"platform":null,"cmc_rank":192,"last_updated":"2020-04-25T14:59:16.000Z","quote":{"USD":{"price":0.00266396050966,"volume_24h":16432002.0715116,"percent_change_1h":-0.728135,"percent_change_24h":0.801355,"percent_change_7d":16.072,"market_cap":12245714.633510338,"last_updated":"2020-04-25T14:59:16.000Z"}}},{"id":1966,"name":"Decentraland","symbol":"MANA","slug":"decentraland","num_market_pairs":75,"date_added":"2017-09-17T00:00:00.000Z","tags":[],"max_supply":null,"circulating_supply":1370184655.67155,"total_supply":2197929265.03415,"platform":{"id":1027,"name":"Ethereum","symbol":"ETH","slug":"ethereum","token_address":"0x0f5d2fb29fb7d3cfee444a200298f468908cc942"},"cmc_rank":96,"last_updated":"2020-04-25T14:59:10.000Z","quote":{"USD":{"price":0.0297086076256,"volume_24h":15640242.1910184,"percent_change_1h":-0.404761,"percent_change_24h":3.16827,"percent_change_7d":2.24237,"market_cap":40706278.30996392,"last_updated":"2020-04-25T14:59:10.000Z"}}},{"id":5221,"name":"Handshake ","symbol":"HNS","slug":"handshake","num_market_pairs":10,"date_added":"2020-02-22T00:00:00.000Z","tags":[],"max_supply":null,"circulating_supply":268078892.322,"total_supply":2040000000,"platform":null,"cmc_rank":246,"last_updated":"2020-04-25T14:59:18.000Z","quote":{"USD":{"price":0.121024133948,"volume_24h":15408125.0567189,"percent_change_1h":0.998941,"percent_change_24h":-1.39794,"percent_change_7d":-1.95929,"market_cap":32444015.773009196,"last_updated":"2020-04-25T14:59:18.000Z"}}},{"id":5477,"name":"ECOChain","symbol":"ECOC","slug":"ecochain","num_market_pairs":1,"date_added":"2020-04-20T00:00:00.000Z","tags":[],"max_supply":2000000000,"circulating_supply":null,"total_supply":223217150,"platform":null,"cmc_rank":2039,"last_updated":"2020-04-25T14:59:19.000Z","quote":{"USD":{"price":1.47403884721,"volume_24h":14729232.0321669,"percent_change_1h":1.30199,"percent_change_24h":10.5369,"percent_change_7d":null,"market_cap":null,"last_updated":"2020-04-25T14:59:19.000Z"}}},{"id":5267,"name":"QUEENBEE","symbol":"QBZ","slug":"queenbee","num_market_pairs":2,"date_added":"2020-03-05T00:00:00.000Z","tags":[],"max_supply":null,"circulating_supply":null,"total_supply":8000000000,"platform":{"id":1027,"name":"Ethereum","symbol":"ETH","slug":"ethereum","token_address":"0x9bbc9286cdf6eefebf21df19bac71c6bdd7759d4"},"cmc_rank":2040,"last_updated":"2020-04-25T14:59:18.000Z","quote":{"USD":{"price":0.00901165162634,"volume_24h":14398312.4260168,"percent_change_1h":4.7618,"percent_change_24h":-4.36047,"percent_change_7d":84.6029,"market_cap":null,"last_updated":"2020-04-25T14:59:18.000Z"}}},{"id":2341,"name":"SwftCoin","symbol":"SWFTC","slug":"swftcoin","num_market_pairs":13,"date_added":"2018-01-04T00:00:00.000Z","tags":[],"max_supply":null,"circulating_supply":4004999999,"total_supply":10000000000,"platform":{"id":1027,"name":"Ethereum","symbol":"ETH","slug":"ethereum","token_address":"0x0bb217e40f8a5cb79adf04e1aab60e5abd0dfc1e"},"cmc_rank":388,"last_updated":"2020-04-25T14:59:11.000Z","quote":{"USD":{"price":0.00155973976456,"volume_24h":14260968.2792801,"percent_change_1h":2.73134,"percent_change_24h":3.51253,"percent_change_7d":21.4257,"market_cap":6246757.75550306,"last_updated":"2020-04-25T14:59:11.000Z"}}},{"id":5117,"name":"Origin Protocol","symbol":"OGN","slug":"origin-protocol","num_market_pairs":15,"date_added":"2020-01-09T00:00:00.000Z","tags":[],"max_supply":null,"circulating_supply":33523273.02,"total_supply":1000000000,"platform":{"id":1027,"name":"Ethereum","symbol":"ETH","slug":"ethereum","token_address":"0x8207c1ffc5b6804f6024322ccf34f29c3541ae26"},"cmc_rank":347,"last_updated":"2020-04-25T14:59:18.000Z","quote":{"USD":{"price":0.230122614969,"volume_24h":14236572.5009635,"percent_change_1h":0.612546,"percent_change_24h":1.86274,"percent_change_7d":-0.0564,"market_cap":7714463.249682126,"last_updated":"2020-04-25T14:59:18.000Z"}}},{"id":4942,"name":"Digital Gold","symbol":"GOLD","slug":"digital-gold","num_market_pairs":3,"date_added":"2019-11-18T00:00:00.000Z","tags":[],"max_supply":null,"circulating_supply":11545.784,"total_supply":17190.659,"platform":{"id":1027,"name":"Ethereum","symbol":"ETH","slug":"ethereum","token_address":"0x0d16450d347c12c086d6c94c76c5aaac35ea07e0"},"cmc_rank":988,"last_updated":"2020-04-25T14:59:18.000Z","quote":{"USD":{"price":55.2393119754,"volume_24h":14193625.7569081,"percent_change_1h":-0.301502,"percent_change_24h":1.16185,"percent_change_7d":0.579115,"market_cap":637781.1643765817,"last_updated":"2020-04-25T14:59:18.000Z"}}},{"id":1720,"name":"IOTA","symbol":"MIOTA","slug":"iota","num_market_pairs":53,"date_added":"2017-06-13T00:00:00.000Z","tags":[],"max_supply":2779530283,"circulating_supply":2779530283,"total_supply":2779530283,"platform":null,"cmc_rank":25,"last_updated":"2020-04-25T14:59:09.000Z","quote":{"USD":{"price":0.172953537482,"volume_24h":14062489.6319731,"percent_change_1h":-0.277634,"percent_change_24h":5.13839,"percent_change_7d":7.54628,"market_cap":480729594.9831946,"last_updated":"2020-04-25T14:59:09.000Z"}}},{"id":5429,"name":"DEAPcoin","symbol":"DEP","slug":"deapcoin","num_market_pairs":2,"date_added":"2020-04-10T00:00:00.000Z","tags":[],"max_supply":30000000000,"circulating_supply":null,"total_supply":30000000000,"platform":{"id":1027,"name":"Ethereum","symbol":"ETH","slug":"ethereum","token_address":"0x1a3496c18d558bd9c6c8f609e1b129f67ab08163"},"cmc_rank":2041,"last_updated":"2020-04-25T14:59:19.000Z","quote":{"USD":{"price":0.00516739300755,"volume_24h":13813850.6734665,"percent_change_1h":0.229145,"percent_change_24h":-1.15476,"percent_change_7d":-0.728749,"market_cap":null,"last_updated":"2020-04-25T14:59:19.000Z"}}},{"id":2062,"name":"Aion","symbol":"AION","slug":"aion","num_market_pairs":20,"date_added":"2017-10-18T00:00:00.000Z","tags":["mineable"],"max_supply":null,"circulating_supply":410411905,"total_supply":410411905,"platform":null,"cmc_rank":104,"last_updated":"2020-04-25T14:59:10.000Z","quote":{"USD":{"price":0.085989582555,"volume_24h":13609897.8432641,"percent_change_1h":-0.191792,"percent_change_24h":-5.92312,"percent_change_7d":29.816,"market_cap":35291148.38655232,"last_updated":"2020-04-25T14:59:10.000Z"}}},{"id":2570,"name":"TomoChain","symbol":"TOMO","slug":"tomochain","num_market_pairs":23,"date_added":"2018-03-08T00:00:00.000Z","tags":["mineable"],"max_supply":null,"circulating_supply":70463975,"total_supply":100000000,"platform":null,"cmc_rank":123,"last_updated":"2020-04-25T14:59:12.000Z","quote":{"USD":{"price":0.36553354589,"volume_24h":13386845.9369197,"percent_change_1h":1.73736,"percent_change_24h":7.64751,"percent_change_7d":-0.390179,"market_cap":25756946.639254313,"last_updated":"2020-04-25T14:59:12.000Z"}}},{"id":4078,"name":"Super Zero","symbol":"SERO","slug":"super-zero","num_market_pairs":15,"date_added":"2019-07-19T00:00:00.000Z","tags":[],"max_supply":647367590,"circulating_supply":257524808,"total_supply":645150142,"platform":null,"cmc_rank":147,"last_updated":"2020-04-25T14:59:17.000Z","quote":{"USD":{"price":0.0770773419018,"volume_24h":13016908.4512525,"percent_change_1h":0.145725,"percent_change_24h":0.479817,"percent_change_7d":2.38428,"market_cap":19849327.6744114,"last_updated":"2020-04-25T14:59:17.000Z"}}},{"id":4273,"name":"Sessia","symbol":"KICKS","slug":"sessia","num_market_pairs":2,"date_added":"2019-08-21T00:00:00.000Z","tags":[],"max_supply":null,"circulating_supply":6145759.45571843,"total_supply":100000000,"platform":{"id":1027,"name":"Ethereum","symbol":"ETH","slug":"ethereum","token_address":"0xd91a6162f146ef85922d9a15ee6eb14a00344586"},"cmc_rank":982,"last_updated":"2020-04-25T14:59:17.000Z","quote":{"USD":{"price":0.1061004976,"volume_24h":12628543.7905222,"percent_change_1h":-0.555128,"percent_change_24h":0.133375,"percent_change_7d":0.105594,"market_cap":652068.1363816306,"last_updated":"2020-04-25T14:59:17.000Z"}}},{"id":2577,"name":"Ravencoin","symbol":"RVN","slug":"ravencoin","num_market_pairs":50,"date_added":"2018-03-10T00:00:00.000Z","tags":["mineable"],"max_supply":21000000000,"circulating_supply":6018955000,"total_supply":6018955000,"platform":null,"cmc_rank":51,"last_updated":"2020-04-25T14:59:12.000Z","quote":{"USD":{"price":0.018574148723,"volume_24h":12417767.8723099,"percent_change_1h":-0.0346849,"percent_change_24h":6.30343,"percent_change_7d":8.08668,"market_cap":111796965.32704446,"last_updated":"2020-04-25T14:59:12.000Z"}}},{"id":1414,"name":"Zcoin","symbol":"XZC","slug":"zcoin","num_market_pairs":56,"date_added":"2016-10-06T00:00:00.000Z","tags":["mineable"],"max_supply":21400000,"circulating_supply":9975868.32977796,"total_supply":21400000,"platform":null,"cmc_rank":95,"last_updated":"2020-04-25T14:59:08.000Z","quote":{"USD":{"price":4.08423068036,"volume_24h":12281174.5107173,"percent_change_1h":-0.22812,"percent_change_24h":0.951763,"percent_change_7d":11.9129,"market_cap":40743747.49571081,"last_updated":"2020-04-25T14:59:08.000Z"}}},{"id":3966,"name":"BitcoinHD","symbol":"BHD","slug":"bitcoinhd","num_market_pairs":11,"date_added":"2019-05-27T00:00:00.000Z","tags":[],"max_supply":21000000,"circulating_supply":6083016.35,"total_supply":6339465,"platform":null,"cmc_rank":239,"last_updated":"2020-04-25T14:59:16.000Z","quote":{"USD":{"price":6.46658949603,"volume_24h":12280368.9299022,"percent_change_1h":0.402413,"percent_change_24h":0.199475,"percent_change_7d":11.7083,"market_cap":39336369.633088745,"last_updated":"2020-04-25T14:59:16.000Z"}}},{"id":4943,"name":"Multi-collateral DAI","symbol":"DAI","slug":"multi-collateral-dai","num_market_pairs":75,"date_added":"2019-11-22T00:00:00.000Z","tags":[],"max_supply":null,"circulating_supply":95303228.9076607,"total_supply":95704119.1198058,"platform":{"id":1027,"name":"Ethereum","symbol":"ETH","slug":"ethereum","token_address":"0x6b175474e89094c44da98b954eedeac495271d0f"},"cmc_rank":55,"last_updated":"2020-04-25T14:59:18.000Z","quote":{"USD":{"price":1.02161767781,"volume_24h":12072568.3234708,"percent_change_1h":0.0630521,"percent_change_24h":0.874717,"percent_change_7d":0.538469,"market_cap":97363463.40443917,"last_updated":"2020-04-25T14:59:18.000Z"}}},{"id":1785,"name":"Gas","symbol":"GAS","slug":"gas","num_market_pairs":52,"date_added":"2017-07-06T00:00:00.000Z","tags":[],"max_supply":100000000,"circulating_supply":10128375.105773,"total_supply":17190378,"platform":{"id":1376,"name":"Neo","symbol":"NEO","slug":"neo","token_address":"602c79718b16e442de58778e148d0b1084e3b2dffd5de6b7b16cee7969282de7"},"cmc_rank":188,"last_updated":"2020-04-25T14:59:09.000Z","quote":{"USD":{"price":1.24708499296,"volume_24h":11923044.4484054,"percent_change_1h":0.609032,"percent_change_24h":7.13806,"percent_change_7d":10.0819,"market_cap":12630944.597479163,"last_updated":"2020-04-25T14:59:09.000Z"}}},{"id":5444,"name":"Cartesi","symbol":"CTSI","slug":"cartesi","num_market_pairs":4,"date_added":"2020-04-23T00:00:00.000Z","tags":[],"max_supply":null,"circulating_supply":null,"total_supply":1000000000,"platform":null,"cmc_rank":2042,"last_updated":"2020-04-25T14:59:19.000Z","quote":{"USD":{"price":0.0520558713656,"volume_24h":11566501.7739124,"percent_change_1h":0.0143642,"percent_change_24h":-11.0888,"percent_change_7d":null,"market_cap":null,"last_updated":"2020-04-25T14:59:19.000Z"}}},{"id":3053,"name":"YOU COIN","symbol":"YOU","slug":"you-coin","num_market_pairs":6,"date_added":"2018-08-01T00:00:00.000Z","tags":[],"max_supply":null,"circulating_supply":556120198.410192,"total_supply":2856000000,"platform":{"id":1027,"name":"Ethereum","symbol":"ETH","slug":"ethereum","token_address":"0x34364BEe11607b1963d66BCA665FDE93fCA666a8"},"cmc_rank":171,"last_updated":"2020-04-25T14:59:13.000Z","quote":{"USD":{"price":0.0263919940609,"volume_24h":11539935.6736949,"percent_change_1h":0.136307,"percent_change_24h":-0.110176,"percent_change_7d":-1.09498,"market_cap":14677120.973588316,"last_updated":"2020-04-25T14:59:13.000Z"}}},{"id":5216,"name":"3X Short Ethereum Token","symbol":"ETHBEAR","slug":"3x-short-ethereum-token","num_market_pairs":7,"date_added":"2020-02-11T00:00:00.000Z","tags":[],"max_supply":null,"circulating_supply":null,"total_supply":173633.2933466,"platform":{"id":1027,"name":"Ethereum","symbol":"ETH","slug":"ethereum","token_address":"0x2f5e2c9002c058c063d21a06b6cabb50950130c8"},"cmc_rank":2043,"last_updated":"2020-04-25T14:59:18.000Z","quote":{"USD":{"price":2.4686323803,"volume_24h":11498943.5329593,"percent_change_1h":-0.201741,"percent_change_24h":-14.5714,"percent_change_7d":-30.3237,"market_cap":null,"last_updated":"2020-04-25T14:59:18.000Z"}}},{"id":4846,"name":"Kava","symbol":"KAVA","slug":"kava","num_market_pairs":15,"date_added":"2019-10-25T00:00:00.000Z","tags":[],"max_supply":null,"circulating_supply":35847232.721819,"total_supply":108636551.721819,"platform":{"id":1839,"name":"Binance Coin","symbol":"BNB","slug":"binance-coin","token_address":""},"cmc_rank":144,"last_updated":"2020-04-25T14:59:18.000Z","quote":{"USD":{"price":0.571019311436,"volume_24h":11300252.1528312,"percent_change_1h":0.117598,"percent_change_24h":7.02374,"percent_change_7d":3.73111,"market_cap":20469462.145699136,"last_updated":"2020-04-25T14:59:18.000Z"}}}]}