{"status":{"timestamp":"2020-04-26T18:00:02.016Z","error_code":0,"error_message":null,"elapsed":1322,"credit_count":1,"notice":null},"data":[{"id":825,"name":"Tether","symbol":"USDT","slug":"tether","num_market_pairs":4692,"date_added":"2015-02-25T00:00:00.000Z","tags":[],"max_supply":null,"circulating_supply":6361032509,"total_supply":6998318752.17,"platform":{"id":1027,"name":"Ethereum","symbol":"ETH","slug":"ethereum","token_address":"31"},"cmc_rank":4,"last_updated":"2020-04-26T17:58:33.000Z","quote":{"USD":{"price":1.00342249212,"volume_24h":43139658560.5245,"percent_change_1h":-0.0208414,"percent_change_24h":-0.111378,"percent_change_7d":-0.560016,"market_cap":6382803092.6371155,"last_updated":"2020-04-26T17:58:33.000Z"}}},{"id":1,"name":"Bitcoin","symbol":"BTC","slug":"bitcoin","num_market_pairs":7968,"date_added":"2013-04-28T00:00:00.000Z","tags":["mineable"],"max_supply":21000000,"circulating_supply":18346700,"total_supply":18346700,"platform":null,"cmc_rank":1,"last_updated":"2020-04-26T17:58:50.000Z","quote":{"USD":{"price":7601.4536654,"volume_24h":31475968955.2233,"percent_change_1h":0.0527809,"percent_change_24h":0.450906,"percent_change_7d":5.45949,"market_cap":139461589962.99417,"last_updated":"2020-04-26T17:58:50.000Z"}}},{"id":1027,"name":"Ethereum","symbol":"ETH","slug":"ethereum","num_market_pairs":5182,"date_added":"2015-08-07T00:00:00.000Z","tags":["mineable"],"max_supply":null,"circulating_supply":110681100.8115,"total_supply":110681100.8115,"platform":null,"cmc_rank":2,"last_updated":"2020-04-26T17:58:32.000Z","quote":{"USD":{"price":195.950279416,"volume_24h":17436948043.9066,"percent_change_1h":0.108915,"percent_change_24h":0.457493,"percent_change_7d":7.23237,"market_cap":21687992630.08389,"last_updated":"2020-04-26T17:58:32.000Z"}}},{"id":2,"name":"Litecoin","symbol":"LTC","slug":"litecoin","num_market_pairs":600,"date_added":"2013-04-28T00:00:00.000Z","tags":["mineable"],"max_supply":84000000,"circulating_supply":64596805.7265572,"total_supply":64596805.7265572,"platform":null,"cmc_rank":7,"last_updated":"2020-04-26T17:58:09.000Z","quote":{"USD":{"price":44.4377724079,"volume_24h":4065775032.87775,"percent_change_1h":-0.142473,"percent_change_24h":-0.529633,"percent_change_7d":2.93275,"market_cap":2870538151.1540804,"last_updated":"2020-04-26T17:58:09.000Z"}}},{"id":1831,"name":"Bitcoin Cash","symbol":"BCH","slug":"bitcoin-cash","num_market_pairs":473,"date_added":"2017-07-23T00:00:00.000Z","tags":["mineable"],"max_supply":21000000,"circulating_supply":18390900,"total_supply":18390900,"platform":null,"cmc_rank":5,"last_updated":"2020-04-26T17:58:14.000Z","quote":{"USD":{"price":241.987614791,"volume_24h":3408542640.05368,"percent_change_1h":0.109187,"percent_change_24h":0.940388,"percent_change_7d":2.20934,"market_cap":4450370024.859802,"last_updated":"2020-04-26T17:58:14.000Z"}}},{"id":1765,"name":"EOS","symbol":"EOS","slug":"eos","num_market_pairs":378,"date_added":"2017-07-01T00:00:00.000Z","tags":[],"max_supply":null,"circulating_supply":922120922.083,"total_supply":1018820934.0826,"platform":null,"cmc_rank":9,"last_updated":"2020-04-26T17:58:12.000Z","quote":{"USD":{"price":2.71621431653,"volume_24h":3222168643.89129,"percent_change_1h":0.0549233,"percent_change_24h":0.214495,"percent_change_7d":2.57453,"market_cap":2504678050.133689,"last_updated":"2020-04-26T17:58:12.000Z"}}},{"id":1321,"name":"Ethereum Classic","symbol":"ETC","slug":"ethereum-classic","num_market_pairs":246,"date_added":"2016-07-24T00:00:00.000Z","tags":["mineable"],"max_supply":210700000,"circulating_supply":116313299,"total_supply":116313299,"platform":null,"cmc_rank":21,"last_updated":"2020-04-26T17:58:09.000Z","quote":{"USD":{"price":6.16524211667,"volume_24h":2100877153.93481,"percent_change_1h":1.80992,"percent_change_24h":7.52966,"percent_change_7d":10.9285,"market_cap":717099649.7236305,"last_updated":"2020-04-26T17:58:09.000Z"}}},{"id":3602,"name":"Bitcoin SV","symbol":"BSV","slug":"bitcoin-sv","num_market_pairs":183,"date_added":"2018-11-09T00:00:00.000Z","tags":["mineable"],"max_supply":21000000,"circulating_supply":18389502.0819233,"total_supply":18389502.0819233,"platform":null,"cmc_rank":6,"last_updated":"2020-04-26T17:58:16.000Z","quote":{"USD":{"price":195.817172078,"volume_24h":1888487125.05565,"percent_change_1h":0.359371,"percent_change_24h":0.393247,"percent_change_7d":-1.62647,"market_cap":3600980293.604714,"last_updated":"2020-04-26T17:58:16.000Z"}}},{"id":52,"name":"XRP","symbol":"XRP","slug":"xrp","num_market_pairs":545,"date_added":"2013-08-04T00:00:00.000Z","tags":[],"max_supply":100000000000,"circulating_supply":44089620959,"total_supply":99990980257,"platform":null,"cmc_rank":3,"last_updated":"2020-04-26T17:58:09.000Z","quote":{"USD":{"price":0.194951400358,"volume_24h":1628143707.61384,"percent_change_1h":0.00510648,"percent_change_24h":0.0841899,"percent_change_7d":1.34606,"market_cap":8595333347.210476,"last_updated":"2020-04-26T17:58:09.000Z"}}},{"id":1958,"name":"TRON","symbol":"TRX","slug":"tron","num_market_pairs":337,"date_added":"2017-09-13T00:00:00.000Z","tags":["mineable"],"max_supply":null,"circulating_supply":66682072191.4,"total_supply":99281283754.3,"platform":null,"cmc_rank":16,"last_updated":"2020-04-26T17:58:12.000Z","quote":{"USD":{"price":0.014094151888,"volume_24h":1391393162.30387,"percent_change_1h":0.105686,"percent_change_24h":0.349114,"percent_change_7d":7.29818,"market_cap":939827253.6721727,"last_updated":"2020-04-26T17:58:12.000Z"}}},{"id":131,"name":"Dash","symbol":"DASH","slug":"dash","num_market_pairs":297,"date_added":"2014-02-14T00:00:00.000Z","tags":["mineable"],"max_supply":18900000,"circulating_supply":9459257.2333172,"total_supply":9459257.2333172,"platform":null,"cmc_rank":18,"last_updated":"2020-04-26T17:58:08.000Z","quote":{"USD":{"price":84.2097154938,"volume_24h":873982874.578983,"percent_change_1h":-0.000925638,"percent_change_24h":-0.811763,"percent_change_7d":2.81949,"market_cap":796561360.4003112,"last_updated":"2020-04-26T17:58:08.000Z"}}},{"id":1376,"name":"Neo","symbol":"NEO","slug":"neo","num_market_pairs":239,"date_added":"2016-09-08T00:00:00.000Z","tags":[],"max_supply":100000000,"circulating_supply":70538831,"total_supply":100000000,"platform":null,"cmc_rank":22,"last_updated":"2020-04-26T17:58:09.000Z","quote":{"USD":{"price":8.64019687782,"volume_24h":579198406.567596,"percent_change_1h":1.12738,"percent_change_24h":2.33291,"percent_change_7d":12.1107,"market_cap":609469387.3712726,"last_updated":"2020-04-26T17:58:09.000Z"}}},{"id":1437,"name":"Zcash","symbol":"ZEC","slug":"zcash","num_market_pairs":238,"date_added":"2016-10-29T00:00:00.000Z","tags":["mineable"],"max_supply":21000000,"circulating_supply":9025518.75,"total_supply":9025518.75,"platform":null,"cmc_rank":26,"last_updated":"2020-04-26T17:58:10.000Z","quote":{"USD":{"price":44.5540442746,"volume_24h":560573093.022877,"percent_change_1h":0.16677,"percent_change_24h":-1.43188,"percent_change_7d":-3.61951,"market_cap":402123361.98873246,"last_updated":"2020-04-26T17:58:10.000Z"}}},{"id":512,"name":"Stellar","symbol":"XLM","slug":"stellar","num_market_pairs":296,"date_added":"2014-08-05T00:00:00.000Z","tags":[],"max_supply":null,"circulating_supply":20295869234.968,"total_supply":50001803871.8717,"platform":null,"cmc_rank":12,"last_updated":"2020-04-26T17:58:09.000Z","quote":{"USD":{"price":0.0627728187865,"volume_24h":512563590.087831,"percent_change_1h":0.329308,"percent_change_24h":0.80127,"percent_change_7d":26.536,"market_cap":1274028921.6011465,"last_updated":"2020-04-26T17:58:09.000Z"}}},{"id":3330,"name":"Paxos Standard","symbol":"PAX","slug":"paxos-standard","num_market_pairs":99,"date_added":"2018-09-27T00:00:00.000Z","tags":[],"max_supply":null,"circulating_supply":244951954.494264,"total_supply":249952064.83,"platform":{"id":1027,"name":"Ethereum","symbol":"ETH","slug":"ethereum","token_address":"0x8e870d67f660d95d5be530380d0ec0bd388289e1"},"cmc_rank":35,"last_updated":"2020-04-26T17:58:15.000Z","quote":{"USD":{"price":1.00272600967,"volume_24h":501856178.585024,"percent_change_1h":0.0184174,"percent_change_24h":-0.0363623,"percent_change_7d":-0.475754,"market_cap":245619695.89090076,"last_updated":"2020-04-26T17:58:15.000Z"}}},{"id":2563,"name":"TrueUSD","symbol":"TUSD","slug":"trueusd","num_market_pairs":155,"date_added":"2018-03-06T00:00:00.000Z","tags":[],"max_supply":null,"circulating_supply":131997771.05,"total_supply":131997771.05,"platform":{"id":1027,"name":"Ethereum","symbol":"ETH","slug":"ethereum","token_address":"0x0000000000085d4780B73119b644AE5ecd22b376"},"cmc_rank":44,"last_updated":"2020-04-26T17:58:13.000Z","quote":{"USD":{"price":1.00167784266,"volume_24h":415112798.757213,"percent_change_1h":-0.0335212,"percent_change_24h":-0.183042,"percent_change_7d":-0.542298,"market_cap":132219242.5412926,"last_updated":"2020-04-26T17:58:13.000Z"}}},{"id":1839,"name":"Binance Coin","symbol":"BNB","slug":"binance-coin","num_market_pairs":305,"date_added":"2017-07-25T00:00:00.000Z","tags":[],"max_supply":187536713,"circulating_supply":155536713,"total_supply":187536713,"platform":null,"cmc_rank":8,"last_updated":"2020-04-26T17:58:10.000Z","quote":{"USD":{"price":16.2698900923,"volume_24h":393187665.95564,"percent_change_1h":0.169557,"percent_change_24h":0.0304246,"percent_change_7d":-0.0574681,"market_cap":2530565225.8276086,"last_updated":"2020-04-26T17:58:10.000Z"}}},{"id":3408,"name":"USD Coin","symbol":"USDC","slug":"usd-coin","num_market_pairs":219,"date_added":"2018-10-08T00:00:00.000Z","tags":[],"max_supply":null,"circulating_supply":751372101.69873,"total_supply":755362164.39,"platform":{"id":1027,"name":"Ethereum","symbol":"ETH","slug":"ethereum","token_address":"0xa0b86991c6218b36c1d19d4a2e9eb0ce3606eb48"},"cmc_rank":20,"last_updated":"2020-04-26T17:58:15.000Z","quote":{"USD":{"price":1.00322029268,"volume_24h":384984129.430459,"percent_change_1h":0.0669777,"percent_change_24h":-0.0160184,"percent_change_7d":-0.388003,"market_cap":753791739.7777866,"last_updated":"2020-04-26T17:58:15.000Z"}}},{"id":1684,"name":"Qtum","symbol":"QTUM","slug":"qtum","num_market_pairs":172,"date_added":"2017-05-24T00:00:00.000Z","tags":[],"max_supply":107822406,"circulating_supply":96607300.359,"total_supply":102357300,"platform":null,"cmc_rank":41,"last_updated":"2020-04-26T17:58:09.000Z","quote":{"USD":{"price":1.5265254197,"volume_24h":375799364.192054,"percent_change_1h":0.338133,"percent_change_24h":2.38875,"percent_change_7d":7.91576,"market_cap":147473499.72660643,"last_updated":"2020-04-26T17:58:09.000Z"}}},{"id":1975,"name":"Chainlink","symbol":"LINK","slug":"chainlink","num_market_pairs":170,"date_added":"2017-09-20T00:00:00.000Z","tags":[],"max_supply":null,"circulating_supply":350000000,"total_supply":1000000000,"platform":{"id":1027,"name":"Ethereum","symbol":"ETH","slug":"ethereum","token_address":"0x514910771af9ca656af840dff83e8264ecf986ca"},"cmc_rank":11,"last_updated":"2020-04-26T17:58:10.000Z","quote":{"USD":{"price":3.75631370936,"volume_24h":334197406.867317,"percent_change_1h":0.473812,"percent_change_24h":-2.01167,"percent_change_7d":2.47027,"market_cap":1314709798.276,"last_updated":"2020-04-26T17:58:10.000Z"}}},{"id":2011,"name":"Tezos","symbol":"XTZ","slug":"tezos","num_market_pairs":90,"date_added":"2017-10-06T00:00:00.000Z","tags":[],"max_supply":null,"circulating_supply":708369475.303005,"total_supply":708369475.303005,"platform":null,"cmc_rank":10,"last_updated":"2020-04-26T17:58:10.000Z","quote":{"USD":{"price":2.77640661748,"volume_24h":267384655.706671,"percent_change_1h":-0.16168,"percent_change_24h":-2.10768,"percent_change_7d":21.3509,"market_cap":1966721698.8520985,"last_updated":"2020-04-26T17:58:10.000Z"}}},{"id":74,"name":"Dogecoin","symbol":"DOGE","slug":"dogecoin","num_market_pairs":240,"date_added":"2013-12-15T00:00:00.000Z","tags":["mineable"],"max_supply":null,"circulating_supply":124316394253.925,"total_supply":124316394253.925,"platform":null,"cmc_rank":31,"last_updated":"2020-04-26T17:58:08.000Z","quote":{"USD":{"price":0.00223811766507,"volume_24h":265496014.397729,"percent_change_1h":0.241696,"percent_change_24h":5.42752,"percent_change_7d":9.43851,"market_cap":278234718.0375162,"last_updated":"2020-04-26T17:58:08.000Z"}}},{"id":2502,"name":"Huobi Token","symbol":"HT","slug":"huobi-token","num_market_pairs":137,"date_added":"2018-02-03T00:00:00.000Z","tags":[],"max_supply":null,"circulating_supply":222668092.971921,"total_supply":500000000,"platform":{"id":1027,"name":"Ethereum","symbol":"ETH","slug":"ethereum","token_address":"0x6f259637dcd74c767781e37bc6133cd6a68aa161"},"cmc_rank":17,"last_updated":"2020-04-26T17:58:12.000Z","quote":{"USD":{"price":4.01322208939,"volume_24h":245091809.888149,"percent_change_1h":-0.793084,"percent_change_24h":0.900445,"percent_change_7d":2.80788,"market_cap":893616509.3172596,"last_updated":"2020-04-26T17:58:12.000Z"}}},{"id":2319,"name":"QCash","symbol":"QC","slug":"qcash","num_market_pairs":91,"date_added":"2019-12-12T00:00:00.000Z","tags":[],"max_supply":10000000000,"circulating_supply":460000200,"total_supply":10000000000,"platform":{"id":1684,"name":"Qtum","symbol":"QTUM","slug":"qtum","token_address":"f2033ede578e17fa6231047265010445bca8cf1c"},"cmc_rank":222,"last_updated":"2020-04-26T17:58:11.000Z","quote":{"USD":{"price":0.140409459638,"volume_24h":243468612.429506,"percent_change_1h":0.0139678,"percent_change_24h":-0.204246,"percent_change_7d":-0.220998,"market_cap":64588379.515371926,"last_updated":"2020-04-26T17:58:11.000Z"}}},{"id":3794,"name":"Cosmos","symbol":"ATOM","slug":"cosmos","num_market_pairs":121,"date_added":"2019-03-14T00:00:00.000Z","tags":[],"max_supply":null,"circulating_supply":190688439.2,"total_supply":237928230.821588,"platform":null,"cmc_rank":24,"last_updated":"2020-04-26T17:58:16.000Z","quote":{"USD":{"price":2.81717881993,"volume_24h":203116673.882283,"percent_change_1h":-0.174669,"percent_change_24h":-2.18319,"percent_change_7d":15.1665,"market_cap":537203432.1197495,"last_updated":"2020-04-26T17:58:16.000Z"}}},{"id":3077,"name":"VeChain","symbol":"VET","slug":"vechain","num_market_pairs":98,"date_added":"2017-08-22T00:00:00.000Z","tags":[],"max_supply":null,"circulating_supply":55454734800,"total_supply":86712634466,"platform":null,"cmc_rank":34,"last_updated":"2020-04-26T17:58:14.000Z","quote":{"USD":{"price":0.00446779420041,"volume_24h":168081602.285641,"percent_change_1h":0.467575,"percent_change_24h":7.56917,"percent_change_7d":12.8615,"market_cap":247760342.5247146,"last_updated":"2020-04-26T17:58:14.000Z"}}},{"id":2566,"name":"Ontology","symbol":"ONT","slug":"ontology","num_market_pairs":119,"date_added":"2018-03-08T00:00:00.000Z","tags":[],"max_supply":null,"circulating_supply":656746573,"total_supply":1000000000,"platform":null,"cmc_rank":29,"last_updated":"2020-04-26T17:58:13.000Z","quote":{"USD":{"price":0.492096465617,"volume_24h":148743058.220097,"percent_change_1h":0.388915,"percent_change_24h":5.0045,"percent_change_7d":18.0301,"market_cap":323182667.37937707,"last_updated":"2020-04-26T17:58:13.000Z"}}},{"id":3897,"name":"OKB","symbol":"OKB","slug":"okb","num_market_pairs":50,"date_added":"2019-04-30T00:00:00.000Z","tags":[],"max_supply":null,"circulating_supply":60000000,"total_supply":300000000,"platform":{"id":1027,"name":"Ethereum","symbol":"ETH","slug":"ethereum","token_address":"0x75231f58b43240c9718dd58b4967c5114342a86c"},"cmc_rank":30,"last_updated":"2020-04-26T17:58:16.000Z","quote":{"USD":{"price":4.89581536055,"volume_24h":135562214.566849,"percent_change_1h":0.0271001,"percent_change_24h":-0.0497804,"percent_change_7d":2.38248,"market_cap":293748921.633,"last_updated":"2020-04-26T17:58:16.000Z"}}},{"id":2010,"name":"Cardano","symbol":"ADA","slug":"cardano","num_market_pairs":131,"date_added":"2017-10-01T00:00:00.000Z","tags":["mineable"],"max_supply":45000000000,"circulating_supply":25927070538,"total_supply":31112483745,"platform":null,"cmc_rank":13,"last_updated":"2020-04-26T17:58:10.000Z","quote":{"USD":{"price":0.0451972206065,"volume_24h":127042248.759916,"percent_change_1h":0.687344,"percent_change_24h":6.07265,"percent_change_7d":25.2189,"market_cap":1171831526.7862725,"last_updated":"2020-04-26T17:58:10.000Z"}}},{"id":5370,"name":"Hive","symbol":"HIVE","slug":"hive-blockchain","num_market_pairs":9,"date_added":"2020-03-26T00:00:00.000Z","tags":[],"max_supply":null,"circulating_supply":283362712.46,"total_supply":366732918.332,"platform":null,"cmc_rank":206,"last_updated":"2020-04-26T17:58:18.000Z","quote":{"USD":{"price":0.797415784495,"volume_24h":112697648.012436,"percent_change_1h":3.97408,"percent_change_24h":60.4645,"percent_change_7d":507.055,"market_cap":225957899.65292197,"last_updated":"2020-04-26T17:58:18.000Z"}}},{"id":1697,"name":"Basic Attention Token","symbol":"BAT","slug":"basic-attention-token","num_market_pairs":183,"date_added":"2017-06-01T00:00:00.000Z","tags":[],"max_supply":null,"circulating_supply":1457527137.0863,"total_supply":1500000000,"platform":{"id":1027,"name":"Ethereum","symbol":"ETH","slug":"ethereum","token_address":"0x0d8775f648430679a709e98d2b0cb6250d2887ef"},"cmc_rank":33,"last_updated":"2020-04-26T17:58:09.000Z","quote":{"USD":{"price":0.184943762773,"volume_24h":101102631.294919,"percent_change_1h":-0.0962299,"percent_change_24h":-0.0204564,"percent_change_7d":9.63121,"market_cap":269560553.0764985,"last_updated":"2020-04-26T17:58:09.000Z"}}},{"id":328,"name":"Monero","symbol":"XMR","slug":"monero","num_market_pairs":146,"date_added":"2014-05-21T00:00:00.000Z","tags":["mineable"],"max_supply":null,"circulating_supply":17537824.738805,"total_supply":17537824.738805,"platform":null,"cmc_rank":14,"last_updated":"2020-04-26T17:58:08.000Z","quote":{"USD":{"price":60.7320437661,"volume_24h":97835398.2260512,"percent_change_1h":0.0311487,"percent_change_24h":-0.17776,"percent_change_7d":4.97283,"market_cap":1065107939.5992966,"last_updated":"2020-04-26T17:58:08.000Z"}}},{"id":1168,"name":"Decred","symbol":"DCR","slug":"decred","num_market_pairs":49,"date_added":"2016-02-10T00:00:00.000Z","tags":["mineable"],"max_supply":21000000,"circulating_supply":11410154.8639153,"total_supply":11410154.8639153,"platform":null,"cmc_rank":42,"last_updated":"2020-04-26T17:58:07.000Z","quote":{"USD":{"price":12.7954315281,"volume_24h":90673681.5391611,"percent_change_1h":0.196925,"percent_change_24h":0.658534,"percent_change_7d":1.36266,"market_cap":145997855.2862454,"last_updated":"2020-04-26T17:58:07.000Z"}}},{"id":1982,"name":"Kyber Network","symbol":"KNC","slug":"kyber-network","num_market_pairs":64,"date_added":"2017-09-24T00:00:00.000Z","tags":[],"max_supply":null,"circulating_supply":180432602.911872,"total_supply":210939151.730736,"platform":{"id":1027,"name":"Ethereum","symbol":"ETH","slug":"ethereum","token_address":"0xdd974d5c2e2928dea5f71b9825b8b646686bd200"},"cmc_rank":49,"last_updated":"2020-04-26T17:58:09.000Z","quote":{"USD":{"price":0.668481925228,"volume_24h":87392300.0270697,"percent_change_1h":0.0856685,"percent_change_24h":21.676,"percent_change_7d":38.644,"market_cap":120615933.76842743,"last_updated":"2020-04-26T17:58:09.000Z"}}},{"id":1808,"name":"OmiseGO","symbol":"OMG","slug":"omisego","num_market_pairs":209,"date_added":"2017-07-14T00:00:00.000Z","tags":[],"max_supply":null,"circulating_supply":140245398.245133,"total_supply":140245398.245133,"platform":{"id":1027,"name":"Ethereum","symbol":"ETH","slug":"ethereum","token_address":"0xd26114cd6EE289AccF82350c8d8487fedB8A0C07"},"cmc_rank":57,"last_updated":"2020-04-26T17:58:10.000Z","quote":{"USD":{"price":0.649498494234,"volume_24h":86539952.4202656,"percent_change_1h":-0.528313,"percent_change_24h":3.71885,"percent_change_7d":10.2757,"market_cap":91089174.98346156,"last_updated":"2020-04-26T17:58:10.000Z"}}},{"id":3702,"name":"Beam","symbol":"BEAM","slug":"beam","num_market_pairs":32,"date_added":"2019-01-17T00:00:00.000Z","tags":["mineable"],"max_supply":262800000,"circulating_supply":60346720,"total_supply":60346720,"platform":null,"cmc_rank":146,"last_updated":"2020-04-26T17:58:15.000Z","quote":{"USD":{"price":0.34163626388,"volume_24h":79484495.7851993,"percent_change_1h":0.765617,"percent_change_24h":9.2576,"percent_change_7d":24.3848,"market_cap":20616627.958212476,"last_updated":"2020-04-26T17:58:15.000Z"}}},{"id":5031,"name":"MimbleWimbleCoin","symbol":"MWC","slug":"mimblewimblecoin","num_market_pairs":7,"date_added":"2020-02-24T00:00:00.000Z","tags":[],"max_supply":20000000,"circulating_supply":8012392.6569404,"total_supply":10522035.6569404,"platform":null,"cmc_rank":210,"last_updated":"2020-04-26T17:58:18.000Z","quote":{"USD":{"price":19.4278846527,"volume_24h":75574446.9857135,"percent_change_1h":2.08262,"percent_change_24h":12.1724,"percent_change_7d":39.9556,"market_cap":155663840.33117858,"last_updated":"2020-04-26T17:58:18.000Z"}}},{"id":4030,"name":"Algorand","symbol":"ALGO","slug":"algorand","num_market_pairs":77,"date_added":"2019-06-20T00:00:00.000Z","tags":["mineable"],"max_supply":null,"circulating_supply":709255297.723545,"total_supply":3240527140.72355,"platform":null,"cmc_rank":39,"last_updated":"2020-04-26T17:58:17.000Z","quote":{"USD":{"price":0.224317698447,"volume_24h":75003880.5247376,"percent_change_1h":-0.561698,"percent_change_24h":4.01647,"percent_change_7d":17.2435,"market_cap":159098515.99668735,"last_updated":"2020-04-26T17:58:17.000Z"}}},{"id":3718,"name":"BitTorrent","symbol":"BTT","slug":"bittorrent","num_market_pairs":134,"date_added":"2019-01-31T00:00:00.000Z","tags":[],"max_supply":null,"circulating_supply":212116500000,"total_supply":990000000000,"platform":{"id":1958,"name":"TRON","symbol":"TRX","slug":"tron","token_address":"1002000"},"cmc_rank":80,"last_updated":"2020-04-26T17:58:16.000Z","quote":{"USD":{"price":0.000247986574628,"volume_24h":70731302.1778049,"percent_change_1h":0.178617,"percent_change_24h":0.658204,"percent_change_7d":7.13307,"market_cap":52602044.25708016,"last_updated":"2020-04-26T17:58:16.000Z"}}},{"id":1772,"name":"Storj","symbol":"STORJ","slug":"storj","num_market_pairs":32,"date_added":"2017-07-02T00:00:00.000Z","tags":[],"max_supply":null,"circulating_supply":135787438.700013,"total_supply":424999998.000013,"platform":{"id":1027,"name":"Ethereum","symbol":"ETH","slug":"ethereum","token_address":"0xb64ef51c888972c908cfacf59b47c1afbc0ab8ac"},"cmc_rank":179,"last_updated":"2020-04-26T17:58:08.000Z","quote":{"USD":{"price":0.10243811901,"volume_24h":66733593.8488831,"percent_change_1h":0.255705,"percent_change_24h":0.806491,"percent_change_7d":4.28267,"market_cap":13909809.805615012,"last_updated":"2020-04-26T17:58:08.000Z"}}},{"id":2456,"name":"OFCOIN","symbol":"OF","slug":"ofcoin","num_market_pairs":1,"date_added":"2018-01-24T00:00:00.000Z","tags":[],"max_supply":null,"circulating_supply":null,"total_supply":51200000000,"platform":null,"cmc_rank":2030,"last_updated":"2020-04-26T17:58:11.000Z","quote":{"USD":{"price":0.0000451288695146,"volume_24h":66382635.5403275,"percent_change_1h":-0.0479075,"percent_change_24h":-0.17293,"percent_change_7d":0.786847,"market_cap":null,"last_updated":"2020-04-26T17:58:11.000Z"}}},{"id":4064,"name":"USDK","symbol":"USDK","slug":"usdk","num_market_pairs":37,"date_added":"2019-07-29T00:00:00.000Z","tags":[],"max_supply":null,"circulating_supply":28600072,"total_supply":28600072,"platform":{"id":1027,"name":"Ethereum","symbol":"ETH","slug":"ethereum","token_address":"0x1c48f86ae57291f7686349f12601910bd8d470bb"},"cmc_rank":251,"last_updated":"2020-04-26T17:58:16.000Z","quote":{"USD":{"price":1.00297008406,"volume_24h":61965549.7281211,"percent_change_1h":0.0939432,"percent_change_24h":0.0348355,"percent_change_7d":-0.475631,"market_cap":28685016.61796205,"last_updated":"2020-04-26T17:58:16.000Z"}}},{"id":2307,"name":"Bibox Token","symbol":"BIX","slug":"bibox-token","num_market_pairs":27,"date_added":"2017-12-24T00:00:00.000Z","tags":[],"max_supply":null,"circulating_supply":97882450.27,"total_supply":251424733.27,"platform":{"id":1027,"name":"Ethereum","symbol":"ETH","slug":"ethereum","token_address":"0xb3104b4b9da82025e8b9f8fb28b3553ce2f67069"},"cmc_rank":338,"last_updated":"2020-04-26T17:58:10.000Z","quote":{"USD":{"price":0.0834362081386,"volume_24h":57915469.5074285,"percent_change_1h":-4.57287,"percent_change_24h":-0.331379,"percent_change_7d":4.0876,"market_cap":8166940.493843884,"last_updated":"2020-04-26T17:58:10.000Z"}}},{"id":4687,"name":"Binance USD","symbol":"BUSD","slug":"binance-usd","num_market_pairs":61,"date_added":"2019-09-20T00:00:00.000Z","tags":[],"max_supply":null,"circulating_supply":195255128.41,"total_supply":195255128.41,"platform":{"id":1027,"name":"Ethereum","symbol":"ETH","slug":"ethereum","token_address":"0x4Fabb145d64652a948d72533023f6E7A623C7C53"},"cmc_rank":37,"last_updated":"2020-04-26T17:58:17.000Z","quote":{"USD":{"price":1.0022725537,"volume_24h":55252876.5223451,"percent_change_1h":-0.0463111,"percent_change_24h":-0.0894248,"percent_change_7d":-0.524781,"market_cap":195698856.1745121,"last_updated":"2020-04-26T17:58:17.000Z"}}},{"id":1776,"name":"MCO","symbol":"MCO","slug":"crypto-com","num_market_pairs":61,"date_added":"2017-07-03T00:00:00.000Z","tags":[],"max_supply":null,"circulating_supply":15793831.0949625,"total_supply":31587682.3632061,"platform":{"id":1027,"name":"Ethereum","symbol":"ETH","slug":"ethereum","token_address":"0xb63b606ac810a52cca15e44bb630fd42d8d1d83d"},"cmc_rank":59,"last_updated":"2020-04-26T17:58:09.000Z","quote":{"USD":{"price":5.09122923936,"volume_24h":52445236.9830611,"percent_change_1h":0.520294,"percent_change_24h":0.0401175,"percent_change_7d":-1.58256,"market_cap":80410014.67218624,"last_updated":"2020-04-26T17:58:09.000Z"}}},{"id":2349,"name":"Mixin","symbol":"XIN","slug":"mixin","num_market_pairs":8,"date_added":"2018-01-09T00:00:00.000Z","tags":[],"max_supply":1000000,"circulating_supply":510516.736636976,"total_supply":1000000,"platform":{"id":1027,"name":"Ethereum","symbol":"ETH","slug":"ethereum","token_address":"0xa974c709cfb4566686553a20790685a47aceaa33"},"cmc_rank":217,"last_updated":"2020-04-26T17:58:10.000Z","quote":{"USD":{"price":165.533079162,"volume_24h":49975739.2394397,"percent_change_1h":0.467222,"percent_change_24h":-2.12743,"percent_change_7d":-3.14872,"market_cap":84507407.37925446,"last_updated":"2020-04-26T17:58:10.000Z"}}},{"id":2280,"name":"Filecoin [Futures]","symbol":"FIL","slug":"filecoin","num_market_pairs":4,"date_added":"2017-12-13T00:00:00.000Z","tags":["mineable"],"max_supply":null,"circulating_supply":null,"total_supply":null,"platform":null,"cmc_rank":2031,"last_updated":"2020-04-26T17:58:10.000Z","quote":{"USD":{"price":5.1439331338,"volume_24h":47263592.4587264,"percent_change_1h":-1.22618,"percent_change_24h":-0.57179,"percent_change_7d":0.94532,"market_cap":null,"last_updated":"2020-04-26T17:58:10.000Z"}}},{"id":3657,"name":"Lambda","symbol":"LAMB","slug":"lambda","num_market_pairs":41,"date_added":"2019-01-02T00:00:00.000Z","tags":[],"max_supply":10000000000,"circulating_supply":647977410.78715,"total_supply":6000000000,"platform":{"id":1027,"name":"Ethereum","symbol":"ETH","slug":"ethereum","token_address":"0x8971f9fd7196e5cee2c1032b50f656855af7dd26"},"cmc_rank":319,"last_updated":"2020-04-26T17:58:15.000Z","quote":{"USD":{"price":0.0141700216724,"volume_24h":45774889.3471997,"percent_change_1h":0.089257,"percent_change_24h":2.51052,"percent_change_7d":4.16903,"market_cap":9181853.954079553,"last_updated":"2020-04-26T17:58:15.000Z"}}},{"id":3437,"name":"ABBC Coin","symbol":"ABBC","slug":"abbc-coin","num_market_pairs":42,"date_added":"2018-10-12T00:00:00.000Z","tags":["mineable"],"max_supply":null,"circulating_supply":555416924.350722,"total_supply":1003278750.0109,"platform":null,"cmc_rank":71,"last_updated":"2020-04-26T17:58:15.000Z","quote":{"USD":{"price":0.116752957465,"volume_24h":44506554.8593531,"percent_change_1h":0.0267054,"percent_change_24h":1.52716,"percent_change_7d":2.00479,"market_cap":64846568.54406096,"last_updated":"2020-04-26T17:58:15.000Z"}}},{"id":4229,"name":"Yobit Token","symbol":"YO","slug":"yobit-token","num_market_pairs":11,"date_added":"2019-09-03T00:00:00.000Z","tags":[],"max_supply":null,"circulating_supply":null,"total_supply":17000,"platform":{"id":1027,"name":"Ethereum","symbol":"ETH","slug":"ethereum","token_address":"0xebf4ca5319f406602eeff68da16261f1216011b5"},"cmc_rank":2032,"last_updated":"2020-04-26T17:58:17.000Z","quote":{"USD":{"price":776.511244522,"volume_24h":43136194.2400242,"percent_change_1h":0.383802,"percent_change_24h":1.54134,"percent_change_7d":7.96591,"market_cap":null,"last_updated":"2020-04-26T17:58:17.000Z"}}},{"id":3306,"name":"Gemini Dollar","symbol":"GUSD","slug":"gemini-dollar","num_market_pairs":31,"date_added":"2018-10-05T00:00:00.000Z","tags":[],"max_supply":null,"circulating_supply":5884964.1,"total_supply":5884964.1,"platform":{"id":1027,"name":"Ethereum","symbol":"ETH","slug":"ethereum","token_address":"0x056Fd409E1d7A124BD7017459dFEa2F387b6d5Cd"},"cmc_rank":402,"last_updated":"2020-04-26T17:58:14.000Z","quote":{"USD":{"price":1.00232909484,"volume_24h":41639559.3129105,"percent_change_1h":-0.0516224,"percent_change_24h":-0.534401,"percent_change_7d":-0.226997,"market_cap":5898670.739518896,"last_updated":"2020-04-26T17:58:14.000Z"}}},{"id":1866,"name":"Bytom","symbol":"BTM","slug":"bytom","num_market_pairs":54,"date_added":"2017-08-08T00:00:00.000Z","tags":["mineable"],"max_supply":null,"circulating_supply":1002499275,"total_supply":1407000000,"platform":null,"cmc_rank":65,"last_updated":"2020-04-26T17:58:09.000Z","quote":{"USD":{"price":0.0713725990564,"volume_24h":41294957.931109,"percent_change_1h":0.862566,"percent_change_24h":16.5731,"percent_change_7d":21.5598,"market_cap":71550978.80890669,"last_updated":"2020-04-26T17:58:09.000Z"}}},{"id":2083,"name":"Bitcoin Gold","symbol":"BTG","slug":"bitcoin-gold","num_market_pairs":73,"date_added":"2017-10-23T00:00:00.000Z","tags":["mineable"],"max_supply":21000000,"circulating_supply":17513923.589,"total_supply":17513923.589,"platform":null,"cmc_rank":38,"last_updated":"2020-04-26T17:58:10.000Z","quote":{"USD":{"price":9.67205163424,"volume_24h":40938017.5934632,"percent_change_1h":0.0101282,"percent_change_24h":2.42871,"percent_change_7d":-1.44722,"market_cap":169395573.27094197,"last_updated":"2020-04-26T17:58:10.000Z"}}},{"id":1274,"name":"Waves","symbol":"WAVES","slug":"waves","num_market_pairs":145,"date_added":"2016-06-02T00:00:00.000Z","tags":[],"max_supply":null,"circulating_supply":101771656,"total_supply":101771656,"platform":null,"cmc_rank":53,"last_updated":"2020-04-26T17:58:08.000Z","quote":{"USD":{"price":1.02393962383,"volume_24h":40277785.1570901,"percent_change_1h":-0.476707,"percent_change_24h":-0.152582,"percent_change_7d":-0.509141,"market_cap":104208031.16119617,"last_updated":"2020-04-26T17:58:08.000Z"}}},{"id":2099,"name":"ICON","symbol":"ICX","slug":"icon","num_market_pairs":61,"date_added":"2017-10-27T00:00:00.000Z","tags":[],"max_supply":null,"circulating_supply":538422637.34949,"total_supply":800460000,"platform":null,"cmc_rank":40,"last_updated":"2020-04-26T17:58:10.000Z","quote":{"USD":{"price":0.293458998614,"volume_24h":40042443.5876697,"percent_change_1h":-0.156162,"percent_change_24h":5.5011,"percent_change_7d":21.3028,"market_cap":158004967.9876902,"last_updated":"2020-04-26T17:58:10.000Z"}}},{"id":3709,"name":"Grin","symbol":"GRIN","slug":"grin","num_market_pairs":60,"date_added":"2019-01-27T00:00:00.000Z","tags":["mineable"],"max_supply":null,"circulating_supply":40185900,"total_supply":40185900,"platform":null,"cmc_rank":143,"last_updated":"2020-04-26T17:58:15.000Z","quote":{"USD":{"price":0.518944378794,"volume_24h":39078160.3157772,"percent_change_1h":-0.162014,"percent_change_24h":3.63477,"percent_change_7d":5.11373,"market_cap":20854246.911777806,"last_updated":"2020-04-26T17:58:15.000Z"}}},{"id":3351,"name":"ZB Token","symbol":"ZB","slug":"zb-token","num_market_pairs":11,"date_added":"2018-09-27T00:00:00.000Z","tags":[],"max_supply":null,"circulating_supply":463288810,"total_supply":2100000000,"platform":{"id":1027,"name":"Ethereum","symbol":"ETH","slug":"ethereum","token_address":"0xbd0793332e9fb844a52a205a233ef27a5b34b927"},"cmc_rank":50,"last_updated":"2020-04-26T17:58:14.000Z","quote":{"USD":{"price":0.246369651275,"volume_24h":38673985.3037684,"percent_change_1h":0.280844,"percent_change_24h":0.0423806,"percent_change_7d":2.45731,"market_cap":114140302.55930972,"last_updated":"2020-04-26T17:58:14.000Z"}}},{"id":1104,"name":"Augur","symbol":"REP","slug":"augur","num_market_pairs":73,"date_added":"2015-10-27T00:00:00.000Z","tags":[],"max_supply":null,"circulating_supply":11000000,"total_supply":11000000,"platform":{"id":1027,"name":"Ethereum","symbol":"ETH","slug":"ethereum","token_address":"0x1985365e9f78359a9b6ad760e32412f4a445e862"},"cmc_rank":52,"last_updated":"2020-04-26T17:58:08.000Z","quote":{"USD":{"price":10.3741072877,"volume_24h":34554539.4069623,"percent_change_1h":-0.638313,"percent_change_24h":1.47583,"percent_change_7d":2.41152,"market_cap":114115180.16469999,"last_updated":"2020-04-26T17:58:08.000Z"}}},{"id":2577,"name":"Ravencoin","symbol":"RVN","slug":"ravencoin","num_market_pairs":50,"date_added":"2018-03-10T00:00:00.000Z","tags":["mineable"],"max_supply":21000000000,"circulating_supply":6027165000,"total_supply":6027165000,"platform":null,"cmc_rank":48,"last_updated":"2020-04-26T17:58:12.000Z","quote":{"USD":{"price":0.0203414980597,"volume_24h":33880154.1510629,"percent_change_1h":0.704051,"percent_change_24h":9.99051,"percent_change_7d":20.3202,"market_cap":122601565.15299176,"last_updated":"2020-04-26T17:58:12.000Z"}}},{"id":2405,"name":"IOST","symbol":"IOST","slug":"iostoken","num_market_pairs":85,"date_added":"2018-01-16T00:00:00.000Z","tags":[],"max_supply":null,"circulating_supply":12013965608.8475,"total_supply":21000000000,"platform":null,"cmc_rank":93,"last_updated":"2020-04-26T17:58:11.000Z","quote":{"USD":{"price":0.00355141319534,"volume_24h":33439839.719177,"percent_change_1h":-0.179872,"percent_change_24h":0.387869,"percent_change_7d":6.31885,"market_cap":42666555.99162197,"last_updated":"2020-04-26T17:58:11.000Z"}}},{"id":2457,"name":"TrueChain","symbol":"TRUE","slug":"truechain","num_market_pairs":16,"date_added":"2018-01-24T00:00:00.000Z","tags":[],"max_supply":null,"circulating_supply":79575542.96,"total_supply":100000000,"platform":null,"cmc_rank":138,"last_updated":"2020-04-26T17:58:11.000Z","quote":{"USD":{"price":0.266869910068,"volume_24h":33225278.9417599,"percent_change_1h":0.161652,"percent_change_24h":-0.999163,"percent_change_7d":-1.41798,"market_cap":21236317.993347466,"last_updated":"2020-04-26T17:58:11.000Z"}}},{"id":2130,"name":"Enjin Coin","symbol":"ENJ","slug":"enjin-coin","num_market_pairs":61,"date_added":"2017-11-01T00:00:00.000Z","tags":[],"max_supply":null,"circulating_supply":814772129.064264,"total_supply":1000000000,"platform":{"id":1027,"name":"Ethereum","symbol":"ETH","slug":"ethereum","token_address":"0xf629cbd94d3791c9250152bd8dfbdf380e2a3b9c"},"cmc_rank":51,"last_updated":"2020-04-26T17:58:10.000Z","quote":{"USD":{"price":0.140068450445,"volume_24h":32083423.2976429,"percent_change_1h":-0.718479,"percent_change_24h":-5.8578,"percent_change_7d":36.7181,"market_cap":114123869.58380501,"last_updated":"2020-04-26T17:58:10.000Z"}}},{"id":624,"name":"bitCNY","symbol":"BITCNY","slug":"bitcny","num_market_pairs":23,"date_added":"2014-09-23T00:00:00.000Z","tags":[],"max_supply":null,"circulating_supply":31249300,"total_supply":31249300,"platform":{"id":463,"name":"BitShares","symbol":"BTS","slug":"bitshares","token_address":"CNY"},"cmc_rank":484,"last_updated":"2020-04-26T17:58:07.000Z","quote":{"USD":{"price":0.140565676772,"volume_24h":31319377.1826393,"percent_change_1h":0.00105987,"percent_change_24h":-0.244028,"percent_change_7d":-0.378753,"market_cap":4392579.003151259,"last_updated":"2020-04-26T17:58:07.000Z"}}},{"id":109,"name":"DigiByte","symbol":"DGB","slug":"digibyte","num_market_pairs":77,"date_added":"2014-02-06T00:00:00.000Z","tags":["mineable"],"max_supply":21000000000,"circulating_supply":13074581918.4757,"total_supply":13074581918.4757,"platform":null,"cmc_rank":36,"last_updated":"2020-04-26T17:58:07.000Z","quote":{"USD":{"price":0.0149932342782,"volume_24h":29804425.4551084,"percent_change_1h":-2.70815,"percent_change_24h":0.295863,"percent_change_7d":91.9825,"market_cap":196030269.7932238,"last_updated":"2020-04-26T17:58:07.000Z"}}},{"id":1896,"name":"0x","symbol":"ZRX","slug":"0x","num_market_pairs":179,"date_added":"2017-08-16T00:00:00.000Z","tags":[],"max_supply":null,"circulating_supply":652285423.432216,"total_supply":1000000000,"platform":{"id":1027,"name":"Ethereum","symbol":"ETH","slug":"ethereum","token_address":"0xe41d2489571d322189246dafa5ebde1f4699f498"},"cmc_rank":47,"last_updated":"2020-04-26T17:58:10.000Z","quote":{"USD":{"price":0.19192729226,"volume_24h":28777590.1689396,"percent_change_1h":0.329373,"percent_change_24h":3.70483,"percent_change_7d":8.8605,"market_cap":125191375.10001278,"last_updated":"2020-04-26T17:58:10.000Z"}}},{"id":3890,"name":"Matic Network","symbol":"MATIC","slug":"matic-network","num_market_pairs":51,"date_added":"2019-04-28T00:00:00.000Z","tags":[],"max_supply":null,"circulating_supply":3433504398,"total_supply":10000000000,"platform":{"id":1027,"name":"Ethereum","symbol":"ETH","slug":"ethereum","token_address":"0x7D1AfA7B718fb893dB30A3aBc0Cfc608AaCfeBB0"},"cmc_rank":78,"last_updated":"2020-04-26T17:58:16.000Z","quote":{"USD":{"price":0.0157284299595,"volume_24h":23458141.9434696,"percent_change_1h":0.529692,"percent_change_24h":5.02642,"percent_change_7d":19.6556,"market_cap":54003633.439578205,"last_updated":"2020-04-26T17:58:16.000Z"}}},{"id":5217,"name":"3X Long Ethereum Token","symbol":"ETHBULL","slug":"3x-long-ethereum-token","num_market_pairs":7,"date_added":"2020-02-11T00:00:00.000Z","tags":[],"max_supply":null,"circulating_supply":null,"total_supply":2688.70054275,"platform":{"id":1027,"name":"Ethereum","symbol":"ETH","slug":"ethereum","token_address":"0x871baed4088b863fd6407159f3672d70cd34837d"},"cmc_rank":2033,"last_updated":"2020-04-26T17:58:18.000Z","quote":{"USD":{"price":205.955432241,"volume_24h":22728118.4723683,"percent_change_1h":0.136364,"percent_change_24h":1.36966,"percent_change_7d":20.0709,"market_cap":null,"last_updated":"2020-04-26T17:58:18.000Z"}}},{"id":2588,"name":"Loom Network","symbol":"LOOM","slug":"loom-network","num_market_pairs":65,"date_added":"2018-03-14T00:00:00.000Z","tags":[],"max_supply":null,"circulating_supply":970112813.827781,"total_supply":1000000000,"platform":{"id":1027,"name":"Ethereum","symbol":"ETH","slug":"ethereum","token_address":"0xa4e8c3ec456107ea67d3075bf9e3df3a75823db0"},"cmc_rank":169,"last_updated":"2020-04-26T17:58:12.000Z","quote":{"USD":{"price":0.0155343220409,"volume_24h":21734934.7536825,"percent_change_1h":0.112731,"percent_change_24h":3.39984,"percent_change_7d":6.64409,"market_cap":15070044.866004417,"last_updated":"2020-04-26T17:58:12.000Z"}}},{"id":3945,"name":"Harmony","symbol":"ONE","slug":"harmony","num_market_pairs":20,"date_added":"2019-06-01T00:00:00.000Z","tags":[],"max_supply":null,"circulating_supply":4596807869,"total_supply":12600000000,"platform":null,"cmc_rank":193,"last_updated":"2020-04-26T17:58:16.000Z","quote":{"USD":{"price":0.00265774486565,"volume_24h":21644284.9963563,"percent_change_1h":0.59959,"percent_change_24h":-1.74232,"percent_change_7d":12.8249,"market_cap":12217142.512214268,"last_updated":"2020-04-26T17:58:16.000Z"}}},{"id":5414,"name":"3x Long EOS Token","symbol":"EOSBULL","slug":"3x-long-eos-token","num_market_pairs":5,"date_added":"2020-04-06T00:00:00.000Z","tags":[],"max_supply":null,"circulating_supply":null,"total_supply":1057300.976,"platform":{"id":1027,"name":"Ethereum","symbol":"ETH","slug":"ethereum","token_address":"0xeaD7F3ae4e0Bb0D8785852Cc37CC9d0B5e75c06a"},"cmc_rank":2034,"last_updated":"2020-04-26T17:58:18.000Z","quote":{"USD":{"price":5.97676380958,"volume_24h":21355863.36684,"percent_change_1h":0.560946,"percent_change_24h":0.913241,"percent_change_7d":8.676,"market_cap":null,"last_updated":"2020-04-26T17:58:18.000Z"}}},{"id":2830,"name":"Seele","symbol":"SEELE","slug":"seele","num_market_pairs":18,"date_added":"2018-05-31T00:00:00.000Z","tags":[],"max_supply":null,"circulating_supply":699592066.289478,"total_supply":1000000000,"platform":{"id":1027,"name":"Ethereum","symbol":"ETH","slug":"ethereum","token_address":"0xb1eef147028e9f480dbc5ccaa3277d417d1b85f0"},"cmc_rank":73,"last_updated":"2020-04-26T17:58:13.000Z","quote":{"USD":{"price":0.0887471266086,"volume_24h":21152126.6446442,"percent_change_1h":1.23146,"percent_change_24h":4.34866,"percent_change_7d":15.5146,"market_cap":62086785.68136438,"last_updated":"2020-04-26T17:58:13.000Z"}}},{"id":2299,"name":"aelf","symbol":"ELF","slug":"aelf","num_market_pairs":79,"date_added":"2017-12-21T00:00:00.000Z","tags":[],"max_supply":1000000000,"circulating_supply":544480199.986466,"total_supply":879999999.986466,"platform":{"id":1027,"name":"Ethereum","symbol":"ETH","slug":"ethereum","token_address":"0xbf2179859fc6d5bee9bf9158632dc51678a4100e"},"cmc_rank":99,"last_updated":"2020-04-26T17:58:11.000Z","quote":{"USD":{"price":0.0680521331683,"volume_24h":21105458.2840144,"percent_change_1h":0.401766,"percent_change_24h":4.10072,"percent_change_7d":7.91403,"market_cap":37053039.076981604,"last_updated":"2020-04-26T17:58:11.000Z"}}},{"id":5429,"name":"DEAPcoin","symbol":"DEP","slug":"deapcoin","num_market_pairs":2,"date_added":"2020-04-10T00:00:00.000Z","tags":[],"max_supply":30000000000,"circulating_supply":null,"total_supply":30000000000,"platform":{"id":1027,"name":"Ethereum","symbol":"ETH","slug":"ethereum","token_address":"0x1a3496c18d558bd9c6c8f609e1b129f67ab08163"},"cmc_rank":2035,"last_updated":"2020-04-26T17:58:18.000Z","quote":{"USD":{"price":0.0052167225659,"volume_24h":20943762.9261593,"percent_change_1h":-0.0429719,"percent_change_24h":0.137043,"percent_change_7d":-3.21244,"market_cap":null,"last_updated":"2020-04-26T17:58:18.000Z"}}},{"id":1903,"name":"HyperCash","symbol":"HC","slug":"hypercash","num_market_pairs":32,"date_added":"2017-08-20T00:00:00.000Z","tags":["mineable"],"max_supply":84000000,"circulating_supply":44590125.073052,"total_supply":44590125.073052,"platform":null,"cmc_rank":86,"last_updated":"2020-04-26T17:58:09.000Z","quote":{"USD":{"price":1.09302805193,"volume_24h":19402554.4337076,"percent_change_1h":0.039621,"percent_change_24h":2.34321,"percent_change_7d":5.10015,"market_cap":48738257.543913074,"last_updated":"2020-04-26T17:58:09.000Z"}}},{"id":2341,"name":"SwftCoin","symbol":"SWFTC","slug":"swftcoin","num_market_pairs":13,"date_added":"2018-01-04T00:00:00.000Z","tags":[],"max_supply":null,"circulating_supply":4004999999,"total_supply":10000000000,"platform":{"id":1027,"name":"Ethereum","symbol":"ETH","slug":"ethereum","token_address":"0x0bb217e40f8a5cb79adf04e1aab60e5abd0dfc1e"},"cmc_rank":398,"last_updated":"2020-04-26T17:58:10.000Z","quote":{"USD":{"price":0.00149755034666,"volume_24h":19193002.062361,"percent_change_1h":0.263936,"percent_change_24h":-1.59783,"percent_change_7d":20.2202,"market_cap":5997689.13687575,"last_updated":"2020-04-26T17:58:10.000Z"}}},{"id":5198,"name":"Creditcoin","symbol":"CTC","slug":"creditcoin","num_market_pairs":3,"date_added":"2020-01-31T00:00:00.000Z","tags":[],"max_supply":null,"circulating_supply":null,"total_supply":600000000,"platform":null,"cmc_rank":2036,"last_updated":"2020-04-26T17:58:18.000Z","quote":{"USD":{"price":0.344772368242,"volume_24h":18847419.5812699,"percent_change_1h":0.0998068,"percent_change_24h":-6.55232,"percent_change_7d":-16.1662,"market_cap":null,"last_updated":"2020-04-26T17:58:18.000Z"}}},{"id":5117,"name":"Origin Protocol","symbol":"OGN","slug":"origin-protocol","num_market_pairs":15,"date_added":"2020-01-09T00:00:00.000Z","tags":[],"max_supply":null,"circulating_supply":33523273.02,"total_supply":1000000000,"platform":{"id":1027,"name":"Ethereum","symbol":"ETH","slug":"ethereum","token_address":"0x8207c1ffc5b6804f6024322ccf34f29c3541ae26"},"cmc_rank":344,"last_updated":"2020-04-26T17:58:18.000Z","quote":{"USD":{"price":0.236613042082,"volume_24h":18476901.4365332,"percent_change_1h":0.308657,"percent_change_24h":2.869,"percent_change_7d":2.36313,"market_cap":7932043.609807636,"last_updated":"2020-04-26T17:58:18.000Z"}}},{"id":5221,"name":"Handshake ","symbol":"HNS","slug":"handshake","num_market_pairs":10,"date_added":"2020-02-22T00:00:00.000Z","tags":[],"max_supply":null,"circulating_supply":268078892.322,"total_supply":2040000000,"platform":null,"cmc_rank":248,"last_updated":"2020-04-26T17:58:18.000Z","quote":{"USD":{"price":0.118292922045,"volume_24h":17576242.0829505,"percent_change_1h":-0.750479,"percent_change_24h":-2.69155,"percent_change_7d":-2.75141,"market_cap":31711835.511356294,"last_updated":"2020-04-26T17:58:18.000Z"}}},{"id":5085,"name":"Building Cities Beyond Blockchain","symbol":"BCB","slug":"building-cities-beyond-blockchain","num_market_pairs":3,"date_added":"2019-12-30T00:00:00.000Z","tags":[],"max_supply":66000000,"circulating_supply":null,"total_supply":66000000,"platform":null,"cmc_rank":2037,"last_updated":"2020-04-26T17:58:18.000Z","quote":{"USD":{"price":2.56141926434,"volume_24h":17147278.0582793,"percent_change_1h":-0.125027,"percent_change_24h":-1.40956,"percent_change_7d":-1.52557,"market_cap":null,"last_updated":"2020-04-26T17:58:18.000Z"}}},{"id":4779,"name":"HUSD","symbol":"HUSD","slug":"husd","num_market_pairs":18,"date_added":"2019-10-15T00:00:00.000Z","tags":[],"max_supply":null,"circulating_supply":null,"total_supply":87094416.0933887,"platform":{"id":1027,"name":"Ethereum","symbol":"ETH","slug":"ethereum","token_address":"0xdf574c24545e5ffecb9a659c229253d4111d87e1"},"cmc_rank":2038,"last_updated":"2020-04-26T17:58:17.000Z","quote":{"USD":{"price":1.00223793078,"volume_24h":16705975.4878359,"percent_change_1h":-0.0391337,"percent_change_24h":-0.174453,"percent_change_7d":-0.542365,"market_cap":null,"last_updated":"2020-04-26T17:58:17.000Z"}}},{"id":1230,"name":"Steem","symbol":"STEEM","slug":"steem","num_market_pairs":31,"date_added":"2016-04-18T00:00:00.000Z","tags":[],"max_supply":null,"circulating_supply":372609312.703,"total_supply":389583406.703,"platform":null,"cmc_rank":67,"last_updated":"2020-04-26T17:58:07.000Z","quote":{"USD":{"price":0.181495769274,"volume_24h":15832736.1941851,"percent_change_1h":2.29483,"percent_change_24h":11.3196,"percent_change_7d":18.4045,"market_cap":67627013.84768741,"last_updated":"2020-04-26T17:58:07.000Z"}}},{"id":1966,"name":"Decentraland","symbol":"MANA","slug":"decentraland","num_market_pairs":75,"date_added":"2017-09-17T00:00:00.000Z","tags":[],"max_supply":null,"circulating_supply":1370182155.67155,"total_supply":2197926765.03415,"platform":{"id":1027,"name":"Ethereum","symbol":"ETH","slug":"ethereum","token_address":"0x0f5d2fb29fb7d3cfee444a200298f468908cc942"},"cmc_rank":97,"last_updated":"2020-04-26T17:58:09.000Z","quote":{"USD":{"price":0.0294721957101,"volume_24h":15664297.1928477,"percent_change_1h":-0.21064,"percent_change_24h":-0.180853,"percent_change_7d":0.661171,"market_cap":40382276.65043863,"last_updated":"2020-04-26T17:58:09.000Z"}}},{"id":5295,"name":"3X Long BNB Token","symbol":"BNBBULL","slug":"3x-long-bnb-token","num_market_pairs":5,"date_added":"2020-03-11T00:00:00.000Z","tags":[],"max_supply":null,"circulating_supply":null,"total_supply":4975.41633724,"platform":{"id":1027,"name":"Ethereum","symbol":"ETH","slug":"ethereum","token_address":"0x9d1a62c2ad99019768b9126fda004a9952853f6e"},"cmc_rank":2039,"last_updated":"2020-04-26T17:58:18.000Z","quote":{"USD":{"price":114.934783609,"volume_24h":14644727.3431899,"percent_change_1h":0.817683,"percent_change_24h":0.400636,"percent_change_7d":0.45895,"market_cap":null,"last_updated":"2020-04-26T17:58:18.000Z"}}},{"id":4942,"name":"Digital Gold","symbol":"GOLD","slug":"digital-gold","num_market_pairs":3,"date_added":"2019-11-18T00:00:00.000Z","tags":[],"max_supply":null,"circulating_supply":11545.726,"total_supply":17190.601,"platform":{"id":1027,"name":"Ethereum","symbol":"ETH","slug":"ethereum","token_address":"0x0d16450d347c12c086d6c94c76c5aaac35ea07e0"},"cmc_rank":982,"last_updated":"2020-04-26T17:58:17.000Z","quote":{"USD":{"price":57.0957150968,"volume_24h":14292696.4500581,"percent_change_1h":1.51855,"percent_change_24h":3.35552,"percent_change_7d":3.61214,"market_cap":659211.4822817163,"last_updated":"2020-04-26T17:58:17.000Z"}}},{"id":4846,"name":"Kava","symbol":"KAVA","slug":"kava","num_market_pairs":15,"date_added":"2019-10-25T00:00:00.000Z","tags":[],"max_supply":null,"circulating_supply":35863036.721819,"total_supply":108652355.721819,"platform":{"id":1839,"name":"Binance Coin","symbol":"BNB","slug":"binance-coin","token_address":""},"cmc_rank":137,"last_updated":"2020-04-26T17:58:17.000Z","quote":{"USD":{"price":0.608402521953,"volume_24h":14170199.3901168,"percent_change_1h":0.0140544,"percent_change_24h":7.69247,"percent_change_7d":11.508,"market_cap":21819161.98644773,"last_updated":"2020-04-26T17:58:17.000Z"}}},{"id":4679,"name":"Band Protocol","symbol":"BAND","slug":"band-protocol","num_market_pairs":9,"date_added":"2019-09-18T00:00:00.000Z","tags":[],"max_supply":null,"circulating_supply":19894032.5175,"total_supply":100000000,"platform":{"id":1027,"name":"Ethereum","symbol":"ETH","slug":"ethereum","token_address":"0xba11d00c5f74255f56a5e366f4f77f5a186d7f55"},"cmc_rank":157,"last_updated":"2020-04-26T17:58:17.000Z","quote":{"USD":{"price":0.874390717412,"volume_24h":14150554.1030404,"percent_change_1h":-1.35275,"percent_change_24h":2.17879,"percent_change_7d":73.3069,"market_cap":17395157.36519448,"last_updated":"2020-04-26T17:58:17.000Z"}}},{"id":5477,"name":"ECOChain","symbol":"ECOC","slug":"ecochain","num_market_pairs":1,"date_added":"2020-04-20T00:00:00.000Z","tags":[],"max_supply":2000000000,"circulating_supply":null,"total_supply":223217150,"platform":null,"cmc_rank":2040,"last_updated":"2020-04-26T17:58:18.000Z","quote":{"USD":{"price":2.26674288662,"volume_24h":13875202.8781017,"percent_change_1h":0.0422675,"percent_change_24h":30.7941,"percent_change_7d":null,"market_cap":null,"last_updated":"2020-04-26T17:58:18.000Z"}}},{"id":4078,"name":"Super Zero","symbol":"SERO","slug":"super-zero","num_market_pairs":15,"date_added":"2019-07-19T00:00:00.000Z","tags":[],"max_supply":647367590,"circulating_supply":257624822,"total_supply":645117742,"platform":null,"cmc_rank":144,"last_updated":"2020-04-26T17:58:16.000Z","quote":{"USD":{"price":0.0809264210188,"volume_24h":13823735.0456139,"percent_change_1h":0.174393,"percent_change_24h":4.66856,"percent_change_7d":6.56271,"market_cap":20848654.810065407,"last_updated":"2020-04-26T17:58:16.000Z"}}},{"id":4899,"name":"Yap Stone","symbol":"YAP","slug":"yap-stone","num_market_pairs":14,"date_added":"2019-11-09T00:00:00.000Z","tags":[],"max_supply":null,"circulating_supply":150000000,"total_supply":1000000000,"platform":{"id":1027,"name":"Ethereum","symbol":"ETH","slug":"ethereum","token_address":""},"cmc_rank":113,"last_updated":"2020-04-26T17:58:17.000Z","quote":{"USD":{"price":0.208901043607,"volume_24h":13618206.787917,"percent_change_1h":2.12039,"percent_change_24h":-4.45966,"percent_change_7d":-0.300452,"market_cap":31335156.54105,"last_updated":"2020-04-26T17:58:17.000Z"}}},{"id":1759,"name":"Status","symbol":"SNT","slug":"status","num_market_pairs":84,"date_added":"2017-06-28T00:00:00.000Z","tags":[],"max_supply":null,"circulating_supply":3470483788,"total_supply":6804870174,"platform":{"id":1027,"name":"Ethereum","symbol":"ETH","slug":"ethereum","token_address":"0x744d70fdbe2ba4cf95131626614a1763df805b9e"},"cmc_rank":69,"last_updated":"2020-04-26T17:58:09.000Z","quote":{"USD":{"price":0.0189819680142,"volume_24h":13381870.7811937,"percent_change_1h":1.39336,"percent_change_24h":-0.0243868,"percent_change_7d":13.0903,"market_cap":65876612.257615656,"last_updated":"2020-04-26T17:58:09.000Z"}}},{"id":3217,"name":"Ontology Gas","symbol":"ONG","slug":"ontology-gas","num_market_pairs":53,"date_added":"2018-08-23T00:00:00.000Z","tags":[],"max_supply":null,"circulating_supply":null,"total_supply":1000000000,"platform":{"id":2566,"name":"Ontology","symbol":"ONT","slug":"ontology","token_address":""},"cmc_rank":2041,"last_updated":"2020-04-26T17:58:14.000Z","quote":{"USD":{"price":0.0921871327163,"volume_24h":13364823.6752797,"percent_change_1h":-0.11012,"percent_change_24h":2.78077,"percent_change_7d":7.12624,"market_cap":null,"last_updated":"2020-04-26T17:58:14.000Z"}}},{"id":1785,"name":"Gas","symbol":"GAS","slug":"gas","num_market_pairs":52,"date_added":"2017-07-06T00:00:00.000Z","tags":[],"max_supply":100000000,"circulating_supply":10128375.105773,"total_supply":17190378,"platform":{"id":1376,"name":"Neo","symbol":"NEO","slug":"neo","token_address":"602c79718b16e442de58778e148d0b1084e3b2dffd5de6b7b16cee7969282de7"},"cmc_rank":187,"last_updated":"2020-04-26T17:58:09.000Z","quote":{"USD":{"price":1.24872952497,"volume_24h":13195696.9455414,"percent_change_1h":-0.459843,"percent_change_24h":-1.95341,"percent_change_7d":8.81819,"market_cap":12647601.03454989,"last_updated":"2020-04-26T17:58:09.000Z"}}},{"id":3029,"name":"Zel","symbol":"ZEL","slug":"zel","num_market_pairs":16,"date_added":"2018-08-02T00:00:00.000Z","tags":["mineable"],"max_supply":210000000,"circulating_supply":100416950,"total_supply":100416950,"platform":null,"cmc_rank":580,"last_updated":"2020-04-26T17:58:13.000Z","quote":{"USD":{"price":0.0292916560477,"volume_24h":13162988.7698069,"percent_change_1h":0.432962,"percent_change_24h":0.528375,"percent_change_7d":2.56803,"market_cap":2941378.7607590887,"last_updated":"2020-04-26T17:58:13.000Z"}}},{"id":5161,"name":"WazirX","symbol":"WRX","slug":"wazirx","num_market_pairs":12,"date_added":"2020-02-06T00:00:00.000Z","tags":[],"max_supply":null,"circulating_supply":107404950.010102,"total_supply":1000000000,"platform":{"id":1839,"name":"Binance Coin","symbol":"BNB","slug":"binance-coin","token_address":"bnb19cvhgyrxmkw30hlqs9c5lp966drjzyylytl74z"},"cmc_rank":167,"last_updated":"2020-04-26T17:58:18.000Z","quote":{"USD":{"price":0.141855685673,"volume_24h":13017955.0268207,"percent_change_1h":-0.124792,"percent_change_24h":3.07335,"percent_change_7d":-0.642656,"market_cap":15236002.828357307,"last_updated":"2020-04-26T17:58:18.000Z"}}},{"id":2469,"name":"Zilliqa","symbol":"ZIL","slug":"zilliqa","num_market_pairs":108,"date_added":"2018-01-25T00:00:00.000Z","tags":["mineable"],"max_supply":21000000000,"circulating_supply":10080162331.1651,"total_supply":13371629484.1651,"platform":null,"cmc_rank":82,"last_updated":"2020-04-26T17:58:12.000Z","quote":{"USD":{"price":0.005082377142,"volume_24h":12991632.583175,"percent_change_1h":0.92401,"percent_change_24h":5.97627,"percent_change_7d":17.8079,"market_cap":51231186.61956294,"last_updated":"2020-04-26T17:58:12.000Z"}}},{"id":3966,"name":"BitcoinHD","symbol":"BHD","slug":"bitcoinhd","num_market_pairs":11,"date_added":"2019-05-27T00:00:00.000Z","tags":[],"max_supply":21000000,"circulating_supply":6083016.35,"total_supply":6339465,"platform":null,"cmc_rank":238,"last_updated":"2020-04-26T17:58:16.000Z","quote":{"USD":{"price":6.78843615056,"volume_24h":12931256.3456451,"percent_change_1h":1.14773,"percent_change_24h":5.67717,"percent_change_7d":13.331,"market_cap":41294168.09478754,"last_updated":"2020-04-26T17:58:16.000Z"}}},{"id":2570,"name":"TomoChain","symbol":"TOMO","slug":"tomochain","num_market_pairs":23,"date_added":"2018-03-08T00:00:00.000Z","tags":["mineable"],"max_supply":null,"circulating_supply":70475900,"total_supply":100000000,"platform":null,"cmc_rank":128,"last_updated":"2020-04-26T17:58:12.000Z","quote":{"USD":{"price":0.345623104525,"volume_24h":12624846.487546,"percent_change_1h":-0.234428,"percent_change_24h":-3.07281,"percent_change_7d":5.3391,"market_cap":24358099.35219345,"last_updated":"2020-04-26T17:58:12.000Z"}}},{"id":4041,"name":"MX Token","symbol":"MX","slug":"mx-token","num_market_pairs":8,"date_added":"2019-09-24T00:00:00.000Z","tags":[],"max_supply":null,"circulating_supply":193278361.2597,"total_supply":673963903.14,"platform":{"id":1027,"name":"Ethereum","symbol":"ETH","slug":"ethereum","token_address":"0x11eef04c884e24d9b7b4760e7476d06ddf797f36"},"cmc_rank":141,"last_updated":"2020-04-26T17:58:16.000Z","quote":{"USD":{"price":0.109219482571,"volume_24h":12547570.473916,"percent_change_1h":0.203998,"percent_change_24h":0.871498,"percent_change_7d":7.74068,"market_cap":21109762.608955245,"last_updated":"2020-04-26T17:58:16.000Z"}}},{"id":4273,"name":"Sessia","symbol":"KICKS","slug":"sessia","num_market_pairs":2,"date_added":"2019-08-21T00:00:00.000Z","tags":[],"max_supply":null,"circulating_supply":6145759.45571843,"total_supply":100000000,"platform":{"id":1027,"name":"Ethereum","symbol":"ETH","slug":"ethereum","token_address":"0xd91a6162f146ef85922d9a15ee6eb14a00344586"},"cmc_rank":990,"last_updated":"2020-04-26T17:58:17.000Z","quote":{"USD":{"price":0.105956866404,"volume_24h":12303783.4941662,"percent_change_1h":-0.00819481,"percent_change_24h":0.216743,"percent_change_7d":2.13085,"market_cap":651185.4136006774,"last_updated":"2020-04-26T17:58:17.000Z"}}},{"id":1414,"name":"Zcoin","symbol":"XZC","slug":"zcoin","num_market_pairs":56,"date_added":"2016-10-06T00:00:00.000Z","tags":["mineable"],"max_supply":21400000,"circulating_supply":9984443.32977796,"total_supply":21400000,"platform":null,"cmc_rank":96,"last_updated":"2020-04-26T17:58:08.000Z","quote":{"USD":{"price":4.06450157867,"volume_24h":12073599.5190696,"percent_change_1h":0.426773,"percent_change_24h":-2.10568,"percent_change_7d":0.374153,"market_cap":40581785.67602367,"last_updated":"2020-04-26T17:58:08.000Z"}}}]}