{"status":{"timestamp":"2020-04-24T10:44:44.995Z","error_code":0,"error_message":null,"elapsed":12,"credit_count":1,"notice":null},"data":[{"id":825,"name":"Tether","symbol":"USDT","slug":"tether","num_market_pairs":4681,"date_added":"2015-02-25T00:00:00.000Z","tags":[],"max_supply":null,"circulating_supply":6361032509,"total_supply":6998318752.17,"platform":{"id":1027,"name":"Ethereum","symbol":"ETH","slug":"ethereum","token_address":"31"},"cmc_rank":4,"last_updated":"2020-04-24T10:43:30.000Z","quote":{"USD":{"price":1.00152466906,"volume_24h":56997491240.5171,"percent_change_1h":0.371217,"percent_change_24h":-0.00983915,"percent_change_7d":-0.228068,"market_cap":6370730978.456126,"last_updated":"2020-04-24T10:43:30.000Z"}}},{"id":1,"name":"Bitcoin","symbol":"BTC","slug":"bitcoin","num_market_pairs":7953,"date_added":"2013-04-28T00:00:00.000Z","tags":["mineable"],"max_supply":21000000,"circulating_supply":18342750,"total_supply":18342750,"platform":null,"cmc_rank":1,"last_updated":"2020-04-24T10:43:48.000Z","quote":{"USD":{"price":7534.13505896,"volume_24h":43064139976.1432,"percent_change_1h":-0.357367,"percent_change_24h":6.20303,"percent_change_7d":6.21149,"market_cap":138196755852.73853,"last_updated":"2020-04-24T10:43:48.000Z"}}},{"id":1027,"name":"Ethereum","symbol":"ETH","slug":"ethereum","num_market_pairs":5185,"date_added":"2015-08-07T00:00:00.000Z","tags":["mineable"],"max_supply":null,"circulating_supply":110649669.5615,"total_supply":110649669.5615,"platform":null,"cmc_rank":2,"last_updated":"2020-04-24T10:43:31.000Z","quote":{"USD":{"price":188.143925025,"volume_24h":20631644067.2019,"percent_change_1h":-0.392932,"percent_change_24h":3.19619,"percent_change_7d":10.1785,"market_cap":20818063134.01988,"last_updated":"2020-04-24T10:43:31.000Z"}}},{"id":2,"name":"Litecoin","symbol":"LTC","slug":"litecoin","num_market_pairs":600,"date_added":"2013-04-28T00:00:00.000Z","tags":["mineable"],"max_supply":84000000,"circulating_supply":64580343.2265572,"total_supply":64580343.2265572,"platform":null,"cmc_rank":7,"last_updated":"2020-04-24T10:43:07.000Z","quote":{"USD":{"price":44.5013699131,"volume_24h":5183696144.7277,"percent_change_1h":-0.282533,"percent_change_24h":6.91239,"percent_change_7d":5.10898,"market_cap":2873913743.039984,"last_updated":"2020-04-24T10:43:07.000Z"}}},{"id":1831,"name":"Bitcoin Cash","symbol":"BCH","slug":"bitcoin-cash","num_market_pairs":473,"date_added":"2017-07-23T00:00:00.000Z","tags":["mineable"],"max_supply":21000000,"circulating_supply":18388806.25,"total_supply":18388806.25,"platform":null,"cmc_rank":5,"last_updated":"2020-04-24T10:43:10.000Z","quote":{"USD":{"price":239.146383197,"volume_24h":3982134241.6744,"percent_change_1h":-0.261226,"percent_change_24h":4.16356,"percent_change_7d":2.35355,"market_cap":4397616505.997889,"last_updated":"2020-04-24T10:43:10.000Z"}}},{"id":1765,"name":"EOS","symbol":"EOS","slug":"eos","num_market_pairs":378,"date_added":"2017-07-01T00:00:00.000Z","tags":[],"max_supply":null,"circulating_supply":922056746.4781,"total_supply":1018756758.4777,"platform":null,"cmc_rank":9,"last_updated":"2020-04-24T10:43:09.000Z","quote":{"USD":{"price":2.71597797817,"volume_24h":3669481033.69958,"percent_change_1h":-0.247218,"percent_change_24h":4.72831,"percent_change_7d":3.49609,"market_cap":2504285818.057598,"last_updated":"2020-04-24T10:43:09.000Z"}}},{"id":52,"name":"XRP","symbol":"XRP","slug":"xrp","num_market_pairs":546,"date_added":"2013-08-04T00:00:00.000Z","tags":[],"max_supply":100000000000,"circulating_supply":44089620959,"total_supply":99990980257,"platform":null,"cmc_rank":3,"last_updated":"2020-04-24T10:43:08.000Z","quote":{"USD":{"price":0.195331659096,"volume_24h":2302965960.7111,"percent_change_1h":-0.247622,"percent_change_24h":3.93987,"percent_change_7d":3.4537,"market_cap":8612098810.835245,"last_updated":"2020-04-24T10:43:08.000Z"}}},{"id":3602,"name":"Bitcoin SV","symbol":"BSV","slug":"bitcoin-sv","num_market_pairs":183,"date_added":"2018-11-09T00:00:00.000Z","tags":["mineable"],"max_supply":21000000,"circulating_supply":18387358.3319233,"total_supply":18387358.3319233,"platform":null,"cmc_rank":6,"last_updated":"2020-04-24T10:43:15.000Z","quote":{"USD":{"price":195.184744386,"volume_24h":2262482311.53916,"percent_change_1h":-0.178498,"percent_change_24h":2.61238,"percent_change_7d":0.334212,"market_cap":3588931835.9502363,"last_updated":"2020-04-24T10:43:15.000Z"}}},{"id":1321,"name":"Ethereum Classic","symbol":"ETC","slug":"ethereum-classic","num_market_pairs":246,"date_added":"2016-07-24T00:00:00.000Z","tags":["mineable"],"max_supply":210700000,"circulating_supply":116313299,"total_supply":116313299,"platform":null,"cmc_rank":21,"last_updated":"2020-04-24T10:43:07.000Z","quote":{"USD":{"price":5.62581740357,"volume_24h":1777633060.48776,"percent_change_1h":-0.554462,"percent_change_24h":4.90667,"percent_change_7d":4.00569,"market_cap":654357381.7808411,"last_updated":"2020-04-24T10:43:07.000Z"}}},{"id":1958,"name":"TRON","symbol":"TRX","slug":"tron","num_market_pairs":337,"date_added":"2017-09-13T00:00:00.000Z","tags":["mineable"],"max_supply":null,"circulating_supply":66682072191.4,"total_supply":99281283754.3,"platform":null,"cmc_rank":16,"last_updated":"2020-04-24T10:43:11.000Z","quote":{"USD":{"price":0.0141488398742,"volume_24h":1576673921.45644,"percent_change_1h":-0.203078,"percent_change_24h":9.38647,"percent_change_7d":9.67813,"market_cap":943473961.9159633,"last_updated":"2020-04-24T10:43:11.000Z"}}},{"id":512,"name":"Stellar","symbol":"XLM","slug":"stellar","num_market_pairs":296,"date_added":"2014-08-05T00:00:00.000Z","tags":[],"max_supply":null,"circulating_supply":20291399317.7525,"total_supply":50001803873.8717,"platform":null,"cmc_rank":12,"last_updated":"2020-04-24T10:43:08.000Z","quote":{"USD":{"price":0.0626837852951,"volume_24h":956862596.371755,"percent_change_1h":-0.698562,"percent_change_24h":5.2893,"percent_change_7d":28.0468,"market_cap":1271941718.1711364,"last_updated":"2020-04-24T10:43:08.000Z"}}},{"id":131,"name":"Dash","symbol":"DASH","slug":"dash","num_market_pairs":297,"date_added":"2014-02-14T00:00:00.000Z","tags":["mineable"],"max_supply":18900000,"circulating_supply":9455339.77677073,"total_supply":9455339.77677073,"platform":null,"cmc_rank":18,"last_updated":"2020-04-24T10:43:06.000Z","quote":{"USD":{"price":82.1748632693,"volume_24h":859352510.786013,"percent_change_1h":-0.0835646,"percent_change_24h":2.27457,"percent_change_7d":8.65709,"market_cap":776991253.3209083,"last_updated":"2020-04-24T10:43:06.000Z"}}},{"id":1437,"name":"Zcash","symbol":"ZEC","slug":"zcash","num_market_pairs":238,"date_added":"2016-10-29T00:00:00.000Z","tags":["mineable"],"max_supply":21000000,"circulating_supply":9008962.5,"total_supply":9008962.5,"platform":null,"cmc_rank":26,"last_updated":"2020-04-24T10:43:08.000Z","quote":{"USD":{"price":44.9428864646,"volume_24h":729681735.56037,"percent_change_1h":-0.306285,"percent_change_24h":0.744898,"percent_change_7d":16.4081,"market_cap":404888778.801339,"last_updated":"2020-04-24T10:43:08.000Z"}}},{"id":1376,"name":"Neo","symbol":"NEO","slug":"neo","num_market_pairs":238,"date_added":"2016-09-08T00:00:00.000Z","tags":[],"max_supply":100000000,"circulating_supply":70538831,"total_supply":100000000,"platform":null,"cmc_rank":22,"last_updated":"2020-04-24T10:43:08.000Z","quote":{"USD":{"price":8.13028831928,"volume_24h":607605132.804929,"percent_change_1h":-1.04395,"percent_change_24h":8.31413,"percent_change_7d":7.86911,"market_cap":573501033.7349659,"last_updated":"2020-04-24T10:43:08.000Z"}}},{"id":2563,"name":"TrueUSD","symbol":"TUSD","slug":"trueusd","num_market_pairs":156,"date_added":"2018-03-06T00:00:00.000Z","tags":[],"max_supply":null,"circulating_supply":131085532.58,"total_supply":131085532.58,"platform":{"id":1027,"name":"Ethereum","symbol":"ETH","slug":"ethereum","token_address":"0x0000000000085d4780B73119b644AE5ecd22b376"},"cmc_rank":44,"last_updated":"2020-04-24T10:43:12.000Z","quote":{"USD":{"price":1.0001496756,"volume_24h":594760405.627159,"percent_change_1h":0.371258,"percent_change_24h":0.0167849,"percent_change_7d":-0.222961,"market_cap":131105152.88574022,"last_updated":"2020-04-24T10:43:12.000Z"}}},{"id":3330,"name":"Paxos Standard","symbol":"PAX","slug":"paxos-standard","num_market_pairs":99,"date_added":"2018-09-27T00:00:00.000Z","tags":[],"max_supply":null,"circulating_supply":244951954.494264,"total_supply":249952064.83,"platform":{"id":1027,"name":"Ethereum","symbol":"ETH","slug":"ethereum","token_address":"0x8e870d67f660d95d5be530380d0ec0bd388289e1"},"cmc_rank":34,"last_updated":"2020-04-24T10:43:14.000Z","quote":{"USD":{"price":1.00019442382,"volume_24h":540939676.628909,"percent_change_1h":0.439126,"percent_change_24h":0.052521,"percent_change_7d":-0.21287,"market_cap":244999578.98897326,"last_updated":"2020-04-24T10:43:14.000Z"}}},{"id":3408,"name":"USD Coin","symbol":"USDC","slug":"usd-coin","num_market_pairs":219,"date_added":"2018-10-08T00:00:00.000Z","tags":[],"max_supply":null,"circulating_supply":731198383.121466,"total_supply":735986196.07,"platform":{"id":1027,"name":"Ethereum","symbol":"ETH","slug":"ethereum","token_address":"0xa0b86991c6218b36c1d19d4a2e9eb0ce3606eb48"},"cmc_rank":20,"last_updated":"2020-04-24T10:43:16.000Z","quote":{"USD":{"price":0.999598345015,"volume_24h":480065893.607649,"percent_change_1h":0.271136,"percent_change_24h":-0.05471,"percent_change_7d":-0.263126,"market_cap":730904693.6458614,"last_updated":"2020-04-24T10:43:16.000Z"}}},{"id":1975,"name":"Chainlink","symbol":"LINK","slug":"chainlink","num_market_pairs":170,"date_added":"2017-09-20T00:00:00.000Z","tags":[],"max_supply":null,"circulating_supply":350000000,"total_supply":1000000000,"platform":{"id":1027,"name":"Ethereum","symbol":"ETH","slug":"ethereum","token_address":"0x514910771af9ca656af840dff83e8264ecf986ca"},"cmc_rank":11,"last_updated":"2020-04-24T10:43:09.000Z","quote":{"USD":{"price":3.83451213624,"volume_24h":470859350.793065,"percent_change_1h":-0.431719,"percent_change_24h":4.89089,"percent_change_7d":10.9201,"market_cap":1342079247.684,"last_updated":"2020-04-24T10:43:09.000Z"}}},{"id":1839,"name":"Binance Coin","symbol":"BNB","slug":"binance-coin","num_market_pairs":311,"date_added":"2017-07-25T00:00:00.000Z","tags":[],"max_supply":187536713,"circulating_supply":155536713,"total_supply":187536713,"platform":null,"cmc_rank":8,"last_updated":"2020-04-24T10:43:09.000Z","quote":{"USD":{"price":16.1912399051,"volume_24h":442220791.60296,"percent_change_1h":-0.175328,"percent_change_24h":3.45279,"percent_change_7d":3.32124,"market_cap":2518332234.233686,"last_updated":"2020-04-24T10:43:09.000Z"}}},{"id":1684,"name":"Qtum","symbol":"QTUM","slug":"qtum","num_market_pairs":172,"date_added":"2017-05-24T00:00:00.000Z","tags":[],"max_supply":107822406,"circulating_supply":96607300.359,"total_supply":102357300,"platform":null,"cmc_rank":41,"last_updated":"2020-04-24T10:43:08.000Z","quote":{"USD":{"price":1.42991241832,"volume_24h":402622099.972891,"percent_change_1h":-0.0639171,"percent_change_24h":5.3312,"percent_change_7d":2.64359,"market_cap":138139978.4837043,"last_updated":"2020-04-24T10:43:08.000Z"}}},{"id":2319,"name":"QCash","symbol":"QC","slug":"qcash","num_market_pairs":91,"date_added":"2019-12-12T00:00:00.000Z","tags":[],"max_supply":10000000000,"circulating_supply":460000200,"total_supply":10000000000,"platform":{"id":1684,"name":"Qtum","symbol":"QTUM","slug":"qtum","token_address":"f2033ede578e17fa6231047265010445bca8cf1c"},"cmc_rank":219,"last_updated":"2020-04-24T10:43:10.000Z","quote":{"USD":{"price":0.140075307544,"volume_24h":402503717.69604,"percent_change_1h":0.38119,"percent_change_24h":0.606647,"percent_change_7d":0.176427,"market_cap":64434669.48530151,"last_updated":"2020-04-24T10:43:10.000Z"}}},{"id":2502,"name":"Huobi Token","symbol":"HT","slug":"huobi-token","num_market_pairs":136,"date_added":"2018-02-03T00:00:00.000Z","tags":[],"max_supply":null,"circulating_supply":222668092.971921,"total_supply":500000000,"platform":{"id":1027,"name":"Ethereum","symbol":"ETH","slug":"ethereum","token_address":"0x6f259637dcd74c767781e37bc6133cd6a68aa161"},"cmc_rank":17,"last_updated":"2020-04-24T10:43:11.000Z","quote":{"USD":{"price":3.96540750834,"volume_24h":354698578.744104,"percent_change_1h":-0.414004,"percent_change_24h":1.60882,"percent_change_7d":3.754,"market_cap":882969727.7386048,"last_updated":"2020-04-24T10:43:11.000Z"}}},{"id":2011,"name":"Tezos","symbol":"XTZ","slug":"tezos","num_market_pairs":89,"date_added":"2017-10-06T00:00:00.000Z","tags":[],"max_supply":null,"circulating_supply":708142181.195413,"total_supply":708142181.195413,"platform":null,"cmc_rank":10,"last_updated":"2020-04-24T10:43:09.000Z","quote":{"USD":{"price":2.69068502442,"volume_24h":352478190.079517,"percent_change_1h":-1.45865,"percent_change_24h":13.4935,"percent_change_7d":26.9605,"market_cap":1905387562.1026118,"last_updated":"2020-04-24T10:43:09.000Z"}}},{"id":3794,"name":"Cosmos","symbol":"ATOM","slug":"cosmos","num_market_pairs":122,"date_added":"2019-03-14T00:00:00.000Z","tags":[],"max_supply":null,"circulating_supply":190688439.2,"total_supply":237928230.821588,"platform":null,"cmc_rank":24,"last_updated":"2020-04-24T10:43:16.000Z","quote":{"USD":{"price":2.57835751352,"volume_24h":209188951.673172,"percent_change_1h":-1.34514,"percent_change_24h":9.34543,"percent_change_7d":8.00836,"market_cap":491662969.95272166,"last_updated":"2020-04-24T10:43:16.000Z"}}},{"id":74,"name":"Dogecoin","symbol":"DOGE","slug":"dogecoin","num_market_pairs":239,"date_added":"2013-12-15T00:00:00.000Z","tags":["mineable"],"max_supply":null,"circulating_supply":124274999488.863,"total_supply":124274999488.863,"platform":null,"cmc_rank":32,"last_updated":"2020-04-24T10:43:06.000Z","quote":{"USD":{"price":0.00208807909703,"volume_24h":202248657.970327,"percent_change_1h":0.0797575,"percent_change_24h":3.71288,"percent_change_7d":4.18814,"market_cap":259496028.71610877,"last_updated":"2020-04-24T10:43:06.000Z"}}},{"id":2010,"name":"Cardano","symbol":"ADA","slug":"cardano","num_market_pairs":131,"date_added":"2017-10-01T00:00:00.000Z","tags":["mineable"],"max_supply":45000000000,"circulating_supply":25927070538,"total_supply":31112483745,"platform":null,"cmc_rank":13,"last_updated":"2020-04-24T10:43:09.000Z","quote":{"USD":{"price":0.0433191101686,"volume_24h":201749934.009194,"percent_change_1h":-0.0902156,"percent_change_24h":15.2721,"percent_change_7d":25.5423,"market_cap":1123137624.9846854,"last_updated":"2020-04-24T10:43:09.000Z"}}},{"id":3897,"name":"OKB","symbol":"OKB","slug":"okb","num_market_pairs":50,"date_added":"2019-04-30T00:00:00.000Z","tags":[],"max_supply":null,"circulating_supply":60000000,"total_supply":300000000,"platform":{"id":1027,"name":"Ethereum","symbol":"ETH","slug":"ethereum","token_address":"0x75231f58b43240c9718dd58b4967c5114342a86c"},"cmc_rank":29,"last_updated":"2020-04-24T10:43:16.000Z","quote":{"USD":{"price":4.92557319988,"volume_24h":163739118.627853,"percent_change_1h":-0.336361,"percent_change_24h":3.22008,"percent_change_7d":5.15106,"market_cap":295534391.9928,"last_updated":"2020-04-24T10:43:16.000Z"}}},{"id":3077,"name":"VeChain","symbol":"VET","slug":"vechain","num_market_pairs":98,"date_added":"2017-08-22T00:00:00.000Z","tags":[],"max_supply":null,"circulating_supply":55454734800,"total_supply":86712634466,"platform":null,"cmc_rank":35,"last_updated":"2020-04-24T10:43:13.000Z","quote":{"USD":{"price":0.00406921228335,"volume_24h":146272933.491879,"percent_change_1h":0.138571,"percent_change_24h":5.48686,"percent_change_7d":6.53041,"market_cap":225657088.0180767,"last_updated":"2020-04-24T10:43:13.000Z"}}},{"id":4687,"name":"Binance USD","symbol":"BUSD","slug":"binance-usd","num_market_pairs":61,"date_added":"2019-09-20T00:00:00.000Z","tags":[],"max_supply":null,"circulating_supply":186565777.29,"total_supply":186565777.29,"platform":{"id":1027,"name":"Ethereum","symbol":"ETH","slug":"ethereum","token_address":"0x4Fabb145d64652a948d72533023f6E7A623C7C53"},"cmc_rank":36,"last_updated":"2020-04-24T10:43:17.000Z","quote":{"USD":{"price":1.00010455012,"volume_24h":126599516.3062,"percent_change_1h":0.412629,"percent_change_24h":0.0433534,"percent_change_7d":-0.234512,"market_cap":186585282.76440358,"last_updated":"2020-04-24T10:43:17.000Z"}}},{"id":328,"name":"Monero","symbol":"XMR","slug":"monero","num_market_pairs":146,"date_added":"2014-05-21T00:00:00.000Z","tags":["mineable"],"max_supply":null,"circulating_supply":17534982.3583415,"total_supply":17534982.3583415,"platform":null,"cmc_rank":14,"last_updated":"2020-04-24T10:43:06.000Z","quote":{"USD":{"price":61.9377565321,"volume_24h":124328085.837601,"percent_change_1h":1.23565,"percent_change_24h":8.61173,"percent_change_7d":9.3824,"market_cap":1086077468.1056247,"last_updated":"2020-04-24T10:43:06.000Z"}}},{"id":2566,"name":"Ontology","symbol":"ONT","slug":"ontology","num_market_pairs":119,"date_added":"2018-03-08T00:00:00.000Z","tags":[],"max_supply":null,"circulating_supply":656746573,"total_supply":1000000000,"platform":null,"cmc_rank":30,"last_updated":"2020-04-24T10:43:11.000Z","quote":{"USD":{"price":0.44367675774,"volume_24h":118812562.336778,"percent_change_1h":-1.07214,"percent_change_24h":7.02507,"percent_change_7d":8.69212,"market_cap":291383190.16549623,"last_updated":"2020-04-24T10:43:11.000Z"}}},{"id":1697,"name":"Basic Attention Token","symbol":"BAT","slug":"basic-attention-token","num_market_pairs":183,"date_added":"2017-06-01T00:00:00.000Z","tags":[],"max_supply":null,"circulating_supply":1457527137.0863,"total_supply":1500000000,"platform":{"id":1027,"name":"Ethereum","symbol":"ETH","slug":"ethereum","token_address":"0x0d8775f648430679a709e98d2b0cb6250d2887ef"},"cmc_rank":33,"last_updated":"2020-04-24T10:43:08.000Z","quote":{"USD":{"price":0.172972275237,"volume_24h":111277027.762019,"percent_change_1h":-0.737201,"percent_change_24h":5.03571,"percent_change_7d":3.56903,"market_cap":252111785.12148812,"last_updated":"2020-04-24T10:43:08.000Z"}}},{"id":1808,"name":"OmiseGO","symbol":"OMG","slug":"omisego","num_market_pairs":209,"date_added":"2017-07-14T00:00:00.000Z","tags":[],"max_supply":null,"circulating_supply":140245398.245133,"total_supply":140245398.245133,"platform":{"id":1027,"name":"Ethereum","symbol":"ETH","slug":"ethereum","token_address":"0xd26114cd6EE289AccF82350c8d8487fedB8A0C07"},"cmc_rank":57,"last_updated":"2020-04-24T10:43:09.000Z","quote":{"USD":{"price":0.613377987061,"volume_24h":99602121.1292943,"percent_change_1h":-0.727826,"percent_change_24h":5.24496,"percent_change_7d":8.14645,"market_cap":86023440.07016799,"last_updated":"2020-04-24T10:43:09.000Z"}}},{"id":2456,"name":"OFCOIN","symbol":"OF","slug":"ofcoin","num_market_pairs":1,"date_added":"2018-01-24T00:00:00.000Z","tags":[],"max_supply":null,"circulating_supply":null,"total_supply":51200000000,"platform":null,"cmc_rank":2031,"last_updated":"2020-04-24T10:43:10.000Z","quote":{"USD":{"price":0.0000380630227594,"volume_24h":95792628.4166491,"percent_change_1h":0.368556,"percent_change_24h":-15.3987,"percent_change_7d":-15.6501,"market_cap":null,"last_updated":"2020-04-24T10:43:10.000Z"}}},{"id":1168,"name":"Decred","symbol":"DCR","slug":"decred","num_market_pairs":50,"date_added":"2016-02-10T00:00:00.000Z","tags":["mineable"],"max_supply":21000000,"circulating_supply":11400307.3969846,"total_supply":11400307.3969846,"platform":null,"cmc_rank":39,"last_updated":"2020-04-24T10:43:06.000Z","quote":{"USD":{"price":12.4923619979,"volume_24h":91113482.6279267,"percent_change_1h":-0.395356,"percent_change_24h":2.76705,"percent_change_7d":0.658886,"market_cap":142416766.8904687,"last_updated":"2020-04-24T10:43:06.000Z"}}},{"id":4467,"name":"Nestree","symbol":"EGG","slug":"nestree","num_market_pairs":4,"date_added":"2019-09-09T00:00:00.000Z","tags":[],"max_supply":null,"circulating_supply":678068351.349625,"total_supply":2994901340,"platform":{"id":1027,"name":"Ethereum","symbol":"ETH","slug":"ethereum","token_address":"0x65ccd72c0813ce6f2703593b633202a0f3ca6a0c"},"cmc_rank":533,"last_updated":"2020-04-24T10:43:17.000Z","quote":{"USD":{"price":0.00498967856361,"volume_24h":89628357.0917446,"percent_change_1h":2.29917,"percent_change_24h":-24.1733,"percent_change_7d":-36.1535,"market_cap":3383343.1173915975,"last_updated":"2020-04-24T10:43:17.000Z"}}},{"id":4064,"name":"USDK","symbol":"USDK","slug":"usdk","num_market_pairs":37,"date_added":"2019-07-29T00:00:00.000Z","tags":[],"max_supply":null,"circulating_supply":28600072,"total_supply":28600072,"platform":{"id":1027,"name":"Ethereum","symbol":"ETH","slug":"ethereum","token_address":"0x1c48f86ae57291f7686349f12601910bd8d470bb"},"cmc_rank":249,"last_updated":"2020-04-24T10:43:16.000Z","quote":{"USD":{"price":1.00038232347,"volume_24h":85551216.0781349,"percent_change_1h":0.443812,"percent_change_24h":0.114637,"percent_change_7d":-0.217302,"market_cap":28611006.47876929,"last_updated":"2020-04-24T10:43:16.000Z"}}},{"id":5031,"name":"MimbleWimbleCoin","symbol":"MWC","slug":"mimblewimblecoin","num_market_pairs":7,"date_added":"2020-02-24T00:00:00.000Z","tags":[],"max_supply":20000000,"circulating_supply":8010407.8569404,"total_supply":10520050.8569404,"platform":null,"cmc_rank":209,"last_updated":"2020-04-24T10:43:17.000Z","quote":{"USD":{"price":16.7138139112,"volume_24h":79037187.613944,"percent_change_1h":0.369381,"percent_change_24h":9.91611,"percent_change_7d":6.5207,"market_cap":133884466.27371623,"last_updated":"2020-04-24T10:43:17.000Z"}}},{"id":3718,"name":"BitTorrent","symbol":"BTT","slug":"bittorrent","num_market_pairs":134,"date_added":"2019-01-31T00:00:00.000Z","tags":[],"max_supply":null,"circulating_supply":212116500000,"total_supply":990000000000,"platform":{"id":1958,"name":"TRON","symbol":"TRX","slug":"tron","token_address":"1002000"},"cmc_rank":80,"last_updated":"2020-04-24T10:43:16.000Z","quote":{"USD":{"price":0.000241994759267,"volume_24h":70468184.66717,"percent_change_1h":-1.29326,"percent_change_24h":7.59402,"percent_change_7d":5.82487,"market_cap":51331081.35405861,"last_updated":"2020-04-24T10:43:16.000Z"}}},{"id":3702,"name":"Beam","symbol":"BEAM","slug":"beam","num_market_pairs":32,"date_added":"2019-01-17T00:00:00.000Z","tags":["mineable"],"max_supply":262800000,"circulating_supply":60213720,"total_supply":60213720,"platform":null,"cmc_rank":157,"last_updated":"2020-04-24T10:43:15.000Z","quote":{"USD":{"price":0.27756083898,"volume_24h":67930447.5292042,"percent_change_1h":0.143593,"percent_change_24h":3.20589,"percent_change_7d":2.23165,"market_cap":16712970.641306806,"last_updated":"2020-04-24T10:43:15.000Z"}}},{"id":2307,"name":"Bibox Token","symbol":"BIX","slug":"bibox-token","num_market_pairs":27,"date_added":"2017-12-24T00:00:00.000Z","tags":[],"max_supply":null,"circulating_supply":97882450.27,"total_supply":251424733.27,"platform":{"id":1027,"name":"Ethereum","symbol":"ETH","slug":"ethereum","token_address":"0xb3104b4b9da82025e8b9f8fb28b3553ce2f67069"},"cmc_rank":330,"last_updated":"2020-04-24T10:43:09.000Z","quote":{"USD":{"price":0.0831294645431,"volume_24h":66658122.1955224,"percent_change_1h":-1.20512,"percent_change_24h":6.56485,"percent_change_7d":4.17507,"market_cap":8136915.679111714,"last_updated":"2020-04-24T10:43:09.000Z"}}},{"id":1772,"name":"Storj","symbol":"STORJ","slug":"storj","num_market_pairs":32,"date_added":"2017-07-02T00:00:00.000Z","tags":[],"max_supply":null,"circulating_supply":135787438.700013,"total_supply":424999998.000013,"platform":{"id":1027,"name":"Ethereum","symbol":"ETH","slug":"ethereum","token_address":"0xb64ef51c888972c908cfacf59b47c1afbc0ab8ac"},"cmc_rank":181,"last_updated":"2020-04-24T10:43:07.000Z","quote":{"USD":{"price":0.0971637408459,"volume_24h":57471128.3377434,"percent_change_1h":-0.455263,"percent_change_24h":3.73421,"percent_change_7d":2.90554,"market_cap":13193615.503976597,"last_updated":"2020-04-24T10:43:07.000Z"}}},{"id":2280,"name":"Filecoin [Futures]","symbol":"FIL","slug":"filecoin","num_market_pairs":4,"date_added":"2017-12-13T00:00:00.000Z","tags":["mineable"],"max_supply":null,"circulating_supply":null,"total_supply":null,"platform":null,"cmc_rank":2032,"last_updated":"2020-04-24T10:43:09.000Z","quote":{"USD":{"price":5.04130157505,"volume_24h":53994606.2172965,"percent_change_1h":-1.64127,"percent_change_24h":2.40889,"percent_change_7d":1.33528,"market_cap":null,"last_updated":"2020-04-24T10:43:09.000Z"}}},{"id":4030,"name":"Algorand","symbol":"ALGO","slug":"algorand","num_market_pairs":77,"date_added":"2019-06-20T00:00:00.000Z","tags":["mineable"],"max_supply":null,"circulating_supply":707586648.025706,"total_supply":3238858491.02571,"platform":null,"cmc_rank":40,"last_updated":"2020-04-24T10:43:16.000Z","quote":{"USD":{"price":0.199986201406,"volume_24h":53707090.1204885,"percent_change_1h":-0.862776,"percent_change_24h":8.73341,"percent_change_7d":6.71696,"market_cap":141507565.90426528,"last_updated":"2020-04-24T10:43:16.000Z"}}},{"id":3351,"name":"ZB Token","symbol":"ZB","slug":"zb-token","num_market_pairs":11,"date_added":"2018-09-27T00:00:00.000Z","tags":[],"max_supply":null,"circulating_supply":463288810,"total_supply":2100000000,"platform":{"id":1027,"name":"Ethereum","symbol":"ETH","slug":"ethereum","token_address":"0xbd0793332e9fb844a52a205a233ef27a5b34b927"},"cmc_rank":48,"last_updated":"2020-04-24T10:43:14.000Z","quote":{"USD":{"price":0.243389362916,"volume_24h":50179832.8375704,"percent_change_1h":0.146515,"percent_change_24h":3.27101,"percent_change_7d":2.22516,"market_cap":112759568.31201176,"last_updated":"2020-04-24T10:43:14.000Z"}}},{"id":2349,"name":"Mixin","symbol":"XIN","slug":"mixin","num_market_pairs":8,"date_added":"2018-01-09T00:00:00.000Z","tags":[],"max_supply":1000000,"circulating_supply":510414.610609626,"total_supply":1000000,"platform":{"id":1027,"name":"Ethereum","symbol":"ETH","slug":"ethereum","token_address":"0xa974c709cfb4566686553a20790685a47aceaa33"},"cmc_rank":215,"last_updated":"2020-04-24T10:43:09.000Z","quote":{"USD":{"price":163.999878653,"volume_24h":50089951.8378395,"percent_change_1h":-0.691456,"percent_change_24h":1.50686,"percent_change_7d":-1.19418,"market_cap":83707934.2026969,"last_updated":"2020-04-24T10:43:09.000Z"}}},{"id":624,"name":"bitCNY","symbol":"BITCNY","slug":"bitcny","num_market_pairs":23,"date_added":"2014-09-23T00:00:00.000Z","tags":[],"max_supply":null,"circulating_supply":31374500,"total_supply":31374500,"platform":{"id":463,"name":"BitShares","symbol":"BTS","slug":"bitshares","token_address":"CNY"},"cmc_rank":475,"last_updated":"2020-04-24T10:43:05.000Z","quote":{"USD":{"price":0.140680965445,"volume_24h":47393620.8318934,"percent_change_1h":0.460941,"percent_change_24h":0.469618,"percent_change_7d":0.100035,"market_cap":4413794.950354152,"last_updated":"2020-04-24T10:43:05.000Z"}}},{"id":4229,"name":"Yobit Token","symbol":"YO","slug":"yobit-token","num_market_pairs":11,"date_added":"2019-09-03T00:00:00.000Z","tags":[],"max_supply":null,"circulating_supply":null,"total_supply":17000,"platform":{"id":1027,"name":"Ethereum","symbol":"ETH","slug":"ethereum","token_address":"0xebf4ca5319f406602eeff68da16261f1216011b5"},"cmc_rank":2033,"last_updated":"2020-04-24T10:43:16.000Z","quote":{"USD":{"price":743.62432433,"volume_24h":47380790.4722263,"percent_change_1h":1.79137,"percent_change_24h":4.33686,"percent_change_7d":5.34001,"market_cap":null,"last_updated":"2020-04-24T10:43:16.000Z"}}},{"id":2083,"name":"Bitcoin Gold","symbol":"BTG","slug":"bitcoin-gold","num_market_pairs":73,"date_added":"2017-10-23T00:00:00.000Z","tags":["mineable"],"max_supply":21000000,"circulating_supply":17513923.589,"total_supply":17513923.589,"platform":null,"cmc_rank":38,"last_updated":"2020-04-24T10:43:09.000Z","quote":{"USD":{"price":9.41438811787,"volume_24h":46042155.945695,"percent_change_1h":0.576327,"percent_change_24h":3.84124,"percent_change_7d":-5.72179,"market_cap":164882874.13356474,"last_updated":"2020-04-24T10:43:09.000Z"}}},{"id":3437,"name":"ABBC Coin","symbol":"ABBC","slug":"abbc-coin","num_market_pairs":42,"date_added":"2018-10-12T00:00:00.000Z","tags":["mineable"],"max_supply":null,"circulating_supply":555416924.350722,"total_supply":1003278750.0109,"platform":null,"cmc_rank":69,"last_updated":"2020-04-24T10:43:15.000Z","quote":{"USD":{"price":0.115182080096,"volume_24h":45957368.9029779,"percent_change_1h":-0.105924,"percent_change_24h":6.8454,"percent_change_7d":2.80133,"market_cap":63974076.66723883,"last_updated":"2020-04-24T10:43:15.000Z"}}},{"id":1776,"name":"MCO","symbol":"MCO","slug":"crypto-com","num_market_pairs":61,"date_added":"2017-07-03T00:00:00.000Z","tags":[],"max_supply":null,"circulating_supply":15793831.0949625,"total_supply":31587682.3632061,"platform":{"id":1027,"name":"Ethereum","symbol":"ETH","slug":"ethereum","token_address":"0xb63b606ac810a52cca15e44bb630fd42d8d1d83d"},"cmc_rank":58,"last_updated":"2020-04-24T10:43:07.000Z","quote":{"USD":{"price":5.08472935146,"volume_24h":45502280.9395441,"percent_change_1h":-0.457637,"percent_change_24h":2.51683,"percent_change_7d":-2.07427,"market_cap":80307356.54055746,"last_updated":"2020-04-24T10:43:07.000Z"}}},{"id":3890,"name":"Matic Network","symbol":"MATIC","slug":"matic-network","num_market_pairs":51,"date_added":"2019-04-28T00:00:00.000Z","tags":[],"max_supply":null,"circulating_supply":2758503686,"total_supply":10000000000,"platform":{"id":1027,"name":"Ethereum","symbol":"ETH","slug":"ethereum","token_address":"0x7D1AfA7B718fb893dB30A3aBc0Cfc608AaCfeBB0"},"cmc_rank":91,"last_updated":"2020-04-24T10:43:16.000Z","quote":{"USD":{"price":0.0152987177113,"volume_24h":45254694.5242092,"percent_change_1h":-1.1502,"percent_change_24h":18.6959,"percent_change_7d":19.7519,"market_cap":42201569.19769453,"last_updated":"2020-04-24T10:43:16.000Z"}}},{"id":3306,"name":"Gemini Dollar","symbol":"GUSD","slug":"gemini-dollar","num_market_pairs":31,"date_added":"2018-10-05T00:00:00.000Z","tags":[],"max_supply":null,"circulating_supply":5770999.35,"total_supply":5770999.35,"platform":{"id":1027,"name":"Ethereum","symbol":"ETH","slug":"ethereum","token_address":"0x056Fd409E1d7A124BD7017459dFEa2F387b6d5Cd"},"cmc_rank":405,"last_updated":"2020-04-24T10:43:14.000Z","quote":{"USD":{"price":0.996871703784,"volume_24h":43517423.0015718,"percent_change_1h":-0.464363,"percent_change_24h":-0.0514616,"percent_change_7d":-0.400775,"market_cap":5752945.954570856,"last_updated":"2020-04-24T10:43:14.000Z"}}},{"id":3657,"name":"Lambda","symbol":"LAMB","slug":"lambda","num_market_pairs":41,"date_added":"2019-01-02T00:00:00.000Z","tags":[],"max_supply":10000000000,"circulating_supply":644348876.627519,"total_supply":6000000000,"platform":{"id":1027,"name":"Ethereum","symbol":"ETH","slug":"ethereum","token_address":"0x8971f9fd7196e5cee2c1032b50f656855af7dd26"},"cmc_rank":324,"last_updated":"2020-04-24T10:43:15.000Z","quote":{"USD":{"price":0.0129616197477,"volume_24h":42019846.2322664,"percent_change_1h":-0.467778,"percent_change_24h":2.18465,"percent_change_7d":1.82884,"market_cap":8351805.123703561,"last_updated":"2020-04-24T10:43:15.000Z"}}},{"id":3709,"name":"Grin","symbol":"GRIN","slug":"grin","num_market_pairs":60,"date_added":"2019-01-27T00:00:00.000Z","tags":["mineable"],"max_supply":null,"circulating_supply":39986940,"total_supply":39986940,"platform":null,"cmc_rank":144,"last_updated":"2020-04-24T10:43:15.000Z","quote":{"USD":{"price":0.49346762257,"volume_24h":40103493.0618394,"percent_change_1h":0.202905,"percent_change_24h":2.96234,"percent_change_7d":2.1506,"market_cap":19732260.215649236,"last_updated":"2020-04-24T10:43:15.000Z"}}},{"id":2099,"name":"ICON","symbol":"ICX","slug":"icon","num_market_pairs":61,"date_added":"2017-10-27T00:00:00.000Z","tags":[],"max_supply":null,"circulating_supply":537171660.906181,"total_supply":800460000,"platform":null,"cmc_rank":42,"last_updated":"2020-04-24T10:43:09.000Z","quote":{"USD":{"price":0.256980999349,"volume_24h":37164220.8432349,"percent_change_1h":-0.629119,"percent_change_24h":7.25263,"percent_change_7d":10.152,"market_cap":138042910.24163252,"last_updated":"2020-04-24T10:43:09.000Z"}}},{"id":2405,"name":"IOST","symbol":"IOST","slug":"iostoken","num_market_pairs":85,"date_added":"2018-01-16T00:00:00.000Z","tags":[],"max_supply":null,"circulating_supply":12013965608.8475,"total_supply":21000000000,"platform":null,"cmc_rank":94,"last_updated":"2020-04-24T10:43:10.000Z","quote":{"USD":{"price":0.00334051546385,"volume_24h":36412323.9277348,"percent_change_1h":-0.422767,"percent_change_24h":6.36649,"percent_change_7d":1.72612,"market_cap":40132837.898517154,"last_updated":"2020-04-24T10:43:10.000Z"}}},{"id":1982,"name":"Kyber Network","symbol":"KNC","slug":"kyber-network","num_market_pairs":64,"date_added":"2017-09-24T00:00:00.000Z","tags":[],"max_supply":null,"circulating_supply":180432602.911872,"total_supply":210939151.730736,"platform":{"id":1027,"name":"Ethereum","symbol":"ETH","slug":"ethereum","token_address":"0xdd974d5c2e2928dea5f71b9825b8b646686bd200"},"cmc_rank":55,"last_updated":"2020-04-24T10:43:08.000Z","quote":{"USD":{"price":0.490926779545,"volume_24h":35989345.0061374,"percent_change_1h":-0.23155,"percent_change_24h":4.37177,"percent_change_7d":2.40282,"market_cap":88579196.67244712,"last_updated":"2020-04-24T10:43:08.000Z"}}},{"id":1274,"name":"Waves","symbol":"WAVES","slug":"waves","num_market_pairs":143,"date_added":"2016-06-02T00:00:00.000Z","tags":[],"max_supply":null,"circulating_supply":101751262,"total_supply":101751262,"platform":null,"cmc_rank":51,"last_updated":"2020-04-24T10:43:07.000Z","quote":{"USD":{"price":1.01131777192,"volume_24h":35941393.1975584,"percent_change_1h":-0.420383,"percent_change_24h":2.75602,"percent_change_7d":0.576399,"market_cap":102902859.57588816,"last_updated":"2020-04-24T10:43:07.000Z"}}},{"id":4779,"name":"HUSD","symbol":"HUSD","slug":"husd","num_market_pairs":18,"date_added":"2019-10-15T00:00:00.000Z","tags":[],"max_supply":null,"circulating_supply":null,"total_supply":87094416.0933887,"platform":{"id":1027,"name":"Ethereum","symbol":"ETH","slug":"ethereum","token_address":"0xdf574c24545e5ffecb9a659c229253d4111d87e1"},"cmc_rank":2034,"last_updated":"2020-04-24T10:43:17.000Z","quote":{"USD":{"price":1.00103627882,"volume_24h":32967032.6712306,"percent_change_1h":0.404252,"percent_change_24h":0.076265,"percent_change_7d":-0.147469,"market_cap":null,"last_updated":"2020-04-24T10:43:17.000Z"}}},{"id":5085,"name":"Building Cities Beyond Blockchain","symbol":"BCB","slug":"building-cities-beyond-blockchain","num_market_pairs":3,"date_added":"2019-12-30T00:00:00.000Z","tags":[],"max_supply":66000000,"circulating_supply":null,"total_supply":66000000,"platform":null,"cmc_rank":2035,"last_updated":"2020-04-24T10:43:17.000Z","quote":{"USD":{"price":2.60146738432,"volume_24h":32733948.6903501,"percent_change_1h":1.25978,"percent_change_24h":2.37314,"percent_change_7d":1.4575,"market_cap":null,"last_updated":"2020-04-24T10:43:17.000Z"}}},{"id":5217,"name":"3X Long Ethereum Token","symbol":"ETHBULL","slug":"3x-long-ethereum-token","num_market_pairs":7,"date_added":"2020-02-11T00:00:00.000Z","tags":[],"max_supply":null,"circulating_supply":null,"total_supply":2688.70054275,"platform":{"id":1027,"name":"Ethereum","symbol":"ETH","slug":"ethereum","token_address":"0x871baed4088b863fd6407159f3672d70cd34837d"},"cmc_rank":2036,"last_updated":"2020-04-24T10:43:17.000Z","quote":{"USD":{"price":184.617977631,"volume_24h":32595732.0731278,"percent_change_1h":-2.05035,"percent_change_24h":9.80666,"percent_change_7d":27.1366,"market_cap":null,"last_updated":"2020-04-24T10:43:17.000Z"}}},{"id":2457,"name":"TrueChain","symbol":"TRUE","slug":"truechain","num_market_pairs":16,"date_added":"2018-01-24T00:00:00.000Z","tags":[],"max_supply":null,"circulating_supply":79575542.96,"total_supply":100000000,"platform":null,"cmc_rank":136,"last_updated":"2020-04-24T10:43:10.000Z","quote":{"USD":{"price":0.268190032067,"volume_24h":32472346.2253247,"percent_change_1h":-0.0820537,"percent_change_24h":3.07177,"percent_change_7d":1.66435,"market_cap":21341367.418191332,"last_updated":"2020-04-24T10:43:10.000Z"}}},{"id":5444,"name":"Cartesi","symbol":"CTSI","slug":"cartesi","num_market_pairs":4,"date_added":"2020-04-23T00:00:00.000Z","tags":[],"max_supply":null,"circulating_supply":null,"total_supply":1000000000,"platform":null,"cmc_rank":2037,"last_updated":"2020-04-24T10:43:18.000Z","quote":{"USD":{"price":0.0578582657613,"volume_24h":31677587.4673923,"percent_change_1h":0.493939,"percent_change_24h":-17.3096,"percent_change_7d":null,"market_cap":null,"last_updated":"2020-04-24T10:43:18.000Z"}}},{"id":1104,"name":"Augur","symbol":"REP","slug":"augur","num_market_pairs":73,"date_added":"2015-10-27T00:00:00.000Z","tags":[],"max_supply":null,"circulating_supply":11000000,"total_supply":11000000,"platform":{"id":1027,"name":"Ethereum","symbol":"ETH","slug":"ethereum","token_address":"0x1985365e9f78359a9b6ad760e32412f4a445e862"},"cmc_rank":49,"last_updated":"2020-04-24T10:43:06.000Z","quote":{"USD":{"price":10.2444615023,"volume_24h":30470519.8207648,"percent_change_1h":0.758009,"percent_change_24h":3.18202,"percent_change_7d":2.71832,"market_cap":112689076.5253,"last_updated":"2020-04-24T10:43:06.000Z"}}},{"id":1896,"name":"0x","symbol":"ZRX","slug":"0x","num_market_pairs":179,"date_added":"2017-08-16T00:00:00.000Z","tags":[],"max_supply":null,"circulating_supply":652134957.432216,"total_supply":1000000000,"platform":{"id":1027,"name":"Ethereum","symbol":"ETH","slug":"ethereum","token_address":"0xe41d2489571d322189246dafa5ebde1f4699f498"},"cmc_rank":47,"last_updated":"2020-04-24T10:43:08.000Z","quote":{"USD":{"price":0.179401165192,"volume_24h":26977687.1037035,"percent_change_1h":-0.43974,"percent_change_24h":4.97948,"percent_change_7d":4.24228,"market_cap":116993771.22577488,"last_updated":"2020-04-24T10:43:08.000Z"}}},{"id":109,"name":"DigiByte","symbol":"DGB","slug":"digibyte","num_market_pairs":77,"date_added":"2014-02-06T00:00:00.000Z","tags":["mineable"],"max_supply":21000000000,"circulating_supply":13066625266.8025,"total_supply":13066625266.8025,"platform":null,"cmc_rank":37,"last_updated":"2020-04-24T10:43:05.000Z","quote":{"USD":{"price":0.0127864964785,"volume_24h":21175362.9102249,"percent_change_1h":-1.83003,"percent_change_24h":43.656,"percent_change_7d":99.8581,"market_cap":167076357.95984927,"last_updated":"2020-04-24T10:43:05.000Z"}}},{"id":5198,"name":"Creditcoin","symbol":"CTC","slug":"creditcoin","num_market_pairs":3,"date_added":"2020-01-31T00:00:00.000Z","tags":[],"max_supply":null,"circulating_supply":null,"total_supply":600000000,"platform":null,"cmc_rank":2038,"last_updated":"2020-04-24T10:43:17.000Z","quote":{"USD":{"price":0.371001197105,"volume_24h":20901906.1887424,"percent_change_1h":-0.421868,"percent_change_24h":-0.509446,"percent_change_7d":-11.0148,"market_cap":null,"last_updated":"2020-04-24T10:43:17.000Z"}}},{"id":1759,"name":"Status","symbol":"SNT","slug":"status","num_market_pairs":84,"date_added":"2017-06-28T00:00:00.000Z","tags":[],"max_supply":null,"circulating_supply":3470483788,"total_supply":6804870174,"platform":{"id":1027,"name":"Ethereum","symbol":"ETH","slug":"ethereum","token_address":"0x744d70fdbe2ba4cf95131626614a1763df805b9e"},"cmc_rank":67,"last_updated":"2020-04-24T10:43:08.000Z","quote":{"USD":{"price":0.0194957678473,"volume_24h":20482207.1012129,"percent_change_1h":0.360943,"percent_change_24h":11.2749,"percent_change_7d":18.8425,"market_cap":67659746.24866632,"last_updated":"2020-04-24T10:43:08.000Z"}}},{"id":3945,"name":"Harmony","symbol":"ONE","slug":"harmony","num_market_pairs":20,"date_added":"2019-06-01T00:00:00.000Z","tags":[],"max_supply":null,"circulating_supply":4596807869,"total_supply":12600000000,"platform":null,"cmc_rank":187,"last_updated":"2020-04-24T10:43:16.000Z","quote":{"USD":{"price":0.00266970869875,"volume_24h":20302606.9313431,"percent_change_1h":2.00021,"percent_change_24h":5.85611,"percent_change_7d":18.9131,"market_cap":12272137.95435175,"last_updated":"2020-04-24T10:43:16.000Z"}}},{"id":2299,"name":"aelf","symbol":"ELF","slug":"aelf","num_market_pairs":79,"date_added":"2017-12-21T00:00:00.000Z","tags":[],"max_supply":1000000000,"circulating_supply":544480199.986466,"total_supply":879999999.986466,"platform":{"id":1027,"name":"Ethereum","symbol":"ETH","slug":"ethereum","token_address":"0xbf2179859fc6d5bee9bf9158632dc51678a4100e"},"cmc_rank":104,"last_updated":"2020-04-24T10:43:09.000Z","quote":{"USD":{"price":0.0623186770139,"volume_24h":19905199.5373363,"percent_change_1h":-0.113082,"percent_change_24h":2.61249,"percent_change_7d":-1.04412,"market_cap":33931285.723420255,"last_updated":"2020-04-24T10:43:09.000Z"}}},{"id":5414,"name":"3x Long EOS Token","symbol":"EOSBULL","slug":"3x-long-eos-token","num_market_pairs":5,"date_added":"2020-04-06T00:00:00.000Z","tags":[],"max_supply":null,"circulating_supply":null,"total_supply":1057300.976,"platform":{"id":1027,"name":"Ethereum","symbol":"ETH","slug":"ethereum","token_address":"0xeaD7F3ae4e0Bb0D8785852Cc37CC9d0B5e75c06a"},"cmc_rank":2039,"last_updated":"2020-04-24T10:43:18.000Z","quote":{"USD":{"price":5.98938702355,"volume_24h":19762710.1812984,"percent_change_1h":-1.84766,"percent_change_24h":13.2913,"percent_change_7d":8.45713,"market_cap":null,"last_updated":"2020-04-24T10:43:18.000Z"}}},{"id":4899,"name":"Yap Stone","symbol":"YAP","slug":"yap-stone","num_market_pairs":14,"date_added":"2019-11-09T00:00:00.000Z","tags":[],"max_supply":null,"circulating_supply":150000000,"total_supply":1000000000,"platform":{"id":1027,"name":"Ethereum","symbol":"ETH","slug":"ethereum","token_address":""},"cmc_rank":106,"last_updated":"2020-04-24T10:43:17.000Z","quote":{"USD":{"price":0.213561815977,"volume_24h":19361725.0560935,"percent_change_1h":-0.00693655,"percent_change_24h":7.02951,"percent_change_7d":3.38731,"market_cap":32034272.39655,"last_updated":"2020-04-24T10:43:17.000Z"}}},{"id":5295,"name":"3X Long BNB Token","symbol":"BNBBULL","slug":"3x-long-bnb-token","num_market_pairs":5,"date_added":"2020-03-11T00:00:00.000Z","tags":[],"max_supply":null,"circulating_supply":null,"total_supply":4975.41633724,"platform":{"id":1027,"name":"Ethereum","symbol":"ETH","slug":"ethereum","token_address":"0x9d1a62c2ad99019768b9126fda004a9952853f6e"},"cmc_rank":2040,"last_updated":"2020-04-24T10:43:18.000Z","quote":{"USD":{"price":113.305265344,"volume_24h":19299885.496545,"percent_change_1h":-1.48455,"percent_change_24h":9.7142,"percent_change_7d":11.1644,"market_cap":null,"last_updated":"2020-04-24T10:43:18.000Z"}}},{"id":2341,"name":"SwftCoin","symbol":"SWFTC","slug":"swftcoin","num_market_pairs":13,"date_added":"2018-01-04T00:00:00.000Z","tags":[],"max_supply":null,"circulating_supply":4004999999,"total_supply":10000000000,"platform":{"id":1027,"name":"Ethereum","symbol":"ETH","slug":"ethereum","token_address":"0x0bb217e40f8a5cb79adf04e1aab60e5abd0dfc1e"},"cmc_rank":423,"last_updated":"2020-04-24T10:43:09.000Z","quote":{"USD":{"price":0.0013787619054,"volume_24h":19177490.2804317,"percent_change_1h":-0.142655,"percent_change_24h":7.78238,"percent_change_7d":9.07274,"market_cap":5521941.429748238,"last_updated":"2020-04-24T10:43:09.000Z"}}},{"id":1925,"name":"Waltonchain","symbol":"WTC","slug":"waltonchain","num_market_pairs":41,"date_added":"2017-08-27T00:00:00.000Z","tags":[],"max_supply":100000000,"circulating_supply":69650283.0106683,"total_supply":70000000,"platform":{"id":1027,"name":"Ethereum","symbol":"ETH","slug":"ethereum","token_address":"0xb7cb1c96db6b22b0d3d9536e0108d062bd488f74"},"cmc_rank":137,"last_updated":"2020-04-24T10:43:08.000Z","quote":{"USD":{"price":0.301666331448,"volume_24h":18059831.8128234,"percent_change_1h":1.88127,"percent_change_24h":6.58905,"percent_change_7d":2.30083,"market_cap":21011145.360143263,"last_updated":"2020-04-24T10:43:08.000Z"}}},{"id":2830,"name":"Seele","symbol":"SEELE","slug":"seele","num_market_pairs":18,"date_added":"2018-05-31T00:00:00.000Z","tags":[],"max_supply":null,"circulating_supply":699592066.289478,"total_supply":1000000000,"platform":{"id":1027,"name":"Ethereum","symbol":"ETH","slug":"ethereum","token_address":"0xb1eef147028e9f480dbc5ccaa3277d417d1b85f0"},"cmc_rank":76,"last_updated":"2020-04-24T10:43:12.000Z","quote":{"USD":{"price":0.0786565427653,"volume_24h":17794975.7888401,"percent_change_1h":-0.886102,"percent_change_24h":4.74782,"percent_change_7d":7.04445,"market_cap":55027493.28036291,"last_updated":"2020-04-24T10:43:12.000Z"}}},{"id":5221,"name":"Handshake ","symbol":"HNS","slug":"handshake","num_market_pairs":10,"date_added":"2020-02-22T00:00:00.000Z","tags":[],"max_supply":null,"circulating_supply":268078892.322,"total_supply":2040000000,"platform":null,"cmc_rank":244,"last_updated":"2020-04-24T10:43:18.000Z","quote":{"USD":{"price":0.122670449429,"volume_24h":17714086.6886455,"percent_change_1h":-0.002974,"percent_change_24h":2.71117,"percent_change_7d":0.2215,"market_cap":32885358.20356824,"last_updated":"2020-04-24T10:43:18.000Z"}}},{"id":2588,"name":"Loom Network","symbol":"LOOM","slug":"loom-network","num_market_pairs":65,"date_added":"2018-03-14T00:00:00.000Z","tags":[],"max_supply":null,"circulating_supply":970041175.954257,"total_supply":1000000000,"platform":{"id":1027,"name":"Ethereum","symbol":"ETH","slug":"ethereum","token_address":"0xa4e8c3ec456107ea67d3075bf9e3df3a75823db0"},"cmc_rank":173,"last_updated":"2020-04-24T10:43:11.000Z","quote":{"USD":{"price":0.014447354506,"volume_24h":17527438.53362,"percent_change_1h":-0.683089,"percent_change_24h":2.37611,"percent_change_7d":0.349096,"market_cap":14014528.754428273,"last_updated":"2020-04-24T10:43:11.000Z"}}},{"id":4943,"name":"Multi-collateral DAI","symbol":"DAI","slug":"multi-collateral-dai","num_market_pairs":75,"date_added":"2019-11-22T00:00:00.000Z","tags":[],"max_supply":null,"circulating_supply":93207843.5220492,"total_supply":93624566.7341943,"platform":{"id":1027,"name":"Ethereum","symbol":"ETH","slug":"ethereum","token_address":"0x6b175474e89094c44da98b954eedeac495271d0f"},"cmc_rank":54,"last_updated":"2020-04-24T10:43:17.000Z","quote":{"USD":{"price":1.00924337447,"volume_24h":17408676.1892001,"percent_change_1h":-0.356024,"percent_change_24h":0.0887386,"percent_change_7d":-0.692933,"market_cap":94069398.52326468,"last_updated":"2020-04-24T10:43:17.000Z"}}},{"id":1966,"name":"Decentraland","symbol":"MANA","slug":"decentraland","num_market_pairs":75,"date_added":"2017-09-17T00:00:00.000Z","tags":[],"max_supply":null,"circulating_supply":1370186155.67155,"total_supply":2197930765.03415,"platform":{"id":1027,"name":"Ethereum","symbol":"ETH","slug":"ethereum","token_address":"0x0f5d2fb29fb7d3cfee444a200298f468908cc942"},"cmc_rank":95,"last_updated":"2020-04-24T10:43:08.000Z","quote":{"USD":{"price":0.0284410784947,"volume_24h":17311202.8582555,"percent_change_1h":-0.182338,"percent_change_24h":1.26338,"percent_change_7d":2.37097,"market_cap":38969572.00580579,"last_updated":"2020-04-24T10:43:08.000Z"}}},{"id":5429,"name":"DEAPcoin","symbol":"DEP","slug":"deapcoin","num_market_pairs":2,"date_added":"2020-04-10T00:00:00.000Z","tags":[],"max_supply":30000000000,"circulating_supply":null,"total_supply":30000000000,"platform":{"id":1027,"name":"Ethereum","symbol":"ETH","slug":"ethereum","token_address":"0x1a3496c18d558bd9c6c8f609e1b129f67ab08163"},"cmc_rank":2041,"last_updated":"2020-04-24T10:43:18.000Z","quote":{"USD":{"price":0.00522235423333,"volume_24h":17122721.475618,"percent_change_1h":0.455638,"percent_change_24h":-1.62208,"percent_change_7d":-7.29754,"market_cap":null,"last_updated":"2020-04-24T10:43:18.000Z"}}},{"id":1903,"name":"HyperCash","symbol":"HC","slug":"hypercash","num_market_pairs":32,"date_added":"2017-08-20T00:00:00.000Z","tags":["mineable"],"max_supply":84000000,"circulating_supply":44587516.161052,"total_supply":44587516.161052,"platform":null,"cmc_rank":84,"last_updated":"2020-04-24T10:43:08.000Z","quote":{"USD":{"price":1.04036736092,"volume_24h":16714816.0053664,"percent_change_1h":-0.380146,"percent_change_24h":3.65366,"percent_change_7d":0.390827,"market_cap":46387396.51845152,"last_updated":"2020-04-24T10:43:08.000Z"}}},{"id":4942,"name":"Digital Gold","symbol":"GOLD","slug":"digital-gold","num_market_pairs":3,"date_added":"2019-11-18T00:00:00.000Z","tags":[],"max_supply":null,"circulating_supply":11545.843,"total_supply":17190.718,"platform":{"id":1027,"name":"Ethereum","symbol":"ETH","slug":"ethereum","token_address":"0x0d16450d347c12c086d6c94c76c5aaac35ea07e0"},"cmc_rank":989,"last_updated":"2020-04-24T10:43:17.000Z","quote":{"USD":{"price":54.6281464653,"volume_24h":15933810.8600583,"percent_change_1h":2.20267,"percent_change_24h":3.69732,"percent_change_7d":-2.8383,"market_cap":630728.0024693587,"last_updated":"2020-04-24T10:43:17.000Z"}}},{"id":3029,"name":"Zel","symbol":"ZEL","slug":"zel","num_market_pairs":16,"date_added":"2018-08-02T00:00:00.000Z","tags":["mineable"],"max_supply":210000000,"circulating_supply":100167500,"total_supply":100167500,"platform":null,"cmc_rank":565,"last_updated":"2020-04-24T10:43:13.000Z","quote":{"USD":{"price":0.0310688425977,"volume_24h":15769154.1440932,"percent_change_1h":-0.717283,"percent_change_24h":4.98197,"percent_change_7d":5.9016,"market_cap":3112088.2909051147,"last_updated":"2020-04-24T10:43:13.000Z"}}},{"id":5117,"name":"Origin Protocol","symbol":"OGN","slug":"origin-protocol","num_market_pairs":15,"date_added":"2020-01-09T00:00:00.000Z","tags":[],"max_supply":null,"circulating_supply":33523273.02,"total_supply":1000000000,"platform":{"id":1027,"name":"Ethereum","symbol":"ETH","slug":"ethereum","token_address":"0x8207c1ffc5b6804f6024322ccf34f29c3541ae26"},"cmc_rank":336,"last_updated":"2020-04-24T10:43:17.000Z","quote":{"USD":{"price":0.227845588311,"volume_24h":15040320.5232306,"percent_change_1h":-0.836112,"percent_change_24h":2.62051,"percent_change_7d":2.46289,"market_cap":7638129.863352173,"last_updated":"2020-04-24T10:43:17.000Z"}}},{"id":1414,"name":"Zcoin","symbol":"XZC","slug":"zcoin","num_market_pairs":57,"date_added":"2016-10-06T00:00:00.000Z","tags":["mineable"],"max_supply":21400000,"circulating_supply":9967718.32977796,"total_supply":21400000,"platform":null,"cmc_rank":93,"last_updated":"2020-04-24T10:43:07.000Z","quote":{"USD":{"price":4.09309619492,"volume_24h":14841518.9876625,"percent_change_1h":-0.464308,"percent_change_24h":3.25414,"percent_change_7d":16.7525,"market_cap":40798829.967648506,"last_updated":"2020-04-24T10:43:07.000Z"}}},{"id":1720,"name":"IOTA","symbol":"MIOTA","slug":"iota","num_market_pairs":53,"date_added":"2017-06-13T00:00:00.000Z","tags":[],"max_supply":2779530283,"circulating_supply":2779530283,"total_supply":2779530283,"platform":null,"cmc_rank":25,"last_updated":"2020-04-24T10:43:07.000Z","quote":{"USD":{"price":0.165942849008,"volume_24h":14814166.4609224,"percent_change_1h":0.129863,"percent_change_24h":7.28055,"percent_change_7d":5.39499,"market_cap":461243174.0650325,"last_updated":"2020-04-24T10:43:07.000Z"}}},{"id":5216,"name":"3X Short Ethereum Token","symbol":"ETHBEAR","slug":"3x-short-ethereum-token","num_market_pairs":7,"date_added":"2020-02-11T00:00:00.000Z","tags":[],"max_supply":null,"circulating_supply":null,"total_supply":173633.2933466,"platform":{"id":1027,"name":"Ethereum","symbol":"ETH","slug":"ethereum","token_address":"0x2f5e2c9002c058c063d21a06b6cabb50950130c8"},"cmc_rank":2042,"last_updated":"2020-04-24T10:43:18.000Z","quote":{"USD":{"price":2.81686614377,"volume_24h":14126018.5049076,"percent_change_1h":2.48439,"percent_change_24h":-9.80491,"percent_change_7d":-33.3423,"market_cap":null,"last_updated":"2020-04-24T10:43:18.000Z"}}},{"id":2130,"name":"Enjin Coin","symbol":"ENJ","slug":"enjin-coin","num_market_pairs":61,"date_added":"2017-11-01T00:00:00.000Z","tags":[],"max_supply":null,"circulating_supply":814772129.064264,"total_supply":1000000000,"platform":{"id":1027,"name":"Ethereum","symbol":"ETH","slug":"ethereum","token_address":"0xf629cbd94d3791c9250152bd8dfbdf380e2a3b9c"},"cmc_rank":52,"last_updated":"2020-04-24T10:43:09.000Z","quote":{"USD":{"price":0.124727808724,"volume_24h":14018718.8422927,"percent_change_1h":-0.862909,"percent_change_24h":9.3576,"percent_change_7d":30.3679,"market_cap":101624742.26757376,"last_updated":"2020-04-24T10:43:09.000Z"}}},{"id":2570,"name":"TomoChain","symbol":"TOMO","slug":"tomochain","num_market_pairs":23,"date_added":"2018-03-08T00:00:00.000Z","tags":["mineable"],"max_supply":null,"circulating_supply":70451375,"total_supply":100000000,"platform":null,"cmc_rank":128,"last_updated":"2020-04-24T10:43:11.000Z","quote":{"USD":{"price":0.342860858808,"volume_24h":13979687.9622747,"percent_change_1h":0.074419,"percent_change_24h":7.34786,"percent_change_7d":-1.59359,"market_cap":24155018.93670446,"last_updated":"2020-04-24T10:43:11.000Z"}}},{"id":4273,"name":"Sessia","symbol":"KICKS","slug":"sessia","num_market_pairs":2,"date_added":"2019-08-21T00:00:00.000Z","tags":[],"max_supply":null,"circulating_supply":6145759.45571843,"total_supply":100000000,"platform":{"id":1027,"name":"Ethereum","symbol":"ETH","slug":"ethereum","token_address":"0xd91a6162f146ef85922d9a15ee6eb14a00344586"},"cmc_rank":980,"last_updated":"2020-04-24T10:43:16.000Z","quote":{"USD":{"price":0.105166599644,"volume_24h":13875199.0623821,"percent_change_1h":-0.923321,"percent_change_24h":3.75545,"percent_change_7d":0.429898,"market_cap":646328.6241878675,"last_updated":"2020-04-24T10:43:16.000Z"}}},{"id":4078,"name":"Super Zero","symbol":"SERO","slug":"super-zero","num_market_pairs":15,"date_added":"2019-07-19T00:00:00.000Z","tags":[],"max_supply":647367590,"circulating_supply":257416903,"total_supply":645185438,"platform":null,"cmc_rank":146,"last_updated":"2020-04-24T10:43:16.000Z","quote":{"USD":{"price":0.0763738371825,"volume_24h":13557083.081524,"percent_change_1h":-0.461864,"percent_change_24h":1.70257,"percent_change_7d":4.27019,"market_cap":19659916.637745395,"last_updated":"2020-04-24T10:43:16.000Z"}}},{"id":1866,"name":"Bytom","symbol":"BTM","slug":"bytom","num_market_pairs":54,"date_added":"2017-08-08T00:00:00.000Z","tags":["mineable"],"max_supply":null,"circulating_supply":1002499275,"total_supply":1407000000,"platform":null,"cmc_rank":73,"last_updated":"2020-04-24T10:43:08.000Z","quote":{"USD":{"price":0.0580969144258,"volume_24h":13299499.3281412,"percent_change_1h":-0.223789,"percent_change_24h":3.32923,"percent_change_7d":-0.112786,"market_cap":58242114.59160154,"last_updated":"2020-04-24T10:43:08.000Z"}}},{"id":873,"name":"NEM","symbol":"XEM","slug":"nem","num_market_pairs":92,"date_added":"2015-04-01T00:00:00.000Z","tags":[],"max_supply":null,"circulating_supply":8999999999,"total_supply":8999999999,"platform":null,"cmc_rank":27,"last_updated":"2020-04-24T10:43:06.000Z","quote":{"USD":{"price":0.038844745714,"volume_24h":12725339.6853132,"percent_change_1h":-0.444689,"percent_change_24h":6.38538,"percent_change_7d":3.91021,"market_cap":349602711.38715523,"last_updated":"2020-04-24T10:43:06.000Z"}}},{"id":3966,"name":"BitcoinHD","symbol":"BHD","slug":"bitcoinhd","num_market_pairs":11,"date_added":"2019-05-27T00:00:00.000Z","tags":[],"max_supply":21000000,"circulating_supply":6083016.35,"total_supply":6339465,"platform":null,"cmc_rank":238,"last_updated":"2020-04-24T10:43:16.000Z","quote":{"USD":{"price":6.45352224906,"volume_24h":12242684.6465099,"percent_change_1h":0.152493,"percent_change_24h":1.18267,"percent_change_7d":17.6042,"market_cap":39256881.35612075,"last_updated":"2020-04-24T10:43:16.000Z"}}},{"id":1785,"name":"Gas","symbol":"GAS","slug":"gas","num_market_pairs":52,"date_added":"2017-07-06T00:00:00.000Z","tags":[],"max_supply":100000000,"circulating_supply":10128375.105773,"total_supply":17190378,"platform":{"id":1376,"name":"Neo","symbol":"NEO","slug":"neo","token_address":"602c79718b16e442de58778e148d0b1084e3b2dffd5de6b7b16cee7969282de7"},"cmc_rank":193,"last_updated":"2020-04-24T10:43:07.000Z","quote":{"USD":{"price":1.15700749029,"volume_24h":11937193.3968759,"percent_change_1h":-0.124774,"percent_change_24h":4.14798,"percent_change_7d":3.92262,"market_cap":11718605.861846132,"last_updated":"2020-04-24T10:43:07.000Z"}}},{"id":5161,"name":"WazirX","symbol":"WRX","slug":"wazirx","num_market_pairs":12,"date_added":"2020-02-06T00:00:00.000Z","tags":[],"max_supply":null,"circulating_supply":107404950.010102,"total_supply":1000000000,"platform":{"id":1839,"name":"Binance Coin","symbol":"BNB","slug":"binance-coin","token_address":"bnb19cvhgyrxmkw30hlqs9c5lp966drjzyylytl74z"},"cmc_rank":167,"last_updated":"2020-04-24T10:43:17.000Z","quote":{"USD":{"price":0.136943396133,"volume_24h":11651875.8094004,"percent_change_1h":-0.36209,"percent_change_24h":4.33074,"percent_change_7d":1.00578,"market_cap":14708398.61587846,"last_updated":"2020-04-24T10:43:17.000Z"}}},{"id":2577,"name":"Ravencoin","symbol":"RVN","slug":"ravencoin","num_market_pairs":50,"date_added":"2018-03-10T00:00:00.000Z","tags":["mineable"],"max_supply":21000000000,"circulating_supply":6010570000,"total_supply":6010570000,"platform":null,"cmc_rank":50,"last_updated":"2020-04-24T10:43:11.000Z","quote":{"USD":{"price":0.0174863745862,"volume_24h":11522566.8492408,"percent_change_1h":-0.43253,"percent_change_24h":5.41375,"percent_change_7d":4.98818,"market_cap":105103078.49657615,"last_updated":"2020-04-24T10:43:11.000Z"}}},{"id":4846,"name":"Kava","symbol":"KAVA","slug":"kava","num_market_pairs":15,"date_added":"2019-10-25T00:00:00.000Z","tags":[],"max_supply":null,"circulating_supply":35830644.721819,"total_supply":108619963.721819,"platform":{"id":1839,"name":"Binance Coin","symbol":"BNB","slug":"binance-coin","token_address":""},"cmc_rank":149,"last_updated":"2020-04-24T10:43:17.000Z","quote":{"USD":{"price":0.535024384302,"volume_24h":11354618.7141342,"percent_change_1h":-0.196696,"percent_change_24h":1.61459,"percent_change_7d":1.58439,"market_cap":19170268.631434914,"last_updated":"2020-04-24T10:43:17.000Z"}}}]}