{"status":{"timestamp":"2020-04-26T12:00:03.947Z","error_code":0,"error_message":null,"elapsed":1988,"credit_count":1,"notice":null},"data":[{"id":825,"name":"Tether","symbol":"USDT","slug":"tether","num_market_pairs":4686,"date_added":"2015-02-25T00:00:00.000Z","tags":[],"max_supply":null,"circulating_supply":6361032509,"total_supply":6998318752.17,"platform":{"id":1027,"name":"Ethereum","symbol":"ETH","slug":"ethereum","token_address":"31"},"cmc_rank":4,"last_updated":"2020-04-26T11:58:30.000Z","quote":{"USD":{"price":0.999331709776,"volume_24h":42633028489.1406,"percent_change_1h":-0.0492424,"percent_change_24h":-0.570594,"percent_change_7d":-0.957413,"market_cap":6356781493.15969,"last_updated":"2020-04-26T11:58:30.000Z"}}},{"id":1,"name":"Bitcoin","symbol":"BTC","slug":"bitcoin","num_market_pairs":7956,"date_added":"2013-04-28T00:00:00.000Z","tags":["mineable"],"max_supply":21000000,"circulating_supply":18346250,"total_supply":18346250,"platform":null,"cmc_rank":1,"last_updated":"2020-04-26T11:58:50.000Z","quote":{"USD":{"price":7634.41130873,"volume_24h":31580710521.7246,"percent_change_1h":0.287031,"percent_change_24h":0.7004,"percent_change_7d":5.91015,"market_cap":140062818472.78778,"last_updated":"2020-04-26T11:58:50.000Z"}}},{"id":1027,"name":"Ethereum","symbol":"ETH","slug":"ethereum","num_market_pairs":5180,"date_added":"2015-08-07T00:00:00.000Z","tags":["mineable"],"max_supply":null,"circulating_supply":110677721.249,"total_supply":110677721.249,"platform":null,"cmc_rank":2,"last_updated":"2020-04-26T11:58:30.000Z","quote":{"USD":{"price":196.724200442,"volume_24h":16584498733.2962,"percent_change_1h":0.170554,"percent_change_24h":0.666361,"percent_change_7d":7.40199,"market_cap":21772986219.45208,"last_updated":"2020-04-26T11:58:30.000Z"}}},{"id":2,"name":"Litecoin","symbol":"LTC","slug":"litecoin","num_market_pairs":600,"date_added":"2013-04-28T00:00:00.000Z","tags":["mineable"],"max_supply":84000000,"circulating_supply":64594943.2265572,"total_supply":64594943.2265572,"platform":null,"cmc_rank":7,"last_updated":"2020-04-26T11:58:11.000Z","quote":{"USD":{"price":45.0157355254,"volume_24h":4625194083.5189,"percent_change_1h":0.380109,"percent_change_24h":-0.300637,"percent_change_7d":3.76809,"market_cap":2907788880.564927,"last_updated":"2020-04-26T11:58:11.000Z"}}},{"id":1831,"name":"Bitcoin Cash","symbol":"BCH","slug":"bitcoin-cash","num_market_pairs":473,"date_added":"2017-07-23T00:00:00.000Z","tags":["mineable"],"max_supply":21000000,"circulating_supply":18390718.75,"total_supply":18390718.75,"platform":null,"cmc_rank":5,"last_updated":"2020-04-26T11:58:09.000Z","quote":{"USD":{"price":242.671358894,"volume_24h":3144597563.14201,"percent_change_1h":0.43298,"percent_change_24h":0.329526,"percent_change_7d":1.48693,"market_cap":4462900710.099865,"last_updated":"2020-04-26T11:58:09.000Z"}}},{"id":1765,"name":"EOS","symbol":"EOS","slug":"eos","num_market_pairs":378,"date_added":"2017-07-01T00:00:00.000Z","tags":[],"max_supply":null,"circulating_supply":922114332.5808,"total_supply":1018814344.5804,"platform":null,"cmc_rank":9,"last_updated":"2020-04-26T11:58:08.000Z","quote":{"USD":{"price":2.72813235705,"volume_24h":3074211496.72516,"percent_change_1h":0.141917,"percent_change_24h":-0.106165,"percent_change_7d":2.07894,"market_cap":2515649947.6132455,"last_updated":"2020-04-26T11:58:08.000Z"}}},{"id":3602,"name":"Bitcoin SV","symbol":"BSV","slug":"bitcoin-sv","num_market_pairs":183,"date_added":"2018-11-09T00:00:00.000Z","tags":["mineable"],"max_supply":21000000,"circulating_supply":18389195.8319233,"total_supply":18389195.8319233,"platform":null,"cmc_rank":6,"last_updated":"2020-04-26T11:58:14.000Z","quote":{"USD":{"price":196.809639184,"volume_24h":1941371292.92973,"percent_change_1h":-0.0400964,"percent_change_24h":0.587402,"percent_change_7d":-1.72816,"market_cap":3619170996.564741,"last_updated":"2020-04-26T11:58:14.000Z"}}},{"id":1321,"name":"Ethereum Classic","symbol":"ETC","slug":"ethereum-classic","num_market_pairs":246,"date_added":"2016-07-24T00:00:00.000Z","tags":["mineable"],"max_supply":210700000,"circulating_supply":116313299,"total_supply":116313299,"platform":null,"cmc_rank":21,"last_updated":"2020-04-26T11:58:07.000Z","quote":{"USD":{"price":5.89082284296,"volume_24h":1836520698.31178,"percent_change_1h":0.360573,"percent_change_24h":3.19037,"percent_change_7d":5.82472,"market_cap":685181038.6892365,"last_updated":"2020-04-26T11:58:07.000Z"}}},{"id":52,"name":"XRP","symbol":"XRP","slug":"xrp","num_market_pairs":545,"date_added":"2013-08-04T00:00:00.000Z","tags":[],"max_supply":100000000000,"circulating_supply":44089620959,"total_supply":99990980257,"platform":null,"cmc_rank":3,"last_updated":"2020-04-26T11:58:09.000Z","quote":{"USD":{"price":0.195379573451,"volume_24h":1582234078.44234,"percent_change_1h":0.0925357,"percent_change_24h":-0.245533,"percent_change_7d":1.25685,"market_cap":8614211336.58569,"last_updated":"2020-04-26T11:58:09.000Z"}}},{"id":1958,"name":"TRON","symbol":"TRX","slug":"tron","num_market_pairs":337,"date_added":"2017-09-13T00:00:00.000Z","tags":["mineable"],"max_supply":null,"circulating_supply":66682072191.4,"total_supply":99281283754.3,"platform":null,"cmc_rank":16,"last_updated":"2020-04-26T11:58:09.000Z","quote":{"USD":{"price":0.0140858023144,"volume_24h":1357605634.22817,"percent_change_1h":0.158881,"percent_change_24h":0.112648,"percent_change_7d":6.63122,"market_cap":939270486.80261,"last_updated":"2020-04-26T11:58:09.000Z"}}},{"id":131,"name":"Dash","symbol":"DASH","slug":"dash","num_market_pairs":297,"date_added":"2014-02-14T00:00:00.000Z","tags":["mineable"],"max_supply":18900000,"circulating_supply":9458834.73205604,"total_supply":9458834.73205604,"platform":null,"cmc_rank":18,"last_updated":"2020-04-26T11:58:06.000Z","quote":{"USD":{"price":86.1226603299,"volume_24h":938107983.584173,"percent_change_1h":0.0937612,"percent_change_24h":3.66635,"percent_change_7d":7.14684,"market_cap":814620010.7455231,"last_updated":"2020-04-26T11:58:06.000Z"}}},{"id":1376,"name":"Neo","symbol":"NEO","slug":"neo","num_market_pairs":238,"date_added":"2016-09-08T00:00:00.000Z","tags":[],"max_supply":100000000,"circulating_supply":70538831,"total_supply":100000000,"platform":null,"cmc_rank":22,"last_updated":"2020-04-26T11:58:07.000Z","quote":{"USD":{"price":8.49934673838,"volume_24h":573749777.794211,"percent_change_1h":0.359884,"percent_change_24h":0.257796,"percent_change_7d":9.89459,"market_cap":599533983.188988,"last_updated":"2020-04-26T11:58:07.000Z"}}},{"id":512,"name":"Stellar","symbol":"XLM","slug":"stellar","num_market_pairs":296,"date_added":"2014-08-05T00:00:00.000Z","tags":[],"max_supply":null,"circulating_supply":20295869244.3042,"total_supply":50001803871.8717,"platform":null,"cmc_rank":12,"last_updated":"2020-04-26T11:58:07.000Z","quote":{"USD":{"price":0.0618709261301,"volume_24h":490219332.636812,"percent_change_1h":0.0432723,"percent_change_24h":-1.03059,"percent_change_7d":24.2718,"market_cap":1255724226.7605135,"last_updated":"2020-04-26T11:58:07.000Z"}}},{"id":3330,"name":"Paxos Standard","symbol":"PAX","slug":"paxos-standard","num_market_pairs":99,"date_added":"2018-09-27T00:00:00.000Z","tags":[],"max_supply":null,"circulating_supply":244951954.494264,"total_supply":249952064.83,"platform":{"id":1027,"name":"Ethereum","symbol":"ETH","slug":"ethereum","token_address":"0x8e870d67f660d95d5be530380d0ec0bd388289e1"},"cmc_rank":34,"last_updated":"2020-04-26T11:58:12.000Z","quote":{"USD":{"price":0.997290311354,"volume_24h":476099662.833398,"percent_change_1h":-0.0761446,"percent_change_24h":-0.625364,"percent_change_7d":-1.02639,"market_cap":244288210.9643554,"last_updated":"2020-04-26T11:58:12.000Z"}}},{"id":2563,"name":"TrueUSD","symbol":"TUSD","slug":"trueusd","num_market_pairs":155,"date_added":"2018-03-06T00:00:00.000Z","tags":[],"max_supply":null,"circulating_supply":131819274.05,"total_supply":131819274.05,"platform":{"id":1027,"name":"Ethereum","symbol":"ETH","slug":"ethereum","token_address":"0x0000000000085d4780B73119b644AE5ecd22b376"},"cmc_rank":44,"last_updated":"2020-04-26T11:58:10.000Z","quote":{"USD":{"price":0.997736018449,"volume_24h":429607479.981121,"percent_change_1h":-0.117289,"percent_change_24h":-0.624389,"percent_change_7d":-0.918639,"market_cap":131520837.64548458,"last_updated":"2020-04-26T11:58:10.000Z"}}},{"id":1839,"name":"Binance Coin","symbol":"BNB","slug":"binance-coin","num_market_pairs":305,"date_added":"2017-07-25T00:00:00.000Z","tags":[],"max_supply":187536713,"circulating_supply":155536713,"total_supply":187536713,"platform":null,"cmc_rank":8,"last_updated":"2020-04-26T11:58:09.000Z","quote":{"USD":{"price":16.3293977266,"volume_24h":372124110.241688,"percent_change_1h":0.434472,"percent_change_24h":0.300457,"percent_change_7d":0.0409681,"market_cap":2539820847.6650367,"last_updated":"2020-04-26T11:58:09.000Z"}}},{"id":3408,"name":"USD Coin","symbol":"USDC","slug":"usd-coin","num_market_pairs":219,"date_added":"2018-10-08T00:00:00.000Z","tags":[],"max_supply":null,"circulating_supply":751388095.758994,"total_supply":755391159.49,"platform":{"id":1027,"name":"Ethereum","symbol":"ETH","slug":"ethereum","token_address":"0xa0b86991c6218b36c1d19d4a2e9eb0ce3606eb48"},"cmc_rank":20,"last_updated":"2020-04-26T11:58:13.000Z","quote":{"USD":{"price":0.997690908446,"volume_24h":371150593.10982,"percent_change_1h":-0.163077,"percent_change_24h":-0.69385,"percent_change_7d":-0.8964,"market_cap":749653071.8533007,"last_updated":"2020-04-26T11:58:13.000Z"}}},{"id":1975,"name":"Chainlink","symbol":"LINK","slug":"chainlink","num_market_pairs":170,"date_added":"2017-09-20T00:00:00.000Z","tags":[],"max_supply":null,"circulating_supply":350000000,"total_supply":1000000000,"platform":{"id":1027,"name":"Ethereum","symbol":"ETH","slug":"ethereum","token_address":"0x514910771af9ca656af840dff83e8264ecf986ca"},"cmc_rank":11,"last_updated":"2020-04-26T11:58:09.000Z","quote":{"USD":{"price":3.78864669688,"volume_24h":369049608.462673,"percent_change_1h":0.710596,"percent_change_24h":-1.08077,"percent_change_7d":3.14167,"market_cap":1326026343.908,"last_updated":"2020-04-26T11:58:09.000Z"}}},{"id":1684,"name":"Qtum","symbol":"QTUM","slug":"qtum","num_market_pairs":172,"date_added":"2017-05-24T00:00:00.000Z","tags":[],"max_supply":107822406,"circulating_supply":96607300.359,"total_supply":102357300,"platform":null,"cmc_rank":41,"last_updated":"2020-04-26T11:58:08.000Z","quote":{"USD":{"price":1.52547689962,"volume_24h":355909025.113803,"percent_change_1h":1.76005,"percent_change_24h":1.87244,"percent_change_7d":7.71388,"market_cap":147372205.03230545,"last_updated":"2020-04-26T11:58:08.000Z"}}},{"id":1437,"name":"Zcash","symbol":"ZEC","slug":"zcash","num_market_pairs":238,"date_added":"2016-10-29T00:00:00.000Z","tags":["mineable"],"max_supply":21000000,"circulating_supply":9023806.25,"total_supply":9023806.25,"platform":null,"cmc_rank":26,"last_updated":"2020-04-26T11:58:07.000Z","quote":{"USD":{"price":44.891211923,"volume_24h":339201150.910412,"percent_change_1h":0.176971,"percent_change_24h":0.577485,"percent_change_7d":0.578387,"market_cap":405089598.72084194,"last_updated":"2020-04-26T11:58:07.000Z"}}},{"id":2011,"name":"Tezos","symbol":"XTZ","slug":"tezos","num_market_pairs":90,"date_added":"2017-10-06T00:00:00.000Z","tags":[],"max_supply":null,"circulating_supply":708369475.303005,"total_supply":708369475.303005,"platform":null,"cmc_rank":10,"last_updated":"2020-04-26T11:58:07.000Z","quote":{"USD":{"price":2.82673722407,"volume_24h":296477652.125098,"percent_change_1h":-0.189267,"percent_change_24h":3.08173,"percent_change_7d":22.8078,"market_cap":2002374364.2339387,"last_updated":"2020-04-26T11:58:07.000Z"}}},{"id":74,"name":"Dogecoin","symbol":"DOGE","slug":"dogecoin","num_market_pairs":239,"date_added":"2013-12-15T00:00:00.000Z","tags":["mineable"],"max_supply":null,"circulating_supply":124302538913.54,"total_supply":124302538913.54,"platform":null,"cmc_rank":31,"last_updated":"2020-04-26T11:58:06.000Z","quote":{"USD":{"price":0.00226338052534,"volume_24h":255289308.710366,"percent_change_1h":1.12941,"percent_change_24h":7.37578,"percent_change_7d":10.5135,"market_cap":281343945.82722396,"last_updated":"2020-04-26T11:58:06.000Z"}}},{"id":2319,"name":"QCash","symbol":"QC","slug":"qcash","num_market_pairs":91,"date_added":"2019-12-12T00:00:00.000Z","tags":[],"max_supply":10000000000,"circulating_supply":460000200,"total_supply":10000000000,"platform":{"id":1684,"name":"Qtum","symbol":"QTUM","slug":"qtum","token_address":"f2033ede578e17fa6231047265010445bca8cf1c"},"cmc_rank":222,"last_updated":"2020-04-26T11:58:08.000Z","quote":{"USD":{"price":0.139723500118,"volume_24h":233524239.361001,"percent_change_1h":-0.0917076,"percent_change_24h":-0.684439,"percent_change_7d":-0.7132,"market_cap":64272837.99898002,"last_updated":"2020-04-26T11:58:08.000Z"}}},{"id":3794,"name":"Cosmos","symbol":"ATOM","slug":"cosmos","num_market_pairs":121,"date_added":"2019-03-14T00:00:00.000Z","tags":[],"max_supply":null,"circulating_supply":190688439.2,"total_supply":237928230.821588,"platform":null,"cmc_rank":24,"last_updated":"2020-04-26T11:58:14.000Z","quote":{"USD":{"price":2.83241514281,"volume_24h":218763679.839832,"percent_change_1h":0.159832,"percent_change_24h":-0.943399,"percent_change_7d":14.4049,"market_cap":540108822.748884,"last_updated":"2020-04-26T11:58:14.000Z"}}},{"id":3077,"name":"VeChain","symbol":"VET","slug":"vechain","num_market_pairs":98,"date_added":"2017-08-22T00:00:00.000Z","tags":[],"max_supply":null,"circulating_supply":55454734800,"total_supply":86712634466,"platform":null,"cmc_rank":35,"last_updated":"2020-04-26T11:58:12.000Z","quote":{"USD":{"price":0.00424044045696,"volume_24h":152922071.531199,"percent_change_1h":0.0239402,"percent_change_24h":1.01112,"percent_change_7d":7.6675,"market_cap":235152500.97590762,"last_updated":"2020-04-26T11:58:12.000Z"}}},{"id":3897,"name":"OKB","symbol":"OKB","slug":"okb","num_market_pairs":50,"date_added":"2019-04-30T00:00:00.000Z","tags":[],"max_supply":null,"circulating_supply":60000000,"total_supply":300000000,"platform":{"id":1027,"name":"Ethereum","symbol":"ETH","slug":"ethereum","token_address":"0x75231f58b43240c9718dd58b4967c5114342a86c"},"cmc_rank":30,"last_updated":"2020-04-26T11:58:13.000Z","quote":{"USD":{"price":4.9041034367,"volume_24h":135882390.652168,"percent_change_1h":0.184592,"percent_change_24h":-0.384419,"percent_change_7d":2.1925,"market_cap":294246206.20199996,"last_updated":"2020-04-26T11:58:13.000Z"}}},{"id":2566,"name":"Ontology","symbol":"ONT","slug":"ontology","num_market_pairs":119,"date_added":"2018-03-08T00:00:00.000Z","tags":[],"max_supply":null,"circulating_supply":656746573,"total_supply":1000000000,"platform":null,"cmc_rank":29,"last_updated":"2020-04-26T11:58:10.000Z","quote":{"USD":{"price":0.482813439324,"volume_24h":129494699.850298,"percent_change_1h":2.24351,"percent_change_24h":2.09712,"percent_change_7d":15.5356,"market_cap":317086071.6743804,"last_updated":"2020-04-26T11:58:10.000Z"}}},{"id":2502,"name":"Huobi Token","symbol":"HT","slug":"huobi-token","num_market_pairs":136,"date_added":"2018-02-03T00:00:00.000Z","tags":[],"max_supply":null,"circulating_supply":222668092.971921,"total_supply":500000000,"platform":{"id":1027,"name":"Ethereum","symbol":"ETH","slug":"ethereum","token_address":"0x6f259637dcd74c767781e37bc6133cd6a68aa161"},"cmc_rank":17,"last_updated":"2020-04-26T11:58:09.000Z","quote":{"USD":{"price":3.97717619397,"volume_24h":100902150.203522,"percent_change_1h":0.227545,"percent_change_24h":-0.169319,"percent_change_7d":1.63065,"market_cap":885590238.5246229,"last_updated":"2020-04-26T11:58:09.000Z"}}},{"id":328,"name":"Monero","symbol":"XMR","slug":"monero","num_market_pairs":146,"date_added":"2014-05-21T00:00:00.000Z","tags":["mineable"],"max_supply":null,"circulating_supply":17537491.8221953,"total_supply":17537491.8221953,"platform":null,"cmc_rank":14,"last_updated":"2020-04-26T11:58:06.000Z","quote":{"USD":{"price":61.6257254784,"volume_24h":99618421.1285684,"percent_change_1h":0.0849387,"percent_change_24h":0.408943,"percent_change_7d":6.5532,"market_cap":1080760656.6142924,"last_updated":"2020-04-26T11:58:06.000Z"}}},{"id":1697,"name":"Basic Attention Token","symbol":"BAT","slug":"basic-attention-token","num_market_pairs":183,"date_added":"2017-06-01T00:00:00.000Z","tags":[],"max_supply":null,"circulating_supply":1457527137.0863,"total_supply":1500000000,"platform":{"id":1027,"name":"Ethereum","symbol":"ETH","slug":"ethereum","token_address":"0x0d8775f648430679a709e98d2b0cb6250d2887ef"},"cmc_rank":32,"last_updated":"2020-04-26T11:58:08.000Z","quote":{"USD":{"price":0.187577347506,"volume_24h":95600992.4319564,"percent_change_1h":1.10442,"percent_change_24h":0.95891,"percent_change_7d":10.6023,"market_cap":273399074.29266214,"last_updated":"2020-04-26T11:58:08.000Z"}}},{"id":1168,"name":"Decred","symbol":"DCR","slug":"decred","num_market_pairs":49,"date_added":"2016-02-10T00:00:00.000Z","tags":["mineable"],"max_supply":21000000,"circulating_supply":11409203.9478886,"total_supply":11409203.9478886,"platform":null,"cmc_rank":42,"last_updated":"2020-04-26T11:58:05.000Z","quote":{"USD":{"price":12.7545690566,"volume_24h":92478084.1198931,"percent_change_1h":0.240827,"percent_change_24h":0.513845,"percent_change_7d":0.94226,"market_cap":145519479.6341785,"last_updated":"2020-04-26T11:58:05.000Z"}}},{"id":2010,"name":"Cardano","symbol":"ADA","slug":"cardano","num_market_pairs":131,"date_added":"2017-10-01T00:00:00.000Z","tags":["mineable"],"max_supply":45000000000,"circulating_supply":25927070538,"total_supply":31112483745,"platform":null,"cmc_rank":13,"last_updated":"2020-04-26T11:58:07.000Z","quote":{"USD":{"price":0.0433298400635,"volume_24h":90816952.1949385,"percent_change_1h":1.72441,"percent_change_24h":0.511491,"percent_change_7d":19.6916,"market_cap":1123415819.7266228,"last_updated":"2020-04-26T11:58:07.000Z"}}},{"id":1808,"name":"OmiseGO","symbol":"OMG","slug":"omisego","num_market_pairs":209,"date_added":"2017-07-14T00:00:00.000Z","tags":[],"max_supply":null,"circulating_supply":140245398.245133,"total_supply":140245398.245133,"platform":{"id":1027,"name":"Ethereum","symbol":"ETH","slug":"ethereum","token_address":"0xd26114cd6EE289AccF82350c8d8487fedB8A0C07"},"cmc_rank":57,"last_updated":"2020-04-26T11:58:08.000Z","quote":{"USD":{"price":0.647914348781,"volume_24h":89355741.0793014,"percent_change_1h":0.450632,"percent_change_24h":2.13728,"percent_change_7d":9.4597,"market_cap":90867005.87352735,"last_updated":"2020-04-26T11:58:08.000Z"}}},{"id":2456,"name":"OFCOIN","symbol":"OF","slug":"ofcoin","num_market_pairs":1,"date_added":"2018-01-24T00:00:00.000Z","tags":[],"max_supply":null,"circulating_supply":null,"total_supply":51200000000,"platform":null,"cmc_rank":2030,"last_updated":"2020-04-26T11:58:08.000Z","quote":{"USD":{"price":0.0000449771572073,"volume_24h":85908279.2963827,"percent_change_1h":-0.0732618,"percent_change_24h":-2.71219,"percent_change_7d":-0.818686,"market_cap":null,"last_updated":"2020-04-26T11:58:08.000Z"}}},{"id":1982,"name":"Kyber Network","symbol":"KNC","slug":"kyber-network","num_market_pairs":64,"date_added":"2017-09-24T00:00:00.000Z","tags":[],"max_supply":null,"circulating_supply":180432602.911872,"total_supply":210939151.730736,"platform":{"id":1027,"name":"Ethereum","symbol":"ETH","slug":"ethereum","token_address":"0xdd974d5c2e2928dea5f71b9825b8b646686bd200"},"cmc_rank":49,"last_updated":"2020-04-26T11:58:07.000Z","quote":{"USD":{"price":0.655190275419,"volume_24h":85542339.653237,"percent_change_1h":2.95618,"percent_change_24h":23.0605,"percent_change_7d":35.1338,"market_cap":118217686.79639648,"last_updated":"2020-04-26T11:58:07.000Z"}}},{"id":3702,"name":"Beam","symbol":"BEAM","slug":"beam","num_market_pairs":32,"date_added":"2019-01-17T00:00:00.000Z","tags":["mineable"],"max_supply":262800000,"circulating_supply":60332600,"total_supply":60332600,"platform":null,"cmc_rank":149,"last_updated":"2020-04-26T11:58:12.000Z","quote":{"USD":{"price":0.331664664102,"volume_24h":79152497.4503183,"percent_change_1h":-3.46367,"percent_change_24h":9.54048,"percent_change_7d":19.7621,"market_cap":20010191.513400327,"last_updated":"2020-04-26T11:58:12.000Z"}}},{"id":5031,"name":"MimbleWimbleCoin","symbol":"MWC","slug":"mimblewimblecoin","num_market_pairs":7,"date_added":"2020-02-24T00:00:00.000Z","tags":[],"max_supply":20000000,"circulating_supply":8012177.8569404,"total_supply":10521820.8569404,"platform":null,"cmc_rank":209,"last_updated":"2020-04-26T11:58:15.000Z","quote":{"USD":{"price":18.1108567847,"volume_24h":70888474.9112663,"percent_change_1h":-1.65857,"percent_change_24h":9.33105,"percent_change_7d":31.2858,"market_cap":145107405.70059216,"last_updated":"2020-04-26T11:58:15.000Z"}}},{"id":4064,"name":"USDK","symbol":"USDK","slug":"usdk","num_market_pairs":37,"date_added":"2019-07-29T00:00:00.000Z","tags":[],"max_supply":null,"circulating_supply":28600072,"total_supply":28600072,"platform":{"id":1027,"name":"Ethereum","symbol":"ETH","slug":"ethereum","token_address":"0x1c48f86ae57291f7686349f12601910bd8d470bb"},"cmc_rank":252,"last_updated":"2020-04-26T11:58:14.000Z","quote":{"USD":{"price":0.997088384705,"volume_24h":69915117.3442972,"percent_change_1h":-0.127904,"percent_change_24h":-0.654731,"percent_change_7d":-1.07518,"market_cap":28516799.5929267,"last_updated":"2020-04-26T11:58:14.000Z"}}},{"id":1772,"name":"Storj","symbol":"STORJ","slug":"storj","num_market_pairs":32,"date_added":"2017-07-02T00:00:00.000Z","tags":[],"max_supply":null,"circulating_supply":135787438.700013,"total_supply":424999998.000013,"platform":{"id":1027,"name":"Ethereum","symbol":"ETH","slug":"ethereum","token_address":"0xb64ef51c888972c908cfacf59b47c1afbc0ab8ac"},"cmc_rank":182,"last_updated":"2020-04-26T11:58:06.000Z","quote":{"USD":{"price":0.101235917212,"volume_24h":65173097.4348945,"percent_change_1h":0.0828687,"percent_change_24h":0.158138,"percent_change_7d":3.84705,"market_cap":13746565.902664041,"last_updated":"2020-04-26T11:58:06.000Z"}}},{"id":4030,"name":"Algorand","symbol":"ALGO","slug":"algorand","num_market_pairs":77,"date_added":"2019-06-20T00:00:00.000Z","tags":["mineable"],"max_supply":null,"circulating_supply":709125274.307768,"total_supply":3240397117.30777,"platform":null,"cmc_rank":40,"last_updated":"2020-04-26T11:58:14.000Z","quote":{"USD":{"price":0.218488643112,"volume_24h":63604358.6139247,"percent_change_1h":0.737202,"percent_change_24h":1.32245,"percent_change_7d":12.9996,"market_cap":154935818.97992903,"last_updated":"2020-04-26T11:58:14.000Z"}}},{"id":3718,"name":"BitTorrent","symbol":"BTT","slug":"bittorrent","num_market_pairs":134,"date_added":"2019-01-31T00:00:00.000Z","tags":[],"max_supply":null,"circulating_supply":212116500000,"total_supply":990000000000,"platform":{"id":1958,"name":"TRON","symbol":"TRX","slug":"tron","token_address":"1002000"},"cmc_rank":79,"last_updated":"2020-04-26T11:58:13.000Z","quote":{"USD":{"price":0.000249478716892,"volume_24h":63320721.2150567,"percent_change_1h":0.487807,"percent_change_24h":0.793163,"percent_change_7d":7.30016,"market_cap":52918552.25162192,"last_updated":"2020-04-26T11:58:13.000Z"}}},{"id":2307,"name":"Bibox Token","symbol":"BIX","slug":"bibox-token","num_market_pairs":27,"date_added":"2017-12-24T00:00:00.000Z","tags":[],"max_supply":null,"circulating_supply":97882450.27,"total_supply":251424733.27,"platform":{"id":1027,"name":"Ethereum","symbol":"ETH","slug":"ethereum","token_address":"0xb3104b4b9da82025e8b9f8fb28b3553ce2f67069"},"cmc_rank":337,"last_updated":"2020-04-26T11:58:07.000Z","quote":{"USD":{"price":0.0830228646736,"volume_24h":58396601.0467798,"percent_change_1h":0.20727,"percent_change_24h":0.183336,"percent_change_7d":3.26202,"market_cap":8126481.422686591,"last_updated":"2020-04-26T11:58:07.000Z"}}},{"id":4687,"name":"Binance USD","symbol":"BUSD","slug":"binance-usd","num_market_pairs":61,"date_added":"2019-09-20T00:00:00.000Z","tags":[],"max_supply":null,"circulating_supply":190748647.59,"total_supply":190748647.59,"platform":{"id":1027,"name":"Ethereum","symbol":"ETH","slug":"ethereum","token_address":"0x4Fabb145d64652a948d72533023f6E7A623C7C53"},"cmc_rank":37,"last_updated":"2020-04-26T11:58:14.000Z","quote":{"USD":{"price":0.99696440341,"volume_24h":54062716.5158358,"percent_change_1h":-0.0934386,"percent_change_24h":-0.664949,"percent_change_7d":-1.06145,"market_cap":190169611.6458287,"last_updated":"2020-04-26T11:58:14.000Z"}}},{"id":1776,"name":"MCO","symbol":"MCO","slug":"crypto-com","num_market_pairs":61,"date_added":"2017-07-03T00:00:00.000Z","tags":[],"max_supply":null,"circulating_supply":15793831.0949625,"total_supply":31587682.3632061,"platform":{"id":1027,"name":"Ethereum","symbol":"ETH","slug":"ethereum","token_address":"0xb63b606ac810a52cca15e44bb630fd42d8d1d83d"},"cmc_rank":59,"last_updated":"2020-04-26T11:58:06.000Z","quote":{"USD":{"price":5.10632975542,"volume_24h":51016826.4397828,"percent_change_1h":0.111837,"percent_change_24h":-0.856413,"percent_change_7d":-1.33035,"market_cap":80648509.67228465,"last_updated":"2020-04-26T11:58:06.000Z"}}},{"id":2349,"name":"Mixin","symbol":"XIN","slug":"mixin","num_market_pairs":8,"date_added":"2018-01-09T00:00:00.000Z","tags":[],"max_supply":1000000,"circulating_supply":510507.036636976,"total_supply":1000000,"platform":{"id":1027,"name":"Ethereum","symbol":"ETH","slug":"ethereum","token_address":"0xa974c709cfb4566686553a20790685a47aceaa33"},"cmc_rank":218,"last_updated":"2020-04-26T11:58:08.000Z","quote":{"USD":{"price":166.110741602,"volume_24h":50213786.5988793,"percent_change_1h":-0.149268,"percent_change_24h":0.718792,"percent_change_7d":-2.39539,"market_cap":84800702.44880746,"last_updated":"2020-04-26T11:58:08.000Z"}}},{"id":3657,"name":"Lambda","symbol":"LAMB","slug":"lambda","num_market_pairs":41,"date_added":"2019-01-02T00:00:00.000Z","tags":[],"max_supply":10000000000,"circulating_supply":648053360.78715,"total_supply":6000000000,"platform":{"id":1027,"name":"Ethereum","symbol":"ETH","slug":"ethereum","token_address":"0x8971f9fd7196e5cee2c1032b50f656855af7dd26"},"cmc_rank":314,"last_updated":"2020-04-26T11:58:12.000Z","quote":{"USD":{"price":0.014180994494,"volume_24h":46145146.5761932,"percent_change_1h":1.05257,"percent_change_24h":4.48031,"percent_change_7d":3.71261,"market_cap":9190041.14114077,"last_updated":"2020-04-26T11:58:12.000Z"}}},{"id":2130,"name":"Enjin Coin","symbol":"ENJ","slug":"enjin-coin","num_market_pairs":61,"date_added":"2017-11-01T00:00:00.000Z","tags":[],"max_supply":null,"circulating_supply":814772129.064264,"total_supply":1000000000,"platform":{"id":1027,"name":"Ethereum","symbol":"ETH","slug":"ethereum","token_address":"0xf629cbd94d3791c9250152bd8dfbdf380e2a3b9c"},"cmc_rank":50,"last_updated":"2020-04-26T11:58:07.000Z","quote":{"USD":{"price":0.142899690957,"volume_24h":45877093.9673606,"percent_change_1h":-0.244123,"percent_change_24h":-2.3072,"percent_change_7d":37.0714,"market_cap":116430685.44366026,"last_updated":"2020-04-26T11:58:07.000Z"}}},{"id":3437,"name":"ABBC Coin","symbol":"ABBC","slug":"abbc-coin","num_market_pairs":42,"date_added":"2018-10-12T00:00:00.000Z","tags":["mineable"],"max_supply":null,"circulating_supply":555416924.350722,"total_supply":1003278750.0109,"platform":null,"cmc_rank":69,"last_updated":"2020-04-26T11:58:12.000Z","quote":{"USD":{"price":0.117508315742,"volume_24h":45390410.5579006,"percent_change_1h":-0.014688,"percent_change_24h":2.39065,"percent_change_7d":2.33828,"market_cap":65266107.31505517,"last_updated":"2020-04-26T11:58:12.000Z"}}},{"id":2280,"name":"Filecoin [Futures]","symbol":"FIL","slug":"filecoin","num_market_pairs":4,"date_added":"2017-12-13T00:00:00.000Z","tags":["mineable"],"max_supply":null,"circulating_supply":null,"total_supply":null,"platform":null,"cmc_rank":2031,"last_updated":"2020-04-26T11:58:07.000Z","quote":{"USD":{"price":5.08731472476,"volume_24h":43771524.2292846,"percent_change_1h":-1.55563,"percent_change_24h":-1.57362,"percent_change_7d":0.1291,"market_cap":null,"last_updated":"2020-04-26T11:58:07.000Z"}}},{"id":2099,"name":"ICON","symbol":"ICX","slug":"icon","num_market_pairs":61,"date_added":"2017-10-27T00:00:00.000Z","tags":[],"max_supply":null,"circulating_supply":538373608.01565,"total_supply":800460000,"platform":null,"cmc_rank":39,"last_updated":"2020-04-26T11:58:07.000Z","quote":{"USD":{"price":0.301196249331,"volume_24h":41925721.4826805,"percent_change_1h":2.03854,"percent_change_24h":9.30794,"percent_change_7d":24.3203,"market_cap":162156111.47311178,"last_updated":"2020-04-26T11:58:07.000Z"}}},{"id":4229,"name":"Yobit Token","symbol":"YO","slug":"yobit-token","num_market_pairs":11,"date_added":"2019-09-03T00:00:00.000Z","tags":[],"max_supply":null,"circulating_supply":null,"total_supply":17000,"platform":{"id":1027,"name":"Ethereum","symbol":"ETH","slug":"ethereum","token_address":"0xebf4ca5319f406602eeff68da16261f1216011b5"},"cmc_rank":2032,"last_updated":"2020-04-26T11:58:14.000Z","quote":{"USD":{"price":777.252861829,"volume_24h":41778244.9762563,"percent_change_1h":1.09106,"percent_change_24h":1.55823,"percent_change_7d":7.98593,"market_cap":null,"last_updated":"2020-04-26T11:58:14.000Z"}}},{"id":3306,"name":"Gemini Dollar","symbol":"GUSD","slug":"gemini-dollar","num_market_pairs":31,"date_added":"2018-10-05T00:00:00.000Z","tags":[],"max_supply":null,"circulating_supply":5884964.1,"total_supply":5884964.1,"platform":{"id":1027,"name":"Ethereum","symbol":"ETH","slug":"ethereum","token_address":"0x056Fd409E1d7A124BD7017459dFEa2F387b6d5Cd"},"cmc_rank":403,"last_updated":"2020-04-26T11:58:12.000Z","quote":{"USD":{"price":0.998060873324,"volume_24h":41479334.2402416,"percent_change_1h":-0.551113,"percent_change_24h":-1.12526,"percent_change_7d":-0.256377,"market_cap":5873552.409126387,"last_updated":"2020-04-26T11:58:12.000Z"}}},{"id":3709,"name":"Grin","symbol":"GRIN","slug":"grin","num_market_pairs":60,"date_added":"2019-01-27T00:00:00.000Z","tags":["mineable"],"max_supply":null,"circulating_supply":40164120,"total_supply":40164120,"platform":null,"cmc_rank":141,"last_updated":"2020-04-26T11:58:13.000Z","quote":{"USD":{"price":0.527880849873,"volume_24h":39235659.0782116,"percent_change_1h":0.326875,"percent_change_24h":6.2111,"percent_change_7d":7.00865,"market_cap":21201869.800001156,"last_updated":"2020-04-26T11:58:13.000Z"}}},{"id":2083,"name":"Bitcoin Gold","symbol":"BTG","slug":"bitcoin-gold","num_market_pairs":73,"date_added":"2017-10-23T00:00:00.000Z","tags":["mineable"],"max_supply":21000000,"circulating_supply":17513923.589,"total_supply":17513923.589,"platform":null,"cmc_rank":38,"last_updated":"2020-04-26T11:58:07.000Z","quote":{"USD":{"price":9.40701379122,"volume_24h":38961556.3428235,"percent_change_1h":0.393717,"percent_change_24h":-0.436111,"percent_change_7d":-4.45298,"market_cap":164753720.7400963,"last_updated":"2020-04-26T11:58:07.000Z"}}},{"id":3351,"name":"ZB Token","symbol":"ZB","slug":"zb-token","num_market_pairs":11,"date_added":"2018-09-27T00:00:00.000Z","tags":[],"max_supply":null,"circulating_supply":463288810,"total_supply":2100000000,"platform":{"id":1027,"name":"Ethereum","symbol":"ETH","slug":"ethereum","token_address":"0xbd0793332e9fb844a52a205a233ef27a5b34b927"},"cmc_rank":52,"last_updated":"2020-04-26T11:58:12.000Z","quote":{"USD":{"price":0.244328542937,"volume_24h":38405171.6986525,"percent_change_1h":0.74484,"percent_change_24h":0.0579563,"percent_change_7d":1.43932,"market_cap":113194679.90631662,"last_updated":"2020-04-26T11:58:12.000Z"}}},{"id":1274,"name":"Waves","symbol":"WAVES","slug":"waves","num_market_pairs":144,"date_added":"2016-06-02T00:00:00.000Z","tags":[],"max_supply":null,"circulating_supply":101769310,"total_supply":101769310,"platform":null,"cmc_rank":53,"last_updated":"2020-04-26T11:58:06.000Z","quote":{"USD":{"price":1.02067661843,"volume_24h":37034645.2610661,"percent_change_1h":0.147545,"percent_change_24h":-0.0818764,"percent_change_7d":-1.02262,"market_cap":103873555.19075438,"last_updated":"2020-04-26T11:58:06.000Z"}}},{"id":1104,"name":"Augur","symbol":"REP","slug":"augur","num_market_pairs":73,"date_added":"2015-10-27T00:00:00.000Z","tags":[],"max_supply":null,"circulating_supply":11000000,"total_supply":11000000,"platform":{"id":1027,"name":"Ethereum","symbol":"ETH","slug":"ethereum","token_address":"0x1985365e9f78359a9b6ad760e32412f4a445e862"},"cmc_rank":51,"last_updated":"2020-04-26T11:58:06.000Z","quote":{"USD":{"price":10.4428667936,"volume_24h":35478054.7698109,"percent_change_1h":-0.769248,"percent_change_24h":1.69435,"percent_change_7d":3.0662,"market_cap":114871534.7296,"last_updated":"2020-04-26T11:58:06.000Z"}}},{"id":2457,"name":"TrueChain","symbol":"TRUE","slug":"truechain","num_market_pairs":16,"date_added":"2018-01-24T00:00:00.000Z","tags":[],"max_supply":null,"circulating_supply":79575542.96,"total_supply":100000000,"platform":null,"cmc_rank":139,"last_updated":"2020-04-26T11:58:08.000Z","quote":{"USD":{"price":0.268063932959,"volume_24h":34033753.2553956,"percent_change_1h":0.0101275,"percent_change_24h":0.00569807,"percent_change_7d":-1.932,"market_cap":21331333.01320546,"last_updated":"2020-04-26T11:58:08.000Z"}}},{"id":2577,"name":"Ravencoin","symbol":"RVN","slug":"ravencoin","num_market_pairs":50,"date_added":"2018-03-10T00:00:00.000Z","tags":["mineable"],"max_supply":21000000000,"circulating_supply":6025305000,"total_supply":6025305000,"platform":null,"cmc_rank":47,"last_updated":"2020-04-26T11:58:09.000Z","quote":{"USD":{"price":0.0203625243774,"volume_24h":32360878.7014838,"percent_change_1h":-0.816219,"percent_change_24h":11.0914,"percent_change_7d":20.3533,"market_cap":122690419.94377011,"last_updated":"2020-04-26T11:58:09.000Z"}}},{"id":2405,"name":"IOST","symbol":"IOST","slug":"iostoken","num_market_pairs":85,"date_added":"2018-01-16T00:00:00.000Z","tags":[],"max_supply":null,"circulating_supply":12013965608.8475,"total_supply":21000000000,"platform":null,"cmc_rank":93,"last_updated":"2020-04-26T11:58:08.000Z","quote":{"USD":{"price":0.00358134212605,"volume_24h":32325595.7014859,"percent_change_1h":0.402207,"percent_change_24h":-0.207034,"percent_change_7d":6.8617,"market_cap":43026121.13588148,"last_updated":"2020-04-26T11:58:08.000Z"}}},{"id":109,"name":"DigiByte","symbol":"DGB","slug":"digibyte","num_market_pairs":77,"date_added":"2014-02-06T00:00:00.000Z","tags":["mineable"],"max_supply":21000000000,"circulating_supply":13073716823.2191,"total_supply":13073716823.2191,"platform":null,"cmc_rank":36,"last_updated":"2020-04-26T11:58:05.000Z","quote":{"USD":{"price":0.0162732283493,"volume_24h":30727388.3733249,"percent_change_1h":0.162998,"percent_change_24h":24.7544,"percent_change_7d":108.792,"market_cap":212751579.2383294,"last_updated":"2020-04-26T11:58:05.000Z"}}},{"id":1866,"name":"Bytom","symbol":"BTM","slug":"bytom","num_market_pairs":54,"date_added":"2017-08-08T00:00:00.000Z","tags":["mineable"],"max_supply":null,"circulating_supply":1002499275,"total_supply":1407000000,"platform":null,"cmc_rank":65,"last_updated":"2020-04-26T11:58:06.000Z","quote":{"USD":{"price":0.0721563947927,"volume_24h":30074916.0664739,"percent_change_1h":8.9515,"percent_change_24h":20.0762,"percent_change_7d":22.5956,"market_cap":72336733.46629553,"last_updated":"2020-04-26T11:58:06.000Z"}}},{"id":624,"name":"bitCNY","symbol":"BITCNY","slug":"bitcny","num_market_pairs":23,"date_added":"2014-09-23T00:00:00.000Z","tags":[],"max_supply":null,"circulating_supply":31214400,"total_supply":31214400,"platform":{"id":463,"name":"BitShares","symbol":"BTS","slug":"bitshares","token_address":"CNY"},"cmc_rank":483,"last_updated":"2020-04-26T11:58:05.000Z","quote":{"USD":{"price":0.140193661874,"volume_24h":27129186.6278319,"percent_change_1h":0.126449,"percent_change_24h":-0.595763,"percent_change_7d":-0.70516,"market_cap":4376061.039199786,"last_updated":"2020-04-26T11:58:05.000Z"}}},{"id":1896,"name":"0x","symbol":"ZRX","slug":"0x","num_market_pairs":179,"date_added":"2017-08-16T00:00:00.000Z","tags":[],"max_supply":null,"circulating_supply":652285423.432216,"total_supply":1000000000,"platform":{"id":1027,"name":"Ethereum","symbol":"ETH","slug":"ethereum","token_address":"0xe41d2489571d322189246dafa5ebde1f4699f498"},"cmc_rank":46,"last_updated":"2020-04-26T11:58:08.000Z","quote":{"USD":{"price":0.188345255989,"volume_24h":25624904.3787952,"percent_change_1h":0.350335,"percent_change_24h":1.03662,"percent_change_7d":5.8659,"market_cap":122854865.054234,"last_updated":"2020-04-26T11:58:08.000Z"}}},{"id":5217,"name":"3X Long Ethereum Token","symbol":"ETHBULL","slug":"3x-long-ethereum-token","num_market_pairs":7,"date_added":"2020-02-11T00:00:00.000Z","tags":[],"max_supply":null,"circulating_supply":null,"total_supply":2688.70054275,"platform":{"id":1027,"name":"Ethereum","symbol":"ETH","slug":"ethereum","token_address":"0x871baed4088b863fd6407159f3672d70cd34837d"},"cmc_rank":2033,"last_updated":"2020-04-26T11:58:15.000Z","quote":{"USD":{"price":211.542951303,"volume_24h":25495747.6100952,"percent_change_1h":0.746597,"percent_change_24h":3.23384,"percent_change_7d":22.3428,"market_cap":null,"last_updated":"2020-04-26T11:58:15.000Z"}}},{"id":5429,"name":"DEAPcoin","symbol":"DEP","slug":"deapcoin","num_market_pairs":2,"date_added":"2020-04-10T00:00:00.000Z","tags":[],"max_supply":30000000000,"circulating_supply":null,"total_supply":30000000000,"platform":{"id":1027,"name":"Ethereum","symbol":"ETH","slug":"ethereum","token_address":"0x1a3496c18d558bd9c6c8f609e1b129f67ab08163"},"cmc_rank":2034,"last_updated":"2020-04-26T11:58:15.000Z","quote":{"USD":{"price":0.00521426733359,"volume_24h":23580929.3727923,"percent_change_1h":-0.238053,"percent_change_24h":0.729975,"percent_change_7d":-3.94341,"market_cap":null,"last_updated":"2020-04-26T11:58:15.000Z"}}},{"id":5414,"name":"3x Long EOS Token","symbol":"EOSBULL","slug":"3x-long-eos-token","num_market_pairs":5,"date_added":"2020-04-06T00:00:00.000Z","tags":[],"max_supply":null,"circulating_supply":null,"total_supply":1057300.976,"platform":{"id":1027,"name":"Ethereum","symbol":"ETH","slug":"ethereum","token_address":"0xeaD7F3ae4e0Bb0D8785852Cc37CC9d0B5e75c06a"},"cmc_rank":2035,"last_updated":"2020-04-26T11:58:15.000Z","quote":{"USD":{"price":6.05727183757,"volume_24h":23071120.4339864,"percent_change_1h":-0.0388332,"percent_change_24h":-0.389899,"percent_change_7d":6.97203,"market_cap":null,"last_updated":"2020-04-26T11:58:15.000Z"}}},{"id":2830,"name":"Seele","symbol":"SEELE","slug":"seele","num_market_pairs":18,"date_added":"2018-05-31T00:00:00.000Z","tags":[],"max_supply":null,"circulating_supply":699592066.289478,"total_supply":1000000000,"platform":{"id":1027,"name":"Ethereum","symbol":"ETH","slug":"ethereum","token_address":"0xb1eef147028e9f480dbc5ccaa3277d417d1b85f0"},"cmc_rank":73,"last_updated":"2020-04-26T11:58:10.000Z","quote":{"USD":{"price":0.0883280763585,"volume_24h":20979446.048834,"percent_change_1h":-0.569154,"percent_change_24h":6.06647,"percent_change_7d":14.4633,"market_cap":61793621.451017804,"last_updated":"2020-04-26T11:58:10.000Z"}}},{"id":2299,"name":"aelf","symbol":"ELF","slug":"aelf","num_market_pairs":79,"date_added":"2017-12-21T00:00:00.000Z","tags":[],"max_supply":1000000000,"circulating_supply":544480199.986466,"total_supply":879999999.986466,"platform":{"id":1027,"name":"Ethereum","symbol":"ETH","slug":"ethereum","token_address":"0xbf2179859fc6d5bee9bf9158632dc51678a4100e"},"cmc_rank":99,"last_updated":"2020-04-26T11:58:08.000Z","quote":{"USD":{"price":0.0674905261263,"volume_24h":20393501.600773,"percent_change_1h":1.39721,"percent_change_24h":1.53504,"percent_change_7d":6.12336,"market_cap":36747255.16243963,"last_updated":"2020-04-26T11:58:08.000Z"}}},{"id":3890,"name":"Matic Network","symbol":"MATIC","slug":"matic-network","num_market_pairs":51,"date_added":"2019-04-28T00:00:00.000Z","tags":[],"max_supply":null,"circulating_supply":2758503686,"total_supply":10000000000,"platform":{"id":1027,"name":"Ethereum","symbol":"ETH","slug":"ethereum","token_address":"0x7D1AfA7B718fb893dB30A3aBc0Cfc608AaCfeBB0"},"cmc_rank":94,"last_updated":"2020-04-26T11:58:13.000Z","quote":{"USD":{"price":0.0153624413807,"volume_24h":20145354.2947244,"percent_change_1h":1.18326,"percent_change_24h":0.123577,"percent_change_7d":16.0814,"market_cap":42377351.17461988,"last_updated":"2020-04-26T11:58:13.000Z"}}},{"id":3945,"name":"Harmony","symbol":"ONE","slug":"harmony","num_market_pairs":20,"date_added":"2019-06-01T00:00:00.000Z","tags":[],"max_supply":null,"circulating_supply":4596807869,"total_supply":12600000000,"platform":null,"cmc_rank":194,"last_updated":"2020-04-26T11:58:13.000Z","quote":{"USD":{"price":0.00264518695993,"volume_24h":20058448.3165644,"percent_change_1h":0.669109,"percent_change_24h":-1.12293,"percent_change_7d":14.3508,"market_cap":12159416.232382411,"last_updated":"2020-04-26T11:58:13.000Z"}}},{"id":4779,"name":"HUSD","symbol":"HUSD","slug":"husd","num_market_pairs":18,"date_added":"2019-10-15T00:00:00.000Z","tags":[],"max_supply":null,"circulating_supply":null,"total_supply":87094416.0933887,"platform":{"id":1027,"name":"Ethereum","symbol":"ETH","slug":"ethereum","token_address":"0xdf574c24545e5ffecb9a659c229253d4111d87e1"},"cmc_rank":2036,"last_updated":"2020-04-26T11:58:14.000Z","quote":{"USD":{"price":0.998356267723,"volume_24h":19991891.9677594,"percent_change_1h":-0.0515712,"percent_change_24h":-0.603152,"percent_change_7d":-0.932393,"market_cap":null,"last_updated":"2020-04-26T11:58:14.000Z"}}},{"id":2588,"name":"Loom Network","symbol":"LOOM","slug":"loom-network","num_market_pairs":65,"date_added":"2018-03-14T00:00:00.000Z","tags":[],"max_supply":null,"circulating_supply":970041175.954257,"total_supply":1000000000,"platform":{"id":1027,"name":"Ethereum","symbol":"ETH","slug":"ethereum","token_address":"0xa4e8c3ec456107ea67d3075bf9e3df3a75823db0"},"cmc_rank":169,"last_updated":"2020-04-26T11:58:09.000Z","quote":{"USD":{"price":0.015407169798,"volume_24h":19979108.5512271,"percent_change_1h":1.08163,"percent_change_24h":1.53112,"percent_change_7d":5.21819,"market_cap":14945589.108978832,"last_updated":"2020-04-26T11:58:09.000Z"}}},{"id":5198,"name":"Creditcoin","symbol":"CTC","slug":"creditcoin","num_market_pairs":3,"date_added":"2020-01-31T00:00:00.000Z","tags":[],"max_supply":null,"circulating_supply":null,"total_supply":600000000,"platform":null,"cmc_rank":2037,"last_updated":"2020-04-26T11:58:15.000Z","quote":{"USD":{"price":0.35913407856,"volume_24h":19302353.8034069,"percent_change_1h":-0.25767,"percent_change_24h":-2.93536,"percent_change_7d":-12.7096,"market_cap":null,"last_updated":"2020-04-26T11:58:15.000Z"}}},{"id":5117,"name":"Origin Protocol","symbol":"OGN","slug":"origin-protocol","num_market_pairs":15,"date_added":"2020-01-09T00:00:00.000Z","tags":[],"max_supply":null,"circulating_supply":33523273.02,"total_supply":1000000000,"platform":{"id":1027,"name":"Ethereum","symbol":"ETH","slug":"ethereum","token_address":"0x8207c1ffc5b6804f6024322ccf34f29c3541ae26"},"cmc_rank":341,"last_updated":"2020-04-26T11:58:15.000Z","quote":{"USD":{"price":0.240589643344,"volume_24h":18887111.7508647,"percent_change_1h":0.88309,"percent_change_24h":5.238,"percent_change_7d":4.08638,"market_cap":8065352.299605337,"last_updated":"2020-04-26T11:58:15.000Z"}}},{"id":2341,"name":"SwftCoin","symbol":"SWFTC","slug":"swftcoin","num_market_pairs":13,"date_added":"2018-01-04T00:00:00.000Z","tags":[],"max_supply":null,"circulating_supply":4004999999,"total_supply":10000000000,"platform":{"id":1027,"name":"Ethereum","symbol":"ETH","slug":"ethereum","token_address":"0x0bb217e40f8a5cb79adf04e1aab60e5abd0dfc1e"},"cmc_rank":391,"last_updated":"2020-04-26T11:58:08.000Z","quote":{"USD":{"price":0.00155051788277,"volume_24h":18457673.4179055,"percent_change_1h":-0.378583,"percent_change_24h":2.67397,"percent_change_7d":22.5857,"market_cap":6209824.118943333,"last_updated":"2020-04-26T11:58:08.000Z"}}},{"id":1903,"name":"HyperCash","symbol":"HC","slug":"hypercash","num_market_pairs":32,"date_added":"2017-08-20T00:00:00.000Z","tags":["mineable"],"max_supply":84000000,"circulating_supply":44589856.577052,"total_supply":44589856.577052,"platform":null,"cmc_rank":84,"last_updated":"2020-04-26T11:58:06.000Z","quote":{"USD":{"price":1.09354011926,"volume_24h":17724089.8193397,"percent_change_1h":1.53833,"percent_change_24h":2.20136,"percent_change_7d":4.67074,"market_cap":48760797.07905574,"last_updated":"2020-04-26T11:58:06.000Z"}}},{"id":5221,"name":"Handshake ","symbol":"HNS","slug":"handshake","num_market_pairs":10,"date_added":"2020-02-22T00:00:00.000Z","tags":[],"max_supply":null,"circulating_supply":268078892.322,"total_supply":2040000000,"platform":null,"cmc_rank":246,"last_updated":"2020-04-26T11:58:15.000Z","quote":{"USD":{"price":0.118196805032,"volume_24h":17717598.7025087,"percent_change_1h":0.481248,"percent_change_24h":-0.118213,"percent_change_7d":-3.13954,"market_cap":31686068.568977956,"last_updated":"2020-04-26T11:58:15.000Z"}}},{"id":5085,"name":"Building Cities Beyond Blockchain","symbol":"BCB","slug":"building-cities-beyond-blockchain","num_market_pairs":3,"date_added":"2019-12-30T00:00:00.000Z","tags":[],"max_supply":66000000,"circulating_supply":null,"total_supply":66000000,"platform":null,"cmc_rank":2038,"last_updated":"2020-04-26T11:58:15.000Z","quote":{"USD":{"price":2.56383112532,"volume_24h":17632654.7421643,"percent_change_1h":-0.169898,"percent_change_24h":-2.06106,"percent_change_7d":-1.63037,"market_cap":null,"last_updated":"2020-04-26T11:58:15.000Z"}}},{"id":4679,"name":"Band Protocol","symbol":"BAND","slug":"band-protocol","num_market_pairs":9,"date_added":"2019-09-18T00:00:00.000Z","tags":[],"max_supply":null,"circulating_supply":19894032.5175,"total_supply":100000000,"platform":{"id":1027,"name":"Ethereum","symbol":"ETH","slug":"ethereum","token_address":"0xba11d00c5f74255f56a5e366f4f77f5a186d7f55"},"cmc_rank":154,"last_updated":"2020-04-26T11:58:14.000Z","quote":{"USD":{"price":0.916460796458,"volume_24h":16447166.2124983,"percent_change_1h":1.89056,"percent_change_24h":18.7289,"percent_change_7d":80.9285,"market_cap":18232100.8857494,"last_updated":"2020-04-26T11:58:14.000Z"}}},{"id":5295,"name":"3X Long BNB Token","symbol":"BNBBULL","slug":"3x-long-bnb-token","num_market_pairs":5,"date_added":"2020-03-11T00:00:00.000Z","tags":[],"max_supply":null,"circulating_supply":null,"total_supply":4975.41633724,"platform":{"id":1027,"name":"Ethereum","symbol":"ETH","slug":"ethereum","token_address":"0x9d1a62c2ad99019768b9126fda004a9952853f6e"},"cmc_rank":2039,"last_updated":"2020-04-26T11:58:15.000Z","quote":{"USD":{"price":117.108309501,"volume_24h":15931895.0526524,"percent_change_1h":1.616,"percent_change_24h":2.03635,"percent_change_7d":1.95897,"market_cap":null,"last_updated":"2020-04-26T11:58:15.000Z"}}},{"id":4899,"name":"Yap Stone","symbol":"YAP","slug":"yap-stone","num_market_pairs":14,"date_added":"2019-11-09T00:00:00.000Z","tags":[],"max_supply":null,"circulating_supply":150000000,"total_supply":1000000000,"platform":{"id":1027,"name":"Ethereum","symbol":"ETH","slug":"ethereum","token_address":""},"cmc_rank":115,"last_updated":"2020-04-26T11:58:15.000Z","quote":{"USD":{"price":0.206602001891,"volume_24h":15890989.8588245,"percent_change_1h":-0.503046,"percent_change_24h":-6.60961,"percent_change_7d":-1.94789,"market_cap":30990300.28365,"last_updated":"2020-04-26T11:58:15.000Z"}}},{"id":4846,"name":"Kava","symbol":"KAVA","slug":"kava","num_market_pairs":15,"date_added":"2019-10-25T00:00:00.000Z","tags":[],"max_supply":null,"circulating_supply":35859470.721819,"total_supply":108648789.721819,"platform":{"id":1839,"name":"Binance Coin","symbol":"BNB","slug":"binance-coin","token_address":""},"cmc_rank":137,"last_updated":"2020-04-26T11:58:14.000Z","quote":{"USD":{"price":0.609340436783,"volume_24h":15858573.8708174,"percent_change_1h":1.02525,"percent_change_24h":7.70123,"percent_change_7d":10.3978,"market_cap":21850625.55244039,"last_updated":"2020-04-26T11:58:14.000Z"}}},{"id":1966,"name":"Decentraland","symbol":"MANA","slug":"decentraland","num_market_pairs":75,"date_added":"2017-09-17T00:00:00.000Z","tags":[],"max_supply":null,"circulating_supply":1370182455.67155,"total_supply":2197927065.03415,"platform":{"id":1027,"name":"Ethereum","symbol":"ETH","slug":"ethereum","token_address":"0x0f5d2fb29fb7d3cfee444a200298f468908cc942"},"cmc_rank":95,"last_updated":"2020-04-26T11:58:07.000Z","quote":{"USD":{"price":0.0293560448319,"volume_24h":15788607.7316663,"percent_change_1h":0.782593,"percent_change_24h":-0.569657,"percent_change_7d":0.0957082,"market_cap":40223137.59657686,"last_updated":"2020-04-26T11:58:07.000Z"}}},{"id":4041,"name":"MX Token","symbol":"MX","slug":"mx-token","num_market_pairs":8,"date_added":"2019-09-24T00:00:00.000Z","tags":[],"max_supply":null,"circulating_supply":193278361.2597,"total_supply":673963903.14,"platform":{"id":1027,"name":"Ethereum","symbol":"ETH","slug":"ethereum","token_address":"0x11eef04c884e24d9b7b4760e7476d06ddf797f36"},"cmc_rank":144,"last_updated":"2020-04-26T11:58:13.000Z","quote":{"USD":{"price":0.108811588274,"volume_24h":14330438.4435603,"percent_change_1h":-0.511392,"percent_change_24h":-0.373932,"percent_change_7d":6.98627,"market_cap":21030925.46766391,"last_updated":"2020-04-26T11:58:13.000Z"}}},{"id":1785,"name":"Gas","symbol":"GAS","slug":"gas","num_market_pairs":52,"date_added":"2017-07-06T00:00:00.000Z","tags":[],"max_supply":100000000,"circulating_supply":10128375.105773,"total_supply":17190378,"platform":{"id":1376,"name":"Neo","symbol":"NEO","slug":"neo","token_address":"602c79718b16e442de58778e148d0b1084e3b2dffd5de6b7b16cee7969282de7"},"cmc_rank":187,"last_updated":"2020-04-26T11:58:06.000Z","quote":{"USD":{"price":1.2502769756,"volume_24h":13977778.7155089,"percent_change_1h":-0.314777,"percent_change_24h":1.66482,"percent_change_7d":9.74229,"market_cap":12663274.194988197,"last_updated":"2020-04-26T11:58:06.000Z"}}},{"id":4942,"name":"Digital Gold","symbol":"GOLD","slug":"digital-gold","num_market_pairs":3,"date_added":"2019-11-18T00:00:00.000Z","tags":[],"max_supply":null,"circulating_supply":11545.726,"total_supply":17190.601,"platform":{"id":1027,"name":"Ethereum","symbol":"ETH","slug":"ethereum","token_address":"0x0d16450d347c12c086d6c94c76c5aaac35ea07e0"},"cmc_rank":982,"last_updated":"2020-04-26T11:58:14.000Z","quote":{"USD":{"price":56.0450214763,"volume_24h":13745916.0298186,"percent_change_1h":-0.364392,"percent_change_24h":1.54013,"percent_change_7d":1.52811,"market_cap":647080.4616294754,"last_updated":"2020-04-26T11:58:14.000Z"}}},{"id":2570,"name":"TomoChain","symbol":"TOMO","slug":"tomochain","num_market_pairs":23,"date_added":"2018-03-08T00:00:00.000Z","tags":["mineable"],"max_supply":null,"circulating_supply":70473200,"total_supply":100000000,"platform":null,"cmc_rank":127,"last_updated":"2020-04-26T11:58:09.000Z","quote":{"USD":{"price":0.349589372846,"volume_24h":13290584.9786925,"percent_change_1h":-0.856663,"percent_change_24h":-2.40742,"percent_change_7d":3.32857,"market_cap":24636681.790450726,"last_updated":"2020-04-26T11:58:09.000Z"}}},{"id":4078,"name":"Super Zero","symbol":"SERO","slug":"super-zero","num_market_pairs":15,"date_added":"2019-07-19T00:00:00.000Z","tags":[],"max_supply":647367590,"circulating_supply":257601995,"total_supply":645125157,"platform":null,"cmc_rank":151,"last_updated":"2020-04-26T11:58:13.000Z","quote":{"USD":{"price":0.0761606826744,"volume_24h":12939815.1161762,"percent_change_1h":0.238368,"percent_change_24h":-1.16195,"percent_change_7d":0.428036,"market_cap":19619143.797487374,"last_updated":"2020-04-26T11:58:13.000Z"}}},{"id":1759,"name":"Status","symbol":"SNT","slug":"status","num_market_pairs":84,"date_added":"2017-06-28T00:00:00.000Z","tags":[],"max_supply":null,"circulating_supply":3470483788,"total_supply":6804870174,"platform":{"id":1027,"name":"Ethereum","symbol":"ETH","slug":"ethereum","token_address":"0x744d70fdbe2ba4cf95131626614a1763df805b9e"},"cmc_rank":68,"last_updated":"2020-04-26T11:58:07.000Z","quote":{"USD":{"price":0.01930582377,"volume_24h":12933378.1753191,"percent_change_1h":1.54482,"percent_change_24h":0.297596,"percent_change_7d":15.5595,"market_cap":67000548.407770045,"last_updated":"2020-04-26T11:58:07.000Z"}}},{"id":3029,"name":"Zel","symbol":"ZEL","slug":"zel","num_market_pairs":16,"date_added":"2018-08-02T00:00:00.000Z","tags":["mineable"],"max_supply":210000000,"circulating_supply":100389950,"total_supply":100389950,"platform":null,"cmc_rank":586,"last_updated":"2020-04-26T11:58:11.000Z","quote":{"USD":{"price":0.0281288752278,"volume_24h":12921747.885444,"percent_change_1h":0.130286,"percent_change_24h":-5.78339,"percent_change_7d":-2.19609,"market_cap":2823856.3776750807,"last_updated":"2020-04-26T11:58:11.000Z"}}},{"id":5477,"name":"ECOChain","symbol":"ECOC","slug":"ecochain","num_market_pairs":1,"date_added":"2020-04-20T00:00:00.000Z","tags":[],"max_supply":2000000000,"circulating_supply":null,"total_supply":223217150,"platform":null,"cmc_rank":2040,"last_updated":"2020-04-26T11:58:15.000Z","quote":{"USD":{"price":2.12891877448,"volume_24h":12713665.3977186,"percent_change_1h":0.283428,"percent_change_24h":48.2876,"percent_change_7d":null,"market_cap":null,"last_updated":"2020-04-26T11:58:15.000Z"}}},{"id":5161,"name":"WazirX","symbol":"WRX","slug":"wazirx","num_market_pairs":12,"date_added":"2020-02-06T00:00:00.000Z","tags":[],"max_supply":null,"circulating_supply":107404950.010102,"total_supply":1000000000,"platform":{"id":1839,"name":"Binance Coin","symbol":"BNB","slug":"binance-coin","token_address":"bnb19cvhgyrxmkw30hlqs9c5lp966drjzyylytl74z"},"cmc_rank":166,"last_updated":"2020-04-26T11:58:15.000Z","quote":{"USD":{"price":0.143433316697,"volume_24h":12647082.972436,"percent_change_1h":-0.0394721,"percent_change_24h":3.39057,"percent_change_7d":-0.831266,"market_cap":15405448.209624413,"last_updated":"2020-04-26T11:58:15.000Z"}}},{"id":3966,"name":"BitcoinHD","symbol":"BHD","slug":"bitcoinhd","num_market_pairs":11,"date_added":"2019-05-27T00:00:00.000Z","tags":[],"max_supply":21000000,"circulating_supply":6083016.35,"total_supply":6339465,"platform":null,"cmc_rank":236,"last_updated":"2020-04-26T11:58:13.000Z","quote":{"USD":{"price":6.55535831027,"volume_24h":12645106.9059949,"percent_change_1h":-0.344485,"percent_change_24h":1.83648,"percent_change_7d":10.5306,"market_cap":39876351.78148078,"last_updated":"2020-04-26T11:58:13.000Z"}}},{"id":1414,"name":"Zcoin","symbol":"XZC","slug":"zcoin","num_market_pairs":56,"date_added":"2016-10-06T00:00:00.000Z","tags":["mineable"],"max_supply":21400000,"circulating_supply":9982643.32977796,"total_supply":21400000,"platform":null,"cmc_rank":96,"last_updated":"2020-04-26T11:58:06.000Z","quote":{"USD":{"price":4.01860919262,"volume_24h":12639980.0784907,"percent_change_1h":-1.86953,"percent_change_24h":-1.52148,"percent_change_7d":5.34145,"market_cap":40116342.25169243,"last_updated":"2020-04-26T11:58:06.000Z"}}},{"id":3217,"name":"Ontology Gas","symbol":"ONG","slug":"ontology-gas","num_market_pairs":53,"date_added":"2018-08-23T00:00:00.000Z","tags":[],"max_supply":null,"circulating_supply":null,"total_supply":1000000000,"platform":{"id":2566,"name":"Ontology","symbol":"ONT","slug":"ontology","token_address":""},"cmc_rank":2041,"last_updated":"2020-04-26T11:58:11.000Z","quote":{"USD":{"price":0.0908743293703,"volume_24h":12339107.5186768,"percent_change_1h":0.561868,"percent_change_24h":1.45473,"percent_change_7d":5.53276,"market_cap":null,"last_updated":"2020-04-26T11:58:11.000Z"}}},{"id":4943,"name":"Multi-collateral DAI","symbol":"DAI","slug":"multi-collateral-dai","num_market_pairs":75,"date_added":"2019-11-22T00:00:00.000Z","tags":[],"max_supply":null,"circulating_supply":95640541.4109939,"total_supply":96041431.623139,"platform":{"id":1027,"name":"Ethereum","symbol":"ETH","slug":"ethereum","token_address":"0x6b175474e89094c44da98b954eedeac495271d0f"},"cmc_rank":56,"last_updated":"2020-04-26T11:58:15.000Z","quote":{"USD":{"price":1.00934178452,"volume_24h":12027634.569023,"percent_change_1h":-0.0719768,"percent_change_24h":-1.20984,"percent_change_7d":-0.132102,"market_cap":96533994.74023153,"last_updated":"2020-04-26T11:58:15.000Z"}}},{"id":1720,"name":"IOTA","symbol":"MIOTA","slug":"iota","num_market_pairs":53,"date_added":"2017-06-13T00:00:00.000Z","tags":[],"max_supply":2779530283,"circulating_supply":2779530283,"total_supply":2779530283,"platform":null,"cmc_rank":25,"last_updated":"2020-04-26T11:58:06.000Z","quote":{"USD":{"price":0.174243088884,"volume_24h":11983732.9300078,"percent_change_1h":0.394227,"percent_change_24h":2.02819,"percent_change_7d":8.97867,"market_cap":484313942.15653867,"last_updated":"2020-04-26T11:58:06.000Z"}}},{"id":2469,"name":"Zilliqa","symbol":"ZIL","slug":"zilliqa","num_market_pairs":107,"date_added":"2018-01-25T00:00:00.000Z","tags":["mineable"],"max_supply":21000000000,"circulating_supply":10079452415.2717,"total_supply":13370919568.2717,"platform":null,"cmc_rank":81,"last_updated":"2020-04-26T11:58:09.000Z","quote":{"USD":{"price":0.00506658902457,"volume_24h":11942435.3439614,"percent_change_1h":-0.236236,"percent_change_24h":7.12881,"percent_change_7d":16.8675,"market_cap":51068442.980891176,"last_updated":"2020-04-26T11:58:09.000Z"}}},{"id":4273,"name":"Sessia","symbol":"KICKS","slug":"sessia","num_market_pairs":2,"date_added":"2019-08-21T00:00:00.000Z","tags":[],"max_supply":null,"circulating_supply":6145759.45571843,"total_supply":100000000,"platform":{"id":1027,"name":"Ethereum","symbol":"ETH","slug":"ethereum","token_address":"0xd91a6162f146ef85922d9a15ee6eb14a00344586"},"cmc_rank":979,"last_updated":"2020-04-26T11:58:14.000Z","quote":{"USD":{"price":0.106208128674,"volume_24h":11825648.8826829,"percent_change_1h":-0.231607,"percent_change_24h":-0.758566,"percent_change_7d":2.04461,"market_cap":652729.6110723951,"last_updated":"2020-04-26T11:58:14.000Z"}}}]}