{"status":{"timestamp":"2020-04-26T00:00:01.628Z","error_code":0,"error_message":null,"elapsed":43,"credit_count":1,"notice":null},"data":[{"id":825,"name":"Tether","symbol":"USDT","slug":"tether","num_market_pairs":4686,"date_added":"2015-02-25T00:00:00.000Z","tags":[],"max_supply":null,"circulating_supply":6361032509,"total_supply":6998318752.17,"platform":{"id":1027,"name":"Ethereum","symbol":"ETH","slug":"ethereum","token_address":"31"},"cmc_rank":4,"last_updated":"2020-04-25T23:58:34.000Z","quote":{"USD":{"price":1.00467964944,"volume_24h":44807056871.5578,"percent_change_1h":0.103707,"percent_change_24h":-0.344106,"percent_change_7d":0.215533,"market_cap":6390799911.218564,"last_updated":"2020-04-25T23:58:34.000Z"}}},{"id":1,"name":"Bitcoin","symbol":"BTC","slug":"bitcoin","num_market_pairs":7956,"date_added":"2013-04-28T00:00:00.000Z","tags":["mineable"],"max_supply":21000000,"circulating_supply":18345475,"total_supply":18345475,"platform":null,"cmc_rank":1,"last_updated":"2020-04-25T23:58:45.000Z","quote":{"USD":{"price":7569.93603405,"volume_24h":32941541446.9347,"percent_change_1h":0.174235,"percent_change_24h":0.370776,"percent_change_7d":4.43643,"market_cap":138874072264.26343,"last_updated":"2020-04-25T23:58:45.000Z"}}},{"id":1027,"name":"Ethereum","symbol":"ETH","slug":"ethereum","num_market_pairs":5179,"date_added":"2015-08-07T00:00:00.000Z","tags":["mineable"],"max_supply":null,"circulating_supply":110670818.8115,"total_supply":110670818.8115,"platform":null,"cmc_rank":2,"last_updated":"2020-04-25T23:58:35.000Z","quote":{"USD":{"price":195.515300681,"volume_24h":18260969748.1499,"percent_change_1h":0.55413,"percent_change_24h":3.50891,"percent_change_7d":5.52255,"market_cap":21637838416.542896,"last_updated":"2020-04-25T23:58:35.000Z"}}},{"id":2,"name":"Litecoin","symbol":"LTC","slug":"litecoin","num_market_pairs":600,"date_added":"2013-04-28T00:00:00.000Z","tags":["mineable"],"max_supply":84000000,"circulating_supply":64591518.2265572,"total_supply":64591518.2265572,"platform":null,"cmc_rank":7,"last_updated":"2020-04-25T23:58:09.000Z","quote":{"USD":{"price":44.7149101045,"volume_24h":4769855703.6491,"percent_change_1h":0.424936,"percent_change_24h":0.120393,"percent_change_7d":1.56423,"market_cap":2888203931.0136786,"last_updated":"2020-04-25T23:58:09.000Z"}}},{"id":1765,"name":"EOS","symbol":"EOS","slug":"eos","num_market_pairs":378,"date_added":"2017-07-01T00:00:00.000Z","tags":[],"max_supply":null,"circulating_supply":922099883.6924,"total_supply":1018799895.692,"platform":null,"cmc_rank":9,"last_updated":"2020-04-25T23:58:10.000Z","quote":{"USD":{"price":2.71629952875,"volume_24h":3268240995.49937,"percent_change_1h":0.223376,"percent_change_24h":0.0719625,"percent_change_7d":0.103177,"market_cap":2504699479.534096,"last_updated":"2020-04-25T23:58:10.000Z"}}},{"id":1831,"name":"Bitcoin Cash","symbol":"BCH","slug":"bitcoin-cash","num_market_pairs":473,"date_added":"2017-07-23T00:00:00.000Z","tags":["mineable"],"max_supply":21000000,"circulating_supply":18390075,"total_supply":18390075,"platform":null,"cmc_rank":5,"last_updated":"2020-04-25T23:58:11.000Z","quote":{"USD":{"price":239.717868326,"volume_24h":3228034422.94544,"percent_change_1h":0.0535004,"percent_change_24h":0.168146,"percent_change_7d":-1.5748,"market_cap":4408429577.355265,"last_updated":"2020-04-25T23:58:11.000Z"}}},{"id":3602,"name":"Bitcoin SV","symbol":"BSV","slug":"bitcoin-sv","num_market_pairs":183,"date_added":"2018-11-09T00:00:00.000Z","tags":["mineable"],"max_supply":21000000,"circulating_supply":18388920.8319233,"total_supply":18388920.8319233,"platform":null,"cmc_rank":6,"last_updated":"2020-04-25T23:58:15.000Z","quote":{"USD":{"price":195.02788945,"volume_24h":2012652584.18457,"percent_change_1h":0.021195,"percent_change_24h":0.582671,"percent_change_7d":-3.96423,"market_cap":3586352419.113139,"last_updated":"2020-04-25T23:58:15.000Z"}}},{"id":1321,"name":"Ethereum Classic","symbol":"ETC","slug":"ethereum-classic","num_market_pairs":246,"date_added":"2016-07-24T00:00:00.000Z","tags":["mineable"],"max_supply":210700000,"circulating_supply":116313299,"total_supply":116313299,"platform":null,"cmc_rank":21,"last_updated":"2020-04-25T23:58:08.000Z","quote":{"USD":{"price":5.77726969855,"volume_24h":1749266188.95646,"percent_change_1h":0.547254,"percent_change_24h":2.76566,"percent_change_7d":2.75203,"market_cap":671973297.851086,"last_updated":"2020-04-25T23:58:08.000Z"}}},{"id":52,"name":"XRP","symbol":"XRP","slug":"xrp","num_market_pairs":545,"date_added":"2013-08-04T00:00:00.000Z","tags":[],"max_supply":100000000000,"circulating_supply":44089620959,"total_supply":99990980257,"platform":null,"cmc_rank":3,"last_updated":"2020-04-25T23:58:08.000Z","quote":{"USD":{"price":0.195053678832,"volume_24h":1648491142.3091,"percent_change_1h":0.188298,"percent_change_24h":0.742991,"percent_change_7d":0.255077,"market_cap":8599842766.361403,"last_updated":"2020-04-25T23:58:08.000Z"}}},{"id":1958,"name":"TRON","symbol":"TRX","slug":"tron","num_market_pairs":337,"date_added":"2017-09-13T00:00:00.000Z","tags":["mineable"],"max_supply":null,"circulating_supply":66682072191.4,"total_supply":99281283754.3,"platform":null,"cmc_rank":16,"last_updated":"2020-04-25T23:58:09.000Z","quote":{"USD":{"price":0.014017710712,"volume_24h":1484554238.42131,"percent_change_1h":0.249829,"percent_change_24h":0.285683,"percent_change_7d":4.93521,"market_cap":934729997.6557451,"last_updated":"2020-04-25T23:58:09.000Z"}}},{"id":131,"name":"Dash","symbol":"DASH","slug":"dash","num_market_pairs":297,"date_added":"2014-02-14T00:00:00.000Z","tags":["mineable"],"max_supply":18900000,"circulating_supply":9457980.40965297,"total_supply":9457980.40965297,"platform":null,"cmc_rank":18,"last_updated":"2020-04-25T23:58:08.000Z","quote":{"USD":{"price":85.6593106294,"volume_24h":862671932.779282,"percent_change_1h":0.368633,"percent_change_24h":4.76816,"percent_change_7d":6.99124,"market_cap":810164081.8372437,"last_updated":"2020-04-25T23:58:08.000Z"}}},{"id":1437,"name":"Zcash","symbol":"ZEC","slug":"zcash","num_market_pairs":238,"date_added":"2016-10-29T00:00:00.000Z","tags":["mineable"],"max_supply":21000000,"circulating_supply":9020106.25,"total_supply":9020106.25,"platform":null,"cmc_rank":26,"last_updated":"2020-04-25T23:58:09.000Z","quote":{"USD":{"price":45.0005064291,"volume_24h":627500096.919308,"percent_change_1h":0.163913,"percent_change_24h":1.54773,"percent_change_7d":5.52376,"market_cap":405909349.29429007,"last_updated":"2020-04-25T23:58:09.000Z"}}},{"id":1376,"name":"Neo","symbol":"NEO","slug":"neo","num_market_pairs":238,"date_added":"2016-09-08T00:00:00.000Z","tags":[],"max_supply":100000000,"circulating_supply":70538831,"total_supply":100000000,"platform":null,"cmc_rank":22,"last_updated":"2020-04-25T23:58:07.000Z","quote":{"USD":{"price":8.47291898868,"volume_24h":610982739.216574,"percent_change_1h":0.469788,"percent_change_24h":4.66399,"percent_change_7d":7.72346,"market_cap":597669800.6191894,"last_updated":"2020-04-25T23:58:07.000Z"}}},{"id":512,"name":"Stellar","symbol":"XLM","slug":"stellar","num_market_pairs":296,"date_added":"2014-08-05T00:00:00.000Z","tags":[],"max_supply":null,"circulating_supply":20295869262.6453,"total_supply":50001803872.8717,"platform":null,"cmc_rank":12,"last_updated":"2020-04-25T23:58:09.000Z","quote":{"USD":{"price":0.0621527822466,"volume_24h":526584849.544519,"percent_change_1h":0.450284,"percent_change_24h":0.901599,"percent_change_7d":23.2961,"market_cap":1261444742.7866557,"last_updated":"2020-04-25T23:58:09.000Z"}}},{"id":2563,"name":"TrueUSD","symbol":"TUSD","slug":"trueusd","num_market_pairs":155,"date_added":"2018-03-06T00:00:00.000Z","tags":[],"max_supply":null,"circulating_supply":131716094.05,"total_supply":131716094.05,"platform":{"id":1027,"name":"Ethereum","symbol":"ETH","slug":"ethereum","token_address":"0x0000000000085d4780B73119b644AE5ecd22b376"},"cmc_rank":43,"last_updated":"2020-04-25T23:58:11.000Z","quote":{"USD":{"price":1.00413896344,"volume_24h":458265708.159512,"percent_change_1h":0.191196,"percent_change_24h":-0.244807,"percent_change_7d":0.377131,"market_cap":132261262.14773254,"last_updated":"2020-04-25T23:58:11.000Z"}}},{"id":3330,"name":"Paxos Standard","symbol":"PAX","slug":"paxos-standard","num_market_pairs":99,"date_added":"2018-09-27T00:00:00.000Z","tags":[],"max_supply":null,"circulating_supply":244951954.494264,"total_supply":249952064.83,"platform":{"id":1027,"name":"Ethereum","symbol":"ETH","slug":"ethereum","token_address":"0x8e870d67f660d95d5be530380d0ec0bd388289e1"},"cmc_rank":34,"last_updated":"2020-04-25T23:58:13.000Z","quote":{"USD":{"price":1.00336765622,"volume_24h":443835945.216254,"percent_change_1h":0.125527,"percent_change_24h":-0.345453,"percent_change_7d":0.268204,"market_cap":245776868.46741778,"last_updated":"2020-04-25T23:58:13.000Z"}}},{"id":1684,"name":"Qtum","symbol":"QTUM","slug":"qtum","num_market_pairs":172,"date_added":"2017-05-24T00:00:00.000Z","tags":[],"max_supply":107822406,"circulating_supply":96607300.359,"total_supply":102357300,"platform":null,"cmc_rank":42,"last_updated":"2020-04-25T23:58:07.000Z","quote":{"USD":{"price":1.48879134677,"volume_24h":384469164.627429,"percent_change_1h":0.185599,"percent_change_24h":3.98302,"percent_change_7d":4.07632,"market_cap":143828112.80928952,"last_updated":"2020-04-25T23:58:07.000Z"}}},{"id":3408,"name":"USD Coin","symbol":"USDC","slug":"usd-coin","num_market_pairs":219,"date_added":"2018-10-08T00:00:00.000Z","tags":[],"max_supply":null,"circulating_supply":751388190.958994,"total_supply":755391159.49,"platform":{"id":1027,"name":"Ethereum","symbol":"ETH","slug":"ethereum","token_address":"0xa0b86991c6218b36c1d19d4a2e9eb0ce3606eb48"},"cmc_rank":20,"last_updated":"2020-04-25T23:58:13.000Z","quote":{"USD":{"price":1.0039659696,"volume_24h":379571251.950931,"percent_change_1h":0.163515,"percent_change_24h":-0.247119,"percent_change_7d":0.31731,"market_cap":754368173.6821364,"last_updated":"2020-04-25T23:58:13.000Z"}}},{"id":1839,"name":"Binance Coin","symbol":"BNB","slug":"binance-coin","num_market_pairs":305,"date_added":"2017-07-25T00:00:00.000Z","tags":[],"max_supply":187536713,"circulating_supply":155536713,"total_supply":187536713,"platform":null,"cmc_rank":8,"last_updated":"2020-04-25T23:58:10.000Z","quote":{"USD":{"price":16.3054179427,"volume_24h":362345239.582134,"percent_change_1h":0.292722,"percent_change_24h":1.89732,"percent_change_7d":-1.3573,"market_cap":2536091110.8987803,"last_updated":"2020-04-25T23:58:10.000Z"}}},{"id":1975,"name":"Chainlink","symbol":"LINK","slug":"chainlink","num_market_pairs":170,"date_added":"2017-09-20T00:00:00.000Z","tags":[],"max_supply":null,"circulating_supply":350000000,"total_supply":1000000000,"platform":{"id":1027,"name":"Ethereum","symbol":"ETH","slug":"ethereum","token_address":"0x514910771af9ca656af840dff83e8264ecf986ca"},"cmc_rank":11,"last_updated":"2020-04-25T23:58:09.000Z","quote":{"USD":{"price":3.80308827669,"volume_24h":326366095.985461,"percent_change_1h":0.263523,"percent_change_24h":0.042236,"percent_change_7d":1.36049,"market_cap":1331080896.8415,"last_updated":"2020-04-25T23:58:09.000Z"}}},{"id":2011,"name":"Tezos","symbol":"XTZ","slug":"tezos","num_market_pairs":90,"date_added":"2017-10-06T00:00:00.000Z","tags":[],"max_supply":null,"circulating_supply":708255589.198693,"total_supply":708255589.198693,"platform":null,"cmc_rank":10,"last_updated":"2020-04-25T23:58:09.000Z","quote":{"USD":{"price":2.86804002782,"volume_24h":296143369.786592,"percent_change_1h":0.768082,"percent_change_24h":5.7439,"percent_change_7d":23.355,"market_cap":2031305379.74909,"last_updated":"2020-04-25T23:58:09.000Z"}}},{"id":2319,"name":"QCash","symbol":"QC","slug":"qcash","num_market_pairs":91,"date_added":"2019-12-12T00:00:00.000Z","tags":[],"max_supply":10000000000,"circulating_supply":460000200,"total_supply":10000000000,"platform":{"id":1684,"name":"Qtum","symbol":"QTUM","slug":"qtum","token_address":"f2033ede578e17fa6231047265010445bca8cf1c"},"cmc_rank":221,"last_updated":"2020-04-25T23:58:09.000Z","quote":{"USD":{"price":0.140584673409,"volume_24h":276058549.496164,"percent_change_1h":0.110261,"percent_change_24h":-0.291567,"percent_change_7d":0.494165,"market_cap":64668977.88507468,"last_updated":"2020-04-25T23:58:09.000Z"}}},{"id":3794,"name":"Cosmos","symbol":"ATOM","slug":"cosmos","num_market_pairs":121,"date_added":"2019-03-14T00:00:00.000Z","tags":[],"max_supply":null,"circulating_supply":190688439.2,"total_supply":237928230.821588,"platform":null,"cmc_rank":24,"last_updated":"2020-04-25T23:58:14.000Z","quote":{"USD":{"price":2.88256358722,"volume_24h":244311461.841775,"percent_change_1h":0.252041,"percent_change_24h":5.15975,"percent_change_7d":15.5667,"market_cap":549671551.3417348,"last_updated":"2020-04-25T23:58:14.000Z"}}},{"id":74,"name":"Dogecoin","symbol":"DOGE","slug":"dogecoin","num_market_pairs":239,"date_added":"2013-12-15T00:00:00.000Z","tags":["mineable"],"max_supply":null,"circulating_supply":124302538913.54,"total_supply":124302538913.54,"platform":null,"cmc_rank":33,"last_updated":"2020-04-25T23:58:08.000Z","quote":{"USD":{"price":0.00214152023241,"volume_24h":229810398.160721,"percent_change_1h":0.624758,"percent_change_24h":1.9416,"percent_change_7d":4.22663,"market_cap":266196402.02327725,"last_updated":"2020-04-25T23:58:08.000Z"}}},{"id":2502,"name":"Huobi Token","symbol":"HT","slug":"huobi-token","num_market_pairs":136,"date_added":"2018-02-03T00:00:00.000Z","tags":[],"max_supply":null,"circulating_supply":222668092.971921,"total_supply":500000000,"platform":{"id":1027,"name":"Ethereum","symbol":"ETH","slug":"ethereum","token_address":"0x6f259637dcd74c767781e37bc6133cd6a68aa161"},"cmc_rank":17,"last_updated":"2020-04-25T23:58:10.000Z","quote":{"USD":{"price":3.97631872058,"volume_24h":199869936.260992,"percent_change_1h":0.063922,"percent_change_24h":-0.44889,"percent_change_7d":1.3269,"market_cap":885399306.5600975,"last_updated":"2020-04-25T23:58:10.000Z"}}},{"id":3077,"name":"VeChain","symbol":"VET","slug":"vechain","num_market_pairs":98,"date_added":"2017-08-22T00:00:00.000Z","tags":[],"max_supply":null,"circulating_supply":55454734800,"total_supply":86712634466,"platform":null,"cmc_rank":35,"last_updated":"2020-04-25T23:58:12.000Z","quote":{"USD":{"price":0.00422985658362,"volume_24h":159739193.238531,"percent_change_1h":-0.0476223,"percent_change_24h":3.16938,"percent_change_7d":6.67223,"market_cap":234565575.08668113,"last_updated":"2020-04-25T23:58:12.000Z"}}},{"id":3897,"name":"OKB","symbol":"OKB","slug":"okb","num_market_pairs":50,"date_added":"2019-04-30T00:00:00.000Z","tags":[],"max_supply":null,"circulating_supply":60000000,"total_supply":300000000,"platform":{"id":1027,"name":"Ethereum","symbol":"ETH","slug":"ethereum","token_address":"0x75231f58b43240c9718dd58b4967c5114342a86c"},"cmc_rank":30,"last_updated":"2020-04-25T23:58:14.000Z","quote":{"USD":{"price":4.89391179701,"volume_24h":125505398.628351,"percent_change_1h":0.221776,"percent_change_24h":-0.722378,"percent_change_7d":1.58703,"market_cap":293634707.82060003,"last_updated":"2020-04-25T23:58:14.000Z"}}},{"id":2566,"name":"Ontology","symbol":"ONT","slug":"ontology","num_market_pairs":119,"date_added":"2018-03-08T00:00:00.000Z","tags":[],"max_supply":null,"circulating_supply":656746573,"total_supply":1000000000,"platform":null,"cmc_rank":29,"last_updated":"2020-04-25T23:58:10.000Z","quote":{"USD":{"price":0.462014547118,"volume_24h":119283972.188698,"percent_change_1h":0.139144,"percent_change_24h":1.93448,"percent_change_7d":9.16728,"market_cap":303426470.49589354,"last_updated":"2020-04-25T23:58:10.000Z"}}},{"id":2456,"name":"OFCOIN","symbol":"OF","slug":"ofcoin","num_market_pairs":1,"date_added":"2018-01-24T00:00:00.000Z","tags":[],"max_supply":null,"circulating_supply":null,"total_supply":51200000000,"platform":null,"cmc_rank":2030,"last_updated":"2020-04-25T23:58:09.000Z","quote":{"USD":{"price":0.0000452265291033,"volume_24h":117655440.575702,"percent_change_1h":0.136278,"percent_change_24h":-10.2755,"percent_change_7d":0.251756,"market_cap":null,"last_updated":"2020-04-25T23:58:09.000Z"}}},{"id":328,"name":"Monero","symbol":"XMR","slug":"monero","num_market_pairs":146,"date_added":"2014-05-21T00:00:00.000Z","tags":["mineable"],"max_supply":null,"circulating_supply":17536914.1315852,"total_supply":17536914.1315852,"platform":null,"cmc_rank":14,"last_updated":"2020-04-25T23:58:06.000Z","quote":{"USD":{"price":60.725073188,"volume_24h":102455402.940132,"percent_change_1h":0.179088,"percent_change_24h":-0.274958,"percent_change_7d":4.51467,"market_cap":1064930394.1321827,"last_updated":"2020-04-25T23:58:06.000Z"}}},{"id":2010,"name":"Cardano","symbol":"ADA","slug":"cardano","num_market_pairs":131,"date_added":"2017-10-01T00:00:00.000Z","tags":["mineable"],"max_supply":45000000000,"circulating_supply":25927070538,"total_supply":31112483745,"platform":null,"cmc_rank":13,"last_updated":"2020-04-25T23:58:09.000Z","quote":{"USD":{"price":0.0424082457075,"volume_24h":101619888.944416,"percent_change_1h":0.575609,"percent_change_24h":1.68904,"percent_change_7d":16.3164,"market_cap":1099521577.8511882,"last_updated":"2020-04-25T23:58:09.000Z"}}},{"id":1168,"name":"Decred","symbol":"DCR","slug":"decred","num_market_pairs":49,"date_added":"2016-02-10T00:00:00.000Z","tags":["mineable"],"max_supply":21000000,"circulating_supply":11406802.2753595,"total_supply":11406802.2753595,"platform":null,"cmc_rank":41,"last_updated":"2020-04-25T23:58:06.000Z","quote":{"USD":{"price":12.8563279241,"volume_24h":91070848.4382982,"percent_change_1h":0.625056,"percent_change_24h":2.65819,"percent_change_7d":0.428203,"market_cap":146649590.61739177,"last_updated":"2020-04-25T23:58:06.000Z"}}},{"id":1808,"name":"OmiseGO","symbol":"OMG","slug":"omisego","num_market_pairs":209,"date_added":"2017-07-14T00:00:00.000Z","tags":[],"max_supply":null,"circulating_supply":140245398.245133,"total_supply":140245398.245133,"platform":{"id":1027,"name":"Ethereum","symbol":"ETH","slug":"ethereum","token_address":"0xd26114cd6EE289AccF82350c8d8487fedB8A0C07"},"cmc_rank":57,"last_updated":"2020-04-25T23:58:08.000Z","quote":{"USD":{"price":0.63382704512,"volume_24h":88466786.5173932,"percent_change_1h":0.797047,"percent_change_24h":2.00707,"percent_change_7d":6.11751,"market_cap":88891326.3613903,"last_updated":"2020-04-25T23:58:08.000Z"}}},{"id":1697,"name":"Basic Attention Token","symbol":"BAT","slug":"basic-attention-token","num_market_pairs":183,"date_added":"2017-06-01T00:00:00.000Z","tags":[],"max_supply":null,"circulating_supply":1457527137.0863,"total_supply":1500000000,"platform":{"id":1027,"name":"Ethereum","symbol":"ETH","slug":"ethereum","token_address":"0x0d8775f648430679a709e98d2b0cb6250d2887ef"},"cmc_rank":32,"last_updated":"2020-04-25T23:58:08.000Z","quote":{"USD":{"price":0.183153418189,"volume_24h":81147945.6084321,"percent_change_1h":0.127276,"percent_change_24h":2.79018,"percent_change_7d":6.85027,"market_cap":266951077.260583,"last_updated":"2020-04-25T23:58:08.000Z"}}},{"id":3702,"name":"Beam","symbol":"BEAM","slug":"beam","num_market_pairs":32,"date_added":"2019-01-17T00:00:00.000Z","tags":["mineable"],"max_supply":262800000,"circulating_supply":60303520,"total_supply":60303520,"platform":null,"cmc_rank":154,"last_updated":"2020-04-25T23:58:13.000Z","quote":{"USD":{"price":0.310552051492,"volume_24h":73829527.6536858,"percent_change_1h":0.642816,"percent_change_24h":8.41827,"percent_change_7d":10.8681,"market_cap":18727381.84818885,"last_updated":"2020-04-25T23:58:13.000Z"}}},{"id":4064,"name":"USDK","symbol":"USDK","slug":"usdk","num_market_pairs":37,"date_added":"2019-07-29T00:00:00.000Z","tags":[],"max_supply":null,"circulating_supply":28600072,"total_supply":28600072,"platform":{"id":1027,"name":"Ethereum","symbol":"ETH","slug":"ethereum","token_address":"0x1c48f86ae57291f7686349f12601910bd8d470bb"},"cmc_rank":252,"last_updated":"2020-04-25T23:58:15.000Z","quote":{"USD":{"price":1.00374300443,"volume_24h":72837978.7440959,"percent_change_1h":0.167612,"percent_change_24h":-0.25576,"percent_change_7d":0.0976766,"market_cap":28707122.196194317,"last_updated":"2020-04-25T23:58:15.000Z"}}},{"id":1772,"name":"Storj","symbol":"STORJ","slug":"storj","num_market_pairs":32,"date_added":"2017-07-02T00:00:00.000Z","tags":[],"max_supply":null,"circulating_supply":135787438.700013,"total_supply":424999998.000013,"platform":{"id":1027,"name":"Ethereum","symbol":"ETH","slug":"ethereum","token_address":"0xb64ef51c888972c908cfacf59b47c1afbc0ab8ac"},"cmc_rank":180,"last_updated":"2020-04-25T23:58:07.000Z","quote":{"USD":{"price":0.100814132907,"volume_24h":71402656.0106596,"percent_change_1h":-0.341144,"percent_change_24h":1.20901,"percent_change_7d":3.00438,"market_cap":13689292.892204227,"last_updated":"2020-04-25T23:58:07.000Z"}}},{"id":5031,"name":"MimbleWimbleCoin","symbol":"MWC","slug":"mimblewimblecoin","num_market_pairs":7,"date_added":"2020-02-24T00:00:00.000Z","tags":[],"max_supply":20000000,"circulating_supply":8011738.0569404,"total_supply":10521381.0569404,"platform":null,"cmc_rank":209,"last_updated":"2020-04-25T23:58:16.000Z","quote":{"USD":{"price":18.0335002561,"volume_24h":69611362.044726,"percent_change_1h":0.935116,"percent_change_24h":6.46393,"percent_change_7d":33.4603,"market_cap":144479680.30164084,"last_updated":"2020-04-25T23:58:16.000Z"}}},{"id":3718,"name":"BitTorrent","symbol":"BTT","slug":"bittorrent","num_market_pairs":134,"date_added":"2019-01-31T00:00:00.000Z","tags":[],"max_supply":null,"circulating_supply":212116500000,"total_supply":990000000000,"platform":{"id":1958,"name":"TRON","symbol":"TRX","slug":"tron","token_address":"1002000"},"cmc_rank":80,"last_updated":"2020-04-25T23:58:14.000Z","quote":{"USD":{"price":0.00024494310774,"volume_24h":64726915.3977178,"percent_change_1h":0.36689,"percent_change_24h":1.35254,"percent_change_7d":4.73048,"market_cap":51956474.71293171,"last_updated":"2020-04-25T23:58:14.000Z"}}},{"id":2307,"name":"Bibox Token","symbol":"BIX","slug":"bibox-token","num_market_pairs":27,"date_added":"2017-12-24T00:00:00.000Z","tags":[],"max_supply":null,"circulating_supply":97882450.27,"total_supply":251424733.27,"platform":{"id":1027,"name":"Ethereum","symbol":"ETH","slug":"ethereum","token_address":"0xb3104b4b9da82025e8b9f8fb28b3553ce2f67069"},"cmc_rank":332,"last_updated":"2020-04-25T23:58:08.000Z","quote":{"USD":{"price":0.0839914253476,"volume_24h":62603451.1254092,"percent_change_1h":0.316325,"percent_change_24h":2.91353,"percent_change_7d":4.11831,"market_cap":8221286.514692874,"last_updated":"2020-04-25T23:58:08.000Z"}}},{"id":4030,"name":"Algorand","symbol":"ALGO","slug":"algorand","num_market_pairs":77,"date_added":"2019-06-20T00:00:00.000Z","tags":["mineable"],"max_supply":null,"circulating_supply":708674542.793937,"total_supply":3239946385.79394,"platform":null,"cmc_rank":39,"last_updated":"2020-04-25T23:58:15.000Z","quote":{"USD":{"price":0.212436928096,"volume_24h":62443711.625957,"percent_change_1h":-0.443031,"percent_change_24h":2.29192,"percent_change_7d":7.00379,"market_cap":150548642.89098126,"last_updated":"2020-04-25T23:58:15.000Z"}}},{"id":1776,"name":"MCO","symbol":"MCO","slug":"crypto-com","num_market_pairs":61,"date_added":"2017-07-03T00:00:00.000Z","tags":[],"max_supply":null,"circulating_supply":15793831.0949625,"total_supply":31587682.3632061,"platform":{"id":1027,"name":"Ethereum","symbol":"ETH","slug":"ethereum","token_address":"0xb63b606ac810a52cca15e44bb630fd42d8d1d83d"},"cmc_rank":59,"last_updated":"2020-04-25T23:58:07.000Z","quote":{"USD":{"price":5.11981230042,"volume_24h":55689424.6876106,"percent_change_1h":0.55781,"percent_change_24h":0.754889,"percent_change_7d":-3.2165,"market_cap":80861450.71074487,"last_updated":"2020-04-25T23:58:07.000Z"}}},{"id":4687,"name":"Binance USD","symbol":"BUSD","slug":"binance-usd","num_market_pairs":61,"date_added":"2019-09-20T00:00:00.000Z","tags":[],"max_supply":null,"circulating_supply":190748647.59,"total_supply":190748647.59,"platform":{"id":1027,"name":"Ethereum","symbol":"ETH","slug":"ethereum","token_address":"0x4Fabb145d64652a948d72533023f6E7A623C7C53"},"cmc_rank":37,"last_updated":"2020-04-25T23:58:16.000Z","quote":{"USD":{"price":1.00345171539,"volume_24h":54025403.9043366,"percent_change_1h":0.111091,"percent_change_24h":-0.328023,"percent_change_7d":0.267179,"market_cap":191407057.6325081,"last_updated":"2020-04-25T23:58:16.000Z"}}},{"id":2280,"name":"Filecoin [Futures]","symbol":"FIL","slug":"filecoin","num_market_pairs":4,"date_added":"2017-12-13T00:00:00.000Z","tags":["mineable"],"max_supply":null,"circulating_supply":null,"total_supply":null,"platform":null,"cmc_rank":2031,"last_updated":"2020-04-25T23:58:08.000Z","quote":{"USD":{"price":5.10652651221,"volume_24h":50183553.0152253,"percent_change_1h":-1.04861,"percent_change_24h":-1.65078,"percent_change_7d":1.24,"market_cap":null,"last_updated":"2020-04-25T23:58:08.000Z"}}},{"id":2349,"name":"Mixin","symbol":"XIN","slug":"mixin","num_market_pairs":8,"date_added":"2018-01-09T00:00:00.000Z","tags":[],"max_supply":1000000,"circulating_supply":510473.266535786,"total_supply":1000000,"platform":{"id":1027,"name":"Ethereum","symbol":"ETH","slug":"ethereum","token_address":"0xa974c709cfb4566686553a20790685a47aceaa33"},"cmc_rank":216,"last_updated":"2020-04-25T23:58:10.000Z","quote":{"USD":{"price":169.400953327,"volume_24h":50081208.6169432,"percent_change_1h":0.277519,"percent_change_24h":2.90584,"percent_change_7d":0.152608,"market_cap":86474657.99910991,"last_updated":"2020-04-25T23:58:10.000Z"}}},{"id":1982,"name":"Kyber Network","symbol":"KNC","slug":"kyber-network","num_market_pairs":64,"date_added":"2017-09-24T00:00:00.000Z","tags":[],"max_supply":null,"circulating_supply":180432602.911872,"total_supply":210939151.730736,"platform":{"id":1027,"name":"Ethereum","symbol":"ETH","slug":"ethereum","token_address":"0xdd974d5c2e2928dea5f71b9825b8b646686bd200"},"cmc_rank":54,"last_updated":"2020-04-25T23:58:08.000Z","quote":{"USD":{"price":0.549679975332,"volume_24h":49576898.4883293,"percent_change_1h":1.38007,"percent_change_24h":7.71585,"percent_change_7d":11.4785,"market_cap":99180188.71768634,"last_updated":"2020-04-25T23:58:08.000Z"}}},{"id":3657,"name":"Lambda","symbol":"LAMB","slug":"lambda","num_market_pairs":41,"date_added":"2019-01-02T00:00:00.000Z","tags":[],"max_supply":10000000000,"circulating_supply":647017614.163218,"total_supply":6000000000,"platform":{"id":1027,"name":"Ethereum","symbol":"ETH","slug":"ethereum","token_address":"0x8971f9fd7196e5cee2c1032b50f656855af7dd26"},"cmc_rank":320,"last_updated":"2020-04-25T23:58:13.000Z","quote":{"USD":{"price":0.0137226696522,"volume_24h":44518264.6892867,"percent_change_1h":-0.101051,"percent_change_24h":4.87184,"percent_change_7d":-0.591128,"market_cap":8878808.978316441,"last_updated":"2020-04-25T23:58:13.000Z"}}},{"id":3437,"name":"ABBC Coin","symbol":"ABBC","slug":"abbc-coin","num_market_pairs":42,"date_added":"2018-10-12T00:00:00.000Z","tags":["mineable"],"max_supply":null,"circulating_supply":555416924.350722,"total_supply":1003278750.0109,"platform":null,"cmc_rank":69,"last_updated":"2020-04-25T23:58:13.000Z","quote":{"USD":{"price":0.114937183628,"volume_24h":44477044.8781427,"percent_change_1h":0.0798272,"percent_change_24h":0.459764,"percent_change_7d":-2.62938,"market_cap":63838057.02419791,"last_updated":"2020-04-25T23:58:13.000Z"}}},{"id":4229,"name":"Yobit Token","symbol":"YO","slug":"yobit-token","num_market_pairs":11,"date_added":"2019-09-03T00:00:00.000Z","tags":[],"max_supply":null,"circulating_supply":null,"total_supply":17000,"platform":{"id":1027,"name":"Ethereum","symbol":"ETH","slug":"ethereum","token_address":"0xebf4ca5319f406602eeff68da16261f1216011b5"},"cmc_rank":2032,"last_updated":"2020-04-25T23:58:15.000Z","quote":{"USD":{"price":772.642797331,"volume_24h":41959582.4851668,"percent_change_1h":1.74016,"percent_change_24h":4.40361,"percent_change_7d":6.21504,"market_cap":null,"last_updated":"2020-04-25T23:58:15.000Z"}}},{"id":3306,"name":"Gemini Dollar","symbol":"GUSD","slug":"gemini-dollar","num_market_pairs":31,"date_added":"2018-10-05T00:00:00.000Z","tags":[],"max_supply":null,"circulating_supply":5884964.1,"total_supply":5884964.1,"platform":{"id":1027,"name":"Ethereum","symbol":"ETH","slug":"ethereum","token_address":"0x056Fd409E1d7A124BD7017459dFEa2F387b6d5Cd"},"cmc_rank":402,"last_updated":"2020-04-25T23:58:12.000Z","quote":{"USD":{"price":1.01021124313,"volume_24h":41854658.3378071,"percent_change_1h":0.468202,"percent_change_24h":0.304122,"percent_change_7d":1.14229,"market_cap":5945056.899236422,"last_updated":"2020-04-25T23:58:12.000Z"}}},{"id":3351,"name":"ZB Token","symbol":"ZB","slug":"zb-token","num_market_pairs":11,"date_added":"2018-09-27T00:00:00.000Z","tags":[],"max_supply":null,"circulating_supply":463288810,"total_supply":2100000000,"platform":{"id":1027,"name":"Ethereum","symbol":"ETH","slug":"ethereum","token_address":"0xbd0793332e9fb844a52a205a233ef27a5b34b927"},"cmc_rank":50,"last_updated":"2020-04-25T23:58:12.000Z","quote":{"USD":{"price":0.246242545473,"volume_24h":40521549.9859492,"percent_change_1h":-0.577756,"percent_change_24h":1.82942,"percent_change_7d":1.79348,"market_cap":114081415.86355706,"last_updated":"2020-04-25T23:58:12.000Z"}}},{"id":2083,"name":"Bitcoin Gold","symbol":"BTG","slug":"bitcoin-gold","num_market_pairs":73,"date_added":"2017-10-23T00:00:00.000Z","tags":["mineable"],"max_supply":21000000,"circulating_supply":17513923.589,"total_supply":17513923.589,"platform":null,"cmc_rank":38,"last_updated":"2020-04-25T23:58:08.000Z","quote":{"USD":{"price":9.44135148249,"volume_24h":37812713.622939,"percent_change_1h":0.148314,"percent_change_24h":-0.0290424,"percent_change_7d":-5.62305,"market_cap":165355108.44122174,"last_updated":"2020-04-25T23:58:08.000Z"}}},{"id":2405,"name":"IOST","symbol":"IOST","slug":"iostoken","num_market_pairs":85,"date_added":"2018-01-16T00:00:00.000Z","tags":[],"max_supply":null,"circulating_supply":12013965608.8475,"total_supply":21000000000,"platform":null,"cmc_rank":92,"last_updated":"2020-04-25T23:58:11.000Z","quote":{"USD":{"price":0.00353561174109,"volume_24h":36184638.5349319,"percent_change_1h":0.0914635,"percent_change_24h":-1.67833,"percent_change_7d":3.9846,"market_cap":42476717.863692686,"last_updated":"2020-04-25T23:58:11.000Z"}}},{"id":1274,"name":"Waves","symbol":"WAVES","slug":"waves","num_market_pairs":144,"date_added":"2016-06-02T00:00:00.000Z","tags":[],"max_supply":null,"circulating_supply":101765014,"total_supply":101765014,"platform":null,"cmc_rank":52,"last_updated":"2020-04-25T23:58:07.000Z","quote":{"USD":{"price":1.0275810187,"volume_24h":35729735.0446624,"percent_change_1h":0.357908,"percent_change_24h":1.26165,"percent_change_7d":-0.672256,"market_cap":104571796.75413977,"last_updated":"2020-04-25T23:58:07.000Z"}}},{"id":2130,"name":"Enjin Coin","symbol":"ENJ","slug":"enjin-coin","num_market_pairs":61,"date_added":"2017-11-01T00:00:00.000Z","tags":[],"max_supply":null,"circulating_supply":814772129.064264,"total_supply":1000000000,"platform":{"id":1027,"name":"Ethereum","symbol":"ETH","slug":"ethereum","token_address":"0xf629cbd94d3791c9250152bd8dfbdf380e2a3b9c"},"cmc_rank":46,"last_updated":"2020-04-25T23:58:08.000Z","quote":{"USD":{"price":0.148795603763,"volume_24h":35519252.9832159,"percent_change_1h":2.13882,"percent_change_24h":14.1768,"percent_change_7d":44.9842,"market_cap":121234510.87338212,"last_updated":"2020-04-25T23:58:08.000Z"}}},{"id":1104,"name":"Augur","symbol":"REP","slug":"augur","num_market_pairs":73,"date_added":"2015-10-27T00:00:00.000Z","tags":[],"max_supply":null,"circulating_supply":11000000,"total_supply":11000000,"platform":{"id":1027,"name":"Ethereum","symbol":"ETH","slug":"ethereum","token_address":"0x1985365e9f78359a9b6ad760e32412f4a445e862"},"cmc_rank":51,"last_updated":"2020-04-25T23:58:07.000Z","quote":{"USD":{"price":10.2170751435,"volume_24h":35158416.4058285,"percent_change_1h":-0.210148,"percent_change_24h":-0.0361059,"percent_change_7d":0.18035,"market_cap":112387826.5785,"last_updated":"2020-04-25T23:58:07.000Z"}}},{"id":3709,"name":"Grin","symbol":"GRIN","slug":"grin","num_market_pairs":60,"date_added":"2019-01-27T00:00:00.000Z","tags":["mineable"],"max_supply":null,"circulating_supply":40120080,"total_supply":40120080,"platform":null,"cmc_rank":147,"last_updated":"2020-04-25T23:58:13.000Z","quote":{"USD":{"price":0.501351951214,"volume_24h":34396173.7067442,"percent_change_1h":0.187378,"percent_change_24h":0.325544,"percent_change_7d":-0.318536,"market_cap":20114280.390861776,"last_updated":"2020-04-25T23:58:13.000Z"}}},{"id":2099,"name":"ICON","symbol":"ICX","slug":"icon","num_market_pairs":61,"date_added":"2017-10-27T00:00:00.000Z","tags":[],"max_supply":null,"circulating_supply":538276522.357057,"total_supply":800460000,"platform":null,"cmc_rank":40,"last_updated":"2020-04-25T23:58:08.000Z","quote":{"USD":{"price":0.27285388741,"volume_24h":33303808.5246695,"percent_change_1h":-0.43503,"percent_change_24h":2.98802,"percent_change_7d":11.5143,"market_cap":146870841.62665877,"last_updated":"2020-04-25T23:58:08.000Z"}}},{"id":2457,"name":"TrueChain","symbol":"TRUE","slug":"truechain","num_market_pairs":16,"date_added":"2018-01-24T00:00:00.000Z","tags":[],"max_supply":null,"circulating_supply":79575542.96,"total_supply":100000000,"platform":null,"cmc_rank":138,"last_updated":"2020-04-25T23:58:09.000Z","quote":{"USD":{"price":0.268085518516,"volume_24h":32662098.0788632,"percent_change_1h":-0.00639623,"percent_change_24h":-0.308851,"percent_change_7d":-4.40934,"market_cap":21333050.69562383,"last_updated":"2020-04-25T23:58:09.000Z"}}},{"id":624,"name":"bitCNY","symbol":"BITCNY","slug":"bitcny","num_market_pairs":23,"date_added":"2014-09-23T00:00:00.000Z","tags":[],"max_supply":null,"circulating_supply":31248000,"total_supply":31248000,"platform":{"id":463,"name":"BitShares","symbol":"BTS","slug":"bitshares","token_address":"CNY"},"cmc_rank":480,"last_updated":"2020-04-25T23:58:05.000Z","quote":{"USD":{"price":0.140795589898,"volume_24h":29369691.2198999,"percent_change_1h":0.000774508,"percent_change_24h":-0.465227,"percent_change_7d":0.216089,"market_cap":4399580.5931327045,"last_updated":"2020-04-25T23:58:05.000Z"}}},{"id":5217,"name":"3X Long Ethereum Token","symbol":"ETHBULL","slug":"3x-long-ethereum-token","num_market_pairs":7,"date_added":"2020-02-11T00:00:00.000Z","tags":[],"max_supply":null,"circulating_supply":null,"total_supply":2688.70054275,"platform":{"id":1027,"name":"Ethereum","symbol":"ETH","slug":"ethereum","token_address":"0x871baed4088b863fd6407159f3672d70cd34837d"},"cmc_rank":2033,"last_updated":"2020-04-25T23:58:16.000Z","quote":{"USD":{"price":204.373203321,"volume_24h":26794999.0556754,"percent_change_1h":1.46089,"percent_change_24h":11.2938,"percent_change_7d":10.9894,"market_cap":null,"last_updated":"2020-04-25T23:58:16.000Z"}}},{"id":1896,"name":"0x","symbol":"ZRX","slug":"0x","num_market_pairs":179,"date_added":"2017-08-16T00:00:00.000Z","tags":[],"max_supply":null,"circulating_supply":652285423.432216,"total_supply":1000000000,"platform":{"id":1027,"name":"Ethereum","symbol":"ETH","slug":"ethereum","token_address":"0xe41d2489571d322189246dafa5ebde1f4699f498"},"cmc_rank":47,"last_updated":"2020-04-25T23:58:08.000Z","quote":{"USD":{"price":0.185622242935,"volume_24h":25859090.7410755,"percent_change_1h":0.272863,"percent_change_24h":-0.116423,"percent_change_7d":4.08665,"market_cap":121078683.33129413,"last_updated":"2020-04-25T23:58:08.000Z"}}},{"id":109,"name":"DigiByte","symbol":"DGB","slug":"digibyte","num_market_pairs":77,"date_added":"2014-02-06T00:00:00.000Z","tags":["mineable"],"max_supply":21000000000,"circulating_supply":13072005076.9652,"total_supply":13072005076.9652,"platform":null,"cmc_rank":36,"last_updated":"2020-04-25T23:58:05.000Z","quote":{"USD":{"price":0.0164268997052,"volume_24h":25223564.8708022,"percent_change_1h":2.20043,"percent_change_24h":30.0241,"percent_change_7d":113.804,"market_cap":214732516.34517255,"last_updated":"2020-04-25T23:58:05.000Z"}}},{"id":3890,"name":"Matic Network","symbol":"MATIC","slug":"matic-network","num_market_pairs":51,"date_added":"2019-04-28T00:00:00.000Z","tags":[],"max_supply":null,"circulating_supply":2758503686,"total_supply":10000000000,"platform":{"id":1027,"name":"Ethereum","symbol":"ETH","slug":"ethereum","token_address":"0x7D1AfA7B718fb893dB30A3aBc0Cfc608AaCfeBB0"},"cmc_rank":94,"last_updated":"2020-04-25T23:58:14.000Z","quote":{"USD":{"price":0.0151350450772,"volume_24h":22755020.404822,"percent_change_1h":1.16114,"percent_change_24h":2.58647,"percent_change_7d":13.1098,"market_cap":41750077.633232355,"last_updated":"2020-04-25T23:58:14.000Z"}}},{"id":5414,"name":"3x Long EOS Token","symbol":"EOSBULL","slug":"3x-long-eos-token","num_market_pairs":5,"date_added":"2020-04-06T00:00:00.000Z","tags":[],"max_supply":null,"circulating_supply":null,"total_supply":1057300.976,"platform":{"id":1027,"name":"Ethereum","symbol":"ETH","slug":"ethereum","token_address":"0xeaD7F3ae4e0Bb0D8785852Cc37CC9d0B5e75c06a"},"cmc_rank":2034,"last_updated":"2020-04-25T23:58:16.000Z","quote":{"USD":{"price":5.97941463238,"volume_24h":22647973.8480088,"percent_change_1h":0.804545,"percent_change_24h":0.866534,"percent_change_7d":-1.76809,"market_cap":null,"last_updated":"2020-04-25T23:58:16.000Z"}}},{"id":4779,"name":"HUSD","symbol":"HUSD","slug":"husd","num_market_pairs":18,"date_added":"2019-10-15T00:00:00.000Z","tags":[],"max_supply":null,"circulating_supply":null,"total_supply":87094416.0933887,"platform":{"id":1027,"name":"Ethereum","symbol":"ETH","slug":"ethereum","token_address":"0xdf574c24545e5ffecb9a659c229253d4111d87e1"},"cmc_rank":2035,"last_updated":"2020-04-25T23:58:16.000Z","quote":{"USD":{"price":1.00419797874,"volume_24h":21594278.9404129,"percent_change_1h":0.12353,"percent_change_24h":-0.291845,"percent_change_7d":0.29486,"market_cap":null,"last_updated":"2020-04-25T23:58:16.000Z"}}},{"id":5085,"name":"Building Cities Beyond Blockchain","symbol":"BCB","slug":"building-cities-beyond-blockchain","num_market_pairs":3,"date_added":"2019-12-30T00:00:00.000Z","tags":[],"max_supply":66000000,"circulating_supply":null,"total_supply":66000000,"platform":null,"cmc_rank":2036,"last_updated":"2020-04-25T23:58:16.000Z","quote":{"USD":{"price":2.58883703423,"volume_24h":21025292.1384045,"percent_change_1h":0.0374423,"percent_change_24h":-1.5412,"percent_change_7d":-0.937855,"market_cap":null,"last_updated":"2020-04-25T23:58:16.000Z"}}},{"id":2299,"name":"aelf","symbol":"ELF","slug":"aelf","num_market_pairs":79,"date_added":"2017-12-21T00:00:00.000Z","tags":[],"max_supply":1000000000,"circulating_supply":544480199.986466,"total_supply":879999999.986466,"platform":{"id":1027,"name":"Ethereum","symbol":"ETH","slug":"ethereum","token_address":"0xbf2179859fc6d5bee9bf9158632dc51678a4100e"},"cmc_rank":101,"last_updated":"2020-04-25T23:58:09.000Z","quote":{"USD":{"price":0.0651695388587,"volume_24h":20863833.1231399,"percent_change_1h":0.0422862,"percent_change_24h":0.974598,"percent_change_7d":1.75576,"market_cap":35483523.55081075,"last_updated":"2020-04-25T23:58:09.000Z"}}},{"id":5198,"name":"Creditcoin","symbol":"CTC","slug":"creditcoin","num_market_pairs":3,"date_added":"2020-01-31T00:00:00.000Z","tags":[],"max_supply":null,"circulating_supply":null,"total_supply":600000000,"platform":null,"cmc_rank":2037,"last_updated":"2020-04-25T23:58:16.000Z","quote":{"USD":{"price":0.36912511356,"volume_24h":20635392.6652016,"percent_change_1h":0.0917436,"percent_change_24h":-1.69123,"percent_change_7d":-11.6618,"market_cap":null,"last_updated":"2020-04-25T23:58:16.000Z"}}},{"id":5477,"name":"ECOChain","symbol":"ECOC","slug":"ecochain","num_market_pairs":1,"date_added":"2020-04-20T00:00:00.000Z","tags":[],"max_supply":2000000000,"circulating_supply":null,"total_supply":223217150,"platform":null,"cmc_rank":2038,"last_updated":"2020-04-25T23:58:17.000Z","quote":{"USD":{"price":1.85798621828,"volume_24h":18914670.7047908,"percent_change_1h":2.64,"percent_change_24h":39.1707,"percent_change_7d":null,"market_cap":null,"last_updated":"2020-04-25T23:58:17.000Z"}}},{"id":4899,"name":"Yap Stone","symbol":"YAP","slug":"yap-stone","num_market_pairs":14,"date_added":"2019-11-09T00:00:00.000Z","tags":[],"max_supply":null,"circulating_supply":150000000,"total_supply":1000000000,"platform":{"id":1027,"name":"Ethereum","symbol":"ETH","slug":"ethereum","token_address":""},"cmc_rank":107,"last_updated":"2020-04-25T23:58:16.000Z","quote":{"USD":{"price":0.21752762525,"volume_24h":18657607.2943462,"percent_change_1h":-0.595867,"percent_change_24h":1.45642,"percent_change_7d":3.86419,"market_cap":32629143.787499998,"last_updated":"2020-04-25T23:58:16.000Z"}}},{"id":2830,"name":"Seele","symbol":"SEELE","slug":"seele","num_market_pairs":18,"date_added":"2018-05-31T00:00:00.000Z","tags":[],"max_supply":null,"circulating_supply":699592066.289478,"total_supply":1000000000,"platform":{"id":1027,"name":"Ethereum","symbol":"ETH","slug":"ethereum","token_address":"0xb1eef147028e9f480dbc5ccaa3277d417d1b85f0"},"cmc_rank":70,"last_updated":"2020-04-25T23:58:13.000Z","quote":{"USD":{"price":0.0892692506754,"volume_24h":18273582.1733041,"percent_change_1h":5.34136,"percent_change_24h":11.8796,"percent_change_7d":14.9826,"market_cap":62452059.53611646,"last_updated":"2020-04-25T23:58:13.000Z"}}},{"id":1866,"name":"Bytom","symbol":"BTM","slug":"bytom","num_market_pairs":54,"date_added":"2017-08-08T00:00:00.000Z","tags":["mineable"],"max_supply":null,"circulating_supply":1002499275,"total_supply":1407000000,"platform":null,"cmc_rank":72,"last_updated":"2020-04-25T23:58:07.000Z","quote":{"USD":{"price":0.0605833645607,"volume_24h":18224514.6755591,"percent_change_1h":-0.0458478,"percent_change_24h":2.14456,"percent_change_7d":1.26728,"market_cap":60734779.04916245,"last_updated":"2020-04-25T23:58:07.000Z"}}},{"id":2577,"name":"Ravencoin","symbol":"RVN","slug":"ravencoin","num_market_pairs":50,"date_added":"2018-03-10T00:00:00.000Z","tags":["mineable"],"max_supply":21000000000,"circulating_supply":6021730000,"total_supply":6021730000,"platform":null,"cmc_rank":49,"last_updated":"2020-04-25T23:58:11.000Z","quote":{"USD":{"price":0.0190150458209,"volume_24h":18063310.2265418,"percent_change_1h":0.936165,"percent_change_24h":6.73299,"percent_change_7d":9.79174,"market_cap":114503471.87108815,"last_updated":"2020-04-25T23:58:11.000Z"}}},{"id":1903,"name":"HyperCash","symbol":"HC","slug":"hypercash","num_market_pairs":32,"date_added":"2017-08-20T00:00:00.000Z","tags":["mineable"],"max_supply":84000000,"circulating_supply":44589311.825052,"total_supply":44589311.825052,"platform":null,"cmc_rank":88,"last_updated":"2020-04-25T23:58:07.000Z","quote":{"USD":{"price":1.06476705998,"volume_24h":17807994.1200515,"percent_change_1h":0.146473,"percent_change_24h":2.59323,"percent_change_7d":0.891616,"market_cap":47477230.45849207,"last_updated":"2020-04-25T23:58:07.000Z"}}},{"id":5295,"name":"3X Long BNB Token","symbol":"BNBBULL","slug":"3x-long-bnb-token","num_market_pairs":5,"date_added":"2020-03-11T00:00:00.000Z","tags":[],"max_supply":null,"circulating_supply":null,"total_supply":4975.41633724,"platform":{"id":1027,"name":"Ethereum","symbol":"ETH","slug":"ethereum","token_address":"0x9d1a62c2ad99019768b9126fda004a9952853f6e"},"cmc_rank":2039,"last_updated":"2020-04-25T23:58:16.000Z","quote":{"USD":{"price":115.589305835,"volume_24h":17004333.6421017,"percent_change_1h":1.22833,"percent_change_24h":6.89874,"percent_change_7d":-4.28462,"market_cap":null,"last_updated":"2020-04-25T23:58:16.000Z"}}},{"id":2588,"name":"Loom Network","symbol":"LOOM","slug":"loom-network","num_market_pairs":65,"date_added":"2018-03-14T00:00:00.000Z","tags":[],"max_supply":null,"circulating_supply":970041175.954257,"total_supply":1000000000,"platform":{"id":1027,"name":"Ethereum","symbol":"ETH","slug":"ethereum","token_address":"0xa4e8c3ec456107ea67d3075bf9e3df3a75823db0"},"cmc_rank":172,"last_updated":"2020-04-25T23:58:10.000Z","quote":{"USD":{"price":0.0150755794292,"volume_24h":16954004.4368708,"percent_change_1h":1.16976,"percent_change_24h":0.779537,"percent_change_7d":1.90939,"market_cap":14623932.797692975,"last_updated":"2020-04-25T23:58:10.000Z"}}},{"id":3945,"name":"Harmony","symbol":"ONE","slug":"harmony","num_market_pairs":20,"date_added":"2019-06-01T00:00:00.000Z","tags":[],"max_supply":null,"circulating_supply":4596807869,"total_supply":12600000000,"platform":null,"cmc_rank":190,"last_updated":"2020-04-25T23:58:14.000Z","quote":{"USD":{"price":0.00269860422677,"volume_24h":16228482.7972776,"percent_change_1h":-0.359775,"percent_change_24h":2.71015,"percent_change_7d":16.2863,"market_cap":12404965.144932996,"last_updated":"2020-04-25T23:58:14.000Z"}}},{"id":1966,"name":"Decentraland","symbol":"MANA","slug":"decentraland","num_market_pairs":75,"date_added":"2017-09-17T00:00:00.000Z","tags":[],"max_supply":null,"circulating_supply":1370183155.67155,"total_supply":2197927765.03415,"platform":{"id":1027,"name":"Ethereum","symbol":"ETH","slug":"ethereum","token_address":"0x0f5d2fb29fb7d3cfee444a200298f468908cc942"},"cmc_rank":96,"last_updated":"2020-04-25T23:58:08.000Z","quote":{"USD":{"price":0.0292516961597,"volume_24h":16127849.6665956,"percent_change_1h":0.276235,"percent_change_24h":-0.187179,"percent_change_7d":-1.48379,"market_cap":40080181.352843106,"last_updated":"2020-04-25T23:58:08.000Z"}}},{"id":2341,"name":"SwftCoin","symbol":"SWFTC","slug":"swftcoin","num_market_pairs":13,"date_added":"2018-01-04T00:00:00.000Z","tags":[],"max_supply":null,"circulating_supply":4004999999,"total_supply":10000000000,"platform":{"id":1027,"name":"Ethereum","symbol":"ETH","slug":"ethereum","token_address":"0x0bb217e40f8a5cb79adf04e1aab60e5abd0dfc1e"},"cmc_rank":385,"last_updated":"2020-04-25T23:58:09.000Z","quote":{"USD":{"price":0.00159176696126,"volume_24h":15999514.0366201,"percent_change_1h":1.18709,"percent_change_24h":10.2904,"percent_change_7d":21.2866,"market_cap":6375026.678254534,"last_updated":"2020-04-25T23:58:09.000Z"}}},{"id":5221,"name":"Handshake ","symbol":"HNS","slug":"handshake","num_market_pairs":10,"date_added":"2020-02-22T00:00:00.000Z","tags":[],"max_supply":null,"circulating_supply":268078892.322,"total_supply":2040000000,"platform":null,"cmc_rank":247,"last_updated":"2020-04-25T23:58:16.000Z","quote":{"USD":{"price":0.118901369499,"volume_24h":15850074.2603534,"percent_change_1h":0.24977,"percent_change_24h":-3.17146,"percent_change_7d":-3.91036,"market_cap":31874947.430860754,"last_updated":"2020-04-25T23:58:16.000Z"}}},{"id":5429,"name":"DEAPcoin","symbol":"DEP","slug":"deapcoin","num_market_pairs":2,"date_added":"2020-04-10T00:00:00.000Z","tags":[],"max_supply":30000000000,"circulating_supply":null,"total_supply":30000000000,"platform":{"id":1027,"name":"Ethereum","symbol":"ETH","slug":"ethereum","token_address":"0x1a3496c18d558bd9c6c8f609e1b129f67ab08163"},"cmc_rank":2040,"last_updated":"2020-04-25T23:58:16.000Z","quote":{"USD":{"price":0.00520763904962,"volume_24h":14717824.1452816,"percent_change_1h":0.111812,"percent_change_24h":-0.411154,"percent_change_7d":-1.64821,"market_cap":null,"last_updated":"2020-04-25T23:58:16.000Z"}}},{"id":5117,"name":"Origin Protocol","symbol":"OGN","slug":"origin-protocol","num_market_pairs":15,"date_added":"2020-01-09T00:00:00.000Z","tags":[],"max_supply":null,"circulating_supply":33523273.02,"total_supply":1000000000,"platform":{"id":1027,"name":"Ethereum","symbol":"ETH","slug":"ethereum","token_address":"0x8207c1ffc5b6804f6024322ccf34f29c3541ae26"},"cmc_rank":344,"last_updated":"2020-04-25T23:58:16.000Z","quote":{"USD":{"price":0.230544104687,"volume_24h":14441993.1214926,"percent_change_1h":0.226099,"percent_change_24h":2.31843,"percent_change_7d":-1.31399,"market_cap":7728592.964573763,"last_updated":"2020-04-25T23:58:16.000Z"}}},{"id":4942,"name":"Digital Gold","symbol":"GOLD","slug":"digital-gold","num_market_pairs":3,"date_added":"2019-11-18T00:00:00.000Z","tags":[],"max_supply":null,"circulating_supply":11545.784,"total_supply":17190.659,"platform":{"id":1027,"name":"Ethereum","symbol":"ETH","slug":"ethereum","token_address":"0x0d16450d347c12c086d6c94c76c5aaac35ea07e0"},"cmc_rank":987,"last_updated":"2020-04-25T23:58:16.000Z","quote":{"USD":{"price":55.7484986328,"volume_24h":13906077.1236262,"percent_change_1h":1.45543,"percent_change_24h":2.9857,"percent_change_7d":1.50958,"market_cap":643660.1235386041,"last_updated":"2020-04-25T23:58:16.000Z"}}},{"id":1759,"name":"Status","symbol":"SNT","slug":"status","num_market_pairs":84,"date_added":"2017-06-28T00:00:00.000Z","tags":[],"max_supply":null,"circulating_supply":3470483788,"total_supply":6804870174,"platform":{"id":1027,"name":"Ethereum","symbol":"ETH","slug":"ethereum","token_address":"0x744d70fdbe2ba4cf95131626614a1763df805b9e"},"cmc_rank":66,"last_updated":"2020-04-25T23:58:07.000Z","quote":{"USD":{"price":0.0192184196014,"volume_24h":13707765.3267462,"percent_change_1h":0.6462,"percent_change_24h":0.532999,"percent_change_7d":14.1997,"market_cap":66697213.65764012,"last_updated":"2020-04-25T23:58:07.000Z"}}},{"id":4041,"name":"MX Token","symbol":"MX","slug":"mx-token","num_market_pairs":8,"date_added":"2019-09-24T00:00:00.000Z","tags":[],"max_supply":null,"circulating_supply":193278361.2597,"total_supply":673963903.14,"platform":{"id":1027,"name":"Ethereum","symbol":"ETH","slug":"ethereum","token_address":"0x11eef04c884e24d9b7b4760e7476d06ddf797f36"},"cmc_rank":139,"last_updated":"2020-04-25T23:58:14.000Z","quote":{"USD":{"price":0.109100936114,"volume_24h":13687140.7789464,"percent_change_1h":1.12027,"percent_change_24h":0.385332,"percent_change_7d":6.49567,"market_cap":21086850.14401314,"last_updated":"2020-04-25T23:58:14.000Z"}}},{"id":1785,"name":"Gas","symbol":"GAS","slug":"gas","num_market_pairs":52,"date_added":"2017-07-06T00:00:00.000Z","tags":[],"max_supply":100000000,"circulating_supply":10128375.105773,"total_supply":17190378,"platform":{"id":1376,"name":"Neo","symbol":"NEO","slug":"neo","token_address":"602c79718b16e442de58778e148d0b1084e3b2dffd5de6b7b16cee7969282de7"},"cmc_rank":187,"last_updated":"2020-04-25T23:58:07.000Z","quote":{"USD":{"price":1.24640300856,"volume_24h":13128082.688698,"percent_change_1h":0.755542,"percent_change_24h":4.42898,"percent_change_7d":8.72918,"market_cap":12624037.203659676,"last_updated":"2020-04-25T23:58:07.000Z"}}},{"id":1720,"name":"IOTA","symbol":"MIOTA","slug":"iota","num_market_pairs":53,"date_added":"2017-06-13T00:00:00.000Z","tags":[],"max_supply":2779530283,"circulating_supply":2779530283,"total_supply":2779530283,"platform":null,"cmc_rank":25,"last_updated":"2020-04-25T23:58:07.000Z","quote":{"USD":{"price":0.170565513872,"volume_24h":13042673.3938272,"percent_change_1h":0.203178,"percent_change_24h":1.5557,"percent_change_7d":4.96832,"market_cap":474092011.04268056,"last_updated":"2020-04-25T23:58:07.000Z"}}},{"id":4846,"name":"Kava","symbol":"KAVA","slug":"kava","num_market_pairs":15,"date_added":"2019-10-25T00:00:00.000Z","tags":[],"max_supply":null,"circulating_supply":35852333.721819,"total_supply":108641652.721819,"platform":{"id":1839,"name":"Binance Coin","symbol":"BNB","slug":"binance-coin","token_address":""},"cmc_rank":145,"last_updated":"2020-04-25T23:58:16.000Z","quote":{"USD":{"price":0.572169976319,"volume_24h":13040577.4186725,"percent_change_1h":1.68953,"percent_change_24h":4.99187,"percent_change_7d":2.11413,"market_cap":20513628.93659406,"last_updated":"2020-04-25T23:58:16.000Z"}}},{"id":2570,"name":"TomoChain","symbol":"TOMO","slug":"tomochain","num_market_pairs":23,"date_added":"2018-03-08T00:00:00.000Z","tags":["mineable"],"max_supply":null,"circulating_supply":70468025,"total_supply":100000000,"platform":null,"cmc_rank":126,"last_updated":"2020-04-25T23:58:10.000Z","quote":{"USD":{"price":0.351385199454,"volume_24h":12863242.9800273,"percent_change_1h":-0.0099176,"percent_change_24h":2.91097,"percent_change_7d":-9.80517,"market_cap":24761421.01975446,"last_updated":"2020-04-25T23:58:10.000Z"}}},{"id":3966,"name":"BitcoinHD","symbol":"BHD","slug":"bitcoinhd","num_market_pairs":11,"date_added":"2019-05-27T00:00:00.000Z","tags":[],"max_supply":21000000,"circulating_supply":6083016.35,"total_supply":6339465,"platform":null,"cmc_rank":238,"last_updated":"2020-04-25T23:58:14.000Z","quote":{"USD":{"price":6.67243989393,"volume_24h":12684632.8951579,"percent_change_1h":2.57814,"percent_change_24h":3.36177,"percent_change_7d":12.8132,"market_cap":40588560.969168454,"last_updated":"2020-04-25T23:58:14.000Z"}}},{"id":4679,"name":"Band Protocol","symbol":"BAND","slug":"band-protocol","num_market_pairs":9,"date_added":"2019-09-18T00:00:00.000Z","tags":[],"max_supply":null,"circulating_supply":19894032.5175,"total_supply":100000000,"platform":{"id":1027,"name":"Ethereum","symbol":"ETH","slug":"ethereum","token_address":"0xba11d00c5f74255f56a5e366f4f77f5a186d7f55"},"cmc_rank":153,"last_updated":"2020-04-25T23:58:15.000Z","quote":{"USD":{"price":0.942693987363,"volume_24h":12612146.4776338,"percent_change_1h":2.78232,"percent_change_24h":32.0897,"percent_change_7d":82.8289,"market_cap":18753984.838651255,"last_updated":"2020-04-25T23:58:15.000Z"}}},{"id":4078,"name":"Super Zero","symbol":"SERO","slug":"super-zero","num_market_pairs":15,"date_added":"2019-07-19T00:00:00.000Z","tags":[],"max_supply":647367590,"circulating_supply":257558628,"total_supply":645139239,"platform":null,"cmc_rank":150,"last_updated":"2020-04-25T23:58:14.000Z","quote":{"USD":{"price":0.0761750811112,"volume_24h":12525184.6567722,"percent_change_1h":0.0520438,"percent_change_24h":-0.0839696,"percent_change_7d":-0.708209,"market_cap":19619549.378789388,"last_updated":"2020-04-25T23:58:14.000Z"}}},{"id":4273,"name":"Sessia","symbol":"KICKS","slug":"sessia","num_market_pairs":2,"date_added":"2019-08-21T00:00:00.000Z","tags":[],"max_supply":null,"circulating_supply":6145759.45571843,"total_supply":100000000,"platform":{"id":1027,"name":"Ethereum","symbol":"ETH","slug":"ethereum","token_address":"0xd91a6162f146ef85922d9a15ee6eb14a00344586"},"cmc_rank":983,"last_updated":"2020-04-25T23:58:15.000Z","quote":{"USD":{"price":0.10580923164,"volume_24h":12405910.2285458,"percent_change_1h":-0.256175,"percent_change_24h":0.211523,"percent_change_7d":0.274095,"market_cap":650278.0858538316,"last_updated":"2020-04-25T23:58:15.000Z"}}},{"id":4943,"name":"Multi-collateral DAI","symbol":"DAI","slug":"multi-collateral-dai","num_market_pairs":75,"date_added":"2019-11-22T00:00:00.000Z","tags":[],"max_supply":null,"circulating_supply":95558217.2074372,"total_supply":95959107.4195822,"platform":{"id":1027,"name":"Ethereum","symbol":"ETH","slug":"ethereum","token_address":"0x6b175474e89094c44da98b954eedeac495271d0f"},"cmc_rank":55,"last_updated":"2020-04-25T23:58:16.000Z","quote":{"USD":{"price":1.0210112186,"volume_24h":12310800.8777463,"percent_change_1h":0.404959,"percent_change_24h":0.817127,"percent_change_7d":0.838939,"market_cap":97566011.79820895,"last_updated":"2020-04-25T23:58:16.000Z"}}},{"id":1414,"name":"Zcoin","symbol":"XZC","slug":"zcoin","num_market_pairs":56,"date_added":"2016-10-06T00:00:00.000Z","tags":["mineable"],"max_supply":21400000,"circulating_supply":9978468.32977796,"total_supply":21400000,"platform":null,"cmc_rank":95,"last_updated":"2020-04-25T23:58:06.000Z","quote":{"USD":{"price":4.15812741456,"volume_24h":12248585.0387147,"percent_change_1h":0.00118602,"percent_change_24h":2.29989,"percent_change_7d":11.429,"market_cap":41491742.71736847,"last_updated":"2020-04-25T23:58:06.000Z"}}},{"id":5216,"name":"3X Short Ethereum Token","symbol":"ETHBEAR","slug":"3x-short-ethereum-token","num_market_pairs":7,"date_added":"2020-02-11T00:00:00.000Z","tags":[],"max_supply":null,"circulating_supply":null,"total_supply":173633.2933466,"platform":{"id":1027,"name":"Ethereum","symbol":"ETH","slug":"ethereum","token_address":"0x2f5e2c9002c058c063d21a06b6cabb50950130c8"},"cmc_rank":2041,"last_updated":"2020-04-25T23:58:16.000Z","quote":{"USD":{"price":2.54546496201,"volume_24h":12044150.8805813,"percent_change_1h":-1.27984,"percent_change_24h":-11.8065,"percent_change_7d":-18.9796,"market_cap":null,"last_updated":"2020-04-25T23:58:16.000Z"}}},{"id":3957,"name":"UNUS SED LEO","symbol":"LEO","slug":"unus-sed-leo","num_market_pairs":25,"date_added":"2019-05-21T00:00:00.000Z","tags":[],"max_supply":null,"circulating_supply":999498892.9,"total_supply":999498892.9,"platform":{"id":1027,"name":"Ethereum","symbol":"ETH","slug":"ethereum","token_address":"0x2af5d2ad76741191d15dfe7bf6ac92d4bd912ca3"},"cmc_rank":15,"last_updated":"2020-04-25T23:58:14.000Z","quote":{"USD":{"price":1.05195480547,"volume_24h":11441230.2964339,"percent_change_1h":0.135062,"percent_change_24h":-0.265513,"percent_change_7d":1.56615,"market_cap":1051427663.4481,"last_updated":"2020-04-25T23:58:14.000Z"}}},{"id":3053,"name":"YOU COIN","symbol":"YOU","slug":"you-coin","num_market_pairs":6,"date_added":"2018-08-01T00:00:00.000Z","tags":[],"max_supply":null,"circulating_supply":556120198.410192,"total_supply":2856000000,"platform":{"id":1027,"name":"Ethereum","symbol":"ETH","slug":"ethereum","token_address":"0x34364BEe11607b1963d66BCA665FDE93fCA666a8"},"cmc_rank":171,"last_updated":"2020-04-25T23:58:11.000Z","quote":{"USD":{"price":0.0263071745187,"volume_24h":11232217.0206458,"percent_change_1h":0.0448774,"percent_change_24h":-0.286798,"percent_change_7d":-2.1798,"market_cap":14629951.11295099,"last_updated":"2020-04-25T23:58:11.000Z"}}},{"id":2289,"name":"Gifto","symbol":"GTO","slug":"gifto","num_market_pairs":22,"date_added":"2017-12-18T00:00:00.000Z","tags":[],"max_supply":null,"circulating_supply":682212221.94468,"total_supply":1000000000,"platform":{"id":1027,"name":"Ethereum","symbol":"ETH","slug":"ethereum","token_address":"0xc5bbae50781be1669306b9e001eff57a2957b09d"},"cmc_rank":395,"last_updated":"2020-04-25T23:58:08.000Z","quote":{"USD":{"price":0.00885000086333,"volume_24h":11186313.7831565,"percent_change_1h":0.153465,"percent_change_24h":-1.25862,"percent_change_7d":0.74058,"market_cap":6037578.753184695,"last_updated":"2020-04-25T23:58:08.000Z"}}}]}