{"status":{"timestamp":"2020-04-24T12:00:02.032Z","error_code":0,"error_message":null,"elapsed":1170,"credit_count":1,"notice":null},"data":[{"id":825,"name":"Tether","symbol":"USDT","slug":"tether","num_market_pairs":4681,"date_added":"2015-02-25T00:00:00.000Z","tags":[],"max_supply":null,"circulating_supply":6361032509,"total_supply":6998318752.17,"platform":{"id":1027,"name":"Ethereum","symbol":"ETH","slug":"ethereum","token_address":"31"},"cmc_rank":4,"last_updated":"2020-04-24T11:58:32.000Z","quote":{"USD":{"price":1.00577402575,"volume_24h":57088275663.39,"percent_change_1h":0.468342,"percent_change_24h":0.567502,"percent_change_7d":0.192118,"market_cap":6397761274.503553,"last_updated":"2020-04-24T11:58:32.000Z"}}},{"id":1,"name":"Bitcoin","symbol":"BTC","slug":"bitcoin","num_market_pairs":7953,"date_added":"2013-04-28T00:00:00.000Z","tags":["mineable"],"max_supply":21000000,"circulating_supply":18342875,"total_supply":18342875,"platform":null,"cmc_rank":1,"last_updated":"2020-04-24T11:58:45.000Z","quote":{"USD":{"price":7539.34218996,"volume_24h":43574281913.6606,"percent_change_1h":0.0205737,"percent_change_24h":6.03963,"percent_change_7d":6.29568,"market_cap":138293211372.66254,"last_updated":"2020-04-24T11:58:45.000Z"}}},{"id":1027,"name":"Ethereum","symbol":"ETH","slug":"ethereum","num_market_pairs":5185,"date_added":"2015-08-07T00:00:00.000Z","tags":["mineable"],"max_supply":null,"circulating_supply":110650438.8115,"total_supply":110650438.8115,"platform":null,"cmc_rank":2,"last_updated":"2020-04-24T11:58:31.000Z","quote":{"USD":{"price":187.908651544,"volume_24h":20772862389.3956,"percent_change_1h":-0.216207,"percent_change_24h":2.6589,"percent_change_7d":10.023,"market_cap":20792174749.820847,"last_updated":"2020-04-24T11:58:31.000Z"}}},{"id":2,"name":"Litecoin","symbol":"LTC","slug":"litecoin","num_market_pairs":600,"date_added":"2013-04-28T00:00:00.000Z","tags":["mineable"],"max_supply":84000000,"circulating_supply":64580680.7265572,"total_supply":64580680.7265572,"platform":null,"cmc_rank":7,"last_updated":"2020-04-24T11:58:09.000Z","quote":{"USD":{"price":44.3105179261,"volume_24h":5202672986.19698,"percent_change_1h":-0.426029,"percent_change_24h":6.11742,"percent_change_7d":4.62021,"market_cap":2861603411.0138535,"last_updated":"2020-04-24T11:58:09.000Z"}}},{"id":1831,"name":"Bitcoin Cash","symbol":"BCH","slug":"bitcoin-cash","num_market_pairs":473,"date_added":"2017-07-23T00:00:00.000Z","tags":["mineable"],"max_supply":21000000,"circulating_supply":18388843.75,"total_supply":18388843.75,"platform":null,"cmc_rank":5,"last_updated":"2020-04-24T11:58:10.000Z","quote":{"USD":{"price":239.266385339,"volume_24h":3996652083.57087,"percent_change_1h":-0.00066169,"percent_change_24h":3.77104,"percent_change_7d":2.37815,"market_cap":4399832174.626162,"last_updated":"2020-04-24T11:58:10.000Z"}}},{"id":1765,"name":"EOS","symbol":"EOS","slug":"eos","num_market_pairs":378,"date_added":"2017-07-01T00:00:00.000Z","tags":[],"max_supply":null,"circulating_supply":922058768.5798,"total_supply":1018758780.5794,"platform":null,"cmc_rank":8,"last_updated":"2020-04-24T11:58:10.000Z","quote":{"USD":{"price":2.71130695265,"volume_24h":3704943562.57114,"percent_change_1h":-0.21273,"percent_change_24h":4.22576,"percent_change_7d":3.32053,"market_cap":2499984350.0023093,"last_updated":"2020-04-24T11:58:10.000Z"}}},{"id":52,"name":"XRP","symbol":"XRP","slug":"xrp","num_market_pairs":546,"date_added":"2013-08-04T00:00:00.000Z","tags":[],"max_supply":100000000000,"circulating_supply":44089620959,"total_supply":99990980257,"platform":null,"cmc_rank":3,"last_updated":"2020-04-24T11:58:09.000Z","quote":{"USD":{"price":0.194919338017,"volume_24h":2307881296.8028,"percent_change_1h":-0.217834,"percent_change_24h":3.39655,"percent_change_7d":3.19805,"market_cap":8593919730.74873,"last_updated":"2020-04-24T11:58:09.000Z"}}},{"id":3602,"name":"Bitcoin SV","symbol":"BSV","slug":"bitcoin-sv","num_market_pairs":183,"date_added":"2018-11-09T00:00:00.000Z","tags":["mineable"],"max_supply":21000000,"circulating_supply":18387389.5819233,"total_supply":18387389.5819233,"platform":null,"cmc_rank":6,"last_updated":"2020-04-24T11:58:13.000Z","quote":{"USD":{"price":196.136269042,"volume_24h":2281589928.02679,"percent_change_1h":0.442552,"percent_change_24h":2.75619,"percent_change_7d":0.839774,"market_cap":3606433990.020176,"last_updated":"2020-04-24T11:58:13.000Z"}}},{"id":1321,"name":"Ethereum Classic","symbol":"ETC","slug":"ethereum-classic","num_market_pairs":246,"date_added":"2016-07-24T00:00:00.000Z","tags":["mineable"],"max_supply":210700000,"circulating_supply":116313299,"total_supply":116313299,"platform":null,"cmc_rank":21,"last_updated":"2020-04-24T11:58:08.000Z","quote":{"USD":{"price":5.62021380131,"volume_24h":1869669628.90944,"percent_change_1h":-0.0936118,"percent_change_24h":4.52801,"percent_change_7d":3.9579,"market_cap":653705608.3156966,"last_updated":"2020-04-24T11:58:08.000Z"}}},{"id":1958,"name":"TRON","symbol":"TRX","slug":"tron","num_market_pairs":337,"date_added":"2017-09-13T00:00:00.000Z","tags":["mineable"],"max_supply":null,"circulating_supply":66682072191.4,"total_supply":99281283754.3,"platform":null,"cmc_rank":16,"last_updated":"2020-04-24T11:58:09.000Z","quote":{"USD":{"price":0.0141029067624,"volume_24h":1585953751.65865,"percent_change_1h":-0.197278,"percent_change_24h":8.72217,"percent_change_7d":9.28921,"market_cap":940411046.83894,"last_updated":"2020-04-24T11:58:09.000Z"}}},{"id":512,"name":"Stellar","symbol":"XLM","slug":"stellar","num_market_pairs":296,"date_added":"2014-08-05T00:00:00.000Z","tags":[],"max_supply":null,"circulating_supply":20291399315.6903,"total_supply":50001803873.8717,"platform":null,"cmc_rank":12,"last_updated":"2020-04-24T11:58:07.000Z","quote":{"USD":{"price":0.062248282637,"volume_24h":940240864.610746,"percent_change_1h":-0.800123,"percent_change_24h":3.80072,"percent_change_7d":27.1036,"market_cap":1263104759.7033184,"last_updated":"2020-04-24T11:58:07.000Z"}}},{"id":131,"name":"Dash","symbol":"DASH","slug":"dash","num_market_pairs":297,"date_added":"2014-02-14T00:00:00.000Z","tags":["mineable"],"max_supply":18900000,"circulating_supply":9455429.86895142,"total_supply":9455429.86895142,"platform":null,"cmc_rank":18,"last_updated":"2020-04-24T11:58:07.000Z","quote":{"USD":{"price":82.1065790205,"volume_24h":826228578.398857,"percent_change_1h":-0.0397967,"percent_change_24h":1.95669,"percent_change_7d":8.66861,"market_cap":776352999.7078557,"last_updated":"2020-04-24T11:58:07.000Z"}}},{"id":1437,"name":"Zcash","symbol":"ZEC","slug":"zcash","num_market_pairs":238,"date_added":"2016-10-29T00:00:00.000Z","tags":["mineable"],"max_supply":21000000,"circulating_supply":9009393.75,"total_supply":9009393.75,"platform":null,"cmc_rank":26,"last_updated":"2020-04-24T11:58:08.000Z","quote":{"USD":{"price":44.8712139259,"volume_24h":731268592.071855,"percent_change_1h":-0.215543,"percent_change_24h":0.568317,"percent_change_7d":16.1402,"market_cap":404262434.29891646,"last_updated":"2020-04-24T11:58:08.000Z"}}},{"id":2563,"name":"TrueUSD","symbol":"TUSD","slug":"trueusd","num_market_pairs":156,"date_added":"2018-03-06T00:00:00.000Z","tags":[],"max_supply":null,"circulating_supply":131175531.58,"total_supply":131175531.58,"platform":{"id":1027,"name":"Ethereum","symbol":"ETH","slug":"ethereum","token_address":"0x0000000000085d4780B73119b644AE5ecd22b376"},"cmc_rank":43,"last_updated":"2020-04-24T11:58:10.000Z","quote":{"USD":{"price":1.00558280933,"volume_24h":622634801.287342,"percent_change_1h":0.60821,"percent_change_24h":0.734747,"percent_change_7d":0.313585,"market_cap":131907859.56157255,"last_updated":"2020-04-24T11:58:10.000Z"}}},{"id":1376,"name":"Neo","symbol":"NEO","slug":"neo","num_market_pairs":238,"date_added":"2016-09-08T00:00:00.000Z","tags":[],"max_supply":100000000,"circulating_supply":70538831,"total_supply":100000000,"platform":null,"cmc_rank":22,"last_updated":"2020-04-24T11:58:07.000Z","quote":{"USD":{"price":8.14008905509,"volume_24h":614068381.793937,"percent_change_1h":0.0396781,"percent_change_24h":8.20194,"percent_change_7d":7.96865,"market_cap":574192366.1819432,"last_updated":"2020-04-24T11:58:07.000Z"}}},{"id":3330,"name":"Paxos Standard","symbol":"PAX","slug":"paxos-standard","num_market_pairs":99,"date_added":"2018-09-27T00:00:00.000Z","tags":[],"max_supply":null,"circulating_supply":244951954.494264,"total_supply":249952064.83,"platform":{"id":1027,"name":"Ethereum","symbol":"ETH","slug":"ethereum","token_address":"0x8e870d67f660d95d5be530380d0ec0bd388289e1"},"cmc_rank":34,"last_updated":"2020-04-24T11:58:12.000Z","quote":{"USD":{"price":1.00523374117,"volume_24h":554716895.864717,"percent_change_1h":0.539555,"percent_change_24h":0.745529,"percent_change_7d":0.28409,"market_cap":246233969.6231726,"last_updated":"2020-04-24T11:58:12.000Z"}}},{"id":3408,"name":"USD Coin","symbol":"USDC","slug":"usd-coin","num_market_pairs":219,"date_added":"2018-10-08T00:00:00.000Z","tags":[],"max_supply":null,"circulating_supply":731198383.121466,"total_supply":735981119.07,"platform":{"id":1027,"name":"Ethereum","symbol":"ETH","slug":"ethereum","token_address":"0xa0b86991c6218b36c1d19d4a2e9eb0ce3606eb48"},"cmc_rank":20,"last_updated":"2020-04-24T11:58:14.000Z","quote":{"USD":{"price":1.00436557482,"volume_24h":491766733.479959,"percent_change_1h":0.450369,"percent_change_24h":0.594496,"percent_change_7d":0.205557,"market_cap":734390484.3712459,"last_updated":"2020-04-24T11:58:14.000Z"}}},{"id":1975,"name":"Chainlink","symbol":"LINK","slug":"chainlink","num_market_pairs":170,"date_added":"2017-09-20T00:00:00.000Z","tags":[],"max_supply":null,"circulating_supply":350000000,"total_supply":1000000000,"platform":{"id":1027,"name":"Ethereum","symbol":"ETH","slug":"ethereum","token_address":"0x514910771af9ca656af840dff83e8264ecf986ca"},"cmc_rank":11,"last_updated":"2020-04-24T11:58:07.000Z","quote":{"USD":{"price":3.81549561719,"volume_24h":472162680.23911,"percent_change_1h":-0.496374,"percent_change_24h":3.96623,"percent_change_7d":10.2611,"market_cap":1335423466.0165,"last_updated":"2020-04-24T11:58:07.000Z"}}},{"id":1839,"name":"Binance Coin","symbol":"BNB","slug":"binance-coin","num_market_pairs":311,"date_added":"2017-07-25T00:00:00.000Z","tags":[],"max_supply":187536713,"circulating_supply":155536713,"total_supply":187536713,"platform":null,"cmc_rank":9,"last_updated":"2020-04-24T11:58:09.000Z","quote":{"USD":{"price":16.0528542422,"volume_24h":442252025.718588,"percent_change_1h":-0.80894,"percent_change_24h":2.37699,"percent_change_7d":2.25613,"market_cap":2496808183.0998936,"last_updated":"2020-04-24T11:58:09.000Z"}}},{"id":2319,"name":"QCash","symbol":"QC","slug":"qcash","num_market_pairs":91,"date_added":"2019-12-12T00:00:00.000Z","tags":[],"max_supply":10000000000,"circulating_supply":460000200,"total_supply":10000000000,"platform":{"id":1684,"name":"Qtum","symbol":"QTUM","slug":"qtum","token_address":"f2033ede578e17fa6231047265010445bca8cf1c"},"cmc_rank":220,"last_updated":"2020-04-24T11:58:08.000Z","quote":{"USD":{"price":0.140704472337,"volume_24h":407233986.816593,"percent_change_1h":0.498619,"percent_change_24h":1.19639,"percent_change_7d":0.611295,"market_cap":64724085.41591447,"last_updated":"2020-04-24T11:58:08.000Z"}}},{"id":1684,"name":"Qtum","symbol":"QTUM","slug":"qtum","num_market_pairs":172,"date_added":"2017-05-24T00:00:00.000Z","tags":[],"max_supply":107822406,"circulating_supply":96607300.359,"total_supply":102357300,"platform":null,"cmc_rank":42,"last_updated":"2020-04-24T11:58:07.000Z","quote":{"USD":{"price":1.42383337908,"volume_24h":398377231.955887,"percent_change_1h":-0.408544,"percent_change_24h":4.29661,"percent_change_7d":2.22428,"market_cap":137552698.91395146,"last_updated":"2020-04-24T11:58:07.000Z"}}},{"id":2502,"name":"Huobi Token","symbol":"HT","slug":"huobi-token","num_market_pairs":136,"date_added":"2018-02-03T00:00:00.000Z","tags":[],"max_supply":null,"circulating_supply":222668092.971921,"total_supply":500000000,"platform":{"id":1027,"name":"Ethereum","symbol":"ETH","slug":"ethereum","token_address":"0x6f259637dcd74c767781e37bc6133cd6a68aa161"},"cmc_rank":17,"last_updated":"2020-04-24T11:58:09.000Z","quote":{"USD":{"price":3.99505657591,"volume_24h":369001869.581241,"percent_change_1h":0.781049,"percent_change_24h":1.83944,"percent_change_7d":4.54259,"market_cap":889571629.0728122,"last_updated":"2020-04-24T11:58:09.000Z"}}},{"id":2011,"name":"Tezos","symbol":"XTZ","slug":"tezos","num_market_pairs":89,"date_added":"2017-10-06T00:00:00.000Z","tags":[],"max_supply":null,"circulating_supply":708142181.195413,"total_supply":708142181.195413,"platform":null,"cmc_rank":10,"last_updated":"2020-04-24T11:58:07.000Z","quote":{"USD":{"price":2.67749181776,"volume_24h":357557429.840921,"percent_change_1h":-0.837068,"percent_change_24h":12.5571,"percent_change_7d":26.1377,"market_cap":1896044895.9614377,"last_updated":"2020-04-24T11:58:07.000Z"}}},{"id":74,"name":"Dogecoin","symbol":"DOGE","slug":"dogecoin","num_market_pairs":239,"date_added":"2013-12-15T00:00:00.000Z","tags":["mineable"],"max_supply":null,"circulating_supply":124274999488.863,"total_supply":124274999488.863,"platform":null,"cmc_rank":32,"last_updated":"2020-04-24T11:58:06.000Z","quote":{"USD":{"price":0.00208271528632,"volume_24h":205285737.643774,"percent_change_1h":-0.106082,"percent_change_24h":3.31132,"percent_change_7d":3.88483,"market_cap":258829441.14286518,"last_updated":"2020-04-24T11:58:06.000Z"}}},{"id":2010,"name":"Cardano","symbol":"ADA","slug":"cardano","num_market_pairs":131,"date_added":"2017-10-01T00:00:00.000Z","tags":["mineable"],"max_supply":45000000000,"circulating_supply":25927070538,"total_supply":31112483745,"platform":null,"cmc_rank":13,"last_updated":"2020-04-24T11:58:07.000Z","quote":{"USD":{"price":0.0430483436626,"volume_24h":201730332.311795,"percent_change_1h":-0.706802,"percent_change_24h":13.473,"percent_change_7d":24.7156,"market_cap":1116117442.6842954,"last_updated":"2020-04-24T11:58:07.000Z"}}},{"id":3794,"name":"Cosmos","symbol":"ATOM","slug":"cosmos","num_market_pairs":122,"date_added":"2019-03-14T00:00:00.000Z","tags":[],"max_supply":null,"circulating_supply":190688439.2,"total_supply":237928230.821588,"platform":null,"cmc_rank":24,"last_updated":"2020-04-24T11:58:14.000Z","quote":{"USD":{"price":2.55055697109,"volume_24h":197951182.027226,"percent_change_1h":-0.948634,"percent_change_24h":7.82227,"percent_change_7d":6.79476,"market_cap":486361727.90783155,"last_updated":"2020-04-24T11:58:14.000Z"}}},{"id":3897,"name":"OKB","symbol":"OKB","slug":"okb","num_market_pairs":50,"date_added":"2019-04-30T00:00:00.000Z","tags":[],"max_supply":null,"circulating_supply":60000000,"total_supply":300000000,"platform":{"id":1027,"name":"Ethereum","symbol":"ETH","slug":"ethereum","token_address":"0x75231f58b43240c9718dd58b4967c5114342a86c"},"cmc_rank":29,"last_updated":"2020-04-24T11:58:13.000Z","quote":{"USD":{"price":4.92474083645,"volume_24h":170081019.060547,"percent_change_1h":-0.0458856,"percent_change_24h":3.1618,"percent_change_7d":5.16092,"market_cap":295484450.187,"last_updated":"2020-04-24T11:58:13.000Z"}}},{"id":3077,"name":"VeChain","symbol":"VET","slug":"vechain","num_market_pairs":98,"date_added":"2017-08-22T00:00:00.000Z","tags":[],"max_supply":null,"circulating_supply":55454734800,"total_supply":86712634466,"platform":null,"cmc_rank":35,"last_updated":"2020-04-24T11:58:11.000Z","quote":{"USD":{"price":0.00408025890293,"volume_24h":150067891.387141,"percent_change_1h":-0.0604002,"percent_change_24h":5.52414,"percent_change_7d":6.92009,"market_cap":226269675.37732208,"last_updated":"2020-04-24T11:58:11.000Z"}}},{"id":4687,"name":"Binance USD","symbol":"BUSD","slug":"binance-usd","num_market_pairs":61,"date_added":"2019-09-20T00:00:00.000Z","tags":[],"max_supply":null,"circulating_supply":186565777.29,"total_supply":186565777.29,"platform":{"id":1027,"name":"Ethereum","symbol":"ETH","slug":"ethereum","token_address":"0x4Fabb145d64652a948d72533023f6E7A623C7C53"},"cmc_rank":36,"last_updated":"2020-04-24T11:58:15.000Z","quote":{"USD":{"price":1.00552263422,"volume_24h":130517740.039667,"percent_change_1h":0.595744,"percent_change_24h":0.778332,"percent_change_7d":0.297968,"market_cap":187596111.83594266,"last_updated":"2020-04-24T11:58:15.000Z"}}},{"id":328,"name":"Monero","symbol":"XMR","slug":"monero","num_market_pairs":146,"date_added":"2014-05-21T00:00:00.000Z","tags":["mineable"],"max_supply":null,"circulating_supply":17535064.0899867,"total_supply":17535064.0899867,"platform":null,"cmc_rank":14,"last_updated":"2020-04-24T11:58:06.000Z","quote":{"USD":{"price":61.3896996256,"volume_24h":127115307.595718,"percent_change_1h":-0.768585,"percent_change_24h":7.20851,"percent_change_7d":8.39591,"market_cap":1076472317.3999286,"last_updated":"2020-04-24T11:58:06.000Z"}}},{"id":2566,"name":"Ontology","symbol":"ONT","slug":"ontology","num_market_pairs":119,"date_added":"2018-03-08T00:00:00.000Z","tags":[],"max_supply":null,"circulating_supply":656746573,"total_supply":1000000000,"platform":null,"cmc_rank":30,"last_updated":"2020-04-24T11:58:10.000Z","quote":{"USD":{"price":0.444159684233,"volume_24h":120830221.005548,"percent_change_1h":-0.371928,"percent_change_24h":6.79129,"percent_change_7d":8.83634,"market_cap":291700350.4847849,"last_updated":"2020-04-24T11:58:10.000Z"}}},{"id":1697,"name":"Basic Attention Token","symbol":"BAT","slug":"basic-attention-token","num_market_pairs":183,"date_added":"2017-06-01T00:00:00.000Z","tags":[],"max_supply":null,"circulating_supply":1457527137.0863,"total_supply":1500000000,"platform":{"id":1027,"name":"Ethereum","symbol":"ETH","slug":"ethereum","token_address":"0x0d8775f648430679a709e98d2b0cb6250d2887ef"},"cmc_rank":33,"last_updated":"2020-04-24T11:58:08.000Z","quote":{"USD":{"price":0.17354909083,"volume_24h":111689156.197599,"percent_change_1h":-0.52779,"percent_change_24h":4.75398,"percent_change_7d":3.84094,"market_cap":252952509.50138012,"last_updated":"2020-04-24T11:58:08.000Z"}}},{"id":1808,"name":"OmiseGO","symbol":"OMG","slug":"omisego","num_market_pairs":209,"date_added":"2017-07-14T00:00:00.000Z","tags":[],"max_supply":null,"circulating_supply":140245398.245133,"total_supply":140245398.245133,"platform":{"id":1027,"name":"Ethereum","symbol":"ETH","slug":"ethereum","token_address":"0xd26114cd6EE289AccF82350c8d8487fedB8A0C07"},"cmc_rank":57,"last_updated":"2020-04-24T11:58:07.000Z","quote":{"USD":{"price":0.609210797759,"volume_24h":99316879.5531436,"percent_change_1h":-0.411668,"percent_change_24h":3.97724,"percent_change_7d":7.33924,"market_cap":85439010.94694614,"last_updated":"2020-04-24T11:58:07.000Z"}}},{"id":4467,"name":"Nestree","symbol":"EGG","slug":"nestree","num_market_pairs":4,"date_added":"2019-09-09T00:00:00.000Z","tags":[],"max_supply":null,"circulating_supply":698068351.349625,"total_supply":2994901340,"platform":{"id":1027,"name":"Ethereum","symbol":"ETH","slug":"ethereum","token_address":"0x65ccd72c0813ce6f2703593b633202a0f3ca6a0c"},"cmc_rank":517,"last_updated":"2020-04-24T11:58:14.000Z","quote":{"USD":{"price":0.0052954000621,"volume_24h":92784704.5126967,"percent_change_1h":5.17744,"percent_change_24h":-17.0946,"percent_change_7d":-33.0731,"market_cap":3696551.1910868487,"last_updated":"2020-04-24T11:58:14.000Z"}}},{"id":1168,"name":"Decred","symbol":"DCR","slug":"decred","num_market_pairs":50,"date_added":"2016-02-10T00:00:00.000Z","tags":["mineable"],"max_supply":21000000,"circulating_supply":11400505.5044902,"total_supply":11400505.5044902,"platform":null,"cmc_rank":39,"last_updated":"2020-04-24T11:58:06.000Z","quote":{"USD":{"price":12.529185758,"volume_24h":91874792.9407979,"percent_change_1h":0.147312,"percent_change_24h":3.00735,"percent_change_7d":0.885788,"market_cap":142839051.20085922,"last_updated":"2020-04-24T11:58:06.000Z"}}},{"id":4064,"name":"USDK","symbol":"USDK","slug":"usdk","num_market_pairs":37,"date_added":"2019-07-29T00:00:00.000Z","tags":[],"max_supply":null,"circulating_supply":28600072,"total_supply":28600072,"platform":{"id":1027,"name":"Ethereum","symbol":"ETH","slug":"ethereum","token_address":"0x1c48f86ae57291f7686349f12601910bd8d470bb"},"cmc_rank":248,"last_updated":"2020-04-24T11:58:14.000Z","quote":{"USD":{"price":1.00573433414,"volume_24h":87903118.4271924,"percent_change_1h":0.588259,"percent_change_24h":0.866983,"percent_change_7d":0.308217,"market_cap":28764074.369276058,"last_updated":"2020-04-24T11:58:14.000Z"}}},{"id":5031,"name":"MimbleWimbleCoin","symbol":"MWC","slug":"mimblewimblecoin","num_market_pairs":7,"date_added":"2020-02-24T00:00:00.000Z","tags":[],"max_supply":20000000,"circulating_supply":8010454.0569404,"total_supply":10520097.0569404,"platform":null,"cmc_rank":208,"last_updated":"2020-04-24T11:58:15.000Z","quote":{"USD":{"price":16.7482017636,"volume_24h":79267950.6566051,"percent_change_1h":0.474433,"percent_change_24h":9.91317,"percent_change_7d":7.16506,"market_cap":134160700.76368599,"last_updated":"2020-04-24T11:58:15.000Z"}}},{"id":2456,"name":"OFCOIN","symbol":"OF","slug":"ofcoin","num_market_pairs":1,"date_added":"2018-01-24T00:00:00.000Z","tags":[],"max_supply":null,"circulating_supply":null,"total_supply":51200000000,"platform":null,"cmc_rank":2031,"last_updated":"2020-04-24T11:58:08.000Z","quote":{"USD":{"price":0.0000382348965553,"volume_24h":74666156.446665,"percent_change_1h":0.502039,"percent_change_24h":-15.0379,"percent_change_7d":-15.3025,"market_cap":null,"last_updated":"2020-04-24T11:58:08.000Z"}}},{"id":3718,"name":"BitTorrent","symbol":"BTT","slug":"bittorrent","num_market_pairs":134,"date_added":"2019-01-31T00:00:00.000Z","tags":[],"max_supply":null,"circulating_supply":212116500000,"total_supply":990000000000,"platform":{"id":1958,"name":"TRON","symbol":"TRX","slug":"tron","token_address":"1002000"},"cmc_rank":79,"last_updated":"2020-04-24T11:58:13.000Z","quote":{"USD":{"price":0.000243955263745,"volume_24h":70214680.3760537,"percent_change_1h":0.827795,"percent_change_24h":8.0094,"percent_change_7d":6.68867,"market_cap":51746936.7021663,"last_updated":"2020-04-24T11:58:13.000Z"}}},{"id":3702,"name":"Beam","symbol":"BEAM","slug":"beam","num_market_pairs":32,"date_added":"2019-01-17T00:00:00.000Z","tags":["mineable"],"max_supply":262800000,"circulating_supply":60217400,"total_supply":60217400,"platform":null,"cmc_rank":158,"last_updated":"2020-04-24T11:58:13.000Z","quote":{"USD":{"price":0.276423309532,"volume_24h":67846968.0397935,"percent_change_1h":-0.137212,"percent_change_24h":2.64165,"percent_change_7d":1.72497,"market_cap":16645492.999412257,"last_updated":"2020-04-24T11:58:13.000Z"}}},{"id":2307,"name":"Bibox Token","symbol":"BIX","slug":"bibox-token","num_market_pairs":27,"date_added":"2017-12-24T00:00:00.000Z","tags":[],"max_supply":null,"circulating_supply":97882450.27,"total_supply":251424733.27,"platform":{"id":1027,"name":"Ethereum","symbol":"ETH","slug":"ethereum","token_address":"0xb3104b4b9da82025e8b9f8fb28b3553ce2f67069"},"cmc_rank":333,"last_updated":"2020-04-24T11:58:08.000Z","quote":{"USD":{"price":0.0810576144772,"volume_24h":67048155.2261709,"percent_change_1h":-2.14903,"percent_change_24h":2.50471,"percent_change_7d":1.77647,"market_cap":7934117.918069361,"last_updated":"2020-04-24T11:58:08.000Z"}}},{"id":4030,"name":"Algorand","symbol":"ALGO","slug":"algorand","num_market_pairs":77,"date_added":"2019-06-20T00:00:00.000Z","tags":["mineable"],"max_supply":null,"circulating_supply":707614493.585361,"total_supply":3238886336.58536,"platform":null,"cmc_rank":40,"last_updated":"2020-04-24T11:58:14.000Z","quote":{"USD":{"price":0.200044296475,"volume_24h":59857641.2711235,"percent_change_1h":-0.534098,"percent_change_24h":8.24892,"percent_change_7d":6.4877,"market_cap":141554243.54479694,"last_updated":"2020-04-24T11:58:14.000Z"}}},{"id":1772,"name":"Storj","symbol":"STORJ","slug":"storj","num_market_pairs":32,"date_added":"2017-07-02T00:00:00.000Z","tags":[],"max_supply":null,"circulating_supply":135787438.700013,"total_supply":424999998.000013,"platform":{"id":1027,"name":"Ethereum","symbol":"ETH","slug":"ethereum","token_address":"0xb64ef51c888972c908cfacf59b47c1afbc0ab8ac"},"cmc_rank":179,"last_updated":"2020-04-24T11:58:06.000Z","quote":{"USD":{"price":0.0980169646538,"volume_24h":59260319.1656969,"percent_change_1h":0.7631,"percent_change_24h":4.306,"percent_change_7d":3.73638,"market_cap":13309472.579489209,"last_updated":"2020-04-24T11:58:06.000Z"}}},{"id":2280,"name":"Filecoin [Futures]","symbol":"FIL","slug":"filecoin","num_market_pairs":4,"date_added":"2017-12-13T00:00:00.000Z","tags":["mineable"],"max_supply":null,"circulating_supply":null,"total_supply":null,"platform":null,"cmc_rank":2032,"last_updated":"2020-04-24T11:58:07.000Z","quote":{"USD":{"price":5.15525812273,"volume_24h":54781675.8426458,"percent_change_1h":2.0416,"percent_change_24h":4.26795,"percent_change_7d":3.23811,"market_cap":null,"last_updated":"2020-04-24T11:58:07.000Z"}}},{"id":2349,"name":"Mixin","symbol":"XIN","slug":"mixin","num_market_pairs":8,"date_added":"2018-01-09T00:00:00.000Z","tags":[],"max_supply":1000000,"circulating_supply":510414.610609626,"total_supply":1000000,"platform":{"id":1027,"name":"Ethereum","symbol":"ETH","slug":"ethereum","token_address":"0xa974c709cfb4566686553a20790685a47aceaa33"},"cmc_rank":214,"last_updated":"2020-04-24T11:58:08.000Z","quote":{"USD":{"price":164.015243994,"volume_24h":50143744.8983831,"percent_change_1h":-0.0563191,"percent_change_24h":1.0968,"percent_change_7d":-1.01296,"market_cap":83715776.89724031,"last_updated":"2020-04-24T11:58:08.000Z"}}},{"id":624,"name":"bitCNY","symbol":"BITCNY","slug":"bitcny","num_market_pairs":23,"date_added":"2014-09-23T00:00:00.000Z","tags":[],"max_supply":null,"circulating_supply":31391600,"total_supply":31391600,"platform":{"id":463,"name":"BitShares","symbol":"BTS","slug":"bitshares","token_address":"CNY"},"cmc_rank":473,"last_updated":"2020-04-24T11:58:05.000Z","quote":{"USD":{"price":0.141461986418,"volume_24h":48616535.5520039,"percent_change_1h":0.639871,"percent_change_24h":1.17437,"percent_change_7d":0.65021,"market_cap":4440718.092839289,"last_updated":"2020-04-24T11:58:05.000Z"}}},{"id":4229,"name":"Yobit Token","symbol":"YO","slug":"yobit-token","num_market_pairs":11,"date_added":"2019-09-03T00:00:00.000Z","tags":[],"max_supply":null,"circulating_supply":null,"total_supply":17000,"platform":{"id":1027,"name":"Ethereum","symbol":"ETH","slug":"ethereum","token_address":"0xebf4ca5319f406602eeff68da16261f1216011b5"},"cmc_rank":2033,"last_updated":"2020-04-24T11:58:14.000Z","quote":{"USD":{"price":742.859525933,"volume_24h":47149843.2792986,"percent_change_1h":0.902829,"percent_change_24h":3.86117,"percent_change_7d":5.22891,"market_cap":null,"last_updated":"2020-04-24T11:58:14.000Z"}}},{"id":2083,"name":"Bitcoin Gold","symbol":"BTG","slug":"bitcoin-gold","num_market_pairs":73,"date_added":"2017-10-23T00:00:00.000Z","tags":["mineable"],"max_supply":21000000,"circulating_supply":17513923.589,"total_supply":17513923.589,"platform":null,"cmc_rank":37,"last_updated":"2020-04-24T11:58:07.000Z","quote":{"USD":{"price":9.42791090041,"volume_24h":46306074.2494329,"percent_change_1h":0.0737113,"percent_change_24h":3.96045,"percent_change_7d":-5.51145,"market_cap":165119711.11368093,"last_updated":"2020-04-24T11:58:07.000Z"}}},{"id":1776,"name":"MCO","symbol":"MCO","slug":"crypto-com","num_market_pairs":61,"date_added":"2017-07-03T00:00:00.000Z","tags":[],"max_supply":null,"circulating_supply":15793831.0949625,"total_supply":31587682.3632061,"platform":{"id":1027,"name":"Ethereum","symbol":"ETH","slug":"ethereum","token_address":"0xb63b606ac810a52cca15e44bb630fd42d8d1d83d"},"cmc_rank":58,"last_updated":"2020-04-24T11:58:07.000Z","quote":{"USD":{"price":5.09012950891,"volume_24h":46242440.5837358,"percent_change_1h":-0.094324,"percent_change_24h":2.42033,"percent_change_7d":-1.96552,"market_cap":80392645.71520895,"last_updated":"2020-04-24T11:58:07.000Z"}}},{"id":3437,"name":"ABBC Coin","symbol":"ABBC","slug":"abbc-coin","num_market_pairs":42,"date_added":"2018-10-12T00:00:00.000Z","tags":["mineable"],"max_supply":null,"circulating_supply":555416924.350722,"total_supply":1003278750.0109,"platform":null,"cmc_rank":69,"last_updated":"2020-04-24T11:58:12.000Z","quote":{"USD":{"price":0.114853114062,"volume_24h":46068221.3166312,"percent_change_1h":-0.433043,"percent_change_24h":6.26409,"percent_change_7d":2.08842,"market_cap":63791363.36441869,"last_updated":"2020-04-24T11:58:12.000Z"}}},{"id":3890,"name":"Matic Network","symbol":"MATIC","slug":"matic-network","num_market_pairs":51,"date_added":"2019-04-28T00:00:00.000Z","tags":[],"max_supply":null,"circulating_supply":2758503686,"total_supply":10000000000,"platform":{"id":1027,"name":"Ethereum","symbol":"ETH","slug":"ethereum","token_address":"0x7D1AfA7B718fb893dB30A3aBc0Cfc608AaCfeBB0"},"cmc_rank":91,"last_updated":"2020-04-24T11:58:13.000Z","quote":{"USD":{"price":0.0152883845205,"volume_24h":44434452.4463069,"percent_change_1h":-0.164072,"percent_change_24h":16.8139,"percent_change_7d":19.3242,"market_cap":42173065.05278459,"last_updated":"2020-04-24T11:58:13.000Z"}}},{"id":3306,"name":"Gemini Dollar","symbol":"GUSD","slug":"gemini-dollar","num_market_pairs":31,"date_added":"2018-10-05T00:00:00.000Z","tags":[],"max_supply":null,"circulating_supply":5770999.35,"total_supply":5770999.35,"platform":{"id":1027,"name":"Ethereum","symbol":"ETH","slug":"ethereum","token_address":"0x056Fd409E1d7A124BD7017459dFEa2F387b6d5Cd"},"cmc_rank":403,"last_updated":"2020-04-24T11:58:11.000Z","quote":{"USD":{"price":0.998524495117,"volume_24h":43674815.8620931,"percent_change_1h":0.127889,"percent_change_24h":0.169493,"percent_change_7d":-0.238621,"market_cap":5762484.212279285,"last_updated":"2020-04-24T11:58:11.000Z"}}},{"id":1982,"name":"Kyber Network","symbol":"KNC","slug":"kyber-network","num_market_pairs":64,"date_added":"2017-09-24T00:00:00.000Z","tags":[],"max_supply":null,"circulating_supply":180432602.911872,"total_supply":210939151.730736,"platform":{"id":1027,"name":"Ethereum","symbol":"ETH","slug":"ethereum","token_address":"0xdd974d5c2e2928dea5f71b9825b8b646686bd200"},"cmc_rank":55,"last_updated":"2020-04-24T11:58:07.000Z","quote":{"USD":{"price":0.486660099671,"volume_24h":42665293.0165699,"percent_change_1h":-0.805707,"percent_change_24h":2.8089,"percent_change_7d":1.61236,"market_cap":87809348.51698959,"last_updated":"2020-04-24T11:58:07.000Z"}}},{"id":3657,"name":"Lambda","symbol":"LAMB","slug":"lambda","num_market_pairs":41,"date_added":"2019-01-02T00:00:00.000Z","tags":[],"max_supply":10000000000,"circulating_supply":644348876.627519,"total_supply":6000000000,"platform":{"id":1027,"name":"Ethereum","symbol":"ETH","slug":"ethereum","token_address":"0x8971f9fd7196e5cee2c1032b50f656855af7dd26"},"cmc_rank":325,"last_updated":"2020-04-24T11:58:13.000Z","quote":{"USD":{"price":0.0130123549407,"volume_24h":42244082.701561,"percent_change_1h":0.231839,"percent_change_24h":2.16711,"percent_change_7d":1.38544,"market_cap":8384496.288318592,"last_updated":"2020-04-24T11:58:13.000Z"}}},{"id":3351,"name":"ZB Token","symbol":"ZB","slug":"zb-token","num_market_pairs":11,"date_added":"2018-09-27T00:00:00.000Z","tags":[],"max_supply":null,"circulating_supply":463288810,"total_supply":2100000000,"platform":{"id":1027,"name":"Ethereum","symbol":"ETH","slug":"ethereum","token_address":"0xbd0793332e9fb844a52a205a233ef27a5b34b927"},"cmc_rank":48,"last_updated":"2020-04-24T11:58:12.000Z","quote":{"USD":{"price":0.243808803376,"volume_24h":41856504.2944447,"percent_change_1h":0.366854,"percent_change_24h":3.49128,"percent_change_7d":2.51644,"market_cap":112953890.38359103,"last_updated":"2020-04-24T11:58:12.000Z"}}},{"id":3709,"name":"Grin","symbol":"GRIN","slug":"grin","num_market_pairs":60,"date_added":"2019-01-27T00:00:00.000Z","tags":["mineable"],"max_supply":null,"circulating_supply":39991860,"total_supply":39991860,"platform":null,"cmc_rank":145,"last_updated":"2020-04-24T11:58:13.000Z","quote":{"USD":{"price":0.493739456552,"volume_24h":39883548.7010244,"percent_change_1h":0.328182,"percent_change_24h":2.28526,"percent_change_7d":2.26053,"market_cap":19745559.22290367,"last_updated":"2020-04-24T11:58:13.000Z"}}},{"id":2099,"name":"ICON","symbol":"ICX","slug":"icon","num_market_pairs":61,"date_added":"2017-10-27T00:00:00.000Z","tags":[],"max_supply":null,"circulating_supply":537182580.720414,"total_supply":800460000,"platform":null,"cmc_rank":41,"last_updated":"2020-04-24T11:58:07.000Z","quote":{"USD":{"price":0.256331279231,"volume_24h":37791170.3847627,"percent_change_1h":-0.23114,"percent_change_24h":6.44327,"percent_change_7d":9.8862,"market_cap":137696698.09667367,"last_updated":"2020-04-24T11:58:07.000Z"}}},{"id":1274,"name":"Waves","symbol":"WAVES","slug":"waves","num_market_pairs":143,"date_added":"2016-06-02T00:00:00.000Z","tags":[],"max_supply":null,"circulating_supply":101751778,"total_supply":101751778,"platform":null,"cmc_rank":51,"last_updated":"2020-04-24T11:58:06.000Z","quote":{"USD":{"price":1.01632710571,"volume_24h":36900155.8848278,"percent_change_1h":0.395308,"percent_change_24h":3.18025,"percent_change_7d":1.0651,"market_cap":103413090.03558646,"last_updated":"2020-04-24T11:58:06.000Z"}}},{"id":2405,"name":"IOST","symbol":"IOST","slug":"iostoken","num_market_pairs":85,"date_added":"2018-01-16T00:00:00.000Z","tags":[],"max_supply":null,"circulating_supply":12013965608.8475,"total_supply":21000000000,"platform":null,"cmc_rank":94,"last_updated":"2020-04-24T11:58:09.000Z","quote":{"USD":{"price":0.00332856727358,"volume_24h":36397423.1763275,"percent_change_1h":-0.472292,"percent_change_24h":5.38308,"percent_change_7d":1.32226,"market_cap":39989292.75152541,"last_updated":"2020-04-24T11:58:09.000Z"}}},{"id":4779,"name":"HUSD","symbol":"HUSD","slug":"husd","num_market_pairs":18,"date_added":"2019-10-15T00:00:00.000Z","tags":[],"max_supply":null,"circulating_supply":null,"total_supply":87094416.0933887,"platform":{"id":1027,"name":"Ethereum","symbol":"ETH","slug":"ethereum","token_address":"0xdf574c24545e5ffecb9a659c229253d4111d87e1"},"cmc_rank":2034,"last_updated":"2020-04-24T11:58:15.000Z","quote":{"USD":{"price":1.00583854603,"volume_24h":33729093.6490915,"percent_change_1h":0.552043,"percent_change_24h":0.73669,"percent_change_7d":0.32407,"market_cap":null,"last_updated":"2020-04-24T11:58:15.000Z"}}},{"id":5085,"name":"Building Cities Beyond Blockchain","symbol":"BCB","slug":"building-cities-beyond-blockchain","num_market_pairs":3,"date_added":"2019-12-30T00:00:00.000Z","tags":[],"max_supply":66000000,"circulating_supply":null,"total_supply":66000000,"platform":null,"cmc_rank":2035,"last_updated":"2020-04-24T11:58:15.000Z","quote":{"USD":{"price":2.61832335675,"volume_24h":33128516.2148562,"percent_change_1h":0.708603,"percent_change_24h":3.14881,"percent_change_7d":1.9441,"market_cap":null,"last_updated":"2020-04-24T11:58:15.000Z"}}},{"id":2457,"name":"TrueChain","symbol":"TRUE","slug":"truechain","num_market_pairs":16,"date_added":"2018-01-24T00:00:00.000Z","tags":[],"max_supply":null,"circulating_supply":79575542.96,"total_supply":100000000,"platform":null,"cmc_rank":136,"last_updated":"2020-04-24T11:58:08.000Z","quote":{"USD":{"price":0.267293154362,"volume_24h":33108366.5740364,"percent_change_1h":-0.34426,"percent_change_24h":2.52418,"percent_change_7d":1.19512,"market_cap":21269997.88784724,"last_updated":"2020-04-24T11:58:08.000Z"}}},{"id":5217,"name":"3X Long Ethereum Token","symbol":"ETHBULL","slug":"3x-long-ethereum-token","num_market_pairs":7,"date_added":"2020-02-11T00:00:00.000Z","tags":[],"max_supply":null,"circulating_supply":null,"total_supply":2688.70054275,"platform":{"id":1027,"name":"Ethereum","symbol":"ETH","slug":"ethereum","token_address":"0x871baed4088b863fd6407159f3672d70cd34837d"},"cmc_rank":2036,"last_updated":"2020-04-24T11:58:15.000Z","quote":{"USD":{"price":181.335809069,"volume_24h":31549372.2681562,"percent_change_1h":-2.09931,"percent_change_24h":6.05747,"percent_change_7d":24.7838,"market_cap":null,"last_updated":"2020-04-24T11:58:15.000Z"}}},{"id":1104,"name":"Augur","symbol":"REP","slug":"augur","num_market_pairs":73,"date_added":"2015-10-27T00:00:00.000Z","tags":[],"max_supply":null,"circulating_supply":11000000,"total_supply":11000000,"platform":{"id":1027,"name":"Ethereum","symbol":"ETH","slug":"ethereum","token_address":"0x1985365e9f78359a9b6ad760e32412f4a445e862"},"cmc_rank":49,"last_updated":"2020-04-24T11:58:06.000Z","quote":{"USD":{"price":10.2640017549,"volume_24h":30553767.7228152,"percent_change_1h":0.1475,"percent_change_24h":3.39909,"percent_change_7d":2.90173,"market_cap":112904019.3039,"last_updated":"2020-04-24T11:58:06.000Z"}}},{"id":5444,"name":"Cartesi","symbol":"CTSI","slug":"cartesi","num_market_pairs":4,"date_added":"2020-04-23T00:00:00.000Z","tags":[],"max_supply":null,"circulating_supply":null,"total_supply":1000000000,"platform":null,"cmc_rank":2037,"last_updated":"2020-04-24T11:58:16.000Z","quote":{"USD":{"price":0.0580383841949,"volume_24h":30394210.8102164,"percent_change_1h":-1.02411,"percent_change_24h":-16.4514,"percent_change_7d":null,"market_cap":null,"last_updated":"2020-04-24T11:58:16.000Z"}}},{"id":1896,"name":"0x","symbol":"ZRX","slug":"0x","num_market_pairs":179,"date_added":"2017-08-16T00:00:00.000Z","tags":[],"max_supply":null,"circulating_supply":652134957.432216,"total_supply":1000000000,"platform":{"id":1027,"name":"Ethereum","symbol":"ETH","slug":"ethereum","token_address":"0xe41d2489571d322189246dafa5ebde1f4699f498"},"cmc_rank":47,"last_updated":"2020-04-24T11:58:08.000Z","quote":{"USD":{"price":0.179504692334,"volume_24h":27292224.7517814,"percent_change_1h":-0.26725,"percent_change_24h":4.74964,"percent_change_7d":4.22262,"market_cap":117061284.89411612,"last_updated":"2020-04-24T11:58:08.000Z"}}},{"id":109,"name":"DigiByte","symbol":"DGB","slug":"digibyte","num_market_pairs":77,"date_added":"2014-02-06T00:00:00.000Z","tags":["mineable"],"max_supply":21000000000,"circulating_supply":13066802605.9034,"total_supply":13066802605.9034,"platform":null,"cmc_rank":38,"last_updated":"2020-04-24T11:58:05.000Z","quote":{"USD":{"price":0.0119811251602,"volume_24h":21189312.9881046,"percent_change_1h":-5.73772,"percent_change_24h":32.4586,"percent_change_7d":88.1102,"market_cap":156554997.46495616,"last_updated":"2020-04-24T11:58:05.000Z"}}},{"id":5198,"name":"Creditcoin","symbol":"CTC","slug":"creditcoin","num_market_pairs":3,"date_added":"2020-01-31T00:00:00.000Z","tags":[],"max_supply":null,"circulating_supply":null,"total_supply":600000000,"platform":null,"cmc_rank":2038,"last_updated":"2020-04-24T11:58:15.000Z","quote":{"USD":{"price":0.376451391118,"volume_24h":20984898.5040156,"percent_change_1h":0.825341,"percent_change_24h":0.755989,"percent_change_7d":-9.6172,"market_cap":null,"last_updated":"2020-04-24T11:58:15.000Z"}}},{"id":1759,"name":"Status","symbol":"SNT","slug":"status","num_market_pairs":84,"date_added":"2017-06-28T00:00:00.000Z","tags":[],"max_supply":null,"circulating_supply":3470483788,"total_supply":6804870174,"platform":{"id":1027,"name":"Ethereum","symbol":"ETH","slug":"ethereum","token_address":"0x744d70fdbe2ba4cf95131626614a1763df805b9e"},"cmc_rank":67,"last_updated":"2020-04-24T11:58:07.000Z","quote":{"USD":{"price":0.0190348497829,"volume_24h":20984799.7093141,"percent_change_1h":-2.04406,"percent_change_24h":7.62826,"percent_change_7d":16.1116,"market_cap":66060137.57856978,"last_updated":"2020-04-24T11:58:07.000Z"}}},{"id":2299,"name":"aelf","symbol":"ELF","slug":"aelf","num_market_pairs":79,"date_added":"2017-12-21T00:00:00.000Z","tags":[],"max_supply":1000000000,"circulating_supply":544480199.986466,"total_supply":879999999.986466,"platform":{"id":1027,"name":"Ethereum","symbol":"ETH","slug":"ethereum","token_address":"0xbf2179859fc6d5bee9bf9158632dc51678a4100e"},"cmc_rank":104,"last_updated":"2020-04-24T11:58:08.000Z","quote":{"USD":{"price":0.0624241835443,"volume_24h":19988036.0628771,"percent_change_1h":0.104019,"percent_change_24h":2.51543,"percent_change_7d":-0.937275,"market_cap":33988731.94019233,"last_updated":"2020-04-24T11:58:08.000Z"}}},{"id":3945,"name":"Harmony","symbol":"ONE","slug":"harmony","num_market_pairs":20,"date_added":"2019-06-01T00:00:00.000Z","tags":[],"max_supply":null,"circulating_supply":4596807869,"total_supply":12600000000,"platform":null,"cmc_rank":187,"last_updated":"2020-04-24T11:58:13.000Z","quote":{"USD":{"price":0.00262610331217,"volume_24h":19923828.7988207,"percent_change_1h":-1.12915,"percent_change_24h":4.41039,"percent_change_7d":17.1146,"market_cap":12071692.37019002,"last_updated":"2020-04-24T11:58:13.000Z"}}},{"id":5414,"name":"3x Long EOS Token","symbol":"EOSBULL","slug":"3x-long-eos-token","num_market_pairs":5,"date_added":"2020-04-06T00:00:00.000Z","tags":[],"max_supply":null,"circulating_supply":null,"total_supply":1057300.976,"platform":{"id":1027,"name":"Ethereum","symbol":"ETH","slug":"ethereum","token_address":"0xeaD7F3ae4e0Bb0D8785852Cc37CC9d0B5e75c06a"},"cmc_rank":2039,"last_updated":"2020-04-24T11:58:16.000Z","quote":{"USD":{"price":5.95623880239,"volume_24h":19609217.9453263,"percent_change_1h":-1.01555,"percent_change_24h":11.2883,"percent_change_7d":7.94738,"market_cap":null,"last_updated":"2020-04-24T11:58:16.000Z"}}},{"id":4899,"name":"Yap Stone","symbol":"YAP","slug":"yap-stone","num_market_pairs":14,"date_added":"2019-11-09T00:00:00.000Z","tags":[],"max_supply":null,"circulating_supply":150000000,"total_supply":1000000000,"platform":{"id":1027,"name":"Ethereum","symbol":"ETH","slug":"ethereum","token_address":""},"cmc_rank":106,"last_updated":"2020-04-24T11:58:15.000Z","quote":{"USD":{"price":0.214299824868,"volume_24h":19123486.5579918,"percent_change_1h":0.410039,"percent_change_24h":7.33254,"percent_change_7d":3.68776,"market_cap":32144973.7302,"last_updated":"2020-04-24T11:58:15.000Z"}}},{"id":2341,"name":"SwftCoin","symbol":"SWFTC","slug":"swftcoin","num_market_pairs":13,"date_added":"2018-01-04T00:00:00.000Z","tags":[],"max_supply":null,"circulating_supply":4004999999,"total_supply":10000000000,"platform":{"id":1027,"name":"Ethereum","symbol":"ETH","slug":"ethereum","token_address":"0x0bb217e40f8a5cb79adf04e1aab60e5abd0dfc1e"},"cmc_rank":415,"last_updated":"2020-04-24T11:58:07.000Z","quote":{"USD":{"price":0.00138567178565,"volume_24h":18786822.9576963,"percent_change_1h":0.373634,"percent_change_24h":7.22111,"percent_change_7d":9.66248,"market_cap":5549615.500142578,"last_updated":"2020-04-24T11:58:07.000Z"}}},{"id":5295,"name":"3X Long BNB Token","symbol":"BNBBULL","slug":"3x-long-bnb-token","num_market_pairs":5,"date_added":"2020-03-11T00:00:00.000Z","tags":[],"max_supply":null,"circulating_supply":null,"total_supply":4975.41633724,"platform":{"id":1027,"name":"Ethereum","symbol":"ETH","slug":"ethereum","token_address":"0x9d1a62c2ad99019768b9126fda004a9952853f6e"},"cmc_rank":2040,"last_updated":"2020-04-24T11:58:15.000Z","quote":{"USD":{"price":109.824734681,"volume_24h":18427318.101458,"percent_change_1h":-3.26793,"percent_change_24h":5.40528,"percent_change_7d":7.04823,"market_cap":null,"last_updated":"2020-04-24T11:58:15.000Z"}}},{"id":1925,"name":"Waltonchain","symbol":"WTC","slug":"waltonchain","num_market_pairs":41,"date_added":"2017-08-27T00:00:00.000Z","tags":[],"max_supply":100000000,"circulating_supply":69650283.0106683,"total_supply":70000000,"platform":{"id":1027,"name":"Ethereum","symbol":"ETH","slug":"ethereum","token_address":"0xb7cb1c96db6b22b0d3d9536e0108d062bd488f74"},"cmc_rank":137,"last_updated":"2020-04-24T11:58:07.000Z","quote":{"USD":{"price":0.301965537165,"volume_24h":18053107.8607124,"percent_change_1h":0.167411,"percent_change_24h":6.50171,"percent_change_7d":0.682659,"market_cap":21031985.123010725,"last_updated":"2020-04-24T11:58:07.000Z"}}},{"id":2830,"name":"Seele","symbol":"SEELE","slug":"seele","num_market_pairs":18,"date_added":"2018-05-31T00:00:00.000Z","tags":[],"max_supply":null,"circulating_supply":699592066.289478,"total_supply":1000000000,"platform":{"id":1027,"name":"Ethereum","symbol":"ETH","slug":"ethereum","token_address":"0xb1eef147028e9f480dbc5ccaa3277d417d1b85f0"},"cmc_rank":75,"last_updated":"2020-04-24T11:58:10.000Z","quote":{"USD":{"price":0.0795676936285,"volume_24h":17914294.9578345,"percent_change_1h":0.835294,"percent_change_24h":5.9391,"percent_change_7d":7.50475,"market_cap":55664927.19545044,"last_updated":"2020-04-24T11:58:10.000Z"}}},{"id":5221,"name":"Handshake ","symbol":"HNS","slug":"handshake","num_market_pairs":10,"date_added":"2020-02-22T00:00:00.000Z","tags":[],"max_supply":null,"circulating_supply":268078892.322,"total_supply":2040000000,"platform":null,"cmc_rank":244,"last_updated":"2020-04-24T11:58:15.000Z","quote":{"USD":{"price":0.122996610834,"volume_24h":17778252.5696489,"percent_change_1h":0.317688,"percent_change_24h":2.86071,"percent_change_7d":0.808677,"market_cap":32972795.191738825,"last_updated":"2020-04-24T11:58:15.000Z"}}},{"id":2588,"name":"Loom Network","symbol":"LOOM","slug":"loom-network","num_market_pairs":65,"date_added":"2018-03-14T00:00:00.000Z","tags":[],"max_supply":null,"circulating_supply":970041175.954257,"total_supply":1000000000,"platform":{"id":1027,"name":"Ethereum","symbol":"ETH","slug":"ethereum","token_address":"0xa4e8c3ec456107ea67d3075bf9e3df3a75823db0"},"cmc_rank":172,"last_updated":"2020-04-24T11:58:09.000Z","quote":{"USD":{"price":0.0145931203033,"volume_24h":17770110.3066915,"percent_change_1h":0.879333,"percent_change_24h":3.16383,"percent_change_7d":1.19207,"market_cap":14155927.579855077,"last_updated":"2020-04-24T11:58:09.000Z"}}},{"id":1966,"name":"Decentraland","symbol":"MANA","slug":"decentraland","num_market_pairs":75,"date_added":"2017-09-17T00:00:00.000Z","tags":[],"max_supply":null,"circulating_supply":1370186155.67155,"total_supply":2197930765.03415,"platform":{"id":1027,"name":"Ethereum","symbol":"ETH","slug":"ethereum","token_address":"0x0f5d2fb29fb7d3cfee444a200298f468908cc942"},"cmc_rank":95,"last_updated":"2020-04-24T11:58:07.000Z","quote":{"USD":{"price":0.0284789704022,"volume_24h":17377087.4373108,"percent_change_1h":-0.041513,"percent_change_24h":1.26455,"percent_change_7d":2.40477,"market_cap":39021490.97287428,"last_updated":"2020-04-24T11:58:07.000Z"}}},{"id":4943,"name":"Multi-collateral DAI","symbol":"DAI","slug":"multi-collateral-dai","num_market_pairs":75,"date_added":"2019-11-22T00:00:00.000Z","tags":[],"max_supply":null,"circulating_supply":93213371.8473765,"total_supply":93630095.0595215,"platform":{"id":1027,"name":"Ethereum","symbol":"ETH","slug":"ethereum","token_address":"0x6b175474e89094c44da98b954eedeac495271d0f"},"cmc_rank":54,"last_updated":"2020-04-24T11:58:15.000Z","quote":{"USD":{"price":1.01116355845,"volume_24h":17306570.9596235,"percent_change_1h":0.119585,"percent_change_24h":0.272483,"percent_change_7d":-0.456836,"market_cap":94253964.77231628,"last_updated":"2020-04-24T11:58:15.000Z"}}},{"id":1903,"name":"HyperCash","symbol":"HC","slug":"hypercash","num_market_pairs":32,"date_added":"2017-08-20T00:00:00.000Z","tags":["mineable"],"max_supply":84000000,"circulating_supply":44587572.033052,"total_supply":44587572.033052,"platform":null,"cmc_rank":86,"last_updated":"2020-04-24T11:58:06.000Z","quote":{"USD":{"price":1.03852598003,"volume_24h":16835048.3107141,"percent_change_1h":0.00207062,"percent_change_24h":3.17608,"percent_change_7d":0.163093,"market_cap":46305351.94278354,"last_updated":"2020-04-24T11:58:06.000Z"}}},{"id":5429,"name":"DEAPcoin","symbol":"DEP","slug":"deapcoin","num_market_pairs":2,"date_added":"2020-04-10T00:00:00.000Z","tags":[],"max_supply":30000000000,"circulating_supply":null,"total_supply":30000000000,"platform":{"id":1027,"name":"Ethereum","symbol":"ETH","slug":"ethereum","token_address":"0x1a3496c18d558bd9c6c8f609e1b129f67ab08163"},"cmc_rank":2041,"last_updated":"2020-04-24T11:58:16.000Z","quote":{"USD":{"price":0.00524063535874,"volume_24h":16653813.4364277,"percent_change_1h":0.446961,"percent_change_24h":-0.694288,"percent_change_7d":-6.8104,"market_cap":null,"last_updated":"2020-04-24T11:58:16.000Z"}}},{"id":4942,"name":"Digital Gold","symbol":"GOLD","slug":"digital-gold","num_market_pairs":3,"date_added":"2019-11-18T00:00:00.000Z","tags":[],"max_supply":null,"circulating_supply":11545.843,"total_supply":17190.718,"platform":{"id":1027,"name":"Ethereum","symbol":"ETH","slug":"ethereum","token_address":"0x0d16450d347c12c086d6c94c76c5aaac35ea07e0"},"cmc_rank":986,"last_updated":"2020-04-24T11:58:15.000Z","quote":{"USD":{"price":55.1266810559,"volume_24h":15911057.0911754,"percent_change_1h":1.58788,"percent_change_24h":4.55077,"percent_change_7d":-1.48934,"market_cap":636484.0045824957,"last_updated":"2020-04-24T11:58:15.000Z"}}},{"id":3029,"name":"Zel","symbol":"ZEL","slug":"zel","num_market_pairs":16,"date_added":"2018-08-02T00:00:00.000Z","tags":["mineable"],"max_supply":210000000,"circulating_supply":100174550,"total_supply":100174550,"platform":null,"cmc_rank":561,"last_updated":"2020-04-24T11:58:10.000Z","quote":{"USD":{"price":0.0310805868084,"volume_24h":15656374.2386791,"percent_change_1h":-0.0468096,"percent_change_24h":4.11941,"percent_change_7d":6.09103,"market_cap":3113483.7972674062,"last_updated":"2020-04-24T11:58:10.000Z"}}},{"id":1720,"name":"IOTA","symbol":"MIOTA","slug":"iota","num_market_pairs":53,"date_added":"2017-06-13T00:00:00.000Z","tags":[],"max_supply":2779530283,"circulating_supply":2779530283,"total_supply":2779530283,"platform":null,"cmc_rank":25,"last_updated":"2020-04-24T11:58:06.000Z","quote":{"USD":{"price":0.164705205916,"volume_24h":15589154.777268,"percent_change_1h":-0.657646,"percent_change_24h":6.22074,"percent_change_7d":4.61461,"market_cap":457803107.61127275,"last_updated":"2020-04-24T11:58:06.000Z"}}},{"id":5117,"name":"Origin Protocol","symbol":"OGN","slug":"origin-protocol","num_market_pairs":15,"date_added":"2020-01-09T00:00:00.000Z","tags":[],"max_supply":null,"circulating_supply":33523273.02,"total_supply":1000000000,"platform":{"id":1027,"name":"Ethereum","symbol":"ETH","slug":"ethereum","token_address":"0x8207c1ffc5b6804f6024322ccf34f29c3541ae26"},"cmc_rank":338,"last_updated":"2020-04-24T11:58:15.000Z","quote":{"USD":{"price":0.226655499184,"volume_24h":14977917.8088211,"percent_change_1h":-0.542193,"percent_change_24h":1.76362,"percent_change_7d":1.97223,"market_cap":7598234.1806296185,"last_updated":"2020-04-24T11:58:15.000Z"}}},{"id":1414,"name":"Zcoin","symbol":"XZC","slug":"zcoin","num_market_pairs":57,"date_added":"2016-10-06T00:00:00.000Z","tags":["mineable"],"max_supply":21400000,"circulating_supply":9968093.32977796,"total_supply":21400000,"platform":null,"cmc_rank":93,"last_updated":"2020-04-24T11:58:06.000Z","quote":{"USD":{"price":4.10210145057,"volume_24h":14860002.9655069,"percent_change_1h":0.218068,"percent_change_24h":2.65325,"percent_change_7d":17.154,"market_cap":40890130.10749931,"last_updated":"2020-04-24T11:58:06.000Z"}}},{"id":5216,"name":"3X Short Ethereum Token","symbol":"ETHBEAR","slug":"3x-short-ethereum-token","num_market_pairs":7,"date_added":"2020-02-11T00:00:00.000Z","tags":[],"max_supply":null,"circulating_supply":null,"total_supply":173633.2933466,"platform":{"id":1027,"name":"Ethereum","symbol":"ETH","slug":"ethereum","token_address":"0x2f5e2c9002c058c063d21a06b6cabb50950130c8"},"cmc_rank":2042,"last_updated":"2020-04-24T11:58:15.000Z","quote":{"USD":{"price":2.91778392667,"volume_24h":14507936.4961933,"percent_change_1h":3.52326,"percent_change_24h":-4.72165,"percent_change_7d":-30.9404,"market_cap":null,"last_updated":"2020-04-24T11:58:15.000Z"}}},{"id":2130,"name":"Enjin Coin","symbol":"ENJ","slug":"enjin-coin","num_market_pairs":61,"date_added":"2017-11-01T00:00:00.000Z","tags":[],"max_supply":null,"circulating_supply":814772129.064264,"total_supply":1000000000,"platform":{"id":1027,"name":"Ethereum","symbol":"ETH","slug":"ethereum","token_address":"0xf629cbd94d3791c9250152bd8dfbdf380e2a3b9c"},"cmc_rank":52,"last_updated":"2020-04-24T11:58:08.000Z","quote":{"USD":{"price":0.12678560145,"volume_24h":14283705.7547092,"percent_change_1h":0.862799,"percent_change_24h":10.5818,"percent_change_7d":32.4059,"market_cap":103301374.42810975,"last_updated":"2020-04-24T11:58:08.000Z"}}},{"id":4273,"name":"Sessia","symbol":"KICKS","slug":"sessia","num_market_pairs":2,"date_added":"2019-08-21T00:00:00.000Z","tags":[],"max_supply":null,"circulating_supply":6145759.45571843,"total_supply":100000000,"platform":{"id":1027,"name":"Ethereum","symbol":"ETH","slug":"ethereum","token_address":"0xd91a6162f146ef85922d9a15ee6eb14a00344586"},"cmc_rank":979,"last_updated":"2020-04-24T11:58:14.000Z","quote":{"USD":{"price":0.105861848818,"volume_24h":14010310.6059645,"percent_change_1h":0.0717433,"percent_change_24h":4.41564,"percent_change_7d":1.11287,"market_cap":650601.4583730584,"last_updated":"2020-04-24T11:58:14.000Z"}}},{"id":2570,"name":"TomoChain","symbol":"TOMO","slug":"tomochain","num_market_pairs":23,"date_added":"2018-03-08T00:00:00.000Z","tags":["mineable"],"max_supply":null,"circulating_supply":70452050,"total_supply":100000000,"platform":null,"cmc_rank":127,"last_updated":"2020-04-24T11:58:09.000Z","quote":{"USD":{"price":0.336700286381,"volume_24h":13912687.9150242,"percent_change_1h":-1.48786,"percent_change_24h":4.89466,"percent_change_7d":-2.77058,"market_cap":23721225.411128532,"last_updated":"2020-04-24T11:58:09.000Z"}}},{"id":4078,"name":"Super Zero","symbol":"SERO","slug":"super-zero","num_market_pairs":15,"date_added":"2019-07-19T00:00:00.000Z","tags":[],"max_supply":647367590,"circulating_supply":257421833,"total_supply":645183818,"platform":null,"cmc_rank":144,"last_updated":"2020-04-24T11:58:14.000Z","quote":{"USD":{"price":0.0768558846646,"volume_24h":13650907.4959239,"percent_change_1h":0.554708,"percent_change_24h":2.0355,"percent_change_7d":4.80246,"market_cap":19784382.707197923,"last_updated":"2020-04-24T11:58:14.000Z"}}},{"id":1866,"name":"Bytom","symbol":"BTM","slug":"bytom","num_market_pairs":54,"date_added":"2017-08-08T00:00:00.000Z","tags":["mineable"],"max_supply":null,"circulating_supply":1002499275,"total_supply":1407000000,"platform":null,"cmc_rank":72,"last_updated":"2020-04-24T11:58:07.000Z","quote":{"USD":{"price":0.0579380099775,"volume_24h":13582750.2340202,"percent_change_1h":-0.151807,"percent_change_24h":2.9037,"percent_change_7d":-0.295265,"market_cap":58082812.99738652,"last_updated":"2020-04-24T11:58:07.000Z"}}},{"id":873,"name":"NEM","symbol":"XEM","slug":"nem","num_market_pairs":92,"date_added":"2015-04-01T00:00:00.000Z","tags":[],"max_supply":null,"circulating_supply":8999999999,"total_supply":8999999999,"platform":null,"cmc_rank":27,"last_updated":"2020-04-24T11:58:06.000Z","quote":{"USD":{"price":0.038629166797,"volume_24h":12888676.9437036,"percent_change_1h":-0.516766,"percent_change_24h":5.52267,"percent_change_7d":3.29565,"market_cap":347662501.13437086,"last_updated":"2020-04-24T11:58:06.000Z"}}},{"id":4846,"name":"Kava","symbol":"KAVA","slug":"kava","num_market_pairs":15,"date_added":"2019-10-25T00:00:00.000Z","tags":[],"max_supply":null,"circulating_supply":35831423.721819,"total_supply":108620742.721819,"platform":{"id":1839,"name":"Binance Coin","symbol":"BNB","slug":"binance-coin","token_address":""},"cmc_rank":148,"last_updated":"2020-04-24T11:58:15.000Z","quote":{"USD":{"price":0.534628904879,"volume_24h":12291304.5812615,"percent_change_1h":-0.254553,"percent_change_24h":1.41621,"percent_change_7d":1.57819,"market_cap":19156514.824651517,"last_updated":"2020-04-24T11:58:15.000Z"}}},{"id":3966,"name":"BitcoinHD","symbol":"BHD","slug":"bitcoinhd","num_market_pairs":11,"date_added":"2019-05-27T00:00:00.000Z","tags":[],"max_supply":21000000,"circulating_supply":6083016.35,"total_supply":6339465,"platform":null,"cmc_rank":237,"last_updated":"2020-04-24T11:58:13.000Z","quote":{"USD":{"price":6.45563919806,"volume_24h":12033313.359615,"percent_change_1h":0.045566,"percent_change_24h":1.0696,"percent_change_7d":17.559,"market_cap":39269758.79149987,"last_updated":"2020-04-24T11:58:13.000Z"}}},{"id":1785,"name":"Gas","symbol":"GAS","slug":"gas","num_market_pairs":52,"date_added":"2017-07-06T00:00:00.000Z","tags":[],"max_supply":100000000,"circulating_supply":10128375.105773,"total_supply":17190378,"platform":{"id":1376,"name":"Neo","symbol":"NEO","slug":"neo","token_address":"602c79718b16e442de58778e148d0b1084e3b2dffd5de6b7b16cee7969282de7"},"cmc_rank":193,"last_updated":"2020-04-24T11:58:06.000Z","quote":{"USD":{"price":1.16014790593,"volume_24h":11791321.6011734,"percent_change_1h":0.258378,"percent_change_24h":4.20414,"percent_change_7d":4.24744,"market_cap":11750413.169436088,"last_updated":"2020-04-24T11:58:06.000Z"}}},{"id":2577,"name":"Ravencoin","symbol":"RVN","slug":"ravencoin","num_market_pairs":50,"date_added":"2018-03-10T00:00:00.000Z","tags":["mineable"],"max_supply":21000000000,"circulating_supply":6010935000,"total_supply":6010935000,"platform":null,"cmc_rank":50,"last_updated":"2020-04-24T11:58:09.000Z","quote":{"USD":{"price":0.0175026503251,"volume_24h":11545658.5975103,"percent_change_1h":-0.092654,"percent_change_24h":5.36852,"percent_change_7d":5.02674,"market_cap":105207293.43190497,"last_updated":"2020-04-24T11:58:09.000Z"}}},{"id":5161,"name":"WazirX","symbol":"WRX","slug":"wazirx","num_market_pairs":12,"date_added":"2020-02-06T00:00:00.000Z","tags":[],"max_supply":null,"circulating_supply":107404950.010102,"total_supply":1000000000,"platform":{"id":1839,"name":"Binance Coin","symbol":"BNB","slug":"binance-coin","token_address":"bnb19cvhgyrxmkw30hlqs9c5lp966drjzyylytl74z"},"cmc_rank":168,"last_updated":"2020-04-24T11:58:16.000Z","quote":{"USD":{"price":0.136310952926,"volume_24h":11492924.6477138,"percent_change_1h":-0.477452,"percent_change_24h":3.3854,"percent_change_7d":0.715367,"market_cap":14640471.084846398,"last_updated":"2020-04-24T11:58:16.000Z"}}}]}