{"status":{"timestamp":"2020-04-27T06:00:02.685Z","error_code":0,"error_message":null,"elapsed":618,"credit_count":1,"notice":null},"data":[{"id":825,"name":"Tether","symbol":"USDT","slug":"tether","num_market_pairs":4694,"date_added":"2015-02-25T00:00:00.000Z","tags":[],"max_supply":null,"circulating_supply":6361032509,"total_supply":6998318752.17,"platform":{"id":1027,"name":"Ethereum","symbol":"ETH","slug":"ethereum","token_address":"31"},"cmc_rank":4,"last_updated":"2020-04-27T05:59:30.000Z","quote":{"USD":{"price":1.006772852,"volume_24h":50434724576.221,"percent_change_1h":0.228913,"percent_change_24h":-0.194022,"percent_change_7d":0.0801901,"market_cap":6404114840.750647,"last_updated":"2020-04-27T05:59:30.000Z"}}},{"id":1,"name":"Bitcoin","symbol":"BTC","slug":"bitcoin","num_market_pairs":7973,"date_added":"2013-04-28T00:00:00.000Z","tags":["mineable"],"max_supply":21000000,"circulating_supply":18347537,"total_supply":18347537,"platform":null,"cmc_rank":1,"last_updated":"2020-04-27T05:59:52.000Z","quote":{"USD":{"price":7737.00858907,"volume_24h":36387412477.7874,"percent_change_1h":-0.286311,"percent_change_24h":1.72018,"percent_change_7d":7.48687,"market_cap":141955051357.27963,"last_updated":"2020-04-27T05:59:52.000Z"}}},{"id":1027,"name":"Ethereum","symbol":"ETH","slug":"ethereum","num_market_pairs":5183,"date_added":"2015-08-07T00:00:00.000Z","tags":["mineable"],"max_supply":null,"circulating_supply":110687777.1865,"total_supply":110687777.1865,"platform":null,"cmc_rank":2,"last_updated":"2020-04-27T05:59:32.000Z","quote":{"USD":{"price":197.084527204,"volume_24h":19292492838.4537,"percent_change_1h":-0.672829,"percent_change_24h":0.766263,"percent_change_7d":7.5333,"market_cap":21814848234.06305,"last_updated":"2020-04-27T05:59:32.000Z"}}},{"id":2,"name":"Litecoin","symbol":"LTC","slug":"litecoin","num_market_pairs":600,"date_added":"2013-04-28T00:00:00.000Z","tags":["mineable"],"max_supply":84000000,"circulating_supply":64600468.2265572,"total_supply":64600468.2265572,"platform":null,"cmc_rank":7,"last_updated":"2020-04-27T05:59:10.000Z","quote":{"USD":{"price":44.7642107835,"volume_24h":4741368495.69884,"percent_change_1h":-0.810361,"percent_change_24h":-0.299509,"percent_change_7d":4.24127,"market_cap":2891788976.4064007,"last_updated":"2020-04-27T05:59:10.000Z"}}},{"id":1765,"name":"EOS","symbol":"EOS","slug":"eos","num_market_pairs":378,"date_added":"2017-07-01T00:00:00.000Z","tags":[],"max_supply":null,"circulating_supply":922133764.2018,"total_supply":1018833776.2014,"platform":null,"cmc_rank":8,"last_updated":"2020-04-27T05:59:11.000Z","quote":{"USD":{"price":2.77723724518,"volume_24h":4069904595.41441,"percent_change_1h":-0.659234,"percent_change_24h":2.02331,"percent_change_7d":5.41118,"market_cap":2560984234.9792705,"last_updated":"2020-04-27T05:59:11.000Z"}}},{"id":1831,"name":"Bitcoin Cash","symbol":"BCH","slug":"bitcoin-cash","num_market_pairs":473,"date_added":"2017-07-23T00:00:00.000Z","tags":["mineable"],"max_supply":21000000,"circulating_supply":18391193.75,"total_supply":18391193.75,"platform":null,"cmc_rank":5,"last_updated":"2020-04-27T05:59:13.000Z","quote":{"USD":{"price":244.72749273,"volume_24h":3862203405.65443,"percent_change_1h":-1.00303,"percent_change_24h":1.46793,"percent_change_7d":3.72547,"market_cap":4500830734.749146,"last_updated":"2020-04-27T05:59:13.000Z"}}},{"id":1321,"name":"Ethereum Classic","symbol":"ETC","slug":"ethereum-classic","num_market_pairs":246,"date_added":"2016-07-24T00:00:00.000Z","tags":["mineable"],"max_supply":210700000,"circulating_supply":116313299,"total_supply":116313299,"platform":null,"cmc_rank":21,"last_updated":"2020-04-27T05:59:09.000Z","quote":{"USD":{"price":6.13241485317,"volume_24h":2353344627.84758,"percent_change_1h":-0.998576,"percent_change_24h":4.58559,"percent_change_7d":10.1871,"market_cap":713281402.4088033,"last_updated":"2020-04-27T05:59:09.000Z"}}},{"id":3602,"name":"Bitcoin SV","symbol":"BSV","slug":"bitcoin-sv","num_market_pairs":183,"date_added":"2018-11-09T00:00:00.000Z","tags":["mineable"],"max_supply":21000000,"circulating_supply":18389939.5819233,"total_supply":18389939.5819233,"platform":null,"cmc_rank":6,"last_updated":"2020-04-27T05:59:16.000Z","quote":{"USD":{"price":195.330683306,"volume_24h":1960822184.14619,"percent_change_1h":-0.50094,"percent_change_24h":-0.713406,"percent_change_7d":-0.775225,"market_cap":3592119464.493134,"last_updated":"2020-04-27T05:59:16.000Z"}}},{"id":52,"name":"XRP","symbol":"XRP","slug":"xrp","num_market_pairs":545,"date_added":"2013-08-04T00:00:00.000Z","tags":[],"max_supply":100000000000,"circulating_supply":44089620959,"total_supply":99990980257,"platform":null,"cmc_rank":3,"last_updated":"2020-04-27T05:59:11.000Z","quote":{"USD":{"price":0.19832863671,"volume_24h":1840242585.01285,"percent_change_1h":-0.304681,"percent_change_24h":1.43474,"percent_change_7d":2.70204,"market_cap":8744234417.859114,"last_updated":"2020-04-27T05:59:11.000Z"}}},{"id":1958,"name":"TRON","symbol":"TRX","slug":"tron","num_market_pairs":337,"date_added":"2017-09-13T00:00:00.000Z","tags":["mineable"],"max_supply":null,"circulating_supply":66682072191.4,"total_supply":99281283754.3,"platform":null,"cmc_rank":16,"last_updated":"2020-04-27T05:59:11.000Z","quote":{"USD":{"price":0.0144625554376,"volume_24h":1421736144.44414,"percent_change_1h":-0.714993,"percent_change_24h":2.80159,"percent_change_7d":10.3203,"market_cap":964393165.7621678,"last_updated":"2020-04-27T05:59:11.000Z"}}},{"id":131,"name":"Dash","symbol":"DASH","slug":"dash","num_market_pairs":297,"date_added":"2014-02-14T00:00:00.000Z","tags":["mineable"],"max_supply":18900000,"circulating_supply":9460111.55572028,"total_supply":9460111.55572028,"platform":null,"cmc_rank":19,"last_updated":"2020-04-27T05:59:06.000Z","quote":{"USD":{"price":83.8636789732,"volume_24h":895575823.008082,"percent_change_1h":-0.571598,"percent_change_24h":-3.06613,"percent_change_7d":2.78889,"market_cap":793359758.5595852,"last_updated":"2020-04-27T05:59:06.000Z"}}},{"id":1376,"name":"Neo","symbol":"NEO","slug":"neo","num_market_pairs":239,"date_added":"2016-09-08T00:00:00.000Z","tags":[],"max_supply":100000000,"circulating_supply":70538831,"total_supply":100000000,"platform":null,"cmc_rank":23,"last_updated":"2020-04-27T05:59:09.000Z","quote":{"USD":{"price":8.54190134345,"volume_24h":629879743.122091,"percent_change_1h":-0.916831,"percent_change_24h":1.20921,"percent_change_7d":10.457,"market_cap":602535735.2842926,"last_updated":"2020-04-27T05:59:09.000Z"}}},{"id":3330,"name":"Paxos Standard","symbol":"PAX","slug":"paxos-standard","num_market_pairs":99,"date_added":"2018-09-27T00:00:00.000Z","tags":[],"max_supply":null,"circulating_supply":244951954.494264,"total_supply":249952064.83,"platform":{"id":1027,"name":"Ethereum","symbol":"ETH","slug":"ethereum","token_address":"0x8e870d67f660d95d5be530380d0ec0bd388289e1"},"cmc_rank":34,"last_updated":"2020-04-27T05:59:15.000Z","quote":{"USD":{"price":1.00425651403,"volume_24h":616716626.698742,"percent_change_1h":0.124196,"percent_change_24h":-0.314878,"percent_change_7d":-0.0244075,"market_cap":245994595.92524475,"last_updated":"2020-04-27T05:59:15.000Z"}}},{"id":1437,"name":"Zcash","symbol":"ZEC","slug":"zcash","num_market_pairs":238,"date_added":"2016-10-29T00:00:00.000Z","tags":["mineable"],"max_supply":21000000,"circulating_supply":9029125,"total_supply":9029125,"platform":null,"cmc_rank":26,"last_updated":"2020-04-27T05:59:09.000Z","quote":{"USD":{"price":44.5674764674,"volume_24h":615474171.789223,"percent_change_1h":-0.779368,"percent_change_24h":-0.759533,"percent_change_7d":-6.72404,"market_cap":402405315.958713,"last_updated":"2020-04-27T05:59:09.000Z"}}},{"id":512,"name":"Stellar","symbol":"XLM","slug":"stellar","num_market_pairs":296,"date_added":"2014-08-05T00:00:00.000Z","tags":[],"max_supply":null,"circulating_supply":20295869215.1383,"total_supply":50001803870.8717,"platform":null,"cmc_rank":12,"last_updated":"2020-04-27T05:59:07.000Z","quote":{"USD":{"price":0.0620620502602,"volume_24h":604167347.908516,"percent_change_1h":-0.934706,"percent_change_24h":0.240818,"percent_change_7d":22.1898,"market_cap":1259603255.3043592,"last_updated":"2020-04-27T05:59:07.000Z"}}},{"id":2563,"name":"TrueUSD","symbol":"TUSD","slug":"trueusd","num_market_pairs":155,"date_added":"2018-03-06T00:00:00.000Z","tags":[],"max_supply":null,"circulating_supply":131553160.02,"total_supply":131553160.02,"platform":{"id":1027,"name":"Ethereum","symbol":"ETH","slug":"ethereum","token_address":"0x0000000000085d4780B73119b644AE5ecd22b376"},"cmc_rank":46,"last_updated":"2020-04-27T05:59:13.000Z","quote":{"USD":{"price":1.00349573462,"volume_24h":521968877.582729,"percent_change_1h":0.109188,"percent_change_24h":-0.361263,"percent_change_7d":-0.0455445,"market_cap":132013034.9558523,"last_updated":"2020-04-27T05:59:13.000Z"}}},{"id":3408,"name":"USD Coin","symbol":"USDC","slug":"usd-coin","num_market_pairs":219,"date_added":"2018-10-08T00:00:00.000Z","tags":[],"max_supply":null,"circulating_supply":750294928.57873,"total_supply":754284771.37,"platform":{"id":1027,"name":"Ethereum","symbol":"ETH","slug":"ethereum","token_address":"0xa0b86991c6218b36c1d19d4a2e9eb0ce3606eb48"},"cmc_rank":20,"last_updated":"2020-04-27T05:59:16.000Z","quote":{"USD":{"price":1.00331178828,"volume_24h":448703516.700277,"percent_change_1h":0.0510979,"percent_change_24h":-0.412798,"percent_change_7d":-0.105112,"market_cap":752779746.5297405,"last_updated":"2020-04-27T05:59:16.000Z"}}},{"id":1839,"name":"Binance Coin","symbol":"BNB","slug":"binance-coin","num_market_pairs":306,"date_added":"2017-07-25T00:00:00.000Z","tags":[],"max_supply":187536713,"circulating_supply":155536713,"total_supply":187536713,"platform":null,"cmc_rank":9,"last_updated":"2020-04-27T05:59:11.000Z","quote":{"USD":{"price":16.4523688441,"volume_24h":414963081.397718,"percent_change_1h":-0.346145,"percent_change_24h":1.04291,"percent_change_7d":0.961452,"market_cap":2558947371.0749235,"last_updated":"2020-04-27T05:59:11.000Z"}}},{"id":1684,"name":"Qtum","symbol":"QTUM","slug":"qtum","num_market_pairs":172,"date_added":"2017-05-24T00:00:00.000Z","tags":[],"max_supply":107822406,"circulating_supply":96607300.359,"total_supply":102357300,"platform":null,"cmc_rank":43,"last_updated":"2020-04-27T05:59:09.000Z","quote":{"USD":{"price":1.52319341004,"volume_24h":401425597.338986,"percent_change_1h":-1.24069,"percent_change_24h":1.56855,"percent_change_7d":8.11339,"market_cap":147151603.26858371,"last_updated":"2020-04-27T05:59:09.000Z"}}},{"id":1975,"name":"Chainlink","symbol":"LINK","slug":"chainlink","num_market_pairs":170,"date_added":"2017-09-20T00:00:00.000Z","tags":[],"max_supply":null,"circulating_supply":350000000,"total_supply":1000000000,"platform":{"id":1027,"name":"Ethereum","symbol":"ETH","slug":"ethereum","token_address":"0x514910771af9ca656af840dff83e8264ecf986ca"},"cmc_rank":11,"last_updated":"2020-04-27T05:59:10.000Z","quote":{"USD":{"price":3.67575524148,"volume_24h":379176286.361002,"percent_change_1h":-0.910445,"percent_change_24h":-1.92685,"percent_change_7d":-1.04015,"market_cap":1286514334.5180001,"last_updated":"2020-04-27T05:59:10.000Z"}}},{"id":2502,"name":"Huobi Token","symbol":"HT","slug":"huobi-token","num_market_pairs":137,"date_added":"2018-02-03T00:00:00.000Z","tags":[],"max_supply":null,"circulating_supply":222668092.971921,"total_supply":500000000,"platform":{"id":1027,"name":"Ethereum","symbol":"ETH","slug":"ethereum","token_address":"0x6f259637dcd74c767781e37bc6133cd6a68aa161"},"cmc_rank":17,"last_updated":"2020-04-27T05:59:13.000Z","quote":{"USD":{"price":4.08179371879,"volume_24h":339498141.74932,"percent_change_1h":-0.483231,"percent_change_24h":2.4708,"percent_change_7d":5.07988,"market_cap":908885223.2677349,"last_updated":"2020-04-27T05:59:13.000Z"}}},{"id":2456,"name":"OFCOIN","symbol":"OF","slug":"ofcoin","num_market_pairs":1,"date_added":"2018-01-24T00:00:00.000Z","tags":[],"max_supply":null,"circulating_supply":null,"total_supply":51200000000,"platform":null,"cmc_rank":2030,"last_updated":"2020-04-27T05:59:12.000Z","quote":{"USD":{"price":0.0000452638019233,"volume_24h":309574621.573594,"percent_change_1h":0.145261,"percent_change_24h":-0.285041,"percent_change_7d":1.92377,"market_cap":null,"last_updated":"2020-04-27T05:59:12.000Z"}}},{"id":2319,"name":"QCash","symbol":"QC","slug":"qcash","num_market_pairs":91,"date_added":"2019-12-12T00:00:00.000Z","tags":[],"max_supply":10000000000,"circulating_supply":460000200,"total_supply":10000000000,"platform":{"id":1684,"name":"Qtum","symbol":"QTUM","slug":"qtum","token_address":"f2033ede578e17fa6231047265010445bca8cf1c"},"cmc_rank":220,"last_updated":"2020-04-27T05:59:11.000Z","quote":{"USD":{"price":0.140672517135,"volume_24h":302650585.450524,"percent_change_1h":0.170597,"percent_change_24h":-0.283395,"percent_change_7d":0.369707,"market_cap":64709386.01660343,"last_updated":"2020-04-27T05:59:11.000Z"}}},{"id":74,"name":"Dogecoin","symbol":"DOGE","slug":"dogecoin","num_market_pairs":240,"date_added":"2013-12-15T00:00:00.000Z","tags":["mineable"],"max_supply":null,"circulating_supply":124316394253.925,"total_supply":124316394253.925,"platform":null,"cmc_rank":30,"last_updated":"2020-04-27T05:59:06.000Z","quote":{"USD":{"price":0.00239128602084,"volume_24h":289153828.2686,"percent_change_1h":-0.151892,"percent_change_24h":9.75896,"percent_change_7d":16.6219,"market_cap":297276055.740645,"last_updated":"2020-04-27T05:59:06.000Z"}}},{"id":2011,"name":"Tezos","symbol":"XTZ","slug":"tezos","num_market_pairs":90,"date_added":"2017-10-06T00:00:00.000Z","tags":[],"max_supply":null,"circulating_supply":708483187.093629,"total_supply":708483187.093629,"platform":null,"cmc_rank":10,"last_updated":"2020-04-27T05:59:10.000Z","quote":{"USD":{"price":2.68208526317,"volume_24h":261280266.374058,"percent_change_1h":-2.91356,"percent_change_24h":-4.01174,"percent_change_7d":15.8725,"market_cap":1900212315.3075361,"last_updated":"2020-04-27T05:59:10.000Z"}}},{"id":3794,"name":"Cosmos","symbol":"ATOM","slug":"cosmos","num_market_pairs":121,"date_added":"2019-03-14T00:00:00.000Z","tags":[],"max_supply":null,"circulating_supply":190688439.2,"total_supply":237928230.821588,"platform":null,"cmc_rank":24,"last_updated":"2020-04-27T05:59:16.000Z","quote":{"USD":{"price":2.77571894499,"volume_24h":206850627.51361,"percent_change_1h":-0.965073,"percent_change_24h":-2.2277,"percent_change_7d":14.7347,"market_cap":529297513.2780137,"last_updated":"2020-04-27T05:59:16.000Z"}}},{"id":2010,"name":"Cardano","symbol":"ADA","slug":"cardano","num_market_pairs":131,"date_added":"2017-10-01T00:00:00.000Z","tags":["mineable"],"max_supply":45000000000,"circulating_supply":25927070538,"total_supply":31112483745,"platform":null,"cmc_rank":13,"last_updated":"2020-04-27T05:59:10.000Z","quote":{"USD":{"price":0.0461667208895,"volume_24h":181041290.977444,"percent_change_1h":-1.50068,"percent_change_24h":8.66745,"percent_change_7d":27.4042,"market_cap":1196967829.0102246,"last_updated":"2020-04-27T05:59:10.000Z"}}},{"id":3077,"name":"VeChain","symbol":"VET","slug":"vechain","num_market_pairs":98,"date_added":"2017-08-22T00:00:00.000Z","tags":[],"max_supply":null,"circulating_supply":55454734800,"total_supply":86712634466,"platform":null,"cmc_rank":35,"last_updated":"2020-04-27T05:59:14.000Z","quote":{"USD":{"price":0.00439927007871,"volume_24h":176691780.815027,"percent_change_1h":-1.84826,"percent_change_24h":3.97359,"percent_change_7d":10.6241,"market_cap":243960355.52843815,"last_updated":"2020-04-27T05:59:14.000Z"}}},{"id":2566,"name":"Ontology","symbol":"ONT","slug":"ontology","num_market_pairs":119,"date_added":"2018-03-08T00:00:00.000Z","tags":[],"max_supply":null,"circulating_supply":656746573,"total_supply":1000000000,"platform":null,"cmc_rank":29,"last_updated":"2020-04-27T05:59:13.000Z","quote":{"USD":{"price":0.479466213223,"volume_24h":161931592.803844,"percent_change_1h":-1.85595,"percent_change_24h":2.5936,"percent_change_7d":14.6618,"market_cap":314887792.4034925,"last_updated":"2020-04-27T05:59:13.000Z"}}},{"id":5370,"name":"Hive","symbol":"HIVE","slug":"hive-blockchain","num_market_pairs":12,"date_added":"2020-03-26T00:00:00.000Z","tags":[],"max_supply":null,"circulating_supply":282855263.607,"total_supply":366225469.479,"platform":null,"cmc_rank":36,"last_updated":"2020-04-27T05:59:19.000Z","quote":{"USD":{"price":0.821419198289,"volume_24h":137176345.154138,"percent_change_1h":-10.0778,"percent_change_24h":32.4651,"percent_change_7d":546.146,"market_cap":232342743.8638857,"last_updated":"2020-04-27T05:59:19.000Z"}}},{"id":3897,"name":"OKB","symbol":"OKB","slug":"okb","num_market_pairs":50,"date_added":"2019-04-30T00:00:00.000Z","tags":[],"max_supply":null,"circulating_supply":60000000,"total_supply":300000000,"platform":{"id":1027,"name":"Ethereum","symbol":"ETH","slug":"ethereum","token_address":"0x75231f58b43240c9718dd58b4967c5114342a86c"},"cmc_rank":31,"last_updated":"2020-04-27T05:59:17.000Z","quote":{"USD":{"price":4.94958592268,"volume_24h":129987853.528545,"percent_change_1h":0.261485,"percent_change_24h":0.891857,"percent_change_7d":4.25952,"market_cap":296975155.36079997,"last_updated":"2020-04-27T05:59:17.000Z"}}},{"id":1697,"name":"Basic Attention Token","symbol":"BAT","slug":"basic-attention-token","num_market_pairs":183,"date_added":"2017-06-01T00:00:00.000Z","tags":[],"max_supply":null,"circulating_supply":1457527137.0863,"total_supply":1500000000,"platform":{"id":1027,"name":"Ethereum","symbol":"ETH","slug":"ethereum","token_address":"0x0d8775f648430679a709e98d2b0cb6250d2887ef"},"cmc_rank":33,"last_updated":"2020-04-27T05:59:10.000Z","quote":{"USD":{"price":0.182852956902,"volume_24h":121673215.952696,"percent_change_1h":-0.415978,"percent_change_24h":-0.735783,"percent_change_7d":8.6541,"market_cap":266513146.78113666,"last_updated":"2020-04-27T05:59:10.000Z"}}},{"id":1982,"name":"Kyber Network","symbol":"KNC","slug":"kyber-network","num_market_pairs":64,"date_added":"2017-09-24T00:00:00.000Z","tags":[],"max_supply":null,"circulating_supply":180390756.940555,"total_supply":210897305.759419,"platform":{"id":1027,"name":"Ethereum","symbol":"ETH","slug":"ethereum","token_address":"0xdd974d5c2e2928dea5f71b9825b8b646686bd200"},"cmc_rank":49,"last_updated":"2020-04-27T05:59:10.000Z","quote":{"USD":{"price":0.679821983763,"volume_24h":120025941.466004,"percent_change_1h":-3.42981,"percent_change_24h":10.4763,"percent_change_7d":41.8448,"market_cap":122633602.23583725,"last_updated":"2020-04-27T05:59:10.000Z"}}},{"id":328,"name":"Monero","symbol":"XMR","slug":"monero","num_market_pairs":146,"date_added":"2014-05-21T00:00:00.000Z","tags":["mineable"],"max_supply":null,"circulating_supply":17538438.2358716,"total_supply":17538438.2358716,"platform":null,"cmc_rank":14,"last_updated":"2020-04-27T05:59:06.000Z","quote":{"USD":{"price":62.2946302396,"volume_24h":99606817.0227279,"percent_change_1h":-0.25455,"percent_change_24h":1.96706,"percent_change_7d":7.53131,"market_cap":1092550524.883684,"last_updated":"2020-04-27T05:59:06.000Z"}}},{"id":1168,"name":"Decred","symbol":"DCR","slug":"decred","num_market_pairs":49,"date_added":"2016-02-10T00:00:00.000Z","tags":["mineable"],"max_supply":21000000,"circulating_supply":11412294.4249754,"total_supply":11412294.4249754,"platform":null,"cmc_rank":42,"last_updated":"2020-04-27T05:59:07.000Z","quote":{"USD":{"price":13.0956225976,"volume_24h":94616956.2176171,"percent_change_1h":-0.630447,"percent_change_24h":2.72474,"percent_change_7d":4.37642,"market_cap":149451100.76217237,"last_updated":"2020-04-27T05:59:07.000Z"}}},{"id":1808,"name":"OmiseGO","symbol":"OMG","slug":"omisego","num_market_pairs":209,"date_added":"2017-07-14T00:00:00.000Z","tags":[],"max_supply":null,"circulating_supply":140245398.245133,"total_supply":140245398.245133,"platform":{"id":1027,"name":"Ethereum","symbol":"ETH","slug":"ethereum","token_address":"0xd26114cd6EE289AccF82350c8d8487fedB8A0C07"},"cmc_rank":58,"last_updated":"2020-04-27T05:59:10.000Z","quote":{"USD":{"price":0.67317619081,"volume_24h":89510323.5020451,"percent_change_1h":-0.705063,"percent_change_24h":4.64325,"percent_change_7d":14.4264,"market_cap":94409862.96929011,"last_updated":"2020-04-27T05:59:10.000Z"}}},{"id":5031,"name":"MimbleWimbleCoin","symbol":"MWC","slug":"mimblewimblecoin","num_market_pairs":7,"date_added":"2020-02-24T00:00:00.000Z","tags":[],"max_supply":20000000,"circulating_supply":8012822.2569404,"total_supply":10522465.2569404,"platform":null,"cmc_rank":209,"last_updated":"2020-04-27T05:59:18.000Z","quote":{"USD":{"price":19.4197635826,"volume_24h":88703863.4740652,"percent_change_1h":1.53066,"percent_change_24h":6.82478,"percent_change_7d":29.8,"market_cap":155607113.85917795,"last_updated":"2020-04-27T05:59:18.000Z"}}},{"id":3702,"name":"Beam","symbol":"BEAM","slug":"beam","num_market_pairs":32,"date_added":"2019-01-17T00:00:00.000Z","tags":["mineable"],"max_supply":262800000,"circulating_supply":60375800,"total_supply":60375800,"platform":null,"cmc_rank":147,"last_updated":"2020-04-27T05:59:16.000Z","quote":{"USD":{"price":0.347359341481,"volume_24h":88552865.5873917,"percent_change_1h":0.352453,"percent_change_24h":8.17208,"percent_change_7d":26.9946,"market_cap":20972098.12938856,"last_updated":"2020-04-27T05:59:16.000Z"}}},{"id":4030,"name":"Algorand","symbol":"ALGO","slug":"algorand","num_market_pairs":77,"date_added":"2019-06-20T00:00:00.000Z","tags":["mineable"],"max_supply":null,"circulating_supply":709706068.263873,"total_supply":3240977911.26387,"platform":null,"cmc_rank":40,"last_updated":"2020-04-27T05:59:17.000Z","quote":{"USD":{"price":0.222000271725,"volume_24h":77142941.5055285,"percent_change_1h":-0.773225,"percent_change_24h":2.93411,"percent_change_7d":15.8534,"market_cap":157554939.9994612,"last_updated":"2020-04-27T05:59:17.000Z"}}},{"id":4687,"name":"Binance USD","symbol":"BUSD","slug":"binance-usd","num_market_pairs":61,"date_added":"2019-09-20T00:00:00.000Z","tags":[],"max_supply":null,"circulating_supply":195255128.41,"total_supply":195255128.41,"platform":{"id":1027,"name":"Ethereum","symbol":"ETH","slug":"ethereum","token_address":"0x4Fabb145d64652a948d72533023f6E7A623C7C53"},"cmc_rank":37,"last_updated":"2020-04-27T05:59:18.000Z","quote":{"USD":{"price":1.00431919901,"volume_24h":72708383.1761747,"percent_change_1h":0.205539,"percent_change_24h":-0.298663,"percent_change_7d":-0.0196285,"market_cap":196098474.16732588,"last_updated":"2020-04-27T05:59:18.000Z"}}},{"id":1772,"name":"Storj","symbol":"STORJ","slug":"storj","num_market_pairs":32,"date_added":"2017-07-02T00:00:00.000Z","tags":[],"max_supply":null,"circulating_supply":135787438.700013,"total_supply":424999998.000013,"platform":{"id":1027,"name":"Ethereum","symbol":"ETH","slug":"ethereum","token_address":"0xb64ef51c888972c908cfacf59b47c1afbc0ab8ac"},"cmc_rank":179,"last_updated":"2020-04-27T05:59:08.000Z","quote":{"USD":{"price":0.10360197821,"volume_24h":70376542.4501475,"percent_change_1h":-0.47699,"percent_change_24h":2.44193,"percent_change_7d":4.86751,"market_cap":14067847.26539046,"last_updated":"2020-04-27T05:59:08.000Z"}}},{"id":3718,"name":"BitTorrent","symbol":"BTT","slug":"bittorrent","num_market_pairs":134,"date_added":"2019-01-31T00:00:00.000Z","tags":[],"max_supply":null,"circulating_supply":212116500000,"total_supply":990000000000,"platform":{"id":1958,"name":"TRON","symbol":"TRX","slug":"tron","token_address":"1002000"},"cmc_rank":80,"last_updated":"2020-04-27T05:59:17.000Z","quote":{"USD":{"price":0.000248680432555,"volume_24h":69196355.1292652,"percent_change_1h":-0.50802,"percent_change_24h":-0.0188462,"percent_change_7d":7.83028,"market_cap":52749222.972052656,"last_updated":"2020-04-27T05:59:17.000Z"}}},{"id":4064,"name":"USDK","symbol":"USDK","slug":"usdk","num_market_pairs":37,"date_added":"2019-07-29T00:00:00.000Z","tags":[],"max_supply":null,"circulating_supply":28600072,"total_supply":28600072,"platform":{"id":1027,"name":"Ethereum","symbol":"ETH","slug":"ethereum","token_address":"0x1c48f86ae57291f7686349f12601910bd8d470bb"},"cmc_rank":251,"last_updated":"2020-04-27T05:59:17.000Z","quote":{"USD":{"price":1.00359794013,"volume_24h":63787427.6687492,"percent_change_1h":0.136285,"percent_change_24h":-0.320926,"percent_change_7d":-0.129774,"market_cap":28702973.346769687,"last_updated":"2020-04-27T05:59:17.000Z"}}},{"id":2307,"name":"Bibox Token","symbol":"BIX","slug":"bibox-token","num_market_pairs":27,"date_added":"2017-12-24T00:00:00.000Z","tags":[],"max_supply":null,"circulating_supply":97882450.27,"total_supply":251424733.27,"platform":{"id":1027,"name":"Ethereum","symbol":"ETH","slug":"ethereum","token_address":"0xb3104b4b9da82025e8b9f8fb28b3553ce2f67069"},"cmc_rank":335,"last_updated":"2020-04-27T05:59:11.000Z","quote":{"USD":{"price":0.0858968998966,"volume_24h":60052992.4304955,"percent_change_1h":0.774658,"percent_change_24h":2.81026,"percent_change_7d":8.23757,"market_cap":8407799.032476118,"last_updated":"2020-04-27T05:59:11.000Z"}}},{"id":2349,"name":"Mixin","symbol":"XIN","slug":"mixin","num_market_pairs":8,"date_added":"2018-01-09T00:00:00.000Z","tags":[],"max_supply":1000000,"circulating_supply":510529.706636976,"total_supply":1000000,"platform":{"id":1027,"name":"Ethereum","symbol":"ETH","slug":"ethereum","token_address":"0xa974c709cfb4566686553a20790685a47aceaa33"},"cmc_rank":217,"last_updated":"2020-04-27T05:59:11.000Z","quote":{"USD":{"price":164.594969693,"volume_24h":56677886.2652861,"percent_change_1h":-3.25171,"percent_change_24h":-1.3996,"percent_change_7d":-3.65823,"market_cap":84030621.59128924,"last_updated":"2020-04-27T05:59:11.000Z"}}},{"id":2280,"name":"Filecoin [Futures]","symbol":"FIL","slug":"filecoin","num_market_pairs":4,"date_added":"2017-12-13T00:00:00.000Z","tags":["mineable"],"max_supply":null,"circulating_supply":null,"total_supply":null,"platform":null,"cmc_rank":2031,"last_updated":"2020-04-27T05:59:11.000Z","quote":{"USD":{"price":4.99947367555,"volume_24h":53113486.9488726,"percent_change_1h":-0.441641,"percent_change_24h":-3.35986,"percent_change_7d":-1.88214,"market_cap":null,"last_updated":"2020-04-27T05:59:11.000Z"}}},{"id":1776,"name":"MCO","symbol":"MCO","slug":"crypto-com","num_market_pairs":61,"date_added":"2017-07-03T00:00:00.000Z","tags":[],"max_supply":null,"circulating_supply":15793831.0949625,"total_supply":31587682.3632061,"platform":{"id":1027,"name":"Ethereum","symbol":"ETH","slug":"ethereum","token_address":"0xb63b606ac810a52cca15e44bb630fd42d8d1d83d"},"cmc_rank":62,"last_updated":"2020-04-27T05:59:09.000Z","quote":{"USD":{"price":5.09443775943,"volume_24h":52113959.2355582,"percent_change_1h":-0.733856,"percent_change_24h":-0.325763,"percent_change_7d":-1.16517,"market_cap":80460689.49623662,"last_updated":"2020-04-27T05:59:09.000Z"}}},{"id":1274,"name":"Waves","symbol":"WAVES","slug":"waves","num_market_pairs":145,"date_added":"2016-06-02T00:00:00.000Z","tags":[],"max_supply":null,"circulating_supply":101776054,"total_supply":101776054,"platform":null,"cmc_rank":54,"last_updated":"2020-04-27T05:59:08.000Z","quote":{"USD":{"price":1.05398189795,"volume_24h":49572531.6322666,"percent_change_1h":-0.647348,"percent_change_24h":2.95113,"percent_change_7d":2.05359,"market_cap":107270118.56078169,"last_updated":"2020-04-27T05:59:08.000Z"}}},{"id":4229,"name":"Yobit Token","symbol":"YO","slug":"yobit-token","num_market_pairs":11,"date_added":"2019-09-03T00:00:00.000Z","tags":[],"max_supply":null,"circulating_supply":null,"total_supply":17000,"platform":{"id":1027,"name":"Ethereum","symbol":"ETH","slug":"ethereum","token_address":"0xebf4ca5319f406602eeff68da16261f1216011b5"},"cmc_rank":2032,"last_updated":"2020-04-27T05:59:17.000Z","quote":{"USD":{"price":783.619209767,"volume_24h":49009621.0969152,"percent_change_1h":0.226975,"percent_change_24h":2.12497,"percent_change_7d":8.86875,"market_cap":null,"last_updated":"2020-04-27T05:59:17.000Z"}}},{"id":3657,"name":"Lambda","symbol":"LAMB","slug":"lambda","num_market_pairs":41,"date_added":"2019-01-02T00:00:00.000Z","tags":[],"max_supply":10000000000,"circulating_supply":648127175.78715,"total_supply":6000000000,"platform":{"id":1027,"name":"Ethereum","symbol":"ETH","slug":"ethereum","token_address":"0x8971f9fd7196e5cee2c1032b50f656855af7dd26"},"cmc_rank":313,"last_updated":"2020-04-27T05:59:16.000Z","quote":{"USD":{"price":0.014598846029,"volume_24h":48099022.0528659,"percent_change_1h":0.0927136,"percent_change_24h":4.64615,"percent_change_7d":8.91949,"market_cap":9461908.84652722,"last_updated":"2020-04-27T05:59:16.000Z"}}},{"id":3437,"name":"ABBC Coin","symbol":"ABBC","slug":"abbc-coin","num_market_pairs":42,"date_added":"2018-10-12T00:00:00.000Z","tags":["mineable"],"max_supply":null,"circulating_supply":555416924.350722,"total_supply":1003278750.0109,"platform":null,"cmc_rank":72,"last_updated":"2020-04-27T05:59:15.000Z","quote":{"USD":{"price":0.117258818262,"volume_24h":47779621.4006477,"percent_change_1h":-0.898331,"percent_change_24h":0.242028,"percent_change_7d":1.85807,"market_cap":65127532.19208031,"last_updated":"2020-04-27T05:59:15.000Z"}}},{"id":1866,"name":"Bytom","symbol":"BTM","slug":"bytom","num_market_pairs":54,"date_added":"2017-08-08T00:00:00.000Z","tags":["mineable"],"max_supply":null,"circulating_supply":1002499275,"total_supply":1407000000,"platform":null,"cmc_rank":69,"last_updated":"2020-04-27T05:59:09.000Z","quote":{"USD":{"price":0.0702501215918,"volume_24h":47235570.3577952,"percent_change_1h":-0.290574,"percent_change_24h":15.551,"percent_change_7d":20.7316,"market_cap":70425695.96444134,"last_updated":"2020-04-27T05:59:09.000Z"}}},{"id":2099,"name":"ICON","symbol":"ICX","slug":"icon","num_market_pairs":61,"date_added":"2017-10-27T00:00:00.000Z","tags":[],"max_supply":null,"circulating_supply":538519532.666506,"total_supply":800460000,"platform":null,"cmc_rank":41,"last_updated":"2020-04-27T05:59:10.000Z","quote":{"USD":{"price":0.290767096816,"volume_24h":46186454.8930739,"percent_change_1h":-1.4019,"percent_change_24h":3.22188,"percent_change_7d":20.5036,"market_cap":156583761.09214905,"last_updated":"2020-04-27T05:59:10.000Z"}}},{"id":2083,"name":"Bitcoin Gold","symbol":"BTG","slug":"bitcoin-gold","num_market_pairs":73,"date_added":"2017-10-23T00:00:00.000Z","tags":["mineable"],"max_supply":21000000,"circulating_supply":17513923.589,"total_supply":17513923.589,"platform":null,"cmc_rank":39,"last_updated":"2020-04-27T05:59:10.000Z","quote":{"USD":{"price":9.45469473284,"volume_24h":42168677.3465391,"percent_change_1h":-0.545908,"percent_change_24h":-0.300437,"percent_change_7d":-2.78758,"market_cap":165588801.10828054,"last_updated":"2020-04-27T05:59:10.000Z"}}},{"id":3306,"name":"Gemini Dollar","symbol":"GUSD","slug":"gemini-dollar","num_market_pairs":31,"date_added":"2018-10-05T00:00:00.000Z","tags":[],"max_supply":null,"circulating_supply":5884964.1,"total_supply":5884964.1,"platform":{"id":1027,"name":"Ethereum","symbol":"ETH","slug":"ethereum","token_address":"0x056Fd409E1d7A124BD7017459dFEa2F387b6d5Cd"},"cmc_rank":407,"last_updated":"2020-04-27T05:59:15.000Z","quote":{"USD":{"price":0.995958110465,"volume_24h":42015326.9965354,"percent_change_1h":-0.549941,"percent_change_24h":-1.47636,"percent_change_7d":-0.81056,"market_cap":5861177.725190359,"last_updated":"2020-04-27T05:59:15.000Z"}}},{"id":1896,"name":"0x","symbol":"ZRX","slug":"0x","num_market_pairs":179,"date_added":"2017-08-16T00:00:00.000Z","tags":[],"max_supply":null,"circulating_supply":652285423.432216,"total_supply":1000000000,"platform":{"id":1027,"name":"Ethereum","symbol":"ETH","slug":"ethereum","token_address":"0xe41d2489571d322189246dafa5ebde1f4699f498"},"cmc_rank":45,"last_updated":"2020-04-27T05:59:10.000Z","quote":{"USD":{"price":0.203358093837,"volume_24h":40902009.491377,"percent_change_1h":-1.56901,"percent_change_24h":8.65585,"percent_change_7d":16.8272,"market_cap":132647520.34683587,"last_updated":"2020-04-27T05:59:10.000Z"}}},{"id":1230,"name":"Steem","symbol":"STEEM","slug":"steem","num_market_pairs":31,"date_added":"2016-04-18T00:00:00.000Z","tags":[],"max_supply":null,"circulating_supply":372436700.704,"total_supply":389410794.704,"platform":null,"cmc_rank":60,"last_updated":"2020-04-27T05:59:07.000Z","quote":{"USD":{"price":0.230520517635,"volume_24h":39751223.262283,"percent_change_1h":16.4984,"percent_change_24h":42.2212,"percent_change_7d":47.5476,"market_cap":85854301.03255765,"last_updated":"2020-04-27T05:59:07.000Z"}}},{"id":3709,"name":"Grin","symbol":"GRIN","slug":"grin","num_market_pairs":60,"date_added":"2019-01-27T00:00:00.000Z","tags":["mineable"],"max_supply":null,"circulating_supply":40225440,"total_supply":40225440,"platform":null,"cmc_rank":142,"last_updated":"2020-04-27T05:59:16.000Z","quote":{"USD":{"price":0.5285733343,"volume_24h":38953654.4532922,"percent_change_1h":-0.393693,"percent_change_24h":1.66196,"percent_change_7d":7.69759,"market_cap":21262094.94448459,"last_updated":"2020-04-27T05:59:16.000Z"}}},{"id":624,"name":"bitCNY","symbol":"BITCNY","slug":"bitcny","num_market_pairs":23,"date_added":"2014-09-23T00:00:00.000Z","tags":[],"max_supply":null,"circulating_supply":31117600,"total_supply":31117600,"platform":{"id":463,"name":"BitShares","symbol":"BTS","slug":"bitshares","token_address":"CNY"},"cmc_rank":491,"last_updated":"2020-04-27T05:59:05.000Z","quote":{"USD":{"price":0.140853791044,"volume_24h":38320992.2040144,"percent_change_1h":0.0592934,"percent_change_24h":-0.412742,"percent_change_7d":0.096065,"market_cap":4383031.928190774,"last_updated":"2020-04-27T05:59:05.000Z"}}},{"id":2405,"name":"IOST","symbol":"IOST","slug":"iostoken","num_market_pairs":85,"date_added":"2018-01-16T00:00:00.000Z","tags":[],"max_supply":null,"circulating_supply":12013965608.8475,"total_supply":21000000000,"platform":null,"cmc_rank":95,"last_updated":"2020-04-27T05:59:12.000Z","quote":{"USD":{"price":0.0035725857177,"volume_24h":36589677.4039194,"percent_change_1h":-1.24033,"percent_change_24h":0.302982,"percent_change_7d":7.38306,"market_cap":42920921.94710757,"last_updated":"2020-04-27T05:59:12.000Z"}}},{"id":3351,"name":"ZB Token","symbol":"ZB","slug":"zb-token","num_market_pairs":11,"date_added":"2018-09-27T00:00:00.000Z","tags":[],"max_supply":null,"circulating_supply":463288810,"total_supply":2100000000,"platform":{"id":1027,"name":"Ethereum","symbol":"ETH","slug":"ethereum","token_address":"0xbd0793332e9fb844a52a205a233ef27a5b34b927"},"cmc_rank":52,"last_updated":"2020-04-27T05:59:15.000Z","quote":{"USD":{"price":0.24692968937,"volume_24h":33966480.5960497,"percent_change_1h":-0.274465,"percent_change_24h":0.522633,"percent_change_7d":3.25239,"market_cap":114399761.94189696,"last_updated":"2020-04-27T05:59:15.000Z"}}},{"id":2457,"name":"TrueChain","symbol":"TRUE","slug":"truechain","num_market_pairs":16,"date_added":"2018-01-24T00:00:00.000Z","tags":[],"max_supply":null,"circulating_supply":79575542.96,"total_supply":100000000,"platform":null,"cmc_rank":135,"last_updated":"2020-04-27T05:59:12.000Z","quote":{"USD":{"price":0.283247648334,"volume_24h":33723767.4543509,"percent_change_1h":0.242532,"percent_change_24h":5.37713,"percent_change_7d":5.62873,"market_cap":22539585.408321187,"last_updated":"2020-04-27T05:59:12.000Z"}}},{"id":1104,"name":"Augur","symbol":"REP","slug":"augur","num_market_pairs":73,"date_added":"2015-10-27T00:00:00.000Z","tags":[],"max_supply":null,"circulating_supply":11000000,"total_supply":11000000,"platform":{"id":1027,"name":"Ethereum","symbol":"ETH","slug":"ethereum","token_address":"0x1985365e9f78359a9b6ad760e32412f4a445e862"},"cmc_rank":53,"last_updated":"2020-04-27T05:59:07.000Z","quote":{"USD":{"price":10.3914675311,"volume_24h":33721096.8443411,"percent_change_1h":-0.464795,"percent_change_24h":0.713468,"percent_change_7d":2.47168,"market_cap":114306142.8421,"last_updated":"2020-04-27T05:59:07.000Z"}}},{"id":2130,"name":"Enjin Coin","symbol":"ENJ","slug":"enjin-coin","num_market_pairs":61,"date_added":"2017-11-01T00:00:00.000Z","tags":[],"max_supply":null,"circulating_supply":814772129.064264,"total_supply":1000000000,"platform":{"id":1027,"name":"Ethereum","symbol":"ETH","slug":"ethereum","token_address":"0xf629cbd94d3791c9250152bd8dfbdf380e2a3b9c"},"cmc_rank":51,"last_updated":"2020-04-27T05:59:11.000Z","quote":{"USD":{"price":0.142368272716,"volume_24h":30189184.0303046,"percent_change_1h":-1.37581,"percent_change_24h":-6.65536,"percent_change_7d":39.0515,"market_cap":115997700.6720171,"last_updated":"2020-04-27T05:59:11.000Z"}}},{"id":2830,"name":"Seele","symbol":"SEELE","slug":"seele","num_market_pairs":18,"date_added":"2018-05-31T00:00:00.000Z","tags":[],"max_supply":null,"circulating_supply":699592066.289478,"total_supply":1000000000,"platform":{"id":1027,"name":"Ethereum","symbol":"ETH","slug":"ethereum","token_address":"0xb1eef147028e9f480dbc5ccaa3277d417d1b85f0"},"cmc_rank":73,"last_updated":"2020-04-27T05:59:13.000Z","quote":{"USD":{"price":0.0897939423555,"volume_24h":30014706.4966193,"percent_change_1h":-0.335674,"percent_change_24h":1.89827,"percent_change_7d":16.5424,"market_cap":62819129.67276252,"last_updated":"2020-04-27T05:59:13.000Z"}}},{"id":3945,"name":"Harmony","symbol":"ONE","slug":"harmony","num_market_pairs":20,"date_added":"2019-06-01T00:00:00.000Z","tags":[],"max_supply":null,"circulating_supply":4596807869,"total_supply":12600000000,"platform":null,"cmc_rank":194,"last_updated":"2020-04-27T05:59:17.000Z","quote":{"USD":{"price":0.00268182431297,"volume_24h":29894536.3418421,"percent_change_1h":0.154081,"percent_change_24h":-1.16145,"percent_change_7d":13.5048,"market_cap":12327831.105136015,"last_updated":"2020-04-27T05:59:17.000Z"}}},{"id":2588,"name":"Loom Network","symbol":"LOOM","slug":"loom-network","num_market_pairs":65,"date_added":"2018-03-14T00:00:00.000Z","tags":[],"max_supply":null,"circulating_supply":970066177.429225,"total_supply":1000000000,"platform":{"id":1027,"name":"Ethereum","symbol":"ETH","slug":"ethereum","token_address":"0xa4e8c3ec456107ea67d3075bf9e3df3a75823db0"},"cmc_rank":168,"last_updated":"2020-04-27T05:59:12.000Z","quote":{"USD":{"price":0.0157104136026,"volume_24h":28678896.9357588,"percent_change_1h":-0.692443,"percent_change_24h":4.26953,"percent_change_7d":8.1009,"market_cap":15240140.869306281,"last_updated":"2020-04-27T05:59:12.000Z"}}},{"id":3890,"name":"Matic Network","symbol":"MATIC","slug":"matic-network","num_market_pairs":51,"date_added":"2019-04-28T00:00:00.000Z","tags":[],"max_supply":null,"circulating_supply":3433504398,"total_supply":10000000000,"platform":{"id":1027,"name":"Ethereum","symbol":"ETH","slug":"ethereum","token_address":"0x7D1AfA7B718fb893dB30A3aBc0Cfc608AaCfeBB0"},"cmc_rank":82,"last_updated":"2020-04-27T05:59:17.000Z","quote":{"USD":{"price":0.0152957507044,"volume_24h":26777663.4936646,"percent_change_1h":-2.47778,"percent_change_24h":0.161861,"percent_change_7d":16.4235,"market_cap":52518027.314269,"last_updated":"2020-04-27T05:59:17.000Z"}}},{"id":109,"name":"DigiByte","symbol":"DGB","slug":"digibyte","num_market_pairs":77,"date_added":"2014-02-06T00:00:00.000Z","tags":["mineable"],"max_supply":21000000000,"circulating_supply":13076298424.5385,"total_supply":13076298424.5385,"platform":null,"cmc_rank":38,"last_updated":"2020-04-27T05:59:05.000Z","quote":{"USD":{"price":0.0136008393062,"volume_24h":26610672.9144487,"percent_change_1h":2.20893,"percent_change_24h":-10.1515,"percent_change_7d":64.6381,"market_cap":177848633.59206435,"last_updated":"2020-04-27T05:59:05.000Z"}}},{"id":2577,"name":"Ravencoin","symbol":"RVN","slug":"ravencoin","num_market_pairs":50,"date_added":"2018-03-10T00:00:00.000Z","tags":["mineable"],"max_supply":21000000000,"circulating_supply":6030615000,"total_supply":6030615000,"platform":null,"cmc_rank":50,"last_updated":"2020-04-27T05:59:12.000Z","quote":{"USD":{"price":0.0193491124426,"volume_24h":24192187.1396185,"percent_change_1h":-1.88075,"percent_change_24h":-3.86425,"percent_change_7d":11.8307,"market_cap":116687047.7330302,"last_updated":"2020-04-27T05:59:12.000Z"}}},{"id":5217,"name":"3X Long Ethereum Token","symbol":"ETHBULL","slug":"3x-long-ethereum-token","num_market_pairs":7,"date_added":"2020-02-11T00:00:00.000Z","tags":[],"max_supply":null,"circulating_supply":null,"total_supply":2688.70054275,"platform":{"id":1027,"name":"Ethereum","symbol":"ETH","slug":"ethereum","token_address":"0x871baed4088b863fd6407159f3672d70cd34837d"},"cmc_rank":2033,"last_updated":"2020-04-27T05:59:18.000Z","quote":{"USD":{"price":207.932141182,"volume_24h":22024995.231275,"percent_change_1h":-2.87379,"percent_change_24h":2.22846,"percent_change_7d":19.5442,"market_cap":null,"last_updated":"2020-04-27T05:59:18.000Z"}}},{"id":2299,"name":"aelf","symbol":"ELF","slug":"aelf","num_market_pairs":79,"date_added":"2017-12-21T00:00:00.000Z","tags":[],"max_supply":1000000000,"circulating_supply":544480199.986466,"total_supply":879999999.986466,"platform":{"id":1027,"name":"Ethereum","symbol":"ETH","slug":"ethereum","token_address":"0xbf2179859fc6d5bee9bf9158632dc51678a4100e"},"cmc_rank":100,"last_updated":"2020-04-27T05:59:11.000Z","quote":{"USD":{"price":0.0680932291316,"volume_24h":22014131.4966657,"percent_change_1h":-0.847365,"percent_change_24h":4.03373,"percent_change_7d":8.12383,"market_cap":37075415.01529782,"last_updated":"2020-04-27T05:59:11.000Z"}}},{"id":5414,"name":"3x Long EOS Token","symbol":"EOSBULL","slug":"3x-long-eos-token","num_market_pairs":5,"date_added":"2020-04-06T00:00:00.000Z","tags":[],"max_supply":null,"circulating_supply":null,"total_supply":1057300.976,"platform":{"id":1027,"name":"Ethereum","symbol":"ETH","slug":"ethereum","token_address":"0xeaD7F3ae4e0Bb0D8785852Cc37CC9d0B5e75c06a"},"cmc_rank":2034,"last_updated":"2020-04-27T05:59:19.000Z","quote":{"USD":{"price":6.34742846135,"volume_24h":21184616.007284,"percent_change_1h":-2.14621,"percent_change_24h":6.32475,"percent_change_7d":15.6132,"market_cap":null,"last_updated":"2020-04-27T05:59:19.000Z"}}},{"id":1903,"name":"HyperCash","symbol":"HC","slug":"hypercash","num_market_pairs":32,"date_added":"2017-08-20T00:00:00.000Z","tags":["mineable"],"max_supply":84000000,"circulating_supply":44590683.793052,"total_supply":44590683.793052,"platform":null,"cmc_rank":87,"last_updated":"2020-04-27T05:59:09.000Z","quote":{"USD":{"price":1.09488584531,"volume_24h":20037279.0653464,"percent_change_1h":-0.822333,"percent_change_24h":2.05867,"percent_change_7d":6.18083,"market_cap":48821708.51770666,"last_updated":"2020-04-27T05:59:09.000Z"}}},{"id":2341,"name":"SwftCoin","symbol":"SWFTC","slug":"swftcoin","num_market_pairs":13,"date_added":"2018-01-04T00:00:00.000Z","tags":[],"max_supply":null,"circulating_supply":4004999999,"total_supply":10000000000,"platform":{"id":1027,"name":"Ethereum","symbol":"ETH","slug":"ethereum","token_address":"0x0bb217e40f8a5cb79adf04e1aab60e5abd0dfc1e"},"cmc_rank":399,"last_updated":"2020-04-27T05:59:11.000Z","quote":{"USD":{"price":0.00151718259605,"volume_24h":19441310.5534122,"percent_change_1h":0.0636011,"percent_change_24h":0.462302,"percent_change_7d":23.2772,"market_cap":6076316.295663068,"last_updated":"2020-04-27T05:59:11.000Z"}}},{"id":5477,"name":"ECOChain","symbol":"ECOC","slug":"ecochain","num_market_pairs":1,"date_added":"2020-04-20T00:00:00.000Z","tags":[],"max_supply":2000000000,"circulating_supply":null,"total_supply":223217150,"platform":null,"cmc_rank":2035,"last_updated":"2020-04-27T05:59:19.000Z","quote":{"USD":{"price":2.18775042629,"volume_24h":19015095.3164134,"percent_change_1h":-1.62476,"percent_change_24h":3.18605,"percent_change_7d":115.998,"market_cap":null,"last_updated":"2020-04-27T05:59:19.000Z"}}},{"id":4779,"name":"HUSD","symbol":"HUSD","slug":"husd","num_market_pairs":18,"date_added":"2019-10-15T00:00:00.000Z","tags":[],"max_supply":null,"circulating_supply":null,"total_supply":87094416.0933887,"platform":{"id":1027,"name":"Ethereum","symbol":"ETH","slug":"ethereum","token_address":"0xdf574c24545e5ffecb9a659c229253d4111d87e1"},"cmc_rank":2036,"last_updated":"2020-04-27T05:59:18.000Z","quote":{"USD":{"price":1.00466724089,"volume_24h":18715748.6662516,"percent_change_1h":0.140963,"percent_change_24h":-0.312828,"percent_change_7d":0.0203369,"market_cap":null,"last_updated":"2020-04-27T05:59:18.000Z"}}},{"id":5198,"name":"Creditcoin","symbol":"CTC","slug":"creditcoin","num_market_pairs":3,"date_added":"2020-01-31T00:00:00.000Z","tags":[],"max_supply":null,"circulating_supply":null,"total_supply":600000000,"platform":null,"cmc_rank":2037,"last_updated":"2020-04-27T05:59:18.000Z","quote":{"USD":{"price":0.316322948523,"volume_24h":17906753.5643684,"percent_change_1h":-0.193197,"percent_change_24h":-14.5055,"percent_change_7d":-25.18,"market_cap":null,"last_updated":"2020-04-27T05:59:18.000Z"}}},{"id":5221,"name":"Handshake ","symbol":"HNS","slug":"handshake","num_market_pairs":10,"date_added":"2020-02-22T00:00:00.000Z","tags":[],"max_supply":null,"circulating_supply":268078892.322,"total_supply":2040000000,"platform":null,"cmc_rank":244,"last_updated":"2020-04-27T05:59:18.000Z","quote":{"USD":{"price":0.122081571272,"volume_24h":17671617.947201,"percent_change_1h":2.07192,"percent_change_24h":2.00062,"percent_change_7d":0.475085,"market_cap":32727492.399527058,"last_updated":"2020-04-27T05:59:18.000Z"}}},{"id":1966,"name":"Decentraland","symbol":"MANA","slug":"decentraland","num_market_pairs":75,"date_added":"2017-09-17T00:00:00.000Z","tags":[],"max_supply":null,"circulating_supply":1370180955.67155,"total_supply":2197925565.03415,"platform":{"id":1027,"name":"Ethereum","symbol":"ETH","slug":"ethereum","token_address":"0x0f5d2fb29fb7d3cfee444a200298f468908cc942"},"cmc_rank":96,"last_updated":"2020-04-27T05:59:09.000Z","quote":{"USD":{"price":0.030619019504,"volume_24h":17361072.195235,"percent_change_1h":0.313067,"percent_change_24h":4.90603,"percent_change_7d":5.06563,"market_cap":41953597.405716546,"last_updated":"2020-04-27T05:59:09.000Z"}}},{"id":5161,"name":"WazirX","symbol":"WRX","slug":"wazirx","num_market_pairs":12,"date_added":"2020-02-06T00:00:00.000Z","tags":[],"max_supply":null,"circulating_supply":107404950.010102,"total_supply":1000000000,"platform":{"id":1839,"name":"Binance Coin","symbol":"BNB","slug":"binance-coin","token_address":"bnb19cvhgyrxmkw30hlqs9c5lp966drjzyylytl74z"},"cmc_rank":165,"last_updated":"2020-04-27T05:59:18.000Z","quote":{"USD":{"price":0.144828548627,"volume_24h":16310521.8805418,"percent_change_1h":-2.45197,"percent_change_24h":1.4689,"percent_change_7d":1.47148,"market_cap":15555303.025318563,"last_updated":"2020-04-27T05:59:18.000Z"}}},{"id":4942,"name":"Digital Gold","symbol":"GOLD","slug":"digital-gold","num_market_pairs":3,"date_added":"2019-11-18T00:00:00.000Z","tags":[],"max_supply":null,"circulating_supply":11545.668,"total_supply":17190.543,"platform":{"id":1027,"name":"Ethereum","symbol":"ETH","slug":"ethereum","token_address":"0x0d16450d347c12c086d6c94c76c5aaac35ea07e0"},"cmc_rank":990,"last_updated":"2020-04-27T05:59:18.000Z","quote":{"USD":{"price":56.2911821393,"volume_24h":16284747.9975488,"percent_change_1h":-0.581463,"percent_change_24h":1.15877,"percent_change_7d":2.37518,"market_cap":649919.3003078875,"last_updated":"2020-04-27T05:59:18.000Z"}}},{"id":1759,"name":"Status","symbol":"SNT","slug":"status","num_market_pairs":84,"date_added":"2017-06-28T00:00:00.000Z","tags":[],"max_supply":null,"circulating_supply":3470483788,"total_supply":6804870174,"platform":{"id":1027,"name":"Ethereum","symbol":"ETH","slug":"ethereum","token_address":"0x744d70fdbe2ba4cf95131626614a1763df805b9e"},"cmc_rank":71,"last_updated":"2020-04-27T05:59:09.000Z","quote":{"USD":{"price":0.0189733926865,"volume_24h":16210674.2978266,"percent_change_1h":-1.09905,"percent_change_24h":-0.786305,"percent_change_7d":7.48787,"market_cap":65846851.72185602,"last_updated":"2020-04-27T05:59:09.000Z"}}},{"id":5117,"name":"Origin Protocol","symbol":"OGN","slug":"origin-protocol","num_market_pairs":15,"date_added":"2020-01-09T00:00:00.000Z","tags":[],"max_supply":null,"circulating_supply":33523273.02,"total_supply":1000000000,"platform":{"id":1027,"name":"Ethereum","symbol":"ETH","slug":"ethereum","token_address":"0x8207c1ffc5b6804f6024322ccf34f29c3541ae26"},"cmc_rank":353,"last_updated":"2020-04-27T05:59:18.000Z","quote":{"USD":{"price":0.232788724738,"volume_24h":16001834.3291259,"percent_change_1h":-3.26658,"percent_change_24h":-2.25087,"percent_change_7d":0.165381,"market_cap":7803839.9753696015,"last_updated":"2020-04-27T05:59:18.000Z"}}},{"id":3217,"name":"Ontology Gas","symbol":"ONG","slug":"ontology-gas","num_market_pairs":53,"date_added":"2018-08-23T00:00:00.000Z","tags":[],"max_supply":null,"circulating_supply":null,"total_supply":1000000000,"platform":{"id":2566,"name":"Ontology","symbol":"ONT","slug":"ontology","token_address":""},"cmc_rank":2038,"last_updated":"2020-04-27T05:59:15.000Z","quote":{"USD":{"price":0.0924216192042,"volume_24h":15731770.266027,"percent_change_1h":-0.64503,"percent_change_24h":2.46489,"percent_change_7d":7.56697,"market_cap":null,"last_updated":"2020-04-27T05:59:15.000Z"}}},{"id":4078,"name":"Super Zero","symbol":"SERO","slug":"super-zero","num_market_pairs":15,"date_added":"2019-07-19T00:00:00.000Z","tags":[],"max_supply":647367590,"circulating_supply":257670480,"total_supply":645102916,"platform":null,"cmc_rank":148,"last_updated":"2020-04-27T05:59:17.000Z","quote":{"USD":{"price":0.0811642804998,"volume_24h":15622178.7526034,"percent_change_1h":-0.065441,"percent_change_24h":6.46851,"percent_change_7d":6.31776,"market_cap":20913639.115238104,"last_updated":"2020-04-27T05:59:17.000Z"}}},{"id":5085,"name":"Building Cities Beyond Blockchain","symbol":"BCB","slug":"building-cities-beyond-blockchain","num_market_pairs":3,"date_added":"2019-12-30T00:00:00.000Z","tags":[],"max_supply":66000000,"circulating_supply":null,"total_supply":66000000,"platform":null,"cmc_rank":2039,"last_updated":"2020-04-27T05:59:18.000Z","quote":{"USD":{"price":2.56475887507,"volume_24h":15210555.8548167,"percent_change_1h":0.250648,"percent_change_24h":-1.38791,"percent_change_7d":-1.06763,"market_cap":null,"last_updated":"2020-04-27T05:59:18.000Z"}}},{"id":2469,"name":"Zilliqa","symbol":"ZIL","slug":"zilliqa","num_market_pairs":108,"date_added":"2018-01-25T00:00:00.000Z","tags":["mineable"],"max_supply":21000000000,"circulating_supply":10081412680.532,"total_supply":13372879833.532,"platform":null,"cmc_rank":84,"last_updated":"2020-04-27T05:59:12.000Z","quote":{"USD":{"price":0.00516581130156,"volume_24h":14665824.2404622,"percent_change_1h":-1.27148,"percent_change_24h":5.65457,"percent_change_7d":19.5748,"market_cap":52078675.5607825,"last_updated":"2020-04-27T05:59:12.000Z"}}},{"id":5126,"name":"Soda Coin","symbol":"SOC","slug":"soda-coin","num_market_pairs":4,"date_added":"2020-02-11T00:00:00.000Z","tags":[],"max_supply":null,"circulating_supply":null,"total_supply":2000000000,"platform":{"id":1027,"name":"Ethereum","symbol":"ETH","slug":"ethereum","token_address":"0xcaD49C39B72c37B32cEe8b14F33F316D3a8bC335"},"cmc_rank":2040,"last_updated":"2020-04-27T05:59:18.000Z","quote":{"USD":{"price":0.00997766238715,"volume_24h":14353764.1859154,"percent_change_1h":0.869175,"percent_change_24h":1.0349,"percent_change_7d":1.37466,"market_cap":null,"last_updated":"2020-04-27T05:59:18.000Z"}}},{"id":4943,"name":"Multi-collateral DAI","symbol":"DAI","slug":"multi-collateral-dai","num_market_pairs":75,"date_added":"2019-11-22T00:00:00.000Z","tags":[],"max_supply":null,"circulating_supply":96603663.8447806,"total_supply":97004554.0569257,"platform":{"id":1027,"name":"Ethereum","symbol":"ETH","slug":"ethereum","token_address":"0x6b175474e89094c44da98b954eedeac495271d0f"},"cmc_rank":57,"last_updated":"2020-04-27T05:59:18.000Z","quote":{"USD":{"price":0.999889560959,"volume_24h":14262720.255059,"percent_change_1h":-0.557285,"percent_change_24h":-1.32399,"percent_change_7d":-1.10191,"market_cap":96592995.02878849,"last_updated":"2020-04-27T05:59:18.000Z"}}},{"id":4273,"name":"Sessia","symbol":"KICKS","slug":"sessia","num_market_pairs":2,"date_added":"2019-08-21T00:00:00.000Z","tags":[],"max_supply":null,"circulating_supply":6145759.45571843,"total_supply":100000000,"platform":{"id":1027,"name":"Ethereum","symbol":"ETH","slug":"ethereum","token_address":"0xd91a6162f146ef85922d9a15ee6eb14a00344586"},"cmc_rank":978,"last_updated":"2020-04-27T05:59:17.000Z","quote":{"USD":{"price":0.108224059142,"volume_24h":14059237.0178368,"percent_change_1h":-0.026812,"percent_change_24h":2.16413,"percent_change_7d":4.98117,"market_cap":665119.0348081772,"last_updated":"2020-04-27T05:59:17.000Z"}}},{"id":5295,"name":"3X Long BNB Token","symbol":"BNBBULL","slug":"3x-long-bnb-token","num_market_pairs":5,"date_added":"2020-03-11T00:00:00.000Z","tags":[],"max_supply":null,"circulating_supply":null,"total_supply":4975.41633724,"platform":{"id":1027,"name":"Ethereum","symbol":"ETH","slug":"ethereum","token_address":"0x9d1a62c2ad99019768b9126fda004a9952853f6e"},"cmc_rank":2041,"last_updated":"2020-04-27T05:59:19.000Z","quote":{"USD":{"price":117.807131919,"volume_24h":13738105.9625467,"percent_change_1h":-1.63994,"percent_change_24h":3.45561,"percent_change_7d":1.7638,"market_cap":null,"last_updated":"2020-04-27T05:59:19.000Z"}}},{"id":2570,"name":"TomoChain","symbol":"TOMO","slug":"tomochain","num_market_pairs":23,"date_added":"2018-03-08T00:00:00.000Z","tags":["mineable"],"max_supply":null,"circulating_supply":70481075,"total_supply":100000000,"platform":null,"cmc_rank":130,"last_updated":"2020-04-27T05:59:12.000Z","quote":{"USD":{"price":0.353353198536,"volume_24h":13561155.0908586,"percent_change_1h":-1.1872,"percent_change_24h":-0.425933,"percent_change_7d":9.22888,"market_cap":24904713.287505705,"last_updated":"2020-04-27T05:59:12.000Z"}}},{"id":4846,"name":"Kava","symbol":"KAVA","slug":"kava","num_market_pairs":15,"date_added":"2019-10-25T00:00:00.000Z","tags":[],"max_supply":null,"circulating_supply":35870177.721819,"total_supply":108659496.721819,"platform":{"id":1839,"name":"Binance Coin","symbol":"BNB","slug":"binance-coin","token_address":""},"cmc_rank":140,"last_updated":"2020-04-27T05:59:18.000Z","quote":{"USD":{"price":0.614088342249,"volume_24h":13557924.2294738,"percent_change_1h":-1.78136,"percent_change_24h":3.07467,"percent_change_7d":11.4266,"market_cap":22027457.97336884,"last_updated":"2020-04-27T05:59:18.000Z"}}},{"id":4899,"name":"Yap Stone","symbol":"YAP","slug":"yap-stone","num_market_pairs":14,"date_added":"2019-11-09T00:00:00.000Z","tags":[],"max_supply":null,"circulating_supply":150000000,"total_supply":1000000000,"platform":{"id":1027,"name":"Ethereum","symbol":"ETH","slug":"ethereum","token_address":""},"cmc_rank":118,"last_updated":"2020-04-27T05:59:18.000Z","quote":{"USD":{"price":0.196532856744,"volume_24h":13291886.7462391,"percent_change_1h":0.123885,"percent_change_24h":-10.1666,"percent_change_7d":-6.56939,"market_cap":29479928.511600003,"last_updated":"2020-04-27T05:59:18.000Z"}}},{"id":2222,"name":"Bitcoin Diamond","symbol":"BCD","slug":"bitcoin-diamond","num_market_pairs":27,"date_added":"2017-11-24T00:00:00.000Z","tags":["mineable"],"max_supply":210000000,"circulating_supply":186492897.953,"total_supply":189492897.953,"platform":null,"cmc_rank":55,"last_updated":"2020-04-27T05:59:10.000Z","quote":{"USD":{"price":0.543265513492,"volume_24h":13222153.081394,"percent_change_1h":-0.521329,"percent_change_24h":0.79666,"percent_change_7d":1.18776,"market_cap":101315159.96904771,"last_updated":"2020-04-27T05:59:10.000Z"}}},{"id":1785,"name":"Gas","symbol":"GAS","slug":"gas","num_market_pairs":52,"date_added":"2017-07-06T00:00:00.000Z","tags":[],"max_supply":100000000,"circulating_supply":10128375.105773,"total_supply":17190378,"platform":{"id":1376,"name":"Neo","symbol":"NEO","slug":"neo","token_address":"602c79718b16e442de58778e148d0b1084e3b2dffd5de6b7b16cee7969282de7"},"cmc_rank":189,"last_updated":"2020-04-27T05:59:08.000Z","quote":{"USD":{"price":1.2528660512,"volume_24h":12628898.1395813,"percent_change_1h":0.202363,"percent_change_24h":-0.636101,"percent_change_7d":7.71227,"market_cap":12689497.323842201,"last_updated":"2020-04-27T05:59:08.000Z"}}},{"id":3029,"name":"Zel","symbol":"ZEL","slug":"zel","num_market_pairs":16,"date_added":"2018-08-02T00:00:00.000Z","tags":["mineable"],"max_supply":210000000,"circulating_supply":100470350,"total_supply":100470350,"platform":null,"cmc_rank":581,"last_updated":"2020-04-27T05:59:14.000Z","quote":{"USD":{"price":0.0291141616685,"volume_24h":12362730.8985227,"percent_change_1h":0.162579,"percent_change_24h":4.74035,"percent_change_7d":-0.499098,"market_cap":2925110.012790779,"last_updated":"2020-04-27T05:59:14.000Z"}}},{"id":1720,"name":"IOTA","symbol":"MIOTA","slug":"iota","num_market_pairs":53,"date_added":"2017-06-13T00:00:00.000Z","tags":[],"max_supply":2779530283,"circulating_supply":2779530283,"total_supply":2779530283,"platform":null,"cmc_rank":25,"last_updated":"2020-04-27T05:59:09.000Z","quote":{"USD":{"price":0.175194463641,"volume_24h":12358638.7058501,"percent_change_1h":-0.677004,"percent_change_24h":1.18653,"percent_change_7d":9.50688,"market_cap":486958317.10410196,"last_updated":"2020-04-27T05:59:09.000Z"}}},{"id":1414,"name":"Zcoin","symbol":"XZC","slug":"zcoin","num_market_pairs":56,"date_added":"2016-10-06T00:00:00.000Z","tags":["mineable"],"max_supply":21400000,"circulating_supply":9987718.32977796,"total_supply":21400000,"platform":null,"cmc_rank":98,"last_updated":"2020-04-27T05:59:07.000Z","quote":{"USD":{"price":4.05640696613,"volume_24h":12172562.7907396,"percent_change_1h":-0.63392,"percent_change_24h":-1.52045,"percent_change_7d":-2.95944,"market_cap":40514250.2086556,"last_updated":"2020-04-27T05:59:07.000Z"}}}]}