{"status":{"timestamp":"2020-04-26T15:00:01.656Z","error_code":0,"error_message":null,"elapsed":198,"credit_count":1,"notice":null},"data":[{"id":825,"name":"Tether","symbol":"USDT","slug":"tether","num_market_pairs":4692,"date_added":"2015-02-25T00:00:00.000Z","tags":[],"max_supply":null,"circulating_supply":6361032509,"total_supply":6998318752.17,"platform":{"id":1027,"name":"Ethereum","symbol":"ETH","slug":"ethereum","token_address":"31"},"cmc_rank":4,"last_updated":"2020-04-26T14:58:30.000Z","quote":{"USD":{"price":1.00641210507,"volume_24h":44398640103.4819,"percent_change_1h":0.841353,"percent_change_24h":0.297884,"percent_change_7d":-0.270765,"market_cap":6401820117.8013935,"last_updated":"2020-04-26T14:58:30.000Z"}}},{"id":1,"name":"Bitcoin","symbol":"BTC","slug":"bitcoin","num_market_pairs":7968,"date_added":"2013-04-28T00:00:00.000Z","tags":["mineable"],"max_supply":21000000,"circulating_supply":18346487,"total_supply":18346487,"platform":null,"cmc_rank":1,"last_updated":"2020-04-26T14:58:46.000Z","quote":{"USD":{"price":7687.74757485,"volume_24h":32059407351.0016,"percent_change_1h":0.513194,"percent_change_24h":1.2636,"percent_change_7d":6.66076,"market_cap":141043160941.26706,"last_updated":"2020-04-26T14:58:46.000Z"}}},{"id":1027,"name":"Ethereum","symbol":"ETH","slug":"ethereum","num_market_pairs":5182,"date_added":"2015-08-07T00:00:00.000Z","tags":["mineable"],"max_supply":null,"circulating_supply":110679335.999,"total_supply":110679335.999,"platform":null,"cmc_rank":2,"last_updated":"2020-04-26T14:58:33.000Z","quote":{"USD":{"price":198.503296076,"volume_24h":17434852143.4517,"percent_change_1h":0.230804,"percent_change_24h":1.3123,"percent_change_7d":8.49939,"market_cap":21970213003.30458,"last_updated":"2020-04-26T14:58:33.000Z"}}},{"id":2,"name":"Litecoin","symbol":"LTC","slug":"litecoin","num_market_pairs":600,"date_added":"2013-04-28T00:00:00.000Z","tags":["mineable"],"max_supply":84000000,"circulating_supply":64595868.2265572,"total_supply":64595868.2265572,"platform":null,"cmc_rank":7,"last_updated":"2020-04-26T14:58:10.000Z","quote":{"USD":{"price":45.1768077697,"volume_24h":4160890600.0438,"percent_change_1h":0.281437,"percent_change_24h":-0.0150086,"percent_change_7d":4.34191,"market_cap":2918235121.5880466,"last_updated":"2020-04-26T14:58:10.000Z"}}},{"id":1831,"name":"Bitcoin Cash","symbol":"BCH","slug":"bitcoin-cash","num_market_pairs":473,"date_added":"2017-07-23T00:00:00.000Z","tags":["mineable"],"max_supply":21000000,"circulating_supply":18390793.75,"total_supply":18390793.75,"platform":null,"cmc_rank":5,"last_updated":"2020-04-26T14:58:11.000Z","quote":{"USD":{"price":246.41691908,"volume_24h":3436605978.48496,"percent_change_1h":0.500984,"percent_change_24h":1.36888,"percent_change_7d":3.55755,"market_cap":4531802735.31072,"last_updated":"2020-04-26T14:58:11.000Z"}}},{"id":1765,"name":"EOS","symbol":"EOS","slug":"eos","num_market_pairs":378,"date_added":"2017-07-01T00:00:00.000Z","tags":[],"max_supply":null,"circulating_supply":922117514.7479,"total_supply":1018817526.7475,"platform":null,"cmc_rank":9,"last_updated":"2020-04-26T14:58:10.000Z","quote":{"USD":{"price":2.75510526258,"volume_24h":3326234828.1459,"percent_change_1h":0.310538,"percent_change_24h":0.552039,"percent_change_7d":3.61757,"market_cap":2540530817.59913,"last_updated":"2020-04-26T14:58:10.000Z"}}},{"id":1321,"name":"Ethereum Classic","symbol":"ETC","slug":"ethereum-classic","num_market_pairs":246,"date_added":"2016-07-24T00:00:00.000Z","tags":["mineable"],"max_supply":210700000,"circulating_supply":116313299,"total_supply":116313299,"platform":null,"cmc_rank":21,"last_updated":"2020-04-26T14:58:08.000Z","quote":{"USD":{"price":6.0870316718,"volume_24h":2028651824.45597,"percent_change_1h":0.340773,"percent_change_24h":5.58961,"percent_change_7d":9.47766,"market_cap":708002734.8645433,"last_updated":"2020-04-26T14:58:08.000Z"}}},{"id":3602,"name":"Bitcoin SV","symbol":"BSV","slug":"bitcoin-sv","num_market_pairs":183,"date_added":"2018-11-09T00:00:00.000Z","tags":["mineable"],"max_supply":21000000,"circulating_supply":18389283.3319233,"total_supply":18389283.3319233,"platform":null,"cmc_rank":6,"last_updated":"2020-04-26T14:58:15.000Z","quote":{"USD":{"price":197.725967186,"volume_24h":1944466740.14126,"percent_change_1h":0.111779,"percent_change_24h":0.178866,"percent_change_7d":-1.02699,"market_cap":3636038832.661923,"last_updated":"2020-04-26T14:58:15.000Z"}}},{"id":52,"name":"XRP","symbol":"XRP","slug":"xrp","num_market_pairs":545,"date_added":"2013-08-04T00:00:00.000Z","tags":[],"max_supply":100000000000,"circulating_supply":44089620959,"total_supply":99990980257,"platform":null,"cmc_rank":3,"last_updated":"2020-04-26T14:58:07.000Z","quote":{"USD":{"price":0.19672058553,"volume_24h":1651180258.01824,"percent_change_1h":0.33231,"percent_change_24h":0.504054,"percent_change_7d":2.15419,"market_cap":8673336050.85024,"last_updated":"2020-04-26T14:58:07.000Z"}}},{"id":1958,"name":"TRON","symbol":"TRX","slug":"tron","num_market_pairs":337,"date_added":"2017-09-13T00:00:00.000Z","tags":["mineable"],"max_supply":null,"circulating_supply":66682072191.4,"total_supply":99281283754.3,"platform":null,"cmc_rank":16,"last_updated":"2020-04-26T14:58:09.000Z","quote":{"USD":{"price":0.0141780769242,"volume_24h":1391186520.07901,"percent_change_1h":0.0309331,"percent_change_24h":0.374468,"percent_change_7d":7.63819,"market_cap":945423548.9947269,"last_updated":"2020-04-26T14:58:09.000Z"}}},{"id":131,"name":"Dash","symbol":"DASH","slug":"dash","num_market_pairs":297,"date_added":"2014-02-14T00:00:00.000Z","tags":["mineable"],"max_supply":18900000,"circulating_supply":9459036.66280586,"total_supply":9459036.66280586,"platform":null,"cmc_rank":18,"last_updated":"2020-04-26T14:58:06.000Z","quote":{"USD":{"price":84.887051923,"volume_24h":911578853.127931,"percent_change_1h":-0.424948,"percent_change_24h":-1.04145,"percent_change_7d":4.53032,"market_cap":802949736.3371618,"last_updated":"2020-04-26T14:58:06.000Z"}}},{"id":1376,"name":"Neo","symbol":"NEO","slug":"neo","num_market_pairs":239,"date_added":"2016-09-08T00:00:00.000Z","tags":[],"max_supply":100000000,"circulating_supply":70538831,"total_supply":100000000,"platform":null,"cmc_rank":22,"last_updated":"2020-04-26T14:58:07.000Z","quote":{"USD":{"price":8.58757408579,"volume_24h":576513252.624541,"percent_change_1h":0.259878,"percent_change_24h":0.71913,"percent_change_7d":11.2471,"market_cap":605757437.1375202,"last_updated":"2020-04-26T14:58:07.000Z"}}},{"id":1437,"name":"Zcash","symbol":"ZEC","slug":"zcash","num_market_pairs":238,"date_added":"2016-10-29T00:00:00.000Z","tags":["mineable"],"max_supply":21000000,"circulating_supply":9024562.5,"total_supply":9024562.5,"platform":null,"cmc_rank":26,"last_updated":"2020-04-26T14:58:07.000Z","quote":{"USD":{"price":44.8737721082,"volume_24h":573052328.891612,"percent_change_1h":0.116467,"percent_change_24h":-1.46004,"percent_change_7d":-1.15971,"market_cap":404966161.00120765,"last_updated":"2020-04-26T14:58:07.000Z"}}},{"id":512,"name":"Stellar","symbol":"XLM","slug":"stellar","num_market_pairs":296,"date_added":"2014-08-05T00:00:00.000Z","tags":[],"max_supply":null,"circulating_supply":20295869239.7487,"total_supply":50001803871.8717,"platform":null,"cmc_rank":12,"last_updated":"2020-04-26T14:58:06.000Z","quote":{"USD":{"price":0.0623770364806,"volume_24h":502902104.613584,"percent_change_1h":0.600989,"percent_change_24h":-0.951428,"percent_change_7d":25.524,"market_cap":1265996175.973292,"last_updated":"2020-04-26T14:58:06.000Z"}}},{"id":3330,"name":"Paxos Standard","symbol":"PAX","slug":"paxos-standard","num_market_pairs":99,"date_added":"2018-09-27T00:00:00.000Z","tags":[],"max_supply":null,"circulating_supply":244951954.494264,"total_supply":249952064.83,"platform":{"id":1027,"name":"Ethereum","symbol":"ETH","slug":"ethereum","token_address":"0x8e870d67f660d95d5be530380d0ec0bd388289e1"},"cmc_rank":35,"last_updated":"2020-04-26T14:58:11.000Z","quote":{"USD":{"price":1.00463552572,"volume_24h":481539291.972119,"percent_change_1h":0.884569,"percent_change_24h":0.296548,"percent_change_7d":-0.308414,"market_cap":246087435.57948643,"last_updated":"2020-04-26T14:58:11.000Z"}}},{"id":2563,"name":"TrueUSD","symbol":"TUSD","slug":"trueusd","num_market_pairs":155,"date_added":"2018-03-06T00:00:00.000Z","tags":[],"max_supply":null,"circulating_supply":131819274.05,"total_supply":131819274.05,"platform":{"id":1027,"name":"Ethereum","symbol":"ETH","slug":"ethereum","token_address":"0x0000000000085d4780B73119b644AE5ecd22b376"},"cmc_rank":44,"last_updated":"2020-04-26T14:58:10.000Z","quote":{"USD":{"price":1.00483487585,"volume_24h":471349637.339007,"percent_change_1h":0.81314,"percent_change_24h":0.260983,"percent_change_7d":-0.227704,"market_cap":132456603.87466888,"last_updated":"2020-04-26T14:58:10.000Z"}}},{"id":1839,"name":"Binance Coin","symbol":"BNB","slug":"binance-coin","num_market_pairs":305,"date_added":"2017-07-25T00:00:00.000Z","tags":[],"max_supply":187536713,"circulating_supply":155536713,"total_supply":187536713,"platform":null,"cmc_rank":8,"last_updated":"2020-04-26T14:58:09.000Z","quote":{"USD":{"price":16.3685299851,"volume_24h":398813617.722793,"percent_change_1h":0.0174189,"percent_change_24h":0.483993,"percent_change_7d":0.409427,"market_cap":2545907350.524393,"last_updated":"2020-04-26T14:58:09.000Z"}}},{"id":1684,"name":"Qtum","symbol":"QTUM","slug":"qtum","num_market_pairs":172,"date_added":"2017-05-24T00:00:00.000Z","tags":[],"max_supply":107822406,"circulating_supply":96607300.359,"total_supply":102357300,"platform":null,"cmc_rank":41,"last_updated":"2020-04-26T14:58:07.000Z","quote":{"USD":{"price":1.53762025843,"volume_24h":377866482.053583,"percent_change_1h":-0.565627,"percent_change_24h":1.43317,"percent_change_7d":8.61971,"market_cap":148545342.14423022,"last_updated":"2020-04-26T14:58:07.000Z"}}},{"id":3408,"name":"USD Coin","symbol":"USDC","slug":"usd-coin","num_market_pairs":219,"date_added":"2018-10-08T00:00:00.000Z","tags":[],"max_supply":null,"circulating_supply":751383744.808994,"total_supply":755391159.49,"platform":{"id":1027,"name":"Ethereum","symbol":"ETH","slug":"ethereum","token_address":"0xa0b86991c6218b36c1d19d4a2e9eb0ce3606eb48"},"cmc_rank":20,"last_updated":"2020-04-26T14:58:11.000Z","quote":{"USD":{"price":1.00513497782,"volume_24h":373752389.785236,"percent_change_1h":0.805736,"percent_change_24h":0.191377,"percent_change_7d":-0.192394,"market_cap":755242083.6728969,"last_updated":"2020-04-26T14:58:11.000Z"}}},{"id":1975,"name":"Chainlink","symbol":"LINK","slug":"chainlink","num_market_pairs":170,"date_added":"2017-09-20T00:00:00.000Z","tags":[],"max_supply":null,"circulating_supply":350000000,"total_supply":1000000000,"platform":{"id":1027,"name":"Ethereum","symbol":"ETH","slug":"ethereum","token_address":"0x514910771af9ca656af840dff83e8264ecf986ca"},"cmc_rank":11,"last_updated":"2020-04-26T14:58:07.000Z","quote":{"USD":{"price":3.77167139307,"volume_24h":373468111.451583,"percent_change_1h":-0.606747,"percent_change_24h":-2.18879,"percent_change_7d":2.83761,"market_cap":1320084987.5745,"last_updated":"2020-04-26T14:58:07.000Z"}}},{"id":2011,"name":"Tezos","symbol":"XTZ","slug":"tezos","num_market_pairs":90,"date_added":"2017-10-06T00:00:00.000Z","tags":[],"max_supply":null,"circulating_supply":708369475.303005,"total_supply":708369475.303005,"platform":null,"cmc_rank":10,"last_updated":"2020-04-26T14:58:07.000Z","quote":{"USD":{"price":2.80047338222,"volume_24h":285662915.917271,"percent_change_1h":-0.605807,"percent_change_24h":-0.655644,"percent_change_7d":22.0621,"market_cap":1983769860.363213,"last_updated":"2020-04-26T14:58:07.000Z"}}},{"id":74,"name":"Dogecoin","symbol":"DOGE","slug":"dogecoin","num_market_pairs":240,"date_added":"2013-12-15T00:00:00.000Z","tags":["mineable"],"max_supply":null,"circulating_supply":124316394253.925,"total_supply":124316394253.925,"platform":null,"cmc_rank":31,"last_updated":"2020-04-26T14:58:05.000Z","quote":{"USD":{"price":0.00225817151904,"volume_24h":260369523.666382,"percent_change_1h":0.110083,"percent_change_24h":6.86172,"percent_change_7d":10.4199,"market_cap":280727740.85396135,"last_updated":"2020-04-26T14:58:05.000Z"}}},{"id":2319,"name":"QCash","symbol":"QC","slug":"qcash","num_market_pairs":91,"date_added":"2019-12-12T00:00:00.000Z","tags":[],"max_supply":10000000000,"circulating_supply":460000200,"total_supply":10000000000,"platform":{"id":1684,"name":"Qtum","symbol":"QTUM","slug":"qtum","token_address":"f2033ede578e17fa6231047265010445bca8cf1c"},"cmc_rank":222,"last_updated":"2020-04-26T14:58:08.000Z","quote":{"USD":{"price":0.140796020593,"volume_24h":251016848.015511,"percent_change_1h":0.799106,"percent_change_24h":0.221917,"percent_change_7d":0.0301411,"market_cap":64766197.63198412,"last_updated":"2020-04-26T14:58:08.000Z"}}},{"id":3794,"name":"Cosmos","symbol":"ATOM","slug":"cosmos","num_market_pairs":121,"date_added":"2019-03-14T00:00:00.000Z","tags":[],"max_supply":null,"circulating_supply":190688439.2,"total_supply":237928230.821588,"platform":null,"cmc_rank":24,"last_updated":"2020-04-26T14:58:12.000Z","quote":{"USD":{"price":2.86444450363,"volume_24h":216289716.29059,"percent_change_1h":-0.141651,"percent_change_24h":-0.891804,"percent_change_7d":16.2947,"market_cap":546216451.5722234,"last_updated":"2020-04-26T14:58:12.000Z"}}},{"id":2502,"name":"Huobi Token","symbol":"HT","slug":"huobi-token","num_market_pairs":137,"date_added":"2018-02-03T00:00:00.000Z","tags":[],"max_supply":null,"circulating_supply":222668092.971921,"total_supply":500000000,"platform":{"id":1027,"name":"Ethereum","symbol":"ETH","slug":"ethereum","token_address":"0x6f259637dcd74c767781e37bc6133cd6a68aa161"},"cmc_rank":17,"last_updated":"2020-04-26T14:58:09.000Z","quote":{"USD":{"price":4.0610448127,"volume_24h":213462772.226819,"percent_change_1h":0.947578,"percent_change_24h":1.98865,"percent_change_7d":3.87449,"market_cap":904265103.917421,"last_updated":"2020-04-26T14:58:09.000Z"}}},{"id":3077,"name":"VeChain","symbol":"VET","slug":"vechain","num_market_pairs":98,"date_added":"2017-08-22T00:00:00.000Z","tags":[],"max_supply":null,"circulating_supply":55454734800,"total_supply":86712634466,"platform":null,"cmc_rank":34,"last_updated":"2020-04-26T14:58:10.000Z","quote":{"USD":{"price":0.00447650791179,"volume_24h":166563290.203608,"percent_change_1h":3.35203,"percent_change_24h":6.35841,"percent_change_7d":13.4267,"market_cap":248243559.07841623,"last_updated":"2020-04-26T14:58:10.000Z"}}},{"id":2566,"name":"Ontology","symbol":"ONT","slug":"ontology","num_market_pairs":119,"date_added":"2018-03-08T00:00:00.000Z","tags":[],"max_supply":null,"circulating_supply":656746573,"total_supply":1000000000,"platform":null,"cmc_rank":29,"last_updated":"2020-04-26T14:58:09.000Z","quote":{"USD":{"price":0.48639422175,"volume_24h":150045400.648187,"percent_change_1h":-1.08779,"percent_change_24h":1.90408,"percent_change_7d":16.4946,"market_cap":319437738.2613146,"last_updated":"2020-04-26T14:58:09.000Z"}}},{"id":3897,"name":"OKB","symbol":"OKB","slug":"okb","num_market_pairs":50,"date_added":"2019-04-30T00:00:00.000Z","tags":[],"max_supply":null,"circulating_supply":60000000,"total_supply":300000000,"platform":{"id":1027,"name":"Ethereum","symbol":"ETH","slug":"ethereum","token_address":"0x75231f58b43240c9718dd58b4967c5114342a86c"},"cmc_rank":30,"last_updated":"2020-04-26T14:58:13.000Z","quote":{"USD":{"price":4.94293404231,"volume_24h":137465655.708242,"percent_change_1h":0.316996,"percent_change_24h":0.624935,"percent_change_7d":3.16994,"market_cap":296576042.5386,"last_updated":"2020-04-26T14:58:13.000Z"}}},{"id":5370,"name":"Hive","symbol":"HIVE","slug":"hive-blockchain","num_market_pairs":9,"date_added":"2020-03-26T00:00:00.000Z","tags":[],"max_supply":null,"circulating_supply":283780759.25,"total_supply":367150965.122,"platform":null,"cmc_rank":206,"last_updated":"2020-04-26T14:58:14.000Z","quote":{"USD":{"price":0.783840740266,"volume_24h":118025027.98665,"percent_change_1h":-14.0791,"percent_change_24h":71.3011,"percent_change_7d":496.1,"market_cap":222438920.40376753,"last_updated":"2020-04-26T14:58:14.000Z"}}},{"id":2010,"name":"Cardano","symbol":"ADA","slug":"cardano","num_market_pairs":131,"date_added":"2017-10-01T00:00:00.000Z","tags":["mineable"],"max_supply":45000000000,"circulating_supply":25927070538,"total_supply":31112483745,"platform":null,"cmc_rank":13,"last_updated":"2020-04-26T14:58:07.000Z","quote":{"USD":{"price":0.0452395295279,"volume_24h":115486151.179027,"percent_change_1h":2.14217,"percent_change_24h":4.76129,"percent_change_7d":25.1371,"market_cap":1172928473.1757972,"last_updated":"2020-04-26T14:58:07.000Z"}}},{"id":328,"name":"Monero","symbol":"XMR","slug":"monero","num_market_pairs":146,"date_added":"2014-05-21T00:00:00.000Z","tags":["mineable"],"max_supply":null,"circulating_supply":17537670.4337074,"total_supply":17537670.4337074,"platform":null,"cmc_rank":14,"last_updated":"2020-04-26T14:58:05.000Z","quote":{"USD":{"price":61.4339945776,"volume_24h":102616115.396426,"percent_change_1h":0.150702,"percent_change_24h":-0.165331,"percent_change_7d":6.2463,"market_cap":1077409150.3281162,"last_updated":"2020-04-26T14:58:05.000Z"}}},{"id":1697,"name":"Basic Attention Token","symbol":"BAT","slug":"basic-attention-token","num_market_pairs":183,"date_added":"2017-06-01T00:00:00.000Z","tags":[],"max_supply":null,"circulating_supply":1457527137.0863,"total_supply":1500000000,"platform":{"id":1027,"name":"Ethereum","symbol":"ETH","slug":"ethereum","token_address":"0x0d8775f648430679a709e98d2b0cb6250d2887ef"},"cmc_rank":33,"last_updated":"2020-04-26T14:58:07.000Z","quote":{"USD":{"price":0.186112804681,"volume_24h":98911890.9387379,"percent_change_1h":-0.403263,"percent_change_24h":-0.288447,"percent_change_7d":9.99713,"market_cap":271264463.38179964,"last_updated":"2020-04-26T14:58:07.000Z"}}},{"id":1168,"name":"Decred","symbol":"DCR","slug":"decred","num_market_pairs":49,"date_added":"2016-02-10T00:00:00.000Z","tags":["mineable"],"max_supply":21000000,"circulating_supply":11409658.0712475,"total_supply":11409658.0712475,"platform":null,"cmc_rank":42,"last_updated":"2020-04-26T14:58:05.000Z","quote":{"USD":{"price":12.9441992558,"volume_24h":94335912.112839,"percent_change_1h":0.7721,"percent_change_24h":1.75322,"percent_change_7d":2.50563,"market_cap":147688887.51477432,"last_updated":"2020-04-26T14:58:05.000Z"}}},{"id":1982,"name":"Kyber Network","symbol":"KNC","slug":"kyber-network","num_market_pairs":64,"date_added":"2017-09-24T00:00:00.000Z","tags":[],"max_supply":null,"circulating_supply":180432602.911872,"total_supply":210939151.730736,"platform":{"id":1027,"name":"Ethereum","symbol":"ETH","slug":"ethereum","token_address":"0xdd974d5c2e2928dea5f71b9825b8b646686bd200"},"cmc_rank":49,"last_updated":"2020-04-26T14:58:06.000Z","quote":{"USD":{"price":0.65897221556,"volume_24h":91484892.758538,"percent_change_1h":-1.72556,"percent_change_24h":20.1144,"percent_change_7d":36.3001,"market_cap":118900072.10009399,"last_updated":"2020-04-26T14:58:06.000Z"}}},{"id":1808,"name":"OmiseGO","symbol":"OMG","slug":"omisego","num_market_pairs":209,"date_added":"2017-07-14T00:00:00.000Z","tags":[],"max_supply":null,"circulating_supply":140245398.245133,"total_supply":140245398.245133,"platform":{"id":1027,"name":"Ethereum","symbol":"ETH","slug":"ethereum","token_address":"0xd26114cd6EE289AccF82350c8d8487fedB8A0C07"},"cmc_rank":57,"last_updated":"2020-04-26T14:58:07.000Z","quote":{"USD":{"price":0.65653375284,"volume_24h":90147266.6015576,"percent_change_1h":0.321441,"percent_change_24h":3.48808,"percent_change_7d":11.1473,"market_cap":92075837.62841754,"last_updated":"2020-04-26T14:58:07.000Z"}}},{"id":3702,"name":"Beam","symbol":"BEAM","slug":"beam","num_market_pairs":32,"date_added":"2019-01-17T00:00:00.000Z","tags":["mineable"],"max_supply":262800000,"circulating_supply":60339760,"total_supply":60339760,"platform":null,"cmc_rank":147,"last_updated":"2020-04-26T14:58:12.000Z","quote":{"USD":{"price":0.34404969525,"volume_24h":80284541.9537555,"percent_change_1h":2.22729,"percent_change_24h":11.3216,"percent_change_7d":24.7754,"market_cap":20759876.03945814,"last_updated":"2020-04-26T14:58:12.000Z"}}},{"id":5031,"name":"MimbleWimbleCoin","symbol":"MWC","slug":"mimblewimblecoin","num_market_pairs":7,"date_added":"2020-02-24T00:00:00.000Z","tags":[],"max_supply":20000000,"circulating_supply":8012281.6569404,"total_supply":10521924.6569404,"platform":null,"cmc_rank":209,"last_updated":"2020-04-26T14:58:14.000Z","quote":{"USD":{"price":18.0798461935,"volume_24h":73922845.5768302,"percent_change_1h":-1.52762,"percent_change_24h":4.94027,"percent_change_7d":29.4067,"market_cap":144860820.01648375,"last_updated":"2020-04-26T14:58:14.000Z"}}},{"id":4030,"name":"Algorand","symbol":"ALGO","slug":"algorand","num_market_pairs":77,"date_added":"2019-06-20T00:00:00.000Z","tags":["mineable"],"max_supply":null,"circulating_supply":709190285.378906,"total_supply":3240462128.37891,"platform":null,"cmc_rank":39,"last_updated":"2020-04-26T14:58:13.000Z","quote":{"USD":{"price":0.228439823533,"volume_24h":73767955.150234,"percent_change_1h":-1.29048,"percent_change_24h":4.55116,"percent_change_7d":18.8359,"market_cap":162007303.6432752,"last_updated":"2020-04-26T14:58:13.000Z"}}},{"id":3718,"name":"BitTorrent","symbol":"BTT","slug":"bittorrent","num_market_pairs":134,"date_added":"2019-01-31T00:00:00.000Z","tags":[],"max_supply":null,"circulating_supply":212116500000,"total_supply":990000000000,"platform":{"id":1958,"name":"TRON","symbol":"TRX","slug":"tron","token_address":"1002000"},"cmc_rank":81,"last_updated":"2020-04-26T14:58:12.000Z","quote":{"USD":{"price":0.00024902780247,"volume_24h":68606381.6253228,"percent_change_1h":-1.12266,"percent_change_24h":0.575553,"percent_change_7d":7.30794,"market_cap":52822905.86262775,"last_updated":"2020-04-26T14:58:12.000Z"}}},{"id":1772,"name":"Storj","symbol":"STORJ","slug":"storj","num_market_pairs":32,"date_added":"2017-07-02T00:00:00.000Z","tags":[],"max_supply":null,"circulating_supply":135787438.700013,"total_supply":424999998.000013,"platform":{"id":1027,"name":"Ethereum","symbol":"ETH","slug":"ethereum","token_address":"0xb64ef51c888972c908cfacf59b47c1afbc0ab8ac"},"cmc_rank":181,"last_updated":"2020-04-26T14:58:06.000Z","quote":{"USD":{"price":0.10274475997,"volume_24h":67583215.1194239,"percent_change_1h":0.298988,"percent_change_24h":1.25167,"percent_change_7d":5.0358,"market_cap":13951447.796173926,"last_updated":"2020-04-26T14:58:06.000Z"}}},{"id":4064,"name":"USDK","symbol":"USDK","slug":"usdk","num_market_pairs":37,"date_added":"2019-07-29T00:00:00.000Z","tags":[],"max_supply":null,"circulating_supply":28600072,"total_supply":28600072,"platform":{"id":1027,"name":"Ethereum","symbol":"ETH","slug":"ethereum","token_address":"0x1c48f86ae57291f7686349f12601910bd8d470bb"},"cmc_rank":251,"last_updated":"2020-04-26T14:58:13.000Z","quote":{"USD":{"price":1.00407737032,"volume_24h":65934694.6839655,"percent_change_1h":0.84118,"percent_change_24h":0.249091,"percent_change_7d":-0.395592,"market_cap":28716685.084722668,"last_updated":"2020-04-26T14:58:13.000Z"}}},{"id":2307,"name":"Bibox Token","symbol":"BIX","slug":"bibox-token","num_market_pairs":27,"date_added":"2017-12-24T00:00:00.000Z","tags":[],"max_supply":null,"circulating_supply":97882450.27,"total_supply":251424733.27,"platform":{"id":1027,"name":"Ethereum","symbol":"ETH","slug":"ethereum","token_address":"0xb3104b4b9da82025e8b9f8fb28b3553ce2f67069"},"cmc_rank":337,"last_updated":"2020-04-26T14:58:07.000Z","quote":{"USD":{"price":0.0855283816015,"volume_24h":58610692.7749482,"percent_change_1h":0.745069,"percent_change_24h":2.40572,"percent_change_7d":6.25349,"market_cap":8371727.558782407,"last_updated":"2020-04-26T14:58:07.000Z"}}},{"id":4687,"name":"Binance USD","symbol":"BUSD","slug":"binance-usd","num_market_pairs":61,"date_added":"2019-09-20T00:00:00.000Z","tags":[],"max_supply":null,"circulating_supply":190748647.59,"total_supply":190748647.59,"platform":{"id":1027,"name":"Ethereum","symbol":"ETH","slug":"ethereum","token_address":"0x4Fabb145d64652a948d72533023f6E7A623C7C53"},"cmc_rank":37,"last_updated":"2020-04-26T14:58:14.000Z","quote":{"USD":{"price":1.00470647872,"volume_24h":56861944.5249259,"percent_change_1h":0.854137,"percent_change_24h":0.280507,"percent_change_7d":-0.298764,"market_cap":191646402.0407511,"last_updated":"2020-04-26T14:58:14.000Z"}}},{"id":1776,"name":"MCO","symbol":"MCO","slug":"crypto-com","num_market_pairs":61,"date_added":"2017-07-03T00:00:00.000Z","tags":[],"max_supply":null,"circulating_supply":15793831.0949625,"total_supply":31587682.3632061,"platform":{"id":1027,"name":"Ethereum","symbol":"ETH","slug":"ethereum","token_address":"0xb63b606ac810a52cca15e44bb630fd42d8d1d83d"},"cmc_rank":59,"last_updated":"2020-04-26T14:58:06.000Z","quote":{"USD":{"price":5.13362335714,"volume_24h":51019720.6472374,"percent_change_1h":0.384205,"percent_change_24h":0.0618257,"percent_change_7d":-0.730662,"market_cap":81079580.20782351,"last_updated":"2020-04-26T14:58:06.000Z"}}},{"id":2349,"name":"Mixin","symbol":"XIN","slug":"mixin","num_market_pairs":8,"date_added":"2018-01-09T00:00:00.000Z","tags":[],"max_supply":1000000,"circulating_supply":510507.036636976,"total_supply":1000000,"platform":{"id":1027,"name":"Ethereum","symbol":"ETH","slug":"ethereum","token_address":"0xa974c709cfb4566686553a20790685a47aceaa33"},"cmc_rank":218,"last_updated":"2020-04-26T14:58:07.000Z","quote":{"USD":{"price":167.455044527,"volume_24h":50590664.0074907,"percent_change_1h":0.518627,"percent_change_24h":1.23862,"percent_change_7d":-1.73941,"market_cap":85486978.55139165,"last_updated":"2020-04-26T14:58:07.000Z"}}},{"id":3657,"name":"Lambda","symbol":"LAMB","slug":"lambda","num_market_pairs":41,"date_added":"2019-01-02T00:00:00.000Z","tags":[],"max_supply":10000000000,"circulating_supply":648053360.78715,"total_supply":6000000000,"platform":{"id":1027,"name":"Ethereum","symbol":"ETH","slug":"ethereum","token_address":"0x8971f9fd7196e5cee2c1032b50f656855af7dd26"},"cmc_rank":318,"last_updated":"2020-04-26T14:58:11.000Z","quote":{"USD":{"price":0.0142625917595,"volume_24h":46600737.3942015,"percent_change_1h":0.984427,"percent_change_24h":4.56979,"percent_change_7d":4.49257,"market_cap":9242920.523279086,"last_updated":"2020-04-26T14:58:11.000Z"}}},{"id":2280,"name":"Filecoin [Futures]","symbol":"FIL","slug":"filecoin","num_market_pairs":4,"date_added":"2017-12-13T00:00:00.000Z","tags":["mineable"],"max_supply":null,"circulating_supply":null,"total_supply":null,"platform":null,"cmc_rank":2030,"last_updated":"2020-04-26T14:58:07.000Z","quote":{"USD":{"price":5.2247001069,"volume_24h":45786738.4915336,"percent_change_1h":2.3866,"percent_change_24h":0.751658,"percent_change_7d":2.71058,"market_cap":null,"last_updated":"2020-04-26T14:58:07.000Z"}}},{"id":3437,"name":"ABBC Coin","symbol":"ABBC","slug":"abbc-coin","num_market_pairs":42,"date_added":"2018-10-12T00:00:00.000Z","tags":["mineable"],"max_supply":null,"circulating_supply":555416924.350722,"total_supply":1003278750.0109,"platform":null,"cmc_rank":69,"last_updated":"2020-04-26T14:58:11.000Z","quote":{"USD":{"price":0.118523874113,"volume_24h":45469467.5888879,"percent_change_1h":0.592677,"percent_change_24h":2.97979,"percent_change_7d":3.43453,"market_cap":65830165.62197461,"last_updated":"2020-04-26T14:58:11.000Z"}}},{"id":2099,"name":"ICON","symbol":"ICX","slug":"icon","num_market_pairs":61,"date_added":"2017-10-27T00:00:00.000Z","tags":[],"max_supply":null,"circulating_supply":538398187.091054,"total_supply":800460000,"platform":null,"cmc_rank":40,"last_updated":"2020-04-26T14:58:07.000Z","quote":{"USD":{"price":0.296873007574,"volume_24h":43512621.0561215,"percent_change_1h":-1.0308,"percent_change_24h":4.96895,"percent_change_7d":22.5902,"market_cap":159835889.07411033,"last_updated":"2020-04-26T14:58:07.000Z"}}},{"id":4229,"name":"Yobit Token","symbol":"YO","slug":"yobit-token","num_market_pairs":11,"date_added":"2019-09-03T00:00:00.000Z","tags":[],"max_supply":null,"circulating_supply":null,"total_supply":17000,"platform":{"id":1027,"name":"Ethereum","symbol":"ETH","slug":"ethereum","token_address":"0xebf4ca5319f406602eeff68da16261f1216011b5"},"cmc_rank":2031,"last_updated":"2020-04-26T14:58:13.000Z","quote":{"USD":{"price":769.257675846,"volume_24h":42845679.9351762,"percent_change_1h":-0.962137,"percent_change_24h":0.340934,"percent_change_7d":6.88855,"market_cap":null,"last_updated":"2020-04-26T14:58:13.000Z"}}},{"id":3306,"name":"Gemini Dollar","symbol":"GUSD","slug":"gemini-dollar","num_market_pairs":31,"date_added":"2018-10-05T00:00:00.000Z","tags":[],"max_supply":null,"circulating_supply":5884964.1,"total_supply":5884964.1,"platform":{"id":1027,"name":"Ethereum","symbol":"ETH","slug":"ethereum","token_address":"0x056Fd409E1d7A124BD7017459dFEa2F387b6d5Cd"},"cmc_rank":405,"last_updated":"2020-04-26T14:58:10.000Z","quote":{"USD":{"price":1.00336297938,"volume_24h":41712636.4405346,"percent_change_1h":0.33508,"percent_change_24h":-0.594734,"percent_change_7d":0.0669531,"market_cap":5904755.11292034,"last_updated":"2020-04-26T14:58:10.000Z"}}},{"id":1274,"name":"Waves","symbol":"WAVES","slug":"waves","num_market_pairs":145,"date_added":"2016-06-02T00:00:00.000Z","tags":[],"max_supply":null,"circulating_supply":101770504,"total_supply":101770504,"platform":null,"cmc_rank":53,"last_updated":"2020-04-26T14:58:06.000Z","quote":{"USD":{"price":1.03568145416,"volume_24h":40789418.8892106,"percent_change_1h":-0.102318,"percent_change_24h":1.09047,"percent_change_7d":0.547631,"market_cap":105401823.57331608,"last_updated":"2020-04-26T14:58:06.000Z"}}},{"id":3709,"name":"Grin","symbol":"GRIN","slug":"grin","num_market_pairs":60,"date_added":"2019-01-27T00:00:00.000Z","tags":["mineable"],"max_supply":null,"circulating_supply":40175040,"total_supply":40175040,"platform":null,"cmc_rank":144,"last_updated":"2020-04-26T14:58:12.000Z","quote":{"USD":{"price":0.526737328887,"volume_24h":39607391.4448413,"percent_change_1h":-0.234928,"percent_change_24h":5.43331,"percent_change_7d":6.7587,"market_cap":21161693.25752838,"last_updated":"2020-04-26T14:58:12.000Z"}}},{"id":2083,"name":"Bitcoin Gold","symbol":"BTG","slug":"bitcoin-gold","num_market_pairs":73,"date_added":"2017-10-23T00:00:00.000Z","tags":["mineable"],"max_supply":21000000,"circulating_supply":17513923.589,"total_supply":17513923.589,"platform":null,"cmc_rank":38,"last_updated":"2020-04-26T14:58:07.000Z","quote":{"USD":{"price":9.47189179502,"volume_24h":39401559.0492433,"percent_change_1h":0.585562,"percent_change_24h":-0.101237,"percent_change_7d":-3.57706,"market_cap":165889989.14125633,"last_updated":"2020-04-26T14:58:07.000Z"}}},{"id":1866,"name":"Bytom","symbol":"BTM","slug":"bytom","num_market_pairs":54,"date_added":"2017-08-08T00:00:00.000Z","tags":["mineable"],"max_supply":null,"circulating_supply":1002499275,"total_supply":1407000000,"platform":null,"cmc_rank":66,"last_updated":"2020-04-26T14:58:06.000Z","quote":{"USD":{"price":0.0708436660369,"volume_24h":38428836.7225542,"percent_change_1h":-0.784567,"percent_change_24h":17.3842,"percent_change_7d":20.5502,"market_cap":71020723.84033437,"last_updated":"2020-04-26T14:58:06.000Z"}}},{"id":3351,"name":"ZB Token","symbol":"ZB","slug":"zb-token","num_market_pairs":11,"date_added":"2018-09-27T00:00:00.000Z","tags":[],"max_supply":null,"circulating_supply":463288810,"total_supply":2100000000,"platform":{"id":1027,"name":"Ethereum","symbol":"ETH","slug":"ethereum","token_address":"0xbd0793332e9fb844a52a205a233ef27a5b34b927"},"cmc_rank":52,"last_updated":"2020-04-26T14:58:10.000Z","quote":{"USD":{"price":0.242259294384,"volume_24h":38054995.4282217,"percent_change_1h":-0.482769,"percent_change_24h":-1.4553,"percent_change_7d":0.713592,"market_cap":112236020.20660305,"last_updated":"2020-04-26T14:58:10.000Z"}}},{"id":2130,"name":"Enjin Coin","symbol":"ENJ","slug":"enjin-coin","num_market_pairs":61,"date_added":"2017-11-01T00:00:00.000Z","tags":[],"max_supply":null,"circulating_supply":814772129.064264,"total_supply":1000000000,"platform":{"id":1027,"name":"Ethereum","symbol":"ETH","slug":"ethereum","token_address":"0xf629cbd94d3791c9250152bd8dfbdf380e2a3b9c"},"cmc_rank":51,"last_updated":"2020-04-26T14:58:07.000Z","quote":{"USD":{"price":0.142312273919,"volume_24h":37034634.6346735,"percent_change_1h":-0.479171,"percent_change_24h":-4.00622,"percent_change_7d":37.3301,"market_cap":115952074.41296037,"last_updated":"2020-04-26T14:58:07.000Z"}}},{"id":2405,"name":"IOST","symbol":"IOST","slug":"iostoken","num_market_pairs":85,"date_added":"2018-01-16T00:00:00.000Z","tags":[],"max_supply":null,"circulating_supply":12013965608.8475,"total_supply":21000000000,"platform":null,"cmc_rank":93,"last_updated":"2020-04-26T14:58:08.000Z","quote":{"USD":{"price":0.00362419136565,"volume_24h":35599378.0037837,"percent_change_1h":-0.394929,"percent_change_24h":1.06115,"percent_change_7d":8.29777,"market_cap":43540910.42680115,"last_updated":"2020-04-26T14:58:08.000Z"}}},{"id":1104,"name":"Augur","symbol":"REP","slug":"augur","num_market_pairs":73,"date_added":"2015-10-27T00:00:00.000Z","tags":[],"max_supply":null,"circulating_supply":11000000,"total_supply":11000000,"platform":{"id":1027,"name":"Ethereum","symbol":"ETH","slug":"ethereum","token_address":"0x1985365e9f78359a9b6ad760e32412f4a445e862"},"cmc_rank":50,"last_updated":"2020-04-26T14:58:05.000Z","quote":{"USD":{"price":10.6628177284,"volume_24h":35546936.7916023,"percent_change_1h":1.66972,"percent_change_24h":3.82774,"percent_change_7d":5.22636,"market_cap":117290995.0124,"last_updated":"2020-04-26T14:58:05.000Z"}}},{"id":2577,"name":"Ravencoin","symbol":"RVN","slug":"ravencoin","num_market_pairs":50,"date_added":"2018-03-10T00:00:00.000Z","tags":["mineable"],"max_supply":21000000000,"circulating_supply":6026145000,"total_supply":6026145000,"platform":null,"cmc_rank":48,"last_updated":"2020-04-26T14:58:09.000Z","quote":{"USD":{"price":0.0204976471131,"volume_24h":34764135.8288343,"percent_change_1h":1.05614,"percent_change_24h":10.4058,"percent_change_7d":21.2917,"market_cap":123521793.662372,"last_updated":"2020-04-26T14:58:09.000Z"}}},{"id":2457,"name":"TrueChain","symbol":"TRUE","slug":"truechain","num_market_pairs":16,"date_added":"2018-01-24T00:00:00.000Z","tags":[],"max_supply":null,"circulating_supply":79575542.96,"total_supply":100000000,"platform":null,"cmc_rank":139,"last_updated":"2020-04-26T14:58:07.000Z","quote":{"USD":{"price":0.270502484324,"volume_24h":32893591.356874,"percent_change_1h":-0.083187,"percent_change_24h":0.553477,"percent_change_7d":-0.524835,"market_cap":21525382.062111184,"last_updated":"2020-04-26T14:58:07.000Z"}}},{"id":109,"name":"DigiByte","symbol":"DGB","slug":"digibyte","num_market_pairs":77,"date_added":"2014-02-06T00:00:00.000Z","tags":["mineable"],"max_supply":21000000000,"circulating_supply":13074142826.1103,"total_supply":13074142826.1103,"platform":null,"cmc_rank":36,"last_updated":"2020-04-26T14:58:05.000Z","quote":{"USD":{"price":0.015949621155,"volume_24h":31700673.4065941,"percent_change_1h":-1.69892,"percent_change_24h":16.4386,"percent_change_7d":104.952,"market_cap":208527625.0028203,"last_updated":"2020-04-26T14:58:05.000Z"}}},{"id":624,"name":"bitCNY","symbol":"BITCNY","slug":"bitcny","num_market_pairs":23,"date_added":"2014-09-23T00:00:00.000Z","tags":[],"max_supply":null,"circulating_supply":31228900,"total_supply":31228900,"platform":{"id":463,"name":"BitShares","symbol":"BTS","slug":"bitshares","token_address":"CNY"},"cmc_rank":484,"last_updated":"2020-04-26T14:58:05.000Z","quote":{"USD":{"price":0.140983550799,"volume_24h":29961162.7485922,"percent_change_1h":0.848772,"percent_change_24h":0.0775701,"percent_change_7d":-0.170924,"market_cap":4402761.209546891,"last_updated":"2020-04-26T14:58:05.000Z"}}},{"id":1896,"name":"0x","symbol":"ZRX","slug":"0x","num_market_pairs":179,"date_added":"2017-08-16T00:00:00.000Z","tags":[],"max_supply":null,"circulating_supply":652285423.432216,"total_supply":1000000000,"platform":{"id":1027,"name":"Ethereum","symbol":"ETH","slug":"ethereum","token_address":"0xe41d2489571d322189246dafa5ebde1f4699f498"},"cmc_rank":47,"last_updated":"2020-04-26T14:58:07.000Z","quote":{"USD":{"price":0.191151090776,"volume_24h":27094806.0754454,"percent_change_1h":-0.2339,"percent_change_24h":1.97935,"percent_change_7d":7.74486,"market_cap":124685070.18635313,"last_updated":"2020-04-26T14:58:07.000Z"}}},{"id":5217,"name":"3X Long Ethereum Token","symbol":"ETHBULL","slug":"3x-long-ethereum-token","num_market_pairs":7,"date_added":"2020-02-11T00:00:00.000Z","tags":[],"max_supply":null,"circulating_supply":null,"total_supply":2688.70054275,"platform":{"id":1027,"name":"Ethereum","symbol":"ETH","slug":"ethereum","token_address":"0x871baed4088b863fd6407159f3672d70cd34837d"},"cmc_rank":2032,"last_updated":"2020-04-26T14:58:14.000Z","quote":{"USD":{"price":214.199216708,"volume_24h":25739313.3125051,"percent_change_1h":-0.817939,"percent_change_24h":3.4359,"percent_change_7d":24.4234,"market_cap":null,"last_updated":"2020-04-26T14:58:14.000Z"}}},{"id":3890,"name":"Matic Network","symbol":"MATIC","slug":"matic-network","num_market_pairs":51,"date_added":"2019-04-28T00:00:00.000Z","tags":[],"max_supply":null,"circulating_supply":2758503686,"total_supply":10000000000,"platform":{"id":1027,"name":"Ethereum","symbol":"ETH","slug":"ethereum","token_address":"0x7D1AfA7B718fb893dB30A3aBc0Cfc608AaCfeBB0"},"cmc_rank":92,"last_updated":"2020-04-26T14:58:12.000Z","quote":{"USD":{"price":0.0158813389609,"volume_24h":24056098.2541926,"percent_change_1h":0.0937735,"percent_change_24h":3.86017,"percent_change_7d":20.4658,"market_cap":43808732.06225806,"last_updated":"2020-04-26T14:58:12.000Z"}}},{"id":5414,"name":"3x Long EOS Token","symbol":"EOSBULL","slug":"3x-long-eos-token","num_market_pairs":5,"date_added":"2020-04-06T00:00:00.000Z","tags":[],"max_supply":null,"circulating_supply":null,"total_supply":1057300.976,"platform":{"id":1027,"name":"Ethereum","symbol":"ETH","slug":"ethereum","token_address":"0xeaD7F3ae4e0Bb0D8785852Cc37CC9d0B5e75c06a"},"cmc_rank":2033,"last_updated":"2020-04-26T14:58:15.000Z","quote":{"USD":{"price":6.19137957465,"volume_24h":23874017.5643888,"percent_change_1h":-1.06506,"percent_change_24h":0.600135,"percent_change_7d":11.1672,"market_cap":null,"last_updated":"2020-04-26T14:58:15.000Z"}}},{"id":5429,"name":"DEAPcoin","symbol":"DEP","slug":"deapcoin","num_market_pairs":2,"date_added":"2020-04-10T00:00:00.000Z","tags":[],"max_supply":30000000000,"circulating_supply":null,"total_supply":30000000000,"platform":{"id":1027,"name":"Ethereum","symbol":"ETH","slug":"ethereum","token_address":"0x1a3496c18d558bd9c6c8f609e1b129f67ab08163"},"cmc_rank":2034,"last_updated":"2020-04-26T14:58:15.000Z","quote":{"USD":{"price":0.00523358930893,"volume_24h":23225529.4281034,"percent_change_1h":0.880348,"percent_change_24h":1.00979,"percent_change_7d":-3.43279,"market_cap":null,"last_updated":"2020-04-26T14:58:15.000Z"}}},{"id":2588,"name":"Loom Network","symbol":"LOOM","slug":"loom-network","num_market_pairs":65,"date_added":"2018-03-14T00:00:00.000Z","tags":[],"max_supply":null,"circulating_supply":970112813.827781,"total_supply":1000000000,"platform":{"id":1027,"name":"Ethereum","symbol":"ETH","slug":"ethereum","token_address":"0xa4e8c3ec456107ea67d3075bf9e3df3a75823db0"},"cmc_rank":168,"last_updated":"2020-04-26T14:58:09.000Z","quote":{"USD":{"price":0.01585413299,"volume_24h":22009475.3079986,"percent_change_1h":0.843344,"percent_change_24h":3.98743,"percent_change_7d":8.53896,"market_cap":15380297.565728748,"last_updated":"2020-04-26T14:58:09.000Z"}}},{"id":3945,"name":"Harmony","symbol":"ONE","slug":"harmony","num_market_pairs":20,"date_added":"2019-06-01T00:00:00.000Z","tags":[],"max_supply":null,"circulating_supply":4596807869,"total_supply":12600000000,"platform":null,"cmc_rank":190,"last_updated":"2020-04-26T14:58:12.000Z","quote":{"USD":{"price":0.00270547251437,"volume_24h":21874648.3997846,"percent_change_1h":0.432189,"percent_change_24h":0.396588,"percent_change_7d":15.8485,"market_cap":12436537.343419231,"last_updated":"2020-04-26T14:58:12.000Z"}}},{"id":2830,"name":"Seele","symbol":"SEELE","slug":"seele","num_market_pairs":18,"date_added":"2018-05-31T00:00:00.000Z","tags":[],"max_supply":null,"circulating_supply":699592066.289478,"total_supply":1000000000,"platform":{"id":1027,"name":"Ethereum","symbol":"ETH","slug":"ethereum","token_address":"0xb1eef147028e9f480dbc5ccaa3277d417d1b85f0"},"cmc_rank":73,"last_updated":"2020-04-26T14:58:09.000Z","quote":{"USD":{"price":0.0874353446693,"volume_24h":21403876.5959157,"percent_change_1h":0.255078,"percent_change_24h":5.16864,"percent_change_7d":13.7833,"market_cap":61169073.44392828,"last_updated":"2020-04-26T14:58:09.000Z"}}},{"id":2299,"name":"aelf","symbol":"ELF","slug":"aelf","num_market_pairs":79,"date_added":"2017-12-21T00:00:00.000Z","tags":[],"max_supply":1000000000,"circulating_supply":544480199.986466,"total_supply":879999999.986466,"platform":{"id":1027,"name":"Ethereum","symbol":"ETH","slug":"ethereum","token_address":"0xbf2179859fc6d5bee9bf9158632dc51678a4100e"},"cmc_rank":98,"last_updated":"2020-04-26T14:58:07.000Z","quote":{"USD":{"price":0.0686734329253,"volume_24h":21329171.0782761,"percent_change_1h":0.405773,"percent_change_24h":3.38856,"percent_change_7d":8.36353,"market_cap":37391324.492924504,"last_updated":"2020-04-26T14:58:07.000Z"}}},{"id":5117,"name":"Origin Protocol","symbol":"OGN","slug":"origin-protocol","num_market_pairs":15,"date_added":"2020-01-09T00:00:00.000Z","tags":[],"max_supply":null,"circulating_supply":33523273.02,"total_supply":1000000000,"platform":{"id":1027,"name":"Ethereum","symbol":"ETH","slug":"ethereum","token_address":"0x8207c1ffc5b6804f6024322ccf34f29c3541ae26"},"cmc_rank":341,"last_updated":"2020-04-26T14:58:14.000Z","quote":{"USD":{"price":0.244285873941,"volume_24h":19493377.1957183,"percent_change_1h":0.576405,"percent_change_24h":6.24768,"percent_change_7d":5.70907,"market_cap":8189262.047053446,"last_updated":"2020-04-26T14:58:14.000Z"}}},{"id":2341,"name":"SwftCoin","symbol":"SWFTC","slug":"swftcoin","num_market_pairs":13,"date_added":"2018-01-04T00:00:00.000Z","tags":[],"max_supply":null,"circulating_supply":4004999999,"total_supply":10000000000,"platform":{"id":1027,"name":"Ethereum","symbol":"ETH","slug":"ethereum","token_address":"0x0bb217e40f8a5cb79adf04e1aab60e5abd0dfc1e"},"cmc_rank":399,"last_updated":"2020-04-26T14:58:07.000Z","quote":{"USD":{"price":0.00150332010317,"volume_24h":19378793.9027863,"percent_change_1h":-1.76749,"percent_change_24h":-2.24258,"percent_change_7d":19.8996,"market_cap":6020797.01169253,"last_updated":"2020-04-26T14:58:07.000Z"}}},{"id":5198,"name":"Creditcoin","symbol":"CTC","slug":"creditcoin","num_market_pairs":3,"date_added":"2020-01-31T00:00:00.000Z","tags":[],"max_supply":null,"circulating_supply":null,"total_supply":600000000,"platform":null,"cmc_rank":2035,"last_updated":"2020-04-26T14:58:16.000Z","quote":{"USD":{"price":0.348476242878,"volume_24h":19242466.1252372,"percent_change_1h":-0.708923,"percent_change_24h":-5.83603,"percent_change_7d":-15.3399,"market_cap":null,"last_updated":"2020-04-26T14:58:16.000Z"}}},{"id":4779,"name":"HUSD","symbol":"HUSD","slug":"husd","num_market_pairs":18,"date_added":"2019-10-15T00:00:00.000Z","tags":[],"max_supply":null,"circulating_supply":null,"total_supply":87094416.0933887,"platform":{"id":1027,"name":"Ethereum","symbol":"ETH","slug":"ethereum","token_address":"0xdf574c24545e5ffecb9a659c229253d4111d87e1"},"cmc_rank":2036,"last_updated":"2020-04-26T14:58:13.000Z","quote":{"USD":{"price":1.005309767,"volume_24h":19082585.4674968,"percent_change_1h":0.836574,"percent_change_24h":0.255003,"percent_change_7d":-0.249242,"market_cap":null,"last_updated":"2020-04-26T14:58:13.000Z"}}},{"id":1903,"name":"HyperCash","symbol":"HC","slug":"hypercash","num_market_pairs":32,"date_added":"2017-08-20T00:00:00.000Z","tags":["mineable"],"max_supply":84000000,"circulating_supply":44589986.945052,"total_supply":44589986.945052,"platform":null,"cmc_rank":86,"last_updated":"2020-04-26T14:58:06.000Z","quote":{"USD":{"price":1.10001478593,"volume_24h":18915874.9808061,"percent_change_1h":-0.188133,"percent_change_24h":1.93538,"percent_change_7d":5.51833,"market_cap":49049644.94398287,"last_updated":"2020-04-26T14:58:06.000Z"}}},{"id":5221,"name":"Handshake ","symbol":"HNS","slug":"handshake","num_market_pairs":10,"date_added":"2020-02-22T00:00:00.000Z","tags":[],"max_supply":null,"circulating_supply":268078892.322,"total_supply":2040000000,"platform":null,"cmc_rank":245,"last_updated":"2020-04-26T14:58:14.000Z","quote":{"USD":{"price":0.119744742686,"volume_24h":17920308.4624796,"percent_change_1h":0.833814,"percent_change_24h":-1.50852,"percent_change_7d":-1.64975,"market_cap":32101037.98064579,"last_updated":"2020-04-26T14:58:14.000Z"}}},{"id":5085,"name":"Building Cities Beyond Blockchain","symbol":"BCB","slug":"building-cities-beyond-blockchain","num_market_pairs":3,"date_added":"2019-12-30T00:00:00.000Z","tags":[],"max_supply":66000000,"circulating_supply":null,"total_supply":66000000,"platform":null,"cmc_rank":2037,"last_updated":"2020-04-26T14:58:14.000Z","quote":{"USD":{"price":2.57603416318,"volume_24h":17122722.8811557,"percent_change_1h":0.852447,"percent_change_24h":-0.966529,"percent_change_7d":-1.06618,"market_cap":null,"last_updated":"2020-04-26T14:58:14.000Z"}}},{"id":1966,"name":"Decentraland","symbol":"MANA","slug":"decentraland","num_market_pairs":75,"date_added":"2017-09-17T00:00:00.000Z","tags":[],"max_supply":null,"circulating_supply":1370182355.67155,"total_supply":2197926965.03415,"platform":{"id":1027,"name":"Ethereum","symbol":"ETH","slug":"ethereum","token_address":"0x0f5d2fb29fb7d3cfee444a200298f468908cc942"},"cmc_rank":96,"last_updated":"2020-04-26T14:58:06.000Z","quote":{"USD":{"price":0.0303391502108,"volume_24h":16683689.5029484,"percent_change_1h":2.68863,"percent_change_24h":1.78067,"percent_change_7d":3.50321,"market_cap":41570168.30490695,"last_updated":"2020-04-26T14:58:06.000Z"}}},{"id":4679,"name":"Band Protocol","symbol":"BAND","slug":"band-protocol","num_market_pairs":9,"date_added":"2019-09-18T00:00:00.000Z","tags":[],"max_supply":null,"circulating_supply":19894032.5175,"total_supply":100000000,"platform":{"id":1027,"name":"Ethereum","symbol":"ETH","slug":"ethereum","token_address":"0xba11d00c5f74255f56a5e366f4f77f5a186d7f55"},"cmc_rank":155,"last_updated":"2020-04-26T14:58:13.000Z","quote":{"USD":{"price":0.889242792941,"volume_24h":16129998.5779964,"percent_change_1h":0.0703129,"percent_change_24h":13.7976,"percent_change_7d":75.9895,"market_cap":17690625.03872077,"last_updated":"2020-04-26T14:58:13.000Z"}}},{"id":4846,"name":"Kava","symbol":"KAVA","slug":"kava","num_market_pairs":15,"date_added":"2019-10-25T00:00:00.000Z","tags":[],"max_supply":null,"circulating_supply":35861254.721819,"total_supply":108650573.721819,"platform":{"id":1839,"name":"Binance Coin","symbol":"BNB","slug":"binance-coin","token_address":""},"cmc_rank":137,"last_updated":"2020-04-26T14:58:14.000Z","quote":{"USD":{"price":0.615630633935,"volume_24h":16110066.3114591,"percent_change_1h":-1.87682,"percent_change_24h":7.93633,"percent_change_7d":12.2024,"market_cap":22077286.97809794,"last_updated":"2020-04-26T14:58:14.000Z"}}},{"id":5295,"name":"3X Long BNB Token","symbol":"BNBBULL","slug":"3x-long-bnb-token","num_market_pairs":5,"date_added":"2020-03-11T00:00:00.000Z","tags":[],"max_supply":null,"circulating_supply":null,"total_supply":4975.41633724,"platform":{"id":1027,"name":"Ethereum","symbol":"ETH","slug":"ethereum","token_address":"0x9d1a62c2ad99019768b9126fda004a9952853f6e"},"cmc_rank":2038,"last_updated":"2020-04-26T14:58:14.000Z","quote":{"USD":{"price":117.292778021,"volume_24h":16005226.4847919,"percent_change_1h":-0.487204,"percent_change_24h":1.49992,"percent_change_7d":2.25817,"market_cap":null,"last_updated":"2020-04-26T14:58:14.000Z"}}},{"id":4899,"name":"Yap Stone","symbol":"YAP","slug":"yap-stone","num_market_pairs":14,"date_added":"2019-11-09T00:00:00.000Z","tags":[],"max_supply":null,"circulating_supply":150000000,"total_supply":1000000000,"platform":{"id":1027,"name":"Ethereum","symbol":"ETH","slug":"ethereum","token_address":""},"cmc_rank":114,"last_updated":"2020-04-26T14:58:14.000Z","quote":{"USD":{"price":0.210015491053,"volume_24h":15494595.3022139,"percent_change_1h":0.0126412,"percent_change_24h":-4.86143,"percent_change_7d":-0.0377823,"market_cap":31502323.65795,"last_updated":"2020-04-26T14:58:14.000Z"}}},{"id":4041,"name":"MX Token","symbol":"MX","slug":"mx-token","num_market_pairs":8,"date_added":"2019-09-24T00:00:00.000Z","tags":[],"max_supply":null,"circulating_supply":193278361.2597,"total_supply":673963903.14,"platform":{"id":1027,"name":"Ethereum","symbol":"ETH","slug":"ethereum","token_address":"0x11eef04c884e24d9b7b4760e7476d06ddf797f36"},"cmc_rank":141,"last_updated":"2020-04-26T14:58:12.000Z","quote":{"USD":{"price":0.110641959628,"volume_24h":14287233.1012926,"percent_change_1h":0.91959,"percent_change_24h":1.05358,"percent_change_7d":9.07054,"market_cap":21384696.643461727,"last_updated":"2020-04-26T14:58:12.000Z"}}},{"id":5477,"name":"ECOChain","symbol":"ECOC","slug":"ecochain","num_market_pairs":1,"date_added":"2020-04-20T00:00:00.000Z","tags":[],"max_supply":2000000000,"circulating_supply":null,"total_supply":223217150,"platform":null,"cmc_rank":2039,"last_updated":"2020-04-26T14:58:15.000Z","quote":{"USD":{"price":2.2343432469,"volume_24h":14276418.51163,"percent_change_1h":2.58354,"percent_change_24h":48.3572,"percent_change_7d":null,"market_cap":null,"last_updated":"2020-04-26T14:58:15.000Z"}}},{"id":4942,"name":"Digital Gold","symbol":"GOLD","slug":"digital-gold","num_market_pairs":3,"date_added":"2019-11-18T00:00:00.000Z","tags":[],"max_supply":null,"circulating_supply":11545.726,"total_supply":17190.601,"platform":{"id":1027,"name":"Ethereum","symbol":"ETH","slug":"ethereum","token_address":"0x0d16450d347c12c086d6c94c76c5aaac35ea07e0"},"cmc_rank":989,"last_updated":"2020-04-26T14:58:16.000Z","quote":{"USD":{"price":56.5727604891,"volume_24h":14153973.136474,"percent_change_1h":-0.0982073,"percent_change_24h":2.29197,"percent_change_7d":2.4292,"market_cap":653173.5916707746,"last_updated":"2020-04-26T14:58:16.000Z"}}},{"id":4078,"name":"Super Zero","symbol":"SERO","slug":"super-zero","num_market_pairs":15,"date_added":"2019-07-19T00:00:00.000Z","tags":[],"max_supply":647367590,"circulating_supply":257613283,"total_supply":645121504,"platform":null,"cmc_rank":145,"last_updated":"2020-04-26T14:58:13.000Z","quote":{"USD":{"price":0.0817813778215,"volume_24h":13884778.8209191,"percent_change_1h":-0.820896,"percent_change_24h":5.94684,"percent_change_7d":7.74546,"market_cap":21067969.228860002,"last_updated":"2020-04-26T14:58:13.000Z"}}},{"id":1785,"name":"Gas","symbol":"GAS","slug":"gas","num_market_pairs":52,"date_added":"2017-07-06T00:00:00.000Z","tags":[],"max_supply":100000000,"circulating_supply":10128375.105773,"total_supply":17190378,"platform":{"id":1376,"name":"Neo","symbol":"NEO","slug":"neo","token_address":"602c79718b16e442de58778e148d0b1084e3b2dffd5de6b7b16cee7969282de7"},"cmc_rank":186,"last_updated":"2020-04-26T14:58:06.000Z","quote":{"USD":{"price":1.26581970148,"volume_24h":13688709.2002992,"percent_change_1h":0.755581,"percent_change_24h":0.755899,"percent_change_7d":10.8388,"market_cap":12820696.752867041,"last_updated":"2020-04-26T14:58:06.000Z"}}},{"id":1230,"name":"Steem","symbol":"STEEM","slug":"steem","num_market_pairs":31,"date_added":"2016-04-18T00:00:00.000Z","tags":[],"max_supply":null,"circulating_supply":372598928.427,"total_supply":389573022.427,"platform":null,"cmc_rank":68,"last_updated":"2020-04-26T14:58:05.000Z","quote":{"USD":{"price":0.181841107655,"volume_24h":13574859.0374493,"percent_change_1h":6.11716,"percent_change_24h":10.558,"percent_change_7d":18.8632,"market_cap":67753801.85623175,"last_updated":"2020-04-26T14:58:05.000Z"}}},{"id":3217,"name":"Ontology Gas","symbol":"ONG","slug":"ontology-gas","num_market_pairs":53,"date_added":"2018-08-23T00:00:00.000Z","tags":[],"max_supply":null,"circulating_supply":null,"total_supply":1000000000,"platform":{"id":2566,"name":"Ontology","symbol":"ONT","slug":"ontology","token_address":""},"cmc_rank":2040,"last_updated":"2020-04-26T14:58:10.000Z","quote":{"USD":{"price":0.0934162141789,"volume_24h":13405652.5807137,"percent_change_1h":0.556904,"percent_change_24h":3.85666,"percent_change_7d":8.35778,"market_cap":null,"last_updated":"2020-04-26T14:58:10.000Z"}}},{"id":3029,"name":"Zel","symbol":"ZEL","slug":"zel","num_market_pairs":16,"date_added":"2018-08-02T00:00:00.000Z","tags":["mineable"],"max_supply":210000000,"circulating_supply":100402400,"total_supply":100402400,"platform":null,"cmc_rank":586,"last_updated":"2020-04-26T14:58:09.000Z","quote":{"USD":{"price":0.0287915686098,"volume_24h":13168850.8581607,"percent_change_1h":0.634878,"percent_change_24h":-2.67485,"percent_change_7d":0.409416,"market_cap":2890742.5881885835,"last_updated":"2020-04-26T14:58:09.000Z"}}},{"id":3966,"name":"BitcoinHD","symbol":"BHD","slug":"bitcoinhd","num_market_pairs":11,"date_added":"2019-05-27T00:00:00.000Z","tags":[],"max_supply":21000000,"circulating_supply":6083016.35,"total_supply":6339465,"platform":null,"cmc_rank":237,"last_updated":"2020-04-26T14:58:12.000Z","quote":{"USD":{"price":6.73427474371,"volume_24h":13162892.7427718,"percent_change_1h":1.68579,"percent_change_24h":4.31595,"percent_change_7d":12.9318,"market_cap":40964703.37137999,"last_updated":"2020-04-26T14:58:12.000Z"}}},{"id":2570,"name":"TomoChain","symbol":"TOMO","slug":"tomochain","num_market_pairs":23,"date_added":"2018-03-08T00:00:00.000Z","tags":["mineable"],"max_supply":null,"circulating_supply":70474550,"total_supply":100000000,"platform":null,"cmc_rank":126,"last_updated":"2020-04-26T14:58:08.000Z","quote":{"USD":{"price":0.356120098703,"volume_24h":13125076.4097045,"percent_change_1h":1.75887,"percent_change_24h":-1.29208,"percent_change_7d":7.85836,"market_cap":25097403.70204951,"last_updated":"2020-04-26T14:58:08.000Z"}}},{"id":1759,"name":"Status","symbol":"SNT","slug":"status","num_market_pairs":84,"date_added":"2017-06-28T00:00:00.000Z","tags":[],"max_supply":null,"circulating_supply":3470483788,"total_supply":6804870174,"platform":{"id":1027,"name":"Ethereum","symbol":"ETH","slug":"ethereum","token_address":"0x744d70fdbe2ba4cf95131626614a1763df805b9e"},"cmc_rank":70,"last_updated":"2020-04-26T14:58:06.000Z","quote":{"USD":{"price":0.018946760251,"volume_24h":12978677.0104399,"percent_change_1h":-0.0603868,"percent_change_24h":-0.832505,"percent_change_7d":13.4244,"market_cap":65754424.28621831,"last_updated":"2020-04-26T14:58:06.000Z"}}},{"id":1414,"name":"Zcoin","symbol":"XZC","slug":"zcoin","num_market_pairs":56,"date_added":"2016-10-06T00:00:00.000Z","tags":["mineable"],"max_supply":21400000,"circulating_supply":9983518.32977796,"total_supply":21400000,"platform":null,"cmc_rank":97,"last_updated":"2020-04-26T14:58:05.000Z","quote":{"USD":{"price":4.0920732778,"volume_24h":12911612.0489185,"percent_change_1h":0.102337,"percent_change_24h":0.0540772,"percent_change_7d":3.83561,"market_cap":40853288.57571088,"last_updated":"2020-04-26T14:58:05.000Z"}}},{"id":2469,"name":"Zilliqa","symbol":"ZIL","slug":"zilliqa","num_market_pairs":108,"date_added":"2018-01-25T00:00:00.000Z","tags":["mineable"],"max_supply":21000000000,"circulating_supply":10079807056.3344,"total_supply":13371274209.3344,"platform":null,"cmc_rank":80,"last_updated":"2020-04-26T14:58:08.000Z","quote":{"USD":{"price":0.00524409303225,"volume_24h":12864815.6225621,"percent_change_1h":1.62355,"percent_change_24h":9.06545,"percent_change_7d":21.1387,"market_cap":52859445.95054761,"last_updated":"2020-04-26T14:58:08.000Z"}}},{"id":5161,"name":"WazirX","symbol":"WRX","slug":"wazirx","num_market_pairs":12,"date_added":"2020-02-06T00:00:00.000Z","tags":[],"max_supply":null,"circulating_supply":107404950.010102,"total_supply":1000000000,"platform":{"id":1839,"name":"Binance Coin","symbol":"BNB","slug":"binance-coin","token_address":"bnb19cvhgyrxmkw30hlqs9c5lp966drjzyylytl74z"},"cmc_rank":167,"last_updated":"2020-04-26T14:58:14.000Z","quote":{"USD":{"price":0.143757241308,"volume_24h":12815325.5413514,"percent_change_1h":0.273022,"percent_change_24h":3.77257,"percent_change_7d":0.179534,"market_cap":15440239.31627591,"last_updated":"2020-04-26T14:58:14.000Z"}}},{"id":4943,"name":"Multi-collateral DAI","symbol":"DAI","slug":"multi-collateral-dai","num_market_pairs":75,"date_added":"2019-11-22T00:00:00.000Z","tags":[],"max_supply":null,"circulating_supply":95795493.9469215,"total_supply":96196384.1590666,"platform":{"id":1027,"name":"Ethereum","symbol":"ETH","slug":"ethereum","token_address":"0x6b175474e89094c44da98b954eedeac495271d0f"},"cmc_rank":56,"last_updated":"2020-04-26T14:58:14.000Z","quote":{"USD":{"price":1.01579670807,"volume_24h":12233619.5896721,"percent_change_1h":0.417344,"percent_change_24h":-0.592343,"percent_change_7d":0.335049,"market_cap":97308747.39922248,"last_updated":"2020-04-26T14:58:14.000Z"}}},{"id":4273,"name":"Sessia","symbol":"KICKS","slug":"sessia","num_market_pairs":2,"date_added":"2019-08-21T00:00:00.000Z","tags":[],"max_supply":null,"circulating_supply":6145759.45571843,"total_supply":100000000,"platform":{"id":1027,"name":"Ethereum","symbol":"ETH","slug":"ethereum","token_address":"0xd91a6162f146ef85922d9a15ee6eb14a00344586"},"cmc_rank":984,"last_updated":"2020-04-26T14:58:13.000Z","quote":{"USD":{"price":0.107483756456,"volume_24h":11884104.5572951,"percent_change_1h":1.22917,"percent_change_24h":0.4229,"percent_change_7d":3.34451,"market_cap":660569.3125755988,"last_updated":"2020-04-26T14:58:13.000Z"}}}]}