{"status":{"timestamp":"2020-04-24T15:00:02.434Z","error_code":0,"error_message":null,"elapsed":576,"credit_count":1,"notice":null},"data":[{"id":825,"name":"Tether","symbol":"USDT","slug":"tether","num_market_pairs":4681,"date_added":"2015-02-25T00:00:00.000Z","tags":[],"max_supply":null,"circulating_supply":6361032509,"total_supply":6998318752.17,"platform":{"id":1027,"name":"Ethereum","symbol":"ETH","slug":"ethereum","token_address":"31"},"cmc_rank":4,"last_updated":"2020-04-24T14:58:31.000Z","quote":{"USD":{"price":1.00579858587,"volume_24h":49781977629.6992,"percent_change_1h":-0.0816739,"percent_change_24h":1.20301,"percent_change_7d":0.225038,"market_cap":6397917502.225298,"last_updated":"2020-04-24T14:58:31.000Z"}}},{"id":1,"name":"Bitcoin","symbol":"BTC","slug":"bitcoin","num_market_pairs":7952,"date_added":"2013-04-28T00:00:00.000Z","tags":["mineable"],"max_supply":21000000,"circulating_supply":18343112,"total_supply":18343112,"platform":null,"cmc_rank":1,"last_updated":"2020-04-24T14:57:51.000Z","quote":{"USD":{"price":7536.44509291,"volume_24h":37906545780.1975,"percent_change_1h":0.0237237,"percent_change_24h":2.20698,"percent_change_7d":6.27819,"market_cap":138241856421.09854,"last_updated":"2020-04-24T14:57:51.000Z"}}},{"id":1027,"name":"Ethereum","symbol":"ETH","slug":"ethereum","num_market_pairs":5179,"date_added":"2015-08-07T00:00:00.000Z","tags":["mineable"],"max_supply":null,"circulating_supply":110652081.1865,"total_supply":110652081.1865,"platform":null,"cmc_rank":2,"last_updated":"2020-04-24T14:57:37.000Z","quote":{"USD":{"price":188.509418894,"volume_24h":18589438551.1322,"percent_change_1h":-0.0808982,"percent_change_24h":0.604068,"percent_change_7d":10.3268,"market_cap":20858959523.878822,"last_updated":"2020-04-24T14:57:37.000Z"}}},{"id":2,"name":"Litecoin","symbol":"LTC","slug":"litecoin","num_market_pairs":600,"date_added":"2013-04-28T00:00:00.000Z","tags":["mineable"],"max_supply":84000000,"circulating_supply":64581718.2265572,"total_supply":64581718.2265572,"platform":null,"cmc_rank":7,"last_updated":"2020-04-24T14:58:07.000Z","quote":{"USD":{"price":44.1722431671,"volume_24h":4894031371.00027,"percent_change_1h":-0.432433,"percent_change_24h":3.28516,"percent_change_7d":4.08993,"market_cap":2852719361.652619,"last_updated":"2020-04-24T14:58:07.000Z"}}},{"id":1831,"name":"Bitcoin Cash","symbol":"BCH","slug":"bitcoin-cash","num_market_pairs":473,"date_added":"2017-07-23T00:00:00.000Z","tags":["mineable"],"max_supply":21000000,"circulating_supply":18388893.75,"total_supply":18388893.75,"platform":null,"cmc_rank":5,"last_updated":"2020-04-24T14:58:14.000Z","quote":{"USD":{"price":238.792159324,"volume_24h":3545844328.71805,"percent_change_1h":-0.303626,"percent_change_24h":0.461125,"percent_change_7d":2.08026,"market_cap":4391123646.142108,"last_updated":"2020-04-24T14:58:14.000Z"}}},{"id":1765,"name":"EOS","symbol":"EOS","slug":"eos","num_market_pairs":378,"date_added":"2017-07-01T00:00:00.000Z","tags":[],"max_supply":null,"circulating_supply":922061814.0686,"total_supply":1018761826.0682,"platform":null,"cmc_rank":8,"last_updated":"2020-04-24T14:58:13.000Z","quote":{"USD":{"price":2.70729342527,"volume_24h":3335751843.3092,"percent_change_1h":-0.321626,"percent_change_24h":1.53256,"percent_change_7d":3.05595,"market_cap":2496291886.92045,"last_updated":"2020-04-24T14:58:13.000Z"}}},{"id":3602,"name":"Bitcoin SV","symbol":"BSV","slug":"bitcoin-sv","num_market_pairs":183,"date_added":"2018-11-09T00:00:00.000Z","tags":["mineable"],"max_supply":21000000,"circulating_supply":18387583.3319233,"total_supply":18387583.3319233,"platform":null,"cmc_rank":6,"last_updated":"2020-04-24T14:58:16.000Z","quote":{"USD":{"price":195.110542369,"volume_24h":2082926142.04067,"percent_change_1h":-0.28675,"percent_change_24h":-0.137105,"percent_change_7d":0.350916,"market_cap":3587611356.746739,"last_updated":"2020-04-24T14:58:16.000Z"}}},{"id":52,"name":"XRP","symbol":"XRP","slug":"xrp","num_market_pairs":545,"date_added":"2013-08-04T00:00:00.000Z","tags":[],"max_supply":100000000000,"circulating_supply":44089620959,"total_supply":99990980257,"platform":null,"cmc_rank":3,"last_updated":"2020-04-24T14:58:06.000Z","quote":{"USD":{"price":0.1948264009,"volume_24h":1989704280.18051,"percent_change_1h":-0.184043,"percent_change_24h":0.649091,"percent_change_7d":3.04358,"market_cap":8589822168.487177,"last_updated":"2020-04-24T14:58:06.000Z"}}},{"id":1321,"name":"Ethereum Classic","symbol":"ETC","slug":"ethereum-classic","num_market_pairs":246,"date_added":"2016-07-24T00:00:00.000Z","tags":["mineable"],"max_supply":210700000,"circulating_supply":116313299,"total_supply":116313299,"platform":null,"cmc_rank":21,"last_updated":"2020-04-24T14:58:09.000Z","quote":{"USD":{"price":5.59459416118,"volume_24h":1770326037.16401,"percent_change_1h":-0.534325,"percent_change_24h":1.56851,"percent_change_7d":3.50768,"market_cap":650725703.4529835,"last_updated":"2020-04-24T14:58:09.000Z"}}},{"id":1958,"name":"TRON","symbol":"TRX","slug":"tron","num_market_pairs":337,"date_added":"2017-09-13T00:00:00.000Z","tags":["mineable"],"max_supply":null,"circulating_supply":66682072191.4,"total_supply":99281283754.3,"platform":null,"cmc_rank":16,"last_updated":"2020-04-24T14:58:12.000Z","quote":{"USD":{"price":0.0139936788431,"volume_24h":1523690162.48473,"percent_change_1h":-0.672552,"percent_change_24h":4.63898,"percent_change_7d":8.26647,"market_cap":933127502.8388611,"last_updated":"2020-04-24T14:58:12.000Z"}}},{"id":512,"name":"Stellar","symbol":"XLM","slug":"stellar","num_market_pairs":296,"date_added":"2014-08-05T00:00:00.000Z","tags":[],"max_supply":null,"circulating_supply":20291399310.8718,"total_supply":50001803873.8717,"platform":null,"cmc_rank":12,"last_updated":"2020-04-24T14:58:06.000Z","quote":{"USD":{"price":0.0621768053084,"volume_24h":817672290.047714,"percent_change_1h":-1.01289,"percent_change_24h":-1.31863,"percent_change_7d":26.8333,"market_cap":1261654384.3870778,"last_updated":"2020-04-24T14:58:06.000Z"}}},{"id":131,"name":"Dash","symbol":"DASH","slug":"dash","num_market_pairs":297,"date_added":"2014-02-14T00:00:00.000Z","tags":["mineable"],"max_supply":18900000,"circulating_supply":9455653.54608968,"total_supply":9455653.54608968,"platform":null,"cmc_rank":18,"last_updated":"2020-04-24T14:58:06.000Z","quote":{"USD":{"price":81.933761946,"volume_24h":774827317.054009,"percent_change_1h":-0.262539,"percent_change_24h":0.285943,"percent_change_7d":8.41346,"market_cap":774737266.6891627,"last_updated":"2020-04-24T14:58:06.000Z"}}},{"id":1437,"name":"Zcash","symbol":"ZEC","slug":"zcash","num_market_pairs":238,"date_added":"2016-10-29T00:00:00.000Z","tags":["mineable"],"max_supply":21000000,"circulating_supply":9010312.5,"total_supply":9010312.5,"platform":null,"cmc_rank":26,"last_updated":"2020-04-24T14:58:10.000Z","quote":{"USD":{"price":44.7541925922,"volume_24h":663772387.282834,"percent_change_1h":-0.144764,"percent_change_24h":-0.737268,"percent_change_7d":15.6378,"market_cap":403249260.94090706,"last_updated":"2020-04-24T14:58:10.000Z"}}},{"id":1376,"name":"Neo","symbol":"NEO","slug":"neo","num_market_pairs":238,"date_added":"2016-09-08T00:00:00.000Z","tags":[],"max_supply":100000000,"circulating_supply":70538831,"total_supply":100000000,"platform":null,"cmc_rank":22,"last_updated":"2020-04-24T14:58:10.000Z","quote":{"USD":{"price":8.07838123926,"volume_24h":587459363.338854,"percent_change_1h":-0.781117,"percent_change_24h":4.77734,"percent_change_7d":7.07294,"market_cap":569839568.9897318,"last_updated":"2020-04-24T14:58:10.000Z"}}},{"id":2563,"name":"TrueUSD","symbol":"TUSD","slug":"trueusd","num_market_pairs":155,"date_added":"2018-03-06T00:00:00.000Z","tags":[],"max_supply":null,"circulating_supply":130739077,"total_supply":130739077,"platform":{"id":1027,"name":"Ethereum","symbol":"ETH","slug":"ethereum","token_address":"0x0000000000085d4780B73119b644AE5ecd22b376"},"cmc_rank":43,"last_updated":"2020-04-24T14:58:12.000Z","quote":{"USD":{"price":1.00486685277,"volume_24h":548270471.051273,"percent_change_1h":-0.0713944,"percent_change_24h":1.34217,"percent_change_7d":0.273806,"market_cap":131375364.83904469,"last_updated":"2020-04-24T14:58:12.000Z"}}},{"id":3330,"name":"Paxos Standard","symbol":"PAX","slug":"paxos-standard","num_market_pairs":99,"date_added":"2018-09-27T00:00:00.000Z","tags":[],"max_supply":null,"circulating_supply":244951954.494264,"total_supply":249952064.83,"platform":{"id":1027,"name":"Ethereum","symbol":"ETH","slug":"ethereum","token_address":"0x8e870d67f660d95d5be530380d0ec0bd388289e1"},"cmc_rank":34,"last_updated":"2020-04-24T14:58:15.000Z","quote":{"USD":{"price":1.00435534489,"volume_24h":533569547.250973,"percent_change_1h":-0.132053,"percent_change_24h":1.38859,"percent_change_7d":0.213858,"market_cap":246018804.7375661,"last_updated":"2020-04-24T14:58:15.000Z"}}},{"id":3408,"name":"USD Coin","symbol":"USDC","slug":"usd-coin","num_market_pairs":219,"date_added":"2018-10-08T00:00:00.000Z","tags":[],"max_supply":null,"circulating_supply":731279302.79104,"total_supply":735641394.84,"platform":{"id":1027,"name":"Ethereum","symbol":"ETH","slug":"ethereum","token_address":"0xa0b86991c6218b36c1d19d4a2e9eb0ce3606eb48"},"cmc_rank":20,"last_updated":"2020-04-24T14:58:15.000Z","quote":{"USD":{"price":1.00562864157,"volume_24h":457404870.303769,"percent_change_1h":0.081676,"percent_change_24h":1.44532,"percent_change_7d":0.33849,"market_cap":735395411.8740102,"last_updated":"2020-04-24T14:58:15.000Z"}}},{"id":1975,"name":"Chainlink","symbol":"LINK","slug":"chainlink","num_market_pairs":170,"date_added":"2017-09-20T00:00:00.000Z","tags":[],"max_supply":null,"circulating_supply":350000000,"total_supply":1000000000,"platform":{"id":1027,"name":"Ethereum","symbol":"ETH","slug":"ethereum","token_address":"0x514910771af9ca656af840dff83e8264ecf986ca"},"cmc_rank":11,"last_updated":"2020-04-24T14:58:10.000Z","quote":{"USD":{"price":3.8204672942,"volume_24h":417061672.531387,"percent_change_1h":-0.0687778,"percent_change_24h":1.27493,"percent_change_7d":10.1091,"market_cap":1337163552.97,"last_updated":"2020-04-24T14:58:10.000Z"}}},{"id":1839,"name":"Binance Coin","symbol":"BNB","slug":"binance-coin","num_market_pairs":305,"date_added":"2017-07-25T00:00:00.000Z","tags":[],"max_supply":187536713,"circulating_supply":155536713,"total_supply":187536713,"platform":null,"cmc_rank":9,"last_updated":"2020-04-24T14:58:12.000Z","quote":{"USD":{"price":15.9873895409,"volume_24h":401277356.252689,"percent_change_1h":-0.663529,"percent_change_24h":-0.0903012,"percent_change_7d":1.73768,"market_cap":2486626018.642165,"last_updated":"2020-04-24T14:58:12.000Z"}}},{"id":1684,"name":"Qtum","symbol":"QTUM","slug":"qtum","num_market_pairs":172,"date_added":"2017-05-24T00:00:00.000Z","tags":[],"max_supply":107822406,"circulating_supply":96607300.359,"total_supply":102357300,"platform":null,"cmc_rank":42,"last_updated":"2020-04-24T14:58:10.000Z","quote":{"USD":{"price":1.41798672153,"volume_24h":370534468.358623,"percent_change_1h":-0.503559,"percent_change_24h":1.76739,"percent_change_7d":1.85863,"market_cap":136987869.11192238,"last_updated":"2020-04-24T14:58:10.000Z"}}},{"id":2011,"name":"Tezos","symbol":"XTZ","slug":"tezos","num_market_pairs":89,"date_added":"2017-10-06T00:00:00.000Z","tags":[],"max_supply":null,"circulating_supply":708142181.195413,"total_supply":708142181.195413,"platform":null,"cmc_rank":10,"last_updated":"2020-04-24T14:58:10.000Z","quote":{"USD":{"price":2.69781917813,"volume_24h":334724414.309376,"percent_change_1h":-0.12826,"percent_change_24h":9.24742,"percent_change_7d":27.0512,"market_cap":1910439557.2717946,"last_updated":"2020-04-24T14:58:10.000Z"}}},{"id":2319,"name":"QCash","symbol":"QC","slug":"qcash","num_market_pairs":91,"date_added":"2019-12-12T00:00:00.000Z","tags":[],"max_supply":10000000000,"circulating_supply":460000200,"total_supply":10000000000,"platform":{"id":1684,"name":"Qtum","symbol":"QTUM","slug":"qtum","token_address":"f2033ede578e17fa6231047265010445bca8cf1c"},"cmc_rank":221,"last_updated":"2020-04-24T14:58:12.000Z","quote":{"USD":{"price":0.140678917896,"volume_24h":305109529.364384,"percent_change_1h":-0.0376489,"percent_change_24h":1.33462,"percent_change_7d":0.606087,"market_cap":64712330.367943585,"last_updated":"2020-04-24T14:58:12.000Z"}}},{"id":2502,"name":"Huobi Token","symbol":"HT","slug":"huobi-token","num_market_pairs":136,"date_added":"2018-02-03T00:00:00.000Z","tags":[],"max_supply":null,"circulating_supply":222668092.971921,"total_supply":500000000,"platform":{"id":1027,"name":"Ethereum","symbol":"ETH","slug":"ethereum","token_address":"0x6f259637dcd74c767781e37bc6133cd6a68aa161"},"cmc_rank":17,"last_updated":"2020-04-24T14:58:13.000Z","quote":{"USD":{"price":3.97844473075,"volume_24h":244701189.319559,"percent_change_1h":-0.100508,"percent_change_24h":0.840761,"percent_change_7d":4.03019,"market_cap":885872701.1902902,"last_updated":"2020-04-24T14:58:13.000Z"}}},{"id":3794,"name":"Cosmos","symbol":"ATOM","slug":"cosmos","num_market_pairs":121,"date_added":"2019-03-14T00:00:00.000Z","tags":[],"max_supply":null,"circulating_supply":190688439.2,"total_supply":237928230.821588,"platform":null,"cmc_rank":24,"last_updated":"2020-04-24T14:58:15.000Z","quote":{"USD":{"price":2.59667629602,"volume_24h":210853532.277099,"percent_change_1h":0.739963,"percent_change_24h":7.42781,"percent_change_7d":8.54758,"market_cap":495156149.99569094,"last_updated":"2020-04-24T14:58:15.000Z"}}},{"id":74,"name":"Dogecoin","symbol":"DOGE","slug":"dogecoin","num_market_pairs":239,"date_added":"2013-12-15T00:00:00.000Z","tags":["mineable"],"max_supply":null,"circulating_supply":124288752342.721,"total_supply":124288752342.721,"platform":null,"cmc_rank":32,"last_updated":"2020-04-24T14:58:05.000Z","quote":{"USD":{"price":0.00207453047378,"volume_24h":205412598.831588,"percent_change_1h":-0.368929,"percent_change_24h":0.322389,"percent_change_7d":3.42455,"market_cap":257840804.28307006,"last_updated":"2020-04-24T14:58:05.000Z"}}},{"id":2010,"name":"Cardano","symbol":"ADA","slug":"cardano","num_market_pairs":131,"date_added":"2017-10-01T00:00:00.000Z","tags":["mineable"],"max_supply":45000000000,"circulating_supply":25927070538,"total_supply":31112483745,"platform":null,"cmc_rank":13,"last_updated":"2020-04-24T14:58:09.000Z","quote":{"USD":{"price":0.043010587584,"volume_24h":191589369.408216,"percent_change_1h":0.124524,"percent_change_24h":9.56228,"percent_change_7d":24.4947,"market_cap":1115138538.171195,"last_updated":"2020-04-24T14:58:09.000Z"}}},{"id":3897,"name":"OKB","symbol":"OKB","slug":"okb","num_market_pairs":50,"date_added":"2019-04-30T00:00:00.000Z","tags":[],"max_supply":null,"circulating_supply":60000000,"total_supply":300000000,"platform":{"id":1027,"name":"Ethereum","symbol":"ETH","slug":"ethereum","token_address":"0x75231f58b43240c9718dd58b4967c5114342a86c"},"cmc_rank":29,"last_updated":"2020-04-24T14:58:15.000Z","quote":{"USD":{"price":4.90105070734,"volume_24h":167505786.506531,"percent_change_1h":-0.641529,"percent_change_24h":0.359722,"percent_change_7d":4.73399,"market_cap":294063042.4404,"last_updated":"2020-04-24T14:58:15.000Z"}}},{"id":3077,"name":"VeChain","symbol":"VET","slug":"vechain","num_market_pairs":98,"date_added":"2017-08-22T00:00:00.000Z","tags":[],"max_supply":null,"circulating_supply":55454734800,"total_supply":86712634466,"platform":null,"cmc_rank":35,"last_updated":"2020-04-24T14:58:13.000Z","quote":{"USD":{"price":0.00403298762027,"volume_24h":143290886.942531,"percent_change_1h":-0.337827,"percent_change_24h":2.10536,"percent_change_7d":5.84757,"market_cap":223648258.93375596,"last_updated":"2020-04-24T14:58:13.000Z"}}},{"id":328,"name":"Monero","symbol":"XMR","slug":"monero","num_market_pairs":146,"date_added":"2014-05-21T00:00:00.000Z","tags":["mineable"],"max_supply":null,"circulating_supply":17535248.3940371,"total_supply":17535248.3940371,"platform":null,"cmc_rank":14,"last_updated":"2020-04-24T14:58:05.000Z","quote":{"USD":{"price":60.4376269707,"volume_24h":123276186.904499,"percent_change_1h":-0.887943,"percent_change_24h":2.99758,"percent_change_7d":6.55477,"market_cap":1059788801.2773806,"last_updated":"2020-04-24T14:58:05.000Z"}}},{"id":2566,"name":"Ontology","symbol":"ONT","slug":"ontology","num_market_pairs":119,"date_added":"2018-03-08T00:00:00.000Z","tags":[],"max_supply":null,"circulating_supply":656746573,"total_supply":1000000000,"platform":null,"cmc_rank":30,"last_updated":"2020-04-24T14:58:12.000Z","quote":{"USD":{"price":0.442213491239,"volume_24h":112931153.070988,"percent_change_1h":-0.311782,"percent_change_24h":4.09218,"percent_change_7d":8.43198,"market_cap":290422194.9055788,"last_updated":"2020-04-24T14:58:12.000Z"}}},{"id":4687,"name":"Binance USD","symbol":"BUSD","slug":"binance-usd","num_market_pairs":61,"date_added":"2019-09-20T00:00:00.000Z","tags":[],"max_supply":null,"circulating_supply":182450529.5,"total_supply":182450529.5,"platform":{"id":1027,"name":"Ethereum","symbol":"ETH","slug":"ethereum","token_address":"0x4Fabb145d64652a948d72533023f6E7A623C7C53"},"cmc_rank":36,"last_updated":"2020-04-24T14:58:17.000Z","quote":{"USD":{"price":1.00505577624,"volume_24h":108237164.932367,"percent_change_1h":-0.101253,"percent_change_24h":1.54885,"percent_change_7d":0.267736,"market_cap":183372958.55202153,"last_updated":"2020-04-24T14:58:17.000Z"}}},{"id":1697,"name":"Basic Attention Token","symbol":"BAT","slug":"basic-attention-token","num_market_pairs":183,"date_added":"2017-06-01T00:00:00.000Z","tags":[],"max_supply":null,"circulating_supply":1457527137.0863,"total_supply":1500000000,"platform":{"id":1027,"name":"Ethereum","symbol":"ETH","slug":"ethereum","token_address":"0x0d8775f648430679a709e98d2b0cb6250d2887ef"},"cmc_rank":33,"last_updated":"2020-04-24T14:58:10.000Z","quote":{"USD":{"price":0.173518056633,"volume_24h":106007782.992099,"percent_change_1h":-0.625518,"percent_change_24h":2.46506,"percent_change_7d":3.78754,"market_cap":252907276.31707492,"last_updated":"2020-04-24T14:58:10.000Z"}}},{"id":4467,"name":"Nestree","symbol":"EGG","slug":"nestree","num_market_pairs":4,"date_added":"2019-09-09T00:00:00.000Z","tags":[],"max_supply":null,"circulating_supply":703068351.349625,"total_supply":2994901340,"platform":{"id":1027,"name":"Ethereum","symbol":"ETH","slug":"ethereum","token_address":"0x65ccd72c0813ce6f2703593b633202a0f3ca6a0c"},"cmc_rank":547,"last_updated":"2020-04-24T14:58:16.000Z","quote":{"USD":{"price":0.00468299948391,"volume_24h":99188776.0134016,"percent_change_1h":1.62992,"percent_change_24h":-17.0311,"percent_change_7d":-41.3379,"market_cap":3292468.726523748,"last_updated":"2020-04-24T14:58:16.000Z"}}},{"id":1168,"name":"Decred","symbol":"DCR","slug":"decred","num_market_pairs":49,"date_added":"2016-02-10T00:00:00.000Z","tags":["mineable"],"max_supply":21000000,"circulating_supply":11401105.9226224,"total_supply":11401105.9226224,"platform":null,"cmc_rank":40,"last_updated":"2020-04-24T14:58:05.000Z","quote":{"USD":{"price":12.4972199112,"volume_24h":90478166.4547081,"percent_change_1h":0.481736,"percent_change_24h":0.596159,"percent_change_7d":0.412596,"market_cap":142482127.9458969,"last_updated":"2020-04-24T14:58:05.000Z"}}},{"id":1808,"name":"OmiseGO","symbol":"OMG","slug":"omisego","num_market_pairs":209,"date_added":"2017-07-14T00:00:00.000Z","tags":[],"max_supply":null,"circulating_supply":140245398.245133,"total_supply":140245398.245133,"platform":{"id":1027,"name":"Ethereum","symbol":"ETH","slug":"ethereum","token_address":"0xd26114cd6EE289AccF82350c8d8487fedB8A0C07"},"cmc_rank":57,"last_updated":"2020-04-24T14:58:10.000Z","quote":{"USD":{"price":0.603225019574,"volume_24h":85077021.346789,"percent_change_1h":-0.183318,"percent_change_24h":0.673557,"percent_change_7d":6.06997,"market_cap":84599533.10158378,"last_updated":"2020-04-24T14:58:10.000Z"}}},{"id":4064,"name":"USDK","symbol":"USDK","slug":"usdk","num_market_pairs":37,"date_added":"2019-07-29T00:00:00.000Z","tags":[],"max_supply":null,"circulating_supply":28600072,"total_supply":28600072,"platform":{"id":1027,"name":"Ethereum","symbol":"ETH","slug":"ethereum","token_address":"0x1c48f86ae57291f7686349f12601910bd8d470bb"},"cmc_rank":249,"last_updated":"2020-04-24T14:58:15.000Z","quote":{"USD":{"price":1.00515036512,"volume_24h":78829102.0454408,"percent_change_1h":-0.0139963,"percent_change_24h":1.64973,"percent_change_7d":0.252405,"market_cap":28747372.81325829,"last_updated":"2020-04-24T14:58:15.000Z"}}},{"id":3718,"name":"BitTorrent","symbol":"BTT","slug":"bittorrent","num_market_pairs":134,"date_added":"2019-01-31T00:00:00.000Z","tags":[],"max_supply":null,"circulating_supply":212116500000,"total_supply":990000000000,"platform":{"id":1958,"name":"TRON","symbol":"TRX","slug":"tron","token_address":"1002000"},"cmc_rank":80,"last_updated":"2020-04-24T14:58:16.000Z","quote":{"USD":{"price":0.000240547301587,"volume_24h":66838755.307439,"percent_change_1h":-0.519462,"percent_change_24h":4.34244,"percent_change_7d":5.05037,"market_cap":51024051.69707888,"last_updated":"2020-04-24T14:58:16.000Z"}}},{"id":2307,"name":"Bibox Token","symbol":"BIX","slug":"bibox-token","num_market_pairs":27,"date_added":"2017-12-24T00:00:00.000Z","tags":[],"max_supply":null,"circulating_supply":97882450.27,"total_supply":251424733.27,"platform":{"id":1027,"name":"Ethereum","symbol":"ETH","slug":"ethereum","token_address":"0xb3104b4b9da82025e8b9f8fb28b3553ce2f67069"},"cmc_rank":330,"last_updated":"2020-04-24T14:58:09.000Z","quote":{"USD":{"price":0.0819870464365,"volume_24h":65274574.9645322,"percent_change_1h":1.19908,"percent_change_24h":0.0349784,"percent_change_7d":3.3725,"market_cap":8025092.995604891,"last_updated":"2020-04-24T14:58:09.000Z"}}},{"id":3702,"name":"Beam","symbol":"BEAM","slug":"beam","num_market_pairs":32,"date_added":"2019-01-17T00:00:00.000Z","tags":["mineable"],"max_supply":262800000,"circulating_supply":60224440,"total_supply":60224440,"platform":null,"cmc_rank":155,"last_updated":"2020-04-24T14:58:14.000Z","quote":{"USD":{"price":0.28501852851,"volume_24h":65109918.8251111,"percent_change_1h":0.890255,"percent_change_24h":3.49022,"percent_change_7d":4.59677,"market_cap":17165081.269138783,"last_updated":"2020-04-24T14:58:14.000Z"}}},{"id":1772,"name":"Storj","symbol":"STORJ","slug":"storj","num_market_pairs":32,"date_added":"2017-07-02T00:00:00.000Z","tags":[],"max_supply":null,"circulating_supply":135787438.700013,"total_supply":424999998.000013,"platform":{"id":1027,"name":"Ethereum","symbol":"ETH","slug":"ethereum","token_address":"0xb64ef51c888972c908cfacf59b47c1afbc0ab8ac"},"cmc_rank":180,"last_updated":"2020-04-24T14:58:08.000Z","quote":{"USD":{"price":0.0989910909148,"volume_24h":63565525.2157069,"percent_change_1h":0.0904795,"percent_change_24h":2.86069,"percent_change_7d":4.54908,"market_cap":13441746.68944082,"last_updated":"2020-04-24T14:58:08.000Z"}}},{"id":5031,"name":"MimbleWimbleCoin","symbol":"MWC","slug":"mimblewimblecoin","num_market_pairs":7,"date_added":"2020-02-24T00:00:00.000Z","tags":[],"max_supply":20000000,"circulating_supply":8010560.8569404,"total_supply":10520203.8569404,"platform":null,"cmc_rank":208,"last_updated":"2020-04-24T14:58:18.000Z","quote":{"USD":{"price":16.6245552995,"volume_24h":58051950.9284407,"percent_change_1h":-0.800071,"percent_change_24h":2.95512,"percent_change_7d":8.09696,"market_cap":133172011.94621578,"last_updated":"2020-04-24T14:58:18.000Z"}}},{"id":4030,"name":"Algorand","symbol":"ALGO","slug":"algorand","num_market_pairs":77,"date_added":"2019-06-20T00:00:00.000Z","tags":["mineable"],"max_supply":null,"circulating_supply":707679466.764368,"total_supply":3238951309.76437,"platform":null,"cmc_rank":41,"last_updated":"2020-04-24T14:58:16.000Z","quote":{"USD":{"price":0.196469603299,"volume_24h":56883567.1894547,"percent_change_1h":-1.4054,"percent_change_24h":3.29355,"percent_change_7d":4.09467,"market_cap":139037504.09804326,"last_updated":"2020-04-24T14:58:16.000Z"}}},{"id":2349,"name":"Mixin","symbol":"XIN","slug":"mixin","num_market_pairs":8,"date_added":"2018-01-09T00:00:00.000Z","tags":[],"max_supply":1000000,"circulating_supply":510414.610609626,"total_supply":1000000,"platform":{"id":1027,"name":"Ethereum","symbol":"ETH","slug":"ethereum","token_address":"0xa974c709cfb4566686553a20790685a47aceaa33"},"cmc_rank":216,"last_updated":"2020-04-24T14:58:09.000Z","quote":{"USD":{"price":164.855757854,"volume_24h":50475798.747766,"percent_change_1h":0.0462941,"percent_change_24h":0.313689,"percent_change_7d":-0.261087,"market_cap":84144787.45180419,"last_updated":"2020-04-24T14:58:09.000Z"}}},{"id":2280,"name":"Filecoin [Futures]","symbol":"FIL","slug":"filecoin","num_market_pairs":4,"date_added":"2017-12-13T00:00:00.000Z","tags":["mineable"],"max_supply":null,"circulating_supply":null,"total_supply":null,"platform":null,"cmc_rank":2031,"last_updated":"2020-04-24T14:58:09.000Z","quote":{"USD":{"price":5.17680388969,"volume_24h":50067977.1513042,"percent_change_1h":1.53281,"percent_change_24h":4.22702,"percent_change_7d":2.7102,"market_cap":null,"last_updated":"2020-04-24T14:58:09.000Z"}}},{"id":1776,"name":"MCO","symbol":"MCO","slug":"crypto-com","num_market_pairs":61,"date_added":"2017-07-03T00:00:00.000Z","tags":[],"max_supply":null,"circulating_supply":15793831.0949625,"total_supply":31587682.3632061,"platform":{"id":1027,"name":"Ethereum","symbol":"ETH","slug":"ethereum","token_address":"0xb63b606ac810a52cca15e44bb630fd42d8d1d83d"},"cmc_rank":58,"last_updated":"2020-04-24T14:58:07.000Z","quote":{"USD":{"price":5.09047933581,"volume_24h":47500654.7855253,"percent_change_1h":-0.0770791,"percent_change_24h":-0.839608,"percent_change_7d":-1.96366,"market_cap":80398170.82218003,"last_updated":"2020-04-24T14:58:07.000Z"}}},{"id":3437,"name":"ABBC Coin","symbol":"ABBC","slug":"abbc-coin","num_market_pairs":42,"date_added":"2018-10-12T00:00:00.000Z","tags":["mineable"],"max_supply":null,"circulating_supply":555416924.350722,"total_supply":1003278750.0109,"platform":null,"cmc_rank":69,"last_updated":"2020-04-24T14:58:14.000Z","quote":{"USD":{"price":0.114335538793,"volume_24h":47129155.7875694,"percent_change_1h":-0.165004,"percent_change_24h":2.48687,"percent_change_7d":0.794716,"market_cap":63503893.30039071,"last_updated":"2020-04-24T14:58:14.000Z"}}},{"id":4229,"name":"Yobit Token","symbol":"YO","slug":"yobit-token","num_market_pairs":11,"date_added":"2019-09-03T00:00:00.000Z","tags":[],"max_supply":null,"circulating_supply":null,"total_supply":17000,"platform":{"id":1027,"name":"Ethereum","symbol":"ETH","slug":"ethereum","token_address":"0xebf4ca5319f406602eeff68da16261f1216011b5"},"cmc_rank":2032,"last_updated":"2020-04-24T14:58:16.000Z","quote":{"USD":{"price":744.510776129,"volume_24h":45456802.8607137,"percent_change_1h":1.31701,"percent_change_24h":1.56189,"percent_change_7d":5.43031,"market_cap":null,"last_updated":"2020-04-24T14:58:16.000Z"}}},{"id":2083,"name":"Bitcoin Gold","symbol":"BTG","slug":"bitcoin-gold","num_market_pairs":73,"date_added":"2017-10-23T00:00:00.000Z","tags":["mineable"],"max_supply":21000000,"circulating_supply":17513923.589,"total_supply":17513923.589,"platform":null,"cmc_rank":37,"last_updated":"2020-04-24T14:58:10.000Z","quote":{"USD":{"price":9.42683100358,"volume_24h":43362200.6347094,"percent_change_1h":-0.0448205,"percent_change_24h":1.31992,"percent_change_7d":-5.43948,"market_cap":165100797.88311633,"last_updated":"2020-04-24T14:58:10.000Z"}}},{"id":3890,"name":"Matic Network","symbol":"MATIC","slug":"matic-network","num_market_pairs":51,"date_added":"2019-04-28T00:00:00.000Z","tags":[],"max_supply":null,"circulating_supply":2758503686,"total_supply":10000000000,"platform":{"id":1027,"name":"Ethereum","symbol":"ETH","slug":"ethereum","token_address":"0x7D1AfA7B718fb893dB30A3aBc0Cfc608AaCfeBB0"},"cmc_rank":92,"last_updated":"2020-04-24T14:58:15.000Z","quote":{"USD":{"price":0.0150201138908,"volume_24h":43297970.9484193,"percent_change_1h":-0.816459,"percent_change_24h":11.0818,"percent_change_7d":16.6768,"market_cap":41433039.531911604,"last_updated":"2020-04-24T14:58:15.000Z"}}},{"id":3306,"name":"Gemini Dollar","symbol":"GUSD","slug":"gemini-dollar","num_market_pairs":31,"date_added":"2018-10-05T00:00:00.000Z","tags":[],"max_supply":null,"circulating_supply":5770999.35,"total_supply":5770999.35,"platform":{"id":1027,"name":"Ethereum","symbol":"ETH","slug":"ethereum","token_address":"0x056Fd409E1d7A124BD7017459dFEa2F387b6d5Cd"},"cmc_rank":400,"last_updated":"2020-04-24T14:58:13.000Z","quote":{"USD":{"price":1.00601207376,"volume_24h":42806487.4265191,"percent_change_1h":0.666226,"percent_change_24h":1.48227,"percent_change_7d":0.539695,"market_cap":5805695.023761111,"last_updated":"2020-04-24T14:58:13.000Z"}}},{"id":624,"name":"bitCNY","symbol":"BITCNY","slug":"bitcny","num_market_pairs":23,"date_added":"2014-09-23T00:00:00.000Z","tags":[],"max_supply":null,"circulating_supply":31391600,"total_supply":31391600,"platform":{"id":463,"name":"BitShares","symbol":"BTS","slug":"bitshares","token_address":"CNY"},"cmc_rank":473,"last_updated":"2020-04-24T14:58:05.000Z","quote":{"USD":{"price":0.14090892562,"volume_24h":41459000.3699508,"percent_change_1h":-0.224703,"percent_change_24h":1.14212,"percent_change_7d":0.288226,"market_cap":4423356.629492791,"last_updated":"2020-04-24T14:58:05.000Z"}}},{"id":1982,"name":"Kyber Network","symbol":"KNC","slug":"kyber-network","num_market_pairs":64,"date_added":"2017-09-24T00:00:00.000Z","tags":[],"max_supply":null,"circulating_supply":180432602.911872,"total_supply":210939151.730736,"platform":{"id":1027,"name":"Ethereum","symbol":"ETH","slug":"ethereum","token_address":"0xdd974d5c2e2928dea5f71b9825b8b646686bd200"},"cmc_rank":55,"last_updated":"2020-04-24T14:58:09.000Z","quote":{"USD":{"price":0.498042753588,"volume_24h":41395754.3798661,"percent_change_1h":1.67249,"percent_change_24h":3.3118,"percent_change_7d":4.10346,"market_cap":89863150.39127892,"last_updated":"2020-04-24T14:58:09.000Z"}}},{"id":3657,"name":"Lambda","symbol":"LAMB","slug":"lambda","num_market_pairs":41,"date_added":"2019-01-02T00:00:00.000Z","tags":[],"max_supply":10000000000,"circulating_supply":644348876.627519,"total_supply":6000000000,"platform":{"id":1027,"name":"Ethereum","symbol":"ETH","slug":"ethereum","token_address":"0x8971f9fd7196e5cee2c1032b50f656855af7dd26"},"cmc_rank":323,"last_updated":"2020-04-24T14:58:14.000Z","quote":{"USD":{"price":0.0129642040858,"volume_24h":40787694.8563203,"percent_change_1h":-0.728784,"percent_change_24h":-0.24284,"percent_change_7d":-1.24887,"market_cap":8353470.339055123,"last_updated":"2020-04-24T14:58:14.000Z"}}},{"id":3351,"name":"ZB Token","symbol":"ZB","slug":"zb-token","num_market_pairs":11,"date_added":"2018-09-27T00:00:00.000Z","tags":[],"max_supply":null,"circulating_supply":463288810,"total_supply":2100000000,"platform":{"id":1027,"name":"Ethereum","symbol":"ETH","slug":"ethereum","token_address":"0xbd0793332e9fb844a52a205a233ef27a5b34b927"},"cmc_rank":49,"last_updated":"2020-04-24T14:58:14.000Z","quote":{"USD":{"price":0.240741155707,"volume_24h":37407923.703225,"percent_change_1h":-0.409104,"percent_change_24h":1.2695,"percent_change_7d":1.37046,"market_cap":111532683.54552074,"last_updated":"2020-04-24T14:58:14.000Z"}}},{"id":5085,"name":"Building Cities Beyond Blockchain","symbol":"BCB","slug":"building-cities-beyond-blockchain","num_market_pairs":3,"date_added":"2019-12-30T00:00:00.000Z","tags":[],"max_supply":66000000,"circulating_supply":null,"total_supply":66000000,"platform":null,"cmc_rank":2033,"last_updated":"2020-04-24T14:58:17.000Z","quote":{"USD":{"price":2.62213947942,"volume_24h":36407333.5809957,"percent_change_1h":0.0509671,"percent_change_24h":3.97881,"percent_change_7d":1.77004,"market_cap":null,"last_updated":"2020-04-24T14:58:17.000Z"}}},{"id":3709,"name":"Grin","symbol":"GRIN","slug":"grin","num_market_pairs":60,"date_added":"2019-01-27T00:00:00.000Z","tags":["mineable"],"max_supply":null,"circulating_supply":40002840,"total_supply":40002840,"platform":null,"cmc_rank":146,"last_updated":"2020-04-24T14:58:14.000Z","quote":{"USD":{"price":0.490810562644,"volume_24h":36299556.712166,"percent_change_1h":-0.116221,"percent_change_24h":-0.230725,"percent_change_7d":1.71206,"market_cap":19633816.40775791,"last_updated":"2020-04-24T14:58:14.000Z"}}},{"id":2456,"name":"OFCOIN","symbol":"OF","slug":"ofcoin","num_market_pairs":1,"date_added":"2018-01-24T00:00:00.000Z","tags":[],"max_supply":null,"circulating_supply":null,"total_supply":51200000000,"platform":null,"cmc_rank":2034,"last_updated":"2020-04-24T14:58:10.000Z","quote":{"USD":{"price":0.0000502820780797,"volume_24h":35991243.7434175,"percent_change_1h":31.4529,"percent_change_24h":23.2704,"percent_change_7d":11.332,"market_cap":null,"last_updated":"2020-04-24T14:58:10.000Z"}}},{"id":2099,"name":"ICON","symbol":"ICX","slug":"icon","num_market_pairs":61,"date_added":"2017-10-27T00:00:00.000Z","tags":[],"max_supply":null,"circulating_supply":537207130.507124,"total_supply":800460000,"platform":null,"cmc_rank":39,"last_updated":"2020-04-24T14:58:10.000Z","quote":{"USD":{"price":0.270165141797,"volume_24h":35477760.0126294,"percent_change_1h":3.74258,"percent_change_24h":10.4735,"percent_change_7d":15.8083,"market_cap":145134640.58781663,"last_updated":"2020-04-24T14:58:10.000Z"}}},{"id":1274,"name":"Waves","symbol":"WAVES","slug":"waves","num_market_pairs":143,"date_added":"2016-06-02T00:00:00.000Z","tags":[],"max_supply":null,"circulating_supply":101752888,"total_supply":101752888,"platform":null,"cmc_rank":51,"last_updated":"2020-04-24T14:58:09.000Z","quote":{"USD":{"price":1.01172389199,"volume_24h":34337813.9657362,"percent_change_1h":-0.0148807,"percent_change_24h":0.879404,"percent_change_7d":0.616444,"market_cap":102945827.86858256,"last_updated":"2020-04-24T14:58:09.000Z"}}},{"id":2457,"name":"TrueChain","symbol":"TRUE","slug":"truechain","num_market_pairs":16,"date_added":"2018-01-24T00:00:00.000Z","tags":[],"max_supply":null,"circulating_supply":79575542.96,"total_supply":100000000,"platform":null,"cmc_rank":137,"last_updated":"2020-04-24T14:58:10.000Z","quote":{"USD":{"price":0.26496202686,"volume_24h":33694661.6504537,"percent_change_1h":-0.919709,"percent_change_24h":-1.41858,"percent_change_7d":-0.356745,"market_cap":21084497.1511666,"last_updated":"2020-04-24T14:58:10.000Z"}}},{"id":2405,"name":"IOST","symbol":"IOST","slug":"iostoken","num_market_pairs":85,"date_added":"2018-01-16T00:00:00.000Z","tags":[],"max_supply":null,"circulating_supply":12013965608.8475,"total_supply":21000000000,"platform":null,"cmc_rank":95,"last_updated":"2020-04-24T14:58:10.000Z","quote":{"USD":{"price":0.00332210123901,"volume_24h":32965713.4916512,"percent_change_1h":-0.43933,"percent_change_24h":2.44454,"percent_change_7d":0.943348,"market_cap":39911610.03457581,"last_updated":"2020-04-24T14:58:10.000Z"}}},{"id":1104,"name":"Augur","symbol":"REP","slug":"augur","num_market_pairs":73,"date_added":"2015-10-27T00:00:00.000Z","tags":[],"max_supply":null,"circulating_supply":11000000,"total_supply":11000000,"platform":{"id":1027,"name":"Ethereum","symbol":"ETH","slug":"ethereum","token_address":"0x1985365e9f78359a9b6ad760e32412f4a445e862"},"cmc_rank":48,"last_updated":"2020-04-24T14:58:05.000Z","quote":{"USD":{"price":10.2088317669,"volume_24h":30891564.7719119,"percent_change_1h":0.840361,"percent_change_24h":1.13453,"percent_change_7d":2.25934,"market_cap":112297149.43589999,"last_updated":"2020-04-24T14:58:05.000Z"}}},{"id":5444,"name":"Cartesi","symbol":"CTSI","slug":"cartesi","num_market_pairs":4,"date_added":"2020-04-23T00:00:00.000Z","tags":[],"max_supply":null,"circulating_supply":null,"total_supply":1000000000,"platform":null,"cmc_rank":2035,"last_updated":"2020-04-24T14:58:17.000Z","quote":{"USD":{"price":0.0580675837733,"volume_24h":25771268.383798,"percent_change_1h":-1.92598,"percent_change_24h":-12.9297,"percent_change_7d":null,"market_cap":null,"last_updated":"2020-04-24T14:58:17.000Z"}}},{"id":1896,"name":"0x","symbol":"ZRX","slug":"0x","num_market_pairs":179,"date_added":"2017-08-16T00:00:00.000Z","tags":[],"max_supply":null,"circulating_supply":652134957.432216,"total_supply":1000000000,"platform":{"id":1027,"name":"Ethereum","symbol":"ETH","slug":"ethereum","token_address":"0xe41d2489571d322189246dafa5ebde1f4699f498"},"cmc_rank":47,"last_updated":"2020-04-24T14:58:11.000Z","quote":{"USD":{"price":0.178363359365,"volume_24h":25123432.2647667,"percent_change_1h":-0.419398,"percent_change_24h":2.14303,"percent_change_7d":3.22703,"market_cap":116316981.76696134,"last_updated":"2020-04-24T14:58:11.000Z"}}},{"id":4779,"name":"HUSD","symbol":"HUSD","slug":"husd","num_market_pairs":18,"date_added":"2019-10-15T00:00:00.000Z","tags":[],"max_supply":null,"circulating_supply":null,"total_supply":87094416.0933887,"platform":{"id":1027,"name":"Ethereum","symbol":"ETH","slug":"ethereum","token_address":"0xdf574c24545e5ffecb9a659c229253d4111d87e1"},"cmc_rank":2036,"last_updated":"2020-04-24T14:58:16.000Z","quote":{"USD":{"price":1.00560457442,"volume_24h":23865240.0700601,"percent_change_1h":-0.0634475,"percent_change_24h":1.42047,"percent_change_7d":0.325811,"market_cap":null,"last_updated":"2020-04-24T14:58:16.000Z"}}},{"id":109,"name":"DigiByte","symbol":"DGB","slug":"digibyte","num_market_pairs":77,"date_added":"2014-02-06T00:00:00.000Z","tags":["mineable"],"max_supply":21000000000,"circulating_supply":13067245863.1016,"total_supply":13067245863.1016,"platform":null,"cmc_rank":38,"last_updated":"2020-04-24T14:58:05.000Z","quote":{"USD":{"price":0.0115201138322,"volume_24h":21802563.9935711,"percent_change_1h":-2.67103,"percent_change_24h":19.2233,"percent_change_7d":81.7994,"market_cap":150536159.81627497,"last_updated":"2020-04-24T14:58:05.000Z"}}},{"id":5267,"name":"QUEENBEE","symbol":"QBZ","slug":"queenbee","num_market_pairs":2,"date_added":"2020-03-05T00:00:00.000Z","tags":[],"max_supply":null,"circulating_supply":null,"total_supply":8000000000,"platform":{"id":1027,"name":"Ethereum","symbol":"ETH","slug":"ethereum","token_address":"0x9bbc9286cdf6eefebf21df19bac71c6bdd7759d4"},"cmc_rank":2037,"last_updated":"2020-04-24T14:58:17.000Z","quote":{"USD":{"price":0.00977466734448,"volume_24h":21582110.552888,"percent_change_1h":0.578085,"percent_change_24h":128.133,"percent_change_7d":115.452,"market_cap":null,"last_updated":"2020-04-24T14:58:17.000Z"}}},{"id":5198,"name":"Creditcoin","symbol":"CTC","slug":"creditcoin","num_market_pairs":3,"date_added":"2020-01-31T00:00:00.000Z","tags":[],"max_supply":null,"circulating_supply":null,"total_supply":600000000,"platform":null,"cmc_rank":2038,"last_updated":"2020-04-24T14:58:17.000Z","quote":{"USD":{"price":0.37530666452,"volume_24h":20931655.7045323,"percent_change_1h":0.0217403,"percent_change_24h":-2.02221,"percent_change_7d":-9.67844,"market_cap":null,"last_updated":"2020-04-24T14:58:17.000Z"}}},{"id":1759,"name":"Status","symbol":"SNT","slug":"status","num_market_pairs":84,"date_added":"2017-06-28T00:00:00.000Z","tags":[],"max_supply":null,"circulating_supply":3470483788,"total_supply":6804870174,"platform":{"id":1027,"name":"Ethereum","symbol":"ETH","slug":"ethereum","token_address":"0x744d70fdbe2ba4cf95131626614a1763df805b9e"},"cmc_rank":68,"last_updated":"2020-04-24T14:58:09.000Z","quote":{"USD":{"price":0.0189705608934,"volume_24h":20529402.7268255,"percent_change_1h":-0.528516,"percent_change_24h":4.51445,"percent_change_7d":15.7427,"market_cap":65837024.0298115,"last_updated":"2020-04-24T14:58:09.000Z"}}},{"id":2341,"name":"SwftCoin","symbol":"SWFTC","slug":"swftcoin","num_market_pairs":13,"date_added":"2018-01-04T00:00:00.000Z","tags":[],"max_supply":null,"circulating_supply":4004999999,"total_supply":10000000000,"platform":{"id":1027,"name":"Ethereum","symbol":"ETH","slug":"ethereum","token_address":"0x0bb217e40f8a5cb79adf04e1aab60e5abd0dfc1e"},"cmc_rank":389,"last_updated":"2020-04-24T14:58:10.000Z","quote":{"USD":{"price":0.00151346393974,"volume_24h":19030516.5820514,"percent_change_1h":-3.80569,"percent_change_24h":13.3568,"percent_change_7d":19.847,"market_cap":6061423.077145237,"last_updated":"2020-04-24T14:58:10.000Z"}}},{"id":4899,"name":"Yap Stone","symbol":"YAP","slug":"yap-stone","num_market_pairs":14,"date_added":"2019-11-09T00:00:00.000Z","tags":[],"max_supply":null,"circulating_supply":150000000,"total_supply":1000000000,"platform":{"id":1027,"name":"Ethereum","symbol":"ETH","slug":"ethereum","token_address":""},"cmc_rank":106,"last_updated":"2020-04-24T14:58:16.000Z","quote":{"USD":{"price":0.213286568318,"volume_24h":18735230.6656814,"percent_change_1h":-0.765465,"percent_change_24h":3.62411,"percent_change_7d":3.29743,"market_cap":31992985.2477,"last_updated":"2020-04-24T14:58:16.000Z"}}},{"id":873,"name":"NEM","symbol":"XEM","slug":"nem","num_market_pairs":92,"date_added":"2015-04-01T00:00:00.000Z","tags":[],"max_supply":null,"circulating_supply":8999999999,"total_supply":8999999999,"platform":null,"cmc_rank":27,"last_updated":"2020-04-24T14:58:05.000Z","quote":{"USD":{"price":0.0385029171279,"volume_24h":17885308.8175861,"percent_change_1h":-0.253825,"percent_change_24h":4.65255,"percent_change_7d":2.78427,"market_cap":346526254.1125971,"last_updated":"2020-04-24T14:58:05.000Z"}}},{"id":2830,"name":"Seele","symbol":"SEELE","slug":"seele","num_market_pairs":18,"date_added":"2018-05-31T00:00:00.000Z","tags":[],"max_supply":null,"circulating_supply":699592066.289478,"total_supply":1000000000,"platform":{"id":1027,"name":"Ethereum","symbol":"ETH","slug":"ethereum","token_address":"0xb1eef147028e9f480dbc5ccaa3277d417d1b85f0"},"cmc_rank":76,"last_updated":"2020-04-24T14:58:12.000Z","quote":{"USD":{"price":0.0789755584174,"volume_24h":17862646.6205445,"percent_change_1h":-1.4448,"percent_change_24h":4.74602,"percent_change_7d":4.87023,"market_cap":55250674.09959424,"last_updated":"2020-04-24T14:58:12.000Z"}}},{"id":5217,"name":"3X Long Ethereum Token","symbol":"ETHBULL","slug":"3x-long-ethereum-token","num_market_pairs":7,"date_added":"2020-02-11T00:00:00.000Z","tags":[],"max_supply":null,"circulating_supply":null,"total_supply":2688.70054275,"platform":{"id":1027,"name":"Ethereum","symbol":"ETH","slug":"ethereum","token_address":"0x871baed4088b863fd6407159f3672d70cd34837d"},"cmc_rank":2039,"last_updated":"2020-04-24T14:58:16.000Z","quote":{"USD":{"price":183.5353918,"volume_24h":17510685.0861811,"percent_change_1h":0.0429524,"percent_change_24h":-1.15097,"percent_change_7d":25.9399,"market_cap":null,"last_updated":"2020-04-24T14:58:16.000Z"}}},{"id":2299,"name":"aelf","symbol":"ELF","slug":"aelf","num_market_pairs":79,"date_added":"2017-12-21T00:00:00.000Z","tags":[],"max_supply":1000000000,"circulating_supply":544480199.986466,"total_supply":879999999.986466,"platform":{"id":1027,"name":"Ethereum","symbol":"ETH","slug":"ethereum","token_address":"0xbf2179859fc6d5bee9bf9158632dc51678a4100e"},"cmc_rank":105,"last_updated":"2020-04-24T14:58:10.000Z","quote":{"USD":{"price":0.0634141811789,"volume_24h":17294432.1728676,"percent_change_1h":0.263224,"percent_change_24h":1.86419,"percent_change_7d":0.416576,"market_cap":34527766.05026547,"last_updated":"2020-04-24T14:58:10.000Z"}}},{"id":5221,"name":"Handshake ","symbol":"HNS","slug":"handshake","num_market_pairs":10,"date_added":"2020-02-22T00:00:00.000Z","tags":[],"max_supply":null,"circulating_supply":268078892.322,"total_supply":2040000000,"platform":null,"cmc_rank":244,"last_updated":"2020-04-24T14:58:17.000Z","quote":{"USD":{"price":0.122363797286,"volume_24h":17063876.8569736,"percent_change_1h":-0.498557,"percent_change_24h":-0.758904,"percent_change_7d":0.421173,"market_cap":32803151.236744627,"last_updated":"2020-04-24T14:58:17.000Z"}}},{"id":5429,"name":"DEAPcoin","symbol":"DEP","slug":"deapcoin","num_market_pairs":2,"date_added":"2020-04-10T00:00:00.000Z","tags":[],"max_supply":30000000000,"circulating_supply":null,"total_supply":30000000000,"platform":{"id":1027,"name":"Ethereum","symbol":"ETH","slug":"ethereum","token_address":"0x1a3496c18d558bd9c6c8f609e1b129f67ab08163"},"cmc_rank":2040,"last_updated":"2020-04-24T14:58:17.000Z","quote":{"USD":{"price":0.00522530502533,"volume_24h":16880092.9073722,"percent_change_1h":-0.182121,"percent_change_24h":0.919854,"percent_change_7d":-6.56702,"market_cap":null,"last_updated":"2020-04-24T14:58:17.000Z"}}},{"id":1925,"name":"Waltonchain","symbol":"WTC","slug":"waltonchain","num_market_pairs":41,"date_added":"2017-08-27T00:00:00.000Z","tags":[],"max_supply":100000000,"circulating_supply":69650283.0106683,"total_supply":70000000,"platform":{"id":1027,"name":"Ethereum","symbol":"ETH","slug":"ethereum","token_address":"0xb7cb1c96db6b22b0d3d9536e0108d062bd488f74"},"cmc_rank":139,"last_updated":"2020-04-24T14:58:09.000Z","quote":{"USD":{"price":0.297896572461,"volume_24h":16428142.4627421,"percent_change_1h":-1.01607,"percent_change_24h":4.00539,"percent_change_7d":-2.97928,"market_cap":20748580.579816703,"last_updated":"2020-04-24T14:58:09.000Z"}}},{"id":4943,"name":"Multi-collateral DAI","symbol":"DAI","slug":"multi-collateral-dai","num_market_pairs":75,"date_added":"2019-11-22T00:00:00.000Z","tags":[],"max_supply":null,"circulating_supply":93644494.3674166,"total_supply":94045384.5795616,"platform":{"id":1027,"name":"Ethereum","symbol":"ETH","slug":"ethereum","token_address":"0x6b175474e89094c44da98b954eedeac495271d0f"},"cmc_rank":54,"last_updated":"2020-04-24T14:58:17.000Z","quote":{"USD":{"price":1.01317665595,"volume_24h":16293578.3646091,"percent_change_1h":0.20076,"percent_change_24h":0.702177,"percent_change_7d":-0.176471,"market_cap":94878415.65130776,"last_updated":"2020-04-24T14:58:17.000Z"}}},{"id":2062,"name":"Aion","symbol":"AION","slug":"aion","num_market_pairs":20,"date_added":"2017-10-18T00:00:00.000Z","tags":["mineable"],"max_supply":null,"circulating_supply":410411905,"total_supply":410411905,"platform":null,"cmc_rank":93,"last_updated":"2020-04-24T14:58:09.000Z","quote":{"USD":{"price":0.0996842821659,"volume_24h":15475867.2250951,"percent_change_1h":19.3861,"percent_change_24h":48.5501,"percent_change_7d":56.8702,"market_cap":40911616.142264545,"last_updated":"2020-04-24T14:58:09.000Z"}}},{"id":4942,"name":"Digital Gold","symbol":"GOLD","slug":"digital-gold","num_market_pairs":3,"date_added":"2019-11-18T00:00:00.000Z","tags":[],"max_supply":null,"circulating_supply":11545.843,"total_supply":17190.718,"platform":{"id":1027,"name":"Ethereum","symbol":"ETH","slug":"ethereum","token_address":"0x0d16450d347c12c086d6c94c76c5aaac35ea07e0"},"cmc_rank":985,"last_updated":"2020-04-24T14:58:16.000Z","quote":{"USD":{"price":55.1104859249,"volume_24h":15345602.0775797,"percent_change_1h":0.950987,"percent_change_24h":4.30997,"percent_change_7d":-0.518853,"market_cap":636297.0181426052,"last_updated":"2020-04-24T14:58:16.000Z"}}},{"id":1966,"name":"Decentraland","symbol":"MANA","slug":"decentraland","num_market_pairs":75,"date_added":"2017-09-17T00:00:00.000Z","tags":[],"max_supply":null,"circulating_supply":1370186155.67155,"total_supply":2197930765.03415,"platform":{"id":1027,"name":"Ethereum","symbol":"ETH","slug":"ethereum","token_address":"0x0f5d2fb29fb7d3cfee444a200298f468908cc942"},"cmc_rank":96,"last_updated":"2020-04-24T14:58:10.000Z","quote":{"USD":{"price":0.0288261528737,"volume_24h":14898832.0560522,"percent_change_1h":0.710869,"percent_change_24h":1.00862,"percent_change_7d":3.06246,"market_cap":39497195.588815406,"last_updated":"2020-04-24T14:58:10.000Z"}}},{"id":1720,"name":"IOTA","symbol":"MIOTA","slug":"iota","num_market_pairs":53,"date_added":"2017-06-13T00:00:00.000Z","tags":[],"max_supply":2779530283,"circulating_supply":2779530283,"total_supply":2779530283,"platform":null,"cmc_rank":25,"last_updated":"2020-04-24T14:58:09.000Z","quote":{"USD":{"price":0.163797121592,"volume_24h":14746871.4670554,"percent_change_1h":-0.684807,"percent_change_24h":2.74911,"percent_change_7d":3.92357,"market_cap":455279059.73319715,"last_updated":"2020-04-24T14:58:09.000Z"}}},{"id":2588,"name":"Loom Network","symbol":"LOOM","slug":"loom-network","num_market_pairs":65,"date_added":"2018-03-14T00:00:00.000Z","tags":[],"max_supply":null,"circulating_supply":970041175.954257,"total_supply":1000000000,"platform":{"id":1027,"name":"Ethereum","symbol":"ETH","slug":"ethereum","token_address":"0xa4e8c3ec456107ea67d3075bf9e3df3a75823db0"},"cmc_rank":171,"last_updated":"2020-04-24T14:58:12.000Z","quote":{"USD":{"price":0.0148168611656,"volume_24h":14392307.6319886,"percent_change_1h":0.671489,"percent_change_24h":3.63039,"percent_change_7d":2.36821,"market_cap":14372965.429029588,"last_updated":"2020-04-24T14:58:12.000Z"}}},{"id":1903,"name":"HyperCash","symbol":"HC","slug":"hypercash","num_market_pairs":32,"date_added":"2017-08-20T00:00:00.000Z","tags":["mineable"],"max_supply":84000000,"circulating_supply":44587719.473052,"total_supply":44587719.473052,"platform":null,"cmc_rank":85,"last_updated":"2020-04-24T14:58:09.000Z","quote":{"USD":{"price":1.03541048143,"volume_24h":14186684.689958,"percent_change_1h":-0.752976,"percent_change_24h":1.33239,"percent_change_7d":-0.20192,"market_cap":46166592.08545856,"last_updated":"2020-04-24T14:58:09.000Z"}}},{"id":4273,"name":"Sessia","symbol":"KICKS","slug":"sessia","num_market_pairs":2,"date_added":"2019-08-21T00:00:00.000Z","tags":[],"max_supply":null,"circulating_supply":6145759.45571843,"total_supply":100000000,"platform":{"id":1027,"name":"Ethereum","symbol":"ETH","slug":"ethereum","token_address":"0xd91a6162f146ef85922d9a15ee6eb14a00344586"},"cmc_rank":970,"last_updated":"2020-04-24T14:58:16.000Z","quote":{"USD":{"price":0.108122994367,"volume_24h":13669008.435862,"percent_change_1h":2.22164,"percent_change_24h":2.68023,"percent_change_7d":3.36168,"market_cap":664497.9150115808,"last_updated":"2020-04-24T14:58:16.000Z"}}},{"id":1866,"name":"Bytom","symbol":"BTM","slug":"bytom","num_market_pairs":54,"date_added":"2017-08-08T00:00:00.000Z","tags":["mineable"],"max_supply":null,"circulating_supply":1002499275,"total_supply":1407000000,"platform":null,"cmc_rank":73,"last_updated":"2020-04-24T14:58:09.000Z","quote":{"USD":{"price":0.0572843877581,"volume_24h":13663591.3165901,"percent_change_1h":-1.22572,"percent_change_24h":-0.375489,"percent_change_7d":-1.0095,"market_cap":57427557.196314126,"last_updated":"2020-04-24T14:58:09.000Z"}}},{"id":4078,"name":"Super Zero","symbol":"SERO","slug":"super-zero","num_market_pairs":15,"date_added":"2019-07-19T00:00:00.000Z","tags":[],"max_supply":647367590,"circulating_supply":257433185,"total_supply":645180093,"platform":null,"cmc_rank":145,"last_updated":"2020-04-24T14:58:17.000Z","quote":{"USD":{"price":0.0764482802296,"volume_24h":13298491.9210483,"percent_change_1h":-0.469353,"percent_change_24h":0.110523,"percent_change_7d":4.24667,"market_cap":19680324.26727846,"last_updated":"2020-04-24T14:58:17.000Z"}}},{"id":1414,"name":"Zcoin","symbol":"XZC","slug":"zcoin","num_market_pairs":56,"date_added":"2016-10-06T00:00:00.000Z","tags":["mineable"],"max_supply":21400000,"circulating_supply":9968893.32977796,"total_supply":21400000,"platform":null,"cmc_rank":94,"last_updated":"2020-04-24T14:58:08.000Z","quote":{"USD":{"price":4.05410126448,"volume_24h":13062248.240281,"percent_change_1h":-0.0867976,"percent_change_24h":-0.427297,"percent_change_7d":15.9095,"market_cap":40414903.053719066,"last_updated":"2020-04-24T14:58:08.000Z"}}},{"id":4846,"name":"Kava","symbol":"KAVA","slug":"kava","num_market_pairs":15,"date_added":"2019-10-25T00:00:00.000Z","tags":[],"max_supply":null,"circulating_supply":35833197.721819,"total_supply":108622516.721819,"platform":{"id":1839,"name":"Binance Coin","symbol":"BNB","slug":"binance-coin","token_address":""},"cmc_rank":149,"last_updated":"2020-04-24T14:58:16.000Z","quote":{"USD":{"price":0.533883924361,"volume_24h":12674754.0216461,"percent_change_1h":0.0826125,"percent_change_24h":0.011838,"percent_change_7d":1.68613,"market_cap":19130768.22212837,"last_updated":"2020-04-24T14:58:16.000Z"}}},{"id":5295,"name":"3X Long BNB Token","symbol":"BNBBULL","slug":"3x-long-bnb-token","num_market_pairs":5,"date_added":"2020-03-11T00:00:00.000Z","tags":[],"max_supply":null,"circulating_supply":null,"total_supply":4975.41633724,"platform":{"id":1027,"name":"Ethereum","symbol":"ETH","slug":"ethereum","token_address":"0x9d1a62c2ad99019768b9126fda004a9952853f6e"},"cmc_rank":2041,"last_updated":"2020-04-24T14:58:17.000Z","quote":{"USD":{"price":108.412061516,"volume_24h":12616462.3128464,"percent_change_1h":-1.76764,"percent_change_24h":-3.03037,"percent_change_7d":5.0977,"market_cap":null,"last_updated":"2020-04-24T14:58:17.000Z"}}},{"id":2130,"name":"Enjin Coin","symbol":"ENJ","slug":"enjin-coin","num_market_pairs":61,"date_added":"2017-11-01T00:00:00.000Z","tags":[],"max_supply":null,"circulating_supply":814772129.064264,"total_supply":1000000000,"platform":{"id":1027,"name":"Ethereum","symbol":"ETH","slug":"ethereum","token_address":"0xf629cbd94d3791c9250152bd8dfbdf380e2a3b9c"},"cmc_rank":52,"last_updated":"2020-04-24T14:58:09.000Z","quote":{"USD":{"price":0.124520524672,"volume_24h":12614966.926073,"percent_change_1h":-0.480723,"percent_change_24h":6.32618,"percent_change_7d":30.2349,"market_cap":101455852.99920467,"last_updated":"2020-04-24T14:58:09.000Z"}}},{"id":5414,"name":"3x Long EOS Token","symbol":"EOSBULL","slug":"3x-long-eos-token","num_market_pairs":5,"date_added":"2020-04-06T00:00:00.000Z","tags":[],"max_supply":null,"circulating_supply":null,"total_supply":1057300.976,"platform":{"id":1027,"name":"Ethereum","symbol":"ETH","slug":"ethereum","token_address":"0xeaD7F3ae4e0Bb0D8785852Cc37CC9d0B5e75c06a"},"cmc_rank":2042,"last_updated":"2020-04-24T14:58:17.000Z","quote":{"USD":{"price":5.91166818433,"volume_24h":12407703.3238189,"percent_change_1h":-0.773033,"percent_change_24h":1.59472,"percent_change_7d":6.82994,"market_cap":null,"last_updated":"2020-04-24T14:58:17.000Z"}}},{"id":5117,"name":"Origin Protocol","symbol":"OGN","slug":"origin-protocol","num_market_pairs":15,"date_added":"2020-01-09T00:00:00.000Z","tags":[],"max_supply":null,"circulating_supply":33523273.02,"total_supply":1000000000,"platform":{"id":1027,"name":"Ethereum","symbol":"ETH","slug":"ethereum","token_address":"0x8207c1ffc5b6804f6024322ccf34f29c3541ae26"},"cmc_rank":339,"last_updated":"2020-04-24T14:58:17.000Z","quote":{"USD":{"price":0.223765400438,"volume_24h":12267300.9165079,"percent_change_1h":-1.92079,"percent_change_24h":-1.15271,"percent_change_7d":0.502305,"market_cap":7501348.611312701,"last_updated":"2020-04-24T14:58:17.000Z"}}},{"id":2570,"name":"TomoChain","symbol":"TOMO","slug":"tomochain","num_market_pairs":23,"date_added":"2018-03-08T00:00:00.000Z","tags":["mineable"],"max_supply":null,"circulating_supply":70453400,"total_supply":100000000,"platform":null,"cmc_rank":127,"last_updated":"2020-04-24T14:58:10.000Z","quote":{"USD":{"price":0.33982342412,"volume_24h":12160894.3243568,"percent_change_1h":1.41811,"percent_change_24h":3.65143,"percent_change_7d":-0.398508,"market_cap":23941715.62889601,"last_updated":"2020-04-24T14:58:10.000Z"}}},{"id":3945,"name":"Harmony","symbol":"ONE","slug":"harmony","num_market_pairs":20,"date_added":"2019-06-01T00:00:00.000Z","tags":[],"max_supply":null,"circulating_supply":4596807869,"total_supply":12600000000,"platform":null,"cmc_rank":189,"last_updated":"2020-04-24T14:58:15.000Z","quote":{"USD":{"price":0.00263573008211,"volume_24h":11767591.7949452,"percent_change_1h":-0.744079,"percent_change_24h":3.55681,"percent_change_7d":17.8189,"market_cap":12115944.782003265,"last_updated":"2020-04-24T14:58:15.000Z"}}},{"id":2638,"name":"Cortex","symbol":"CTXC","slug":"cortex","num_market_pairs":30,"date_added":"2018-04-16T00:00:00.000Z","tags":["mineable"],"max_supply":299792458,"circulating_supply":249938725.35,"total_supply":299792458,"platform":null,"cmc_rank":131,"last_updated":"2020-04-24T14:58:11.000Z","quote":{"USD":{"price":0.0904120166889,"volume_24h":11630849.418871,"percent_change_1h":0.838662,"percent_change_24h":2.93341,"percent_change_7d":-3.32831,"market_cap":22597464.207546595,"last_updated":"2020-04-24T14:58:11.000Z"}}},{"id":1785,"name":"Gas","symbol":"GAS","slug":"gas","num_market_pairs":52,"date_added":"2017-07-06T00:00:00.000Z","tags":[],"max_supply":100000000,"circulating_supply":10128375.105773,"total_supply":17190378,"platform":{"id":1376,"name":"Neo","symbol":"NEO","slug":"neo","token_address":"602c79718b16e442de58778e148d0b1084e3b2dffd5de6b7b16cee7969282de7"},"cmc_rank":193,"last_updated":"2020-04-24T14:58:09.000Z","quote":{"USD":{"price":1.16134274179,"volume_24h":11566353.3021047,"percent_change_1h":-0.142526,"percent_change_24h":1.47397,"percent_change_7d":4.35749,"market_cap":11762514.915215997,"last_updated":"2020-04-24T14:58:09.000Z"}}},{"id":5477,"name":"ECOChain","symbol":"ECOC","slug":"ecochain","num_market_pairs":1,"date_added":"2020-04-20T00:00:00.000Z","tags":[],"max_supply":2000000000,"circulating_supply":null,"total_supply":223217150,"platform":null,"cmc_rank":2043,"last_updated":"2020-04-24T14:58:17.000Z","quote":{"USD":{"price":1.33041350391,"volume_24h":11416859.8273982,"percent_change_1h":-0.0995618,"percent_change_24h":1.68955,"percent_change_7d":null,"market_cap":null,"last_updated":"2020-04-24T14:58:17.000Z"}}},{"id":3957,"name":"UNUS SED LEO","symbol":"LEO","slug":"unus-sed-leo","num_market_pairs":25,"date_added":"2019-05-21T00:00:00.000Z","tags":[],"max_supply":null,"circulating_supply":999498892.9,"total_supply":999498892.9,"platform":{"id":1027,"name":"Ethereum","symbol":"ETH","slug":"ethereum","token_address":"0x2af5d2ad76741191d15dfe7bf6ac92d4bd912ca3"},"cmc_rank":15,"last_updated":"2020-04-24T14:58:15.000Z","quote":{"USD":{"price":1.05220061852,"volume_24h":11304230.3278264,"percent_change_1h":0.155503,"percent_change_24h":1.54722,"percent_change_7d":1.7969,"market_cap":1051673353.3194351,"last_updated":"2020-04-24T14:58:15.000Z"}}}]}