{"status":{"timestamp":"2020-04-27T00:00:02.475Z","error_code":0,"error_message":null,"elapsed":436,"credit_count":1,"notice":null},"data":[{"id":825,"name":"Tether","symbol":"USDT","slug":"tether","num_market_pairs":4692,"date_added":"2015-02-25T00:00:00.000Z","tags":[],"max_supply":null,"circulating_supply":6361032509,"total_supply":6998318752.17,"platform":{"id":1027,"name":"Ethereum","symbol":"ETH","slug":"ethereum","token_address":"31"},"cmc_rank":4,"last_updated":"2020-04-26T23:59:32.000Z","quote":{"USD":{"price":1.00114295412,"volume_24h":46225447933.3027,"percent_change_1h":-0.426851,"percent_change_24h":-0.319363,"percent_change_7d":-0.595844,"market_cap":6368302877.313616,"last_updated":"2020-04-26T23:59:32.000Z"}}},{"id":1,"name":"Bitcoin","symbol":"BTC","slug":"bitcoin","num_market_pairs":7968,"date_added":"2013-04-28T00:00:00.000Z","tags":["mineable"],"max_supply":21000000,"circulating_supply":18347175,"total_supply":18347175,"platform":null,"cmc_rank":1,"last_updated":"2020-04-26T23:58:47.000Z","quote":{"USD":{"price":7679.86720422,"volume_24h":33070154490.749,"percent_change_1h":0.3997,"percent_change_24h":1.48128,"percent_change_7d":6.43436,"market_cap":140903867572.58508,"last_updated":"2020-04-26T23:58:47.000Z"}}},{"id":1027,"name":"Ethereum","symbol":"ETH","slug":"ethereum","num_market_pairs":5182,"date_added":"2015-08-07T00:00:00.000Z","tags":["mineable"],"max_supply":null,"circulating_supply":110684420.874,"total_supply":110684420.874,"platform":null,"cmc_rank":2,"last_updated":"2020-04-26T23:58:34.000Z","quote":{"USD":{"price":197.317530184,"volume_24h":18335367011.6376,"percent_change_1h":0.4243,"percent_change_24h":1.12945,"percent_change_7d":7.58148,"market_cap":21839976556.704052,"last_updated":"2020-04-26T23:58:34.000Z"}}},{"id":2,"name":"Litecoin","symbol":"LTC","slug":"litecoin","num_market_pairs":600,"date_added":"2013-04-28T00:00:00.000Z","tags":["mineable"],"max_supply":84000000,"circulating_supply":64598655.7265572,"total_supply":64598655.7265572,"platform":null,"cmc_rank":7,"last_updated":"2020-04-26T23:59:10.000Z","quote":{"USD":{"price":44.6774318077,"volume_24h":4687117242.08687,"percent_change_1h":0.189204,"percent_change_24h":0.00387659,"percent_change_7d":3.65631,"market_cap":2886102036.0923486,"last_updated":"2020-04-26T23:59:10.000Z"}}},{"id":1831,"name":"Bitcoin Cash","symbol":"BCH","slug":"bitcoin-cash","num_market_pairs":473,"date_added":"2017-07-23T00:00:00.000Z","tags":["mineable"],"max_supply":21000000,"circulating_supply":18390993.75,"total_supply":18390993.75,"platform":null,"cmc_rank":5,"last_updated":"2020-04-26T23:59:11.000Z","quote":{"USD":{"price":246.353579143,"volume_24h":3601362897.70502,"percent_change_1h":0.644233,"percent_change_24h":2.65015,"percent_change_7d":4.14753,"market_cap":4530687134.309043,"last_updated":"2020-04-26T23:59:11.000Z"}}},{"id":1765,"name":"EOS","symbol":"EOS","slug":"eos","num_market_pairs":378,"date_added":"2017-07-01T00:00:00.000Z","tags":[],"max_supply":null,"circulating_supply":922127927.6172,"total_supply":1018827939.6168,"platform":null,"cmc_rank":9,"last_updated":"2020-04-26T23:59:12.000Z","quote":{"USD":{"price":2.73572336581,"volume_24h":3361204247.52347,"percent_change_1h":0.408325,"percent_change_24h":0.720358,"percent_change_7d":3.58841,"market_cap":2522686917.8483267,"last_updated":"2020-04-26T23:59:12.000Z"}}},{"id":1321,"name":"Ethereum Classic","symbol":"ETC","slug":"ethereum-classic","num_market_pairs":246,"date_added":"2016-07-24T00:00:00.000Z","tags":["mineable"],"max_supply":210700000,"circulating_supply":116313299,"total_supply":116313299,"platform":null,"cmc_rank":21,"last_updated":"2020-04-26T23:59:07.000Z","quote":{"USD":{"price":6.2165720145,"volume_24h":2275466729.92731,"percent_change_1h":0.970351,"percent_change_24h":7.58375,"percent_change_7d":11.563,"market_cap":723069999.4775708,"last_updated":"2020-04-26T23:59:07.000Z"}}},{"id":3602,"name":"Bitcoin SV","symbol":"BSV","slug":"bitcoin-sv","num_market_pairs":183,"date_added":"2018-11-09T00:00:00.000Z","tags":["mineable"],"max_supply":21000000,"circulating_supply":18389814.5819233,"total_supply":18389814.5819233,"platform":null,"cmc_rank":6,"last_updated":"2020-04-26T23:59:13.000Z","quote":{"USD":{"price":195.861033014,"volume_24h":1885462663.22879,"percent_change_1h":0.315775,"percent_change_24h":0.180361,"percent_change_7d":-1.20713,"market_cap":3601848080.9514174,"last_updated":"2020-04-26T23:59:13.000Z"}}},{"id":52,"name":"XRP","symbol":"XRP","slug":"xrp","num_market_pairs":545,"date_added":"2013-08-04T00:00:00.000Z","tags":[],"max_supply":100000000000,"circulating_supply":44089620959,"total_supply":99990980257,"platform":null,"cmc_rank":3,"last_updated":"2020-04-26T23:59:11.000Z","quote":{"USD":{"price":0.1967003729,"volume_24h":1694515821.24598,"percent_change_1h":0.117671,"percent_change_24h":0.852906,"percent_change_7d":1.90988,"market_cap":8672444883.654955,"last_updated":"2020-04-26T23:59:11.000Z"}}},{"id":1958,"name":"TRON","symbol":"TRX","slug":"tron","num_market_pairs":337,"date_added":"2017-09-13T00:00:00.000Z","tags":["mineable"],"max_supply":null,"circulating_supply":66682072191.4,"total_supply":99281283754.3,"platform":null,"cmc_rank":16,"last_updated":"2020-04-26T23:59:10.000Z","quote":{"USD":{"price":0.0142554519196,"volume_24h":1389640824.84291,"percent_change_1h":0.118175,"percent_change_24h":1.6784,"percent_change_7d":8.58867,"market_cap":950583074.0237988,"last_updated":"2020-04-26T23:59:10.000Z"}}},{"id":131,"name":"Dash","symbol":"DASH","slug":"dash","num_market_pairs":297,"date_added":"2014-02-14T00:00:00.000Z","tags":["mineable"],"max_supply":18900000,"circulating_supply":9459682.84120528,"total_supply":9459682.84120528,"platform":null,"cmc_rank":18,"last_updated":"2020-04-26T23:59:07.000Z","quote":{"USD":{"price":83.951831682,"volume_24h":905423566.270423,"percent_change_1h":0.558414,"percent_change_24h":-1.93844,"percent_change_7d":1.69573,"market_cap":794157701.6499692,"last_updated":"2020-04-26T23:59:07.000Z"}}},{"id":1376,"name":"Neo","symbol":"NEO","slug":"neo","num_market_pairs":239,"date_added":"2016-09-08T00:00:00.000Z","tags":[],"max_supply":100000000,"circulating_supply":70538831,"total_supply":100000000,"platform":null,"cmc_rank":22,"last_updated":"2020-04-26T23:59:08.000Z","quote":{"USD":{"price":8.63322488637,"volume_24h":615588961.734992,"percent_change_1h":0.184993,"percent_change_24h":1.90631,"percent_change_7d":11.4677,"market_cap":608977591.2446476,"last_updated":"2020-04-26T23:59:08.000Z"}}},{"id":1437,"name":"Zcash","symbol":"ZEC","slug":"zcash","num_market_pairs":238,"date_added":"2016-10-29T00:00:00.000Z","tags":["mineable"],"max_supply":21000000,"circulating_supply":9027312.5,"total_supply":9027312.5,"platform":null,"cmc_rank":26,"last_updated":"2020-04-26T23:59:08.000Z","quote":{"USD":{"price":44.6525162487,"volume_24h":605037941.555129,"percent_change_1h":0.0255382,"percent_change_24h":-0.605687,"percent_change_7d":-6.1455,"market_cap":403092218.08834267,"last_updated":"2020-04-26T23:59:08.000Z"}}},{"id":3330,"name":"Paxos Standard","symbol":"PAX","slug":"paxos-standard","num_market_pairs":99,"date_added":"2018-09-27T00:00:00.000Z","tags":[],"max_supply":null,"circulating_supply":244951954.494264,"total_supply":249952064.83,"platform":{"id":1027,"name":"Ethereum","symbol":"ETH","slug":"ethereum","token_address":"0x8e870d67f660d95d5be530380d0ec0bd388289e1"},"cmc_rank":35,"last_updated":"2020-04-26T23:59:12.000Z","quote":{"USD":{"price":0.998659840163,"volume_24h":566789440.957846,"percent_change_1h":-0.547883,"percent_change_24h":-0.438238,"percent_change_7d":-0.681272,"market_cap":244623679.72285613,"last_updated":"2020-04-26T23:59:12.000Z"}}},{"id":512,"name":"Stellar","symbol":"XLM","slug":"stellar","num_market_pairs":296,"date_added":"2014-08-05T00:00:00.000Z","tags":[],"max_supply":null,"circulating_supply":20295869225.806,"total_supply":50001803871.8717,"platform":null,"cmc_rank":12,"last_updated":"2020-04-26T23:59:08.000Z","quote":{"USD":{"price":0.0620870325448,"volume_24h":551221412.203153,"percent_change_1h":-0.499078,"percent_change_24h":0.0889135,"percent_change_7d":24.6516,"market_cap":1260110293.1476219,"last_updated":"2020-04-26T23:59:08.000Z"}}},{"id":2563,"name":"TrueUSD","symbol":"TUSD","slug":"trueusd","num_market_pairs":155,"date_added":"2018-03-06T00:00:00.000Z","tags":[],"max_supply":null,"circulating_supply":131549591.03,"total_supply":131549591.03,"platform":{"id":1027,"name":"Ethereum","symbol":"ETH","slug":"ethereum","token_address":"0x0000000000085d4780B73119b644AE5ecd22b376"},"cmc_rank":45,"last_updated":"2020-04-26T23:59:11.000Z","quote":{"USD":{"price":0.998560420465,"volume_24h":452926719.603983,"percent_change_1h":-0.558102,"percent_change_24h":-0.454649,"percent_change_7d":-0.660786,"market_cap":131360214.9309156,"last_updated":"2020-04-26T23:59:11.000Z"}}},{"id":3408,"name":"USD Coin","symbol":"USDC","slug":"usd-coin","num_market_pairs":219,"date_added":"2018-10-08T00:00:00.000Z","tags":[],"max_supply":null,"circulating_supply":750290102.67873,"total_supply":754279945.37,"platform":{"id":1027,"name":"Ethereum","symbol":"ETH","slug":"ethereum","token_address":"0xa0b86991c6218b36c1d19d4a2e9eb0ce3606eb48"},"cmc_rank":20,"last_updated":"2020-04-26T23:59:14.000Z","quote":{"USD":{"price":1.00011928503,"volume_24h":420120046.23172,"percent_change_1h":-0.336553,"percent_change_24h":-0.353146,"percent_change_7d":-0.535719,"market_cap":750379601.0561367,"last_updated":"2020-04-26T23:59:14.000Z"}}},{"id":1839,"name":"Binance Coin","symbol":"BNB","slug":"binance-coin","num_market_pairs":305,"date_added":"2017-07-25T00:00:00.000Z","tags":[],"max_supply":187536713,"circulating_supply":155536713,"total_supply":187536713,"platform":null,"cmc_rank":8,"last_updated":"2020-04-26T23:59:10.000Z","quote":{"USD":{"price":16.4290424235,"volume_24h":401075437.390249,"percent_change_1h":0.225962,"percent_change_24h":0.832282,"percent_change_7d":0.792487,"market_cap":2555319256.288744,"last_updated":"2020-04-26T23:59:10.000Z"}}},{"id":1684,"name":"Qtum","symbol":"QTUM","slug":"qtum","num_market_pairs":172,"date_added":"2017-05-24T00:00:00.000Z","tags":[],"max_supply":107822406,"circulating_supply":96607300.359,"total_supply":102357300,"platform":null,"cmc_rank":42,"last_updated":"2020-04-26T23:59:08.000Z","quote":{"USD":{"price":1.53126016833,"volume_24h":377513966.248592,"percent_change_1h":0.643548,"percent_change_24h":2.6799,"percent_change_7d":8.22347,"market_cap":147930911.00962922,"last_updated":"2020-04-26T23:59:08.000Z"}}},{"id":1975,"name":"Chainlink","symbol":"LINK","slug":"chainlink","num_market_pairs":170,"date_added":"2017-09-20T00:00:00.000Z","tags":[],"max_supply":null,"circulating_supply":350000000,"total_supply":1000000000,"platform":{"id":1027,"name":"Ethereum","symbol":"ETH","slug":"ethereum","token_address":"0x514910771af9ca656af840dff83e8264ecf986ca"},"cmc_rank":11,"last_updated":"2020-04-26T23:59:09.000Z","quote":{"USD":{"price":3.72020331194,"volume_24h":373878977.040459,"percent_change_1h":0.381318,"percent_change_24h":-2.00459,"percent_change_7d":0.640109,"market_cap":1302071159.1790001,"last_updated":"2020-04-26T23:59:09.000Z"}}},{"id":74,"name":"Dogecoin","symbol":"DOGE","slug":"dogecoin","num_market_pairs":240,"date_added":"2013-12-15T00:00:00.000Z","tags":["mineable"],"max_supply":null,"circulating_supply":124316394253.925,"total_supply":124316394253.925,"platform":null,"cmc_rank":30,"last_updated":"2020-04-26T23:59:06.000Z","quote":{"USD":{"price":0.00241047199814,"volume_24h":288144487.519486,"percent_change_1h":-0.80549,"percent_change_24h":12.2434,"percent_change_7d":17.4504,"market_cap":299661187.2588186,"last_updated":"2020-04-26T23:59:06.000Z"}}},{"id":2011,"name":"Tezos","symbol":"XTZ","slug":"tezos","num_market_pairs":90,"date_added":"2017-10-06T00:00:00.000Z","tags":[],"max_supply":null,"circulating_supply":708369475.303005,"total_supply":708369475.303005,"platform":null,"cmc_rank":10,"last_updated":"2020-04-26T23:59:07.000Z","quote":{"USD":{"price":2.76585498746,"volume_24h":270831661.43027,"percent_change_1h":0.395264,"percent_change_24h":-3.10304,"percent_change_7d":20.0663,"market_cap":1959247246.2312396,"last_updated":"2020-04-26T23:59:07.000Z"}}},{"id":2319,"name":"QCash","symbol":"QC","slug":"qcash","num_market_pairs":91,"date_added":"2019-12-12T00:00:00.000Z","tags":[],"max_supply":10000000000,"circulating_supply":460000200,"total_supply":10000000000,"platform":{"id":1684,"name":"Qtum","symbol":"QTUM","slug":"qtum","token_address":"f2033ede578e17fa6231047265010445bca8cf1c"},"cmc_rank":221,"last_updated":"2020-04-26T23:59:09.000Z","quote":{"USD":{"price":0.139901470337,"volume_24h":256833719.833046,"percent_change_1h":-0.5009,"percent_change_24h":-0.464838,"percent_change_7d":-0.322202,"market_cap":64354704.33531407,"last_updated":"2020-04-26T23:59:09.000Z"}}},{"id":2502,"name":"Huobi Token","symbol":"HT","slug":"huobi-token","num_market_pairs":137,"date_added":"2018-02-03T00:00:00.000Z","tags":[],"max_supply":null,"circulating_supply":222668092.971921,"total_supply":500000000,"platform":{"id":1027,"name":"Ethereum","symbol":"ETH","slug":"ethereum","token_address":"0x6f259637dcd74c767781e37bc6133cd6a68aa161"},"cmc_rank":17,"last_updated":"2020-04-26T23:59:11.000Z","quote":{"USD":{"price":4.03979462313,"volume_24h":251007404.151112,"percent_change_1h":0.106395,"percent_change_24h":1.56945,"percent_change_7d":3.54005,"market_cap":899533364.7305773,"last_updated":"2020-04-26T23:59:11.000Z"}}},{"id":3794,"name":"Cosmos","symbol":"ATOM","slug":"cosmos","num_market_pairs":121,"date_added":"2019-03-14T00:00:00.000Z","tags":[],"max_supply":null,"circulating_supply":190688439.2,"total_supply":237928230.821588,"platform":null,"cmc_rank":24,"last_updated":"2020-04-26T23:59:13.000Z","quote":{"USD":{"price":2.80082115989,"volume_24h":202295880.389697,"percent_change_1h":0.266458,"percent_change_24h":-2.85669,"percent_change_7d":15.2134,"market_cap":534084215.4577577,"last_updated":"2020-04-26T23:59:13.000Z"}}},{"id":2456,"name":"OFCOIN","symbol":"OF","slug":"ofcoin","num_market_pairs":1,"date_added":"2018-01-24T00:00:00.000Z","tags":[],"max_supply":null,"circulating_supply":null,"total_supply":51200000000,"platform":null,"cmc_rank":2030,"last_updated":"2020-04-26T23:59:09.000Z","quote":{"USD":{"price":0.0000450052750251,"volume_24h":200345738.331542,"percent_change_1h":-0.552545,"percent_change_24h":-0.431244,"percent_change_7d":2.57092,"market_cap":null,"last_updated":"2020-04-26T23:59:09.000Z"}}},{"id":3077,"name":"VeChain","symbol":"VET","slug":"vechain","num_market_pairs":98,"date_added":"2017-08-22T00:00:00.000Z","tags":[],"max_supply":null,"circulating_supply":55454734800,"total_supply":86712634466,"platform":null,"cmc_rank":34,"last_updated":"2020-04-26T23:59:11.000Z","quote":{"USD":{"price":0.00447259542552,"volume_24h":168343111.81696,"percent_change_1h":1.09222,"percent_change_24h":5.7502,"percent_change_7d":12.2965,"market_cap":248026593.18990472,"last_updated":"2020-04-26T23:59:11.000Z"}}},{"id":2566,"name":"Ontology","symbol":"ONT","slug":"ontology","num_market_pairs":119,"date_added":"2018-03-08T00:00:00.000Z","tags":[],"max_supply":null,"circulating_supply":656746573,"total_supply":1000000000,"platform":null,"cmc_rank":29,"last_updated":"2020-04-26T23:59:11.000Z","quote":{"USD":{"price":0.493768644624,"volume_24h":154435372.308522,"percent_change_1h":0.669238,"percent_change_24h":6.65996,"percent_change_7d":18.0087,"market_cap":324280865.2116669,"last_updated":"2020-04-26T23:59:11.000Z"}}},{"id":2010,"name":"Cardano","symbol":"ADA","slug":"cardano","num_market_pairs":131,"date_added":"2017-10-01T00:00:00.000Z","tags":["mineable"],"max_supply":45000000000,"circulating_supply":25927070538,"total_supply":31112483745,"platform":null,"cmc_rank":13,"last_updated":"2020-04-26T23:59:07.000Z","quote":{"USD":{"price":0.0459383620133,"volume_24h":150906351.053667,"percent_change_1h":0.553538,"percent_change_24h":8.32785,"percent_change_7d":26.9646,"market_cap":1191047152.3190088,"last_updated":"2020-04-26T23:59:07.000Z"}}},{"id":3897,"name":"OKB","symbol":"OKB","slug":"okb","num_market_pairs":50,"date_added":"2019-04-30T00:00:00.000Z","tags":[],"max_supply":null,"circulating_supply":60000000,"total_supply":300000000,"platform":{"id":1027,"name":"Ethereum","symbol":"ETH","slug":"ethereum","token_address":"0x75231f58b43240c9718dd58b4967c5114342a86c"},"cmc_rank":31,"last_updated":"2020-04-26T23:59:13.000Z","quote":{"USD":{"price":4.90229396778,"volume_24h":129901303.826183,"percent_change_1h":0.294738,"percent_change_24h":0.235181,"percent_change_7d":2.63649,"market_cap":294137638.0668,"last_updated":"2020-04-26T23:59:13.000Z"}}},{"id":1982,"name":"Kyber Network","symbol":"KNC","slug":"kyber-network","num_market_pairs":64,"date_added":"2017-09-24T00:00:00.000Z","tags":[],"max_supply":null,"circulating_supply":180432602.911872,"total_supply":210939151.730736,"platform":{"id":1027,"name":"Ethereum","symbol":"ETH","slug":"ethereum","token_address":"0xdd974d5c2e2928dea5f71b9825b8b646686bd200"},"cmc_rank":48,"last_updated":"2020-04-26T23:59:07.000Z","quote":{"USD":{"price":0.68247245937,"volume_24h":122950256.986953,"percent_change_1h":-5.39812,"percent_change_24h":23.0425,"percent_change_7d":41.5001,"market_cap":123140282.2597959,"last_updated":"2020-04-26T23:59:07.000Z"}}},{"id":5370,"name":"Hive","symbol":"HIVE","slug":"hive-blockchain","num_market_pairs":9,"date_added":"2020-03-26T00:00:00.000Z","tags":[],"max_supply":null,"circulating_supply":283013319.673,"total_supply":366383525.545,"platform":null,"cmc_rank":207,"last_updated":"2020-04-26T23:59:16.000Z","quote":{"USD":{"price":0.927304557335,"volume_24h":121091697.294003,"percent_change_1h":1.94758,"percent_change_24h":77.7032,"percent_change_7d":611.004,"market_cap":262439541.11928007,"last_updated":"2020-04-26T23:59:16.000Z"}}},{"id":1168,"name":"Decred","symbol":"DCR","slug":"decred","num_market_pairs":49,"date_added":"2016-02-10T00:00:00.000Z","tags":["mineable"],"max_supply":21000000,"circulating_supply":11411218.5488298,"total_supply":11411218.5488298,"platform":null,"cmc_rank":41,"last_updated":"2020-04-26T23:59:06.000Z","quote":{"USD":{"price":13.2320056662,"volume_24h":95521184.2749679,"percent_change_1h":2.70842,"percent_change_24h":2.88119,"percent_change_7d":4.91002,"market_cap":150993308.49636245,"last_updated":"2020-04-26T23:59:06.000Z"}}},{"id":328,"name":"Monero","symbol":"XMR","slug":"monero","num_market_pairs":146,"date_added":"2014-05-21T00:00:00.000Z","tags":["mineable"],"max_supply":null,"circulating_supply":17538140.2042889,"total_supply":17538140.2042889,"platform":null,"cmc_rank":14,"last_updated":"2020-04-26T23:59:06.000Z","quote":{"USD":{"price":61.2234826478,"volume_24h":95063285.1798425,"percent_change_1h":0.0947974,"percent_change_24h":0.777131,"percent_change_7d":5.5008,"market_cap":1073746022.471965,"last_updated":"2020-04-26T23:59:06.000Z"}}},{"id":1697,"name":"Basic Attention Token","symbol":"BAT","slug":"basic-attention-token","num_market_pairs":183,"date_added":"2017-06-01T00:00:00.000Z","tags":[],"max_supply":null,"circulating_supply":1457527137.0863,"total_supply":1500000000,"platform":{"id":1027,"name":"Ethereum","symbol":"ETH","slug":"ethereum","token_address":"0x0d8775f648430679a709e98d2b0cb6250d2887ef"},"cmc_rank":33,"last_updated":"2020-04-26T23:59:08.000Z","quote":{"USD":{"price":0.184359814809,"volume_24h":94509745.3442647,"percent_change_1h":0.356831,"percent_change_24h":0.61025,"percent_change_7d":9.53575,"market_cap":268709433.0723222,"last_updated":"2020-04-26T23:59:08.000Z"}}},{"id":1808,"name":"OmiseGO","symbol":"OMG","slug":"omisego","num_market_pairs":209,"date_added":"2017-07-14T00:00:00.000Z","tags":[],"max_supply":null,"circulating_supply":140245398.245133,"total_supply":140245398.245133,"platform":{"id":1027,"name":"Ethereum","symbol":"ETH","slug":"ethereum","token_address":"0xd26114cd6EE289AccF82350c8d8487fedB8A0C07"},"cmc_rank":57,"last_updated":"2020-04-26T23:59:08.000Z","quote":{"USD":{"price":0.665380886262,"volume_24h":87469995.1606055,"percent_change_1h":0.772783,"percent_change_24h":4.98796,"percent_change_7d":12.9168,"market_cap":93316607.37851374,"last_updated":"2020-04-26T23:59:08.000Z"}}},{"id":5031,"name":"MimbleWimbleCoin","symbol":"MWC","slug":"mimblewimblecoin","num_market_pairs":7,"date_added":"2020-02-24T00:00:00.000Z","tags":[],"max_supply":20000000,"circulating_supply":8012614.0569404,"total_supply":10522257.0569404,"platform":null,"cmc_rank":210,"last_updated":"2020-04-26T23:59:16.000Z","quote":{"USD":{"price":19.4622754212,"volume_24h":84958112.0224298,"percent_change_1h":1.09653,"percent_change_24h":8.41692,"percent_change_7d":38.3268,"market_cap":155943701.61995277,"last_updated":"2020-04-26T23:59:16.000Z"}}},{"id":3702,"name":"Beam","symbol":"BEAM","slug":"beam","num_market_pairs":32,"date_added":"2019-01-17T00:00:00.000Z","tags":["mineable"],"max_supply":262800000,"circulating_supply":60360520,"total_supply":60360520,"platform":null,"cmc_rank":145,"last_updated":"2020-04-26T23:59:12.000Z","quote":{"USD":{"price":0.343558322644,"volume_24h":80871359.4265221,"percent_change_1h":1.90426,"percent_change_24h":10.2774,"percent_change_7d":25.2783,"market_cap":20737359.005119614,"last_updated":"2020-04-26T23:59:12.000Z"}}},{"id":4030,"name":"Algorand","symbol":"ALGO","slug":"algorand","num_market_pairs":77,"date_added":"2019-06-20T00:00:00.000Z","tags":["mineable"],"max_supply":null,"circulating_supply":709576030.128855,"total_supply":3240847873.12886,"platform":null,"cmc_rank":40,"last_updated":"2020-04-26T23:59:14.000Z","quote":{"USD":{"price":0.225101578458,"volume_24h":76676218.6934649,"percent_change_1h":0.977772,"percent_change_24h":5.19406,"percent_change_7d":17.4552,"market_cap":159726684.41796663,"last_updated":"2020-04-26T23:59:14.000Z"}}},{"id":3718,"name":"BitTorrent","symbol":"BTT","slug":"bittorrent","num_market_pairs":134,"date_added":"2019-01-31T00:00:00.000Z","tags":[],"max_supply":null,"circulating_supply":212116500000,"total_supply":990000000000,"platform":{"id":1958,"name":"TRON","symbol":"TRX","slug":"tron","token_address":"1002000"},"cmc_rank":80,"last_updated":"2020-04-26T23:59:17.000Z","quote":{"USD":{"price":0.000249222371808,"volume_24h":69291354.2946923,"percent_change_1h":0.403328,"percent_change_24h":1.78677,"percent_change_7d":7.97182,"market_cap":52864177.22961163,"last_updated":"2020-04-26T23:59:17.000Z"}}},{"id":1772,"name":"Storj","symbol":"STORJ","slug":"storj","num_market_pairs":32,"date_added":"2017-07-02T00:00:00.000Z","tags":[],"max_supply":null,"circulating_supply":135787438.700013,"total_supply":424999998.000013,"platform":{"id":1027,"name":"Ethereum","symbol":"ETH","slug":"ethereum","token_address":"0xb64ef51c888972c908cfacf59b47c1afbc0ab8ac"},"cmc_rank":177,"last_updated":"2020-04-26T23:59:06.000Z","quote":{"USD":{"price":0.104323957976,"volume_24h":67618767.0541707,"percent_change_1h":0.792037,"percent_change_24h":3.11797,"percent_change_7d":5.74581,"market_cap":14165883.048608834,"last_updated":"2020-04-26T23:59:06.000Z"}}},{"id":4687,"name":"Binance USD","symbol":"BUSD","slug":"binance-usd","num_market_pairs":61,"date_added":"2019-09-20T00:00:00.000Z","tags":[],"max_supply":null,"circulating_supply":195255128.41,"total_supply":195255128.41,"platform":{"id":1027,"name":"Ethereum","symbol":"ETH","slug":"ethereum","token_address":"0x4Fabb145d64652a948d72533023f6E7A623C7C53"},"cmc_rank":36,"last_updated":"2020-04-26T23:59:15.000Z","quote":{"USD":{"price":0.998462157672,"volume_24h":61872991.1553869,"percent_change_1h":-0.479859,"percent_change_24h":-0.454748,"percent_change_7d":-0.702578,"market_cap":194954856.80877203,"last_updated":"2020-04-26T23:59:15.000Z"}}},{"id":4064,"name":"USDK","symbol":"USDK","slug":"usdk","num_market_pairs":37,"date_added":"2019-07-29T00:00:00.000Z","tags":[],"max_supply":null,"circulating_supply":28600072,"total_supply":28600072,"platform":{"id":1027,"name":"Ethereum","symbol":"ETH","slug":"ethereum","token_address":"0x1c48f86ae57291f7686349f12601910bd8d470bb"},"cmc_rank":252,"last_updated":"2020-04-26T23:59:14.000Z","quote":{"USD":{"price":0.999303311579,"volume_24h":60569624.9498572,"percent_change_1h":-0.320441,"percent_change_24h":-0.383234,"percent_change_7d":-0.676465,"market_cap":28580146.660997834,"last_updated":"2020-04-26T23:59:14.000Z"}}},{"id":2307,"name":"Bibox Token","symbol":"BIX","slug":"bibox-token","num_market_pairs":27,"date_added":"2017-12-24T00:00:00.000Z","tags":[],"max_supply":null,"circulating_supply":97882450.27,"total_supply":251424733.27,"platform":{"id":1027,"name":"Ethereum","symbol":"ETH","slug":"ethereum","token_address":"0xb3104b4b9da82025e8b9f8fb28b3553ce2f67069"},"cmc_rank":335,"last_updated":"2020-04-26T23:59:08.000Z","quote":{"USD":{"price":0.0849557660125,"volume_24h":56149432.5548839,"percent_change_1h":0.19322,"percent_change_24h":1.54622,"percent_change_7d":6.61862,"market_cap":8315678.541868287,"last_updated":"2020-04-26T23:59:08.000Z"}}},{"id":1776,"name":"MCO","symbol":"MCO","slug":"crypto-com","num_market_pairs":61,"date_added":"2017-07-03T00:00:00.000Z","tags":[],"max_supply":null,"circulating_supply":15793831.0949625,"total_supply":31587682.3632061,"platform":{"id":1027,"name":"Ethereum","symbol":"ETH","slug":"ethereum","token_address":"0xb63b606ac810a52cca15e44bb630fd42d8d1d83d"},"cmc_rank":59,"last_updated":"2020-04-26T23:59:07.000Z","quote":{"USD":{"price":5.13723343266,"volume_24h":53718965.4291774,"percent_change_1h":0.490043,"percent_change_24h":0.547983,"percent_change_7d":-0.985104,"market_cap":81136597.13082646,"last_updated":"2020-04-26T23:59:07.000Z"}}},{"id":2349,"name":"Mixin","symbol":"XIN","slug":"mixin","num_market_pairs":8,"date_added":"2018-01-09T00:00:00.000Z","tags":[],"max_supply":1000000,"circulating_supply":510516.736636976,"total_supply":1000000,"platform":{"id":1027,"name":"Ethereum","symbol":"ETH","slug":"ethereum","token_address":"0xa974c709cfb4566686553a20790685a47aceaa33"},"cmc_rank":217,"last_updated":"2020-04-26T23:59:08.000Z","quote":{"USD":{"price":168.819219132,"volume_24h":51448044.6435422,"percent_change_1h":0.555534,"percent_change_24h":0.0804975,"percent_change_7d":-1.62125,"market_cap":86185036.83287118,"last_updated":"2020-04-26T23:59:08.000Z"}}},{"id":4229,"name":"Yobit Token","symbol":"YO","slug":"yobit-token","num_market_pairs":11,"date_added":"2019-09-03T00:00:00.000Z","tags":[],"max_supply":null,"circulating_supply":null,"total_supply":17000,"platform":{"id":1027,"name":"Ethereum","symbol":"ETH","slug":"ethereum","token_address":"0xebf4ca5319f406602eeff68da16261f1216011b5"},"cmc_rank":2031,"last_updated":"2020-04-26T23:59:17.000Z","quote":{"USD":{"price":783.299640661,"volume_24h":47858597.2778022,"percent_change_1h":1.44841,"percent_change_24h":2.37928,"percent_change_7d":8.5606,"market_cap":null,"last_updated":"2020-04-26T23:59:17.000Z"}}},{"id":3437,"name":"ABBC Coin","symbol":"ABBC","slug":"abbc-coin","num_market_pairs":42,"date_added":"2018-10-12T00:00:00.000Z","tags":["mineable"],"max_supply":null,"circulating_supply":555416924.350722,"total_supply":1003278750.0109,"platform":null,"cmc_rank":71,"last_updated":"2020-04-26T23:59:11.000Z","quote":{"USD":{"price":0.117354128373,"volume_24h":45449291.1503482,"percent_change_1h":-0.167319,"percent_change_24h":1.93396,"percent_change_7d":2.087,"market_cap":65180469.04079145,"last_updated":"2020-04-26T23:59:11.000Z"}}},{"id":3657,"name":"Lambda","symbol":"LAMB","slug":"lambda","num_market_pairs":41,"date_added":"2019-01-02T00:00:00.000Z","tags":[],"max_supply":10000000000,"circulating_supply":647977410.78715,"total_supply":6000000000,"platform":{"id":1027,"name":"Ethereum","symbol":"ETH","slug":"ethereum","token_address":"0x8971f9fd7196e5cee2c1032b50f656855af7dd26"},"cmc_rank":317,"last_updated":"2020-04-26T23:59:12.000Z","quote":{"USD":{"price":0.0141839500143,"volume_24h":45139913.0985136,"percent_change_1h":-0.254803,"percent_change_24h":3.12861,"percent_change_7d":4.16153,"market_cap":9190879.205000473,"last_updated":"2020-04-26T23:59:12.000Z"}}},{"id":1866,"name":"Bytom","symbol":"BTM","slug":"bytom","num_market_pairs":54,"date_added":"2017-08-08T00:00:00.000Z","tags":["mineable"],"max_supply":null,"circulating_supply":1002499275,"total_supply":1407000000,"platform":null,"cmc_rank":66,"last_updated":"2020-04-26T23:59:07.000Z","quote":{"USD":{"price":0.0715471504176,"volume_24h":44807917.0394009,"percent_change_1h":1.50207,"percent_change_24h":17.7134,"percent_change_7d":21.9651,"market_cap":71725966.42195995,"last_updated":"2020-04-26T23:59:07.000Z"}}},{"id":2099,"name":"ICON","symbol":"ICX","slug":"icon","num_market_pairs":61,"date_added":"2017-10-27T00:00:00.000Z","tags":[],"max_supply":null,"circulating_supply":538471546.059188,"total_supply":800460000,"platform":null,"cmc_rank":39,"last_updated":"2020-04-26T23:59:08.000Z","quote":{"USD":{"price":0.297650057052,"volume_24h":44626460.8675653,"percent_change_1h":-0.0233096,"percent_change_24h":8.08056,"percent_change_7d":22.7732,"market_cap":160276086.40539595,"last_updated":"2020-04-26T23:59:08.000Z"}}},{"id":3306,"name":"Gemini Dollar","symbol":"GUSD","slug":"gemini-dollar","num_market_pairs":31,"date_added":"2018-10-05T00:00:00.000Z","tags":[],"max_supply":null,"circulating_supply":5884964.1,"total_supply":5884964.1,"platform":{"id":1027,"name":"Ethereum","symbol":"ETH","slug":"ethereum","token_address":"0x056Fd409E1d7A124BD7017459dFEa2F387b6d5Cd"},"cmc_rank":397,"last_updated":"2020-04-26T23:59:12.000Z","quote":{"USD":{"price":1.01014288499,"volume_24h":42551662.0346349,"percent_change_1h":0.281995,"percent_change_24h":0.335255,"percent_change_7d":0.432392,"market_cap":5944654.614036579,"last_updated":"2020-04-26T23:59:12.000Z"}}},{"id":1274,"name":"Waves","symbol":"WAVES","slug":"waves","num_market_pairs":145,"date_added":"2016-06-02T00:00:00.000Z","tags":[],"max_supply":null,"circulating_supply":101773828,"total_supply":101773828,"platform":null,"cmc_rank":53,"last_updated":"2020-04-26T23:59:07.000Z","quote":{"USD":{"price":1.05023211273,"volume_24h":40740749.3210239,"percent_change_1h":1.26339,"percent_change_24h":2.35404,"percent_change_7d":1.64881,"market_cap":106886142.40105964,"last_updated":"2020-04-26T23:59:07.000Z"}}},{"id":2083,"name":"Bitcoin Gold","symbol":"BTG","slug":"bitcoin-gold","num_market_pairs":73,"date_added":"2017-10-23T00:00:00.000Z","tags":["mineable"],"max_supply":21000000,"circulating_supply":17513923.589,"total_supply":17513923.589,"platform":null,"cmc_rank":38,"last_updated":"2020-04-26T23:59:07.000Z","quote":{"USD":{"price":9.7146766933,"volume_24h":40580351.5584357,"percent_change_1h":0.207507,"percent_change_24h":2.87434,"percent_change_7d":-0.787504,"market_cap":170142105.2982954,"last_updated":"2020-04-26T23:59:07.000Z"}}},{"id":3709,"name":"Grin","symbol":"GRIN","slug":"grin","num_market_pairs":60,"date_added":"2019-01-27T00:00:00.000Z","tags":["mineable"],"max_supply":null,"circulating_supply":40207560,"total_supply":40207560,"platform":null,"cmc_rank":143,"last_updated":"2020-04-26T23:59:12.000Z","quote":{"USD":{"price":0.519522195054,"volume_24h":38982974.4506771,"percent_change_1h":-0.475113,"percent_change_24h":3.08304,"percent_change_7d":5.42982,"market_cap":20888719.828965407,"last_updated":"2020-04-26T23:59:12.000Z"}}},{"id":3351,"name":"ZB Token","symbol":"ZB","slug":"zb-token","num_market_pairs":11,"date_added":"2018-09-27T00:00:00.000Z","tags":[],"max_supply":null,"circulating_supply":463288810,"total_supply":2100000000,"platform":{"id":1027,"name":"Ethereum","symbol":"ETH","slug":"ethereum","token_address":"0xbd0793332e9fb844a52a205a233ef27a5b34b927"},"cmc_rank":52,"last_updated":"2020-04-26T23:59:12.000Z","quote":{"USD":{"price":0.24572145851,"volume_24h":38483784.0481308,"percent_change_1h":-0.790475,"percent_change_24h":-0.414387,"percent_change_7d":2.13458,"market_cap":113840002.10456227,"last_updated":"2020-04-26T23:59:12.000Z"}}},{"id":2457,"name":"TrueChain","symbol":"TRUE","slug":"truechain","num_market_pairs":16,"date_added":"2018-01-24T00:00:00.000Z","tags":[],"max_supply":null,"circulating_supply":79575542.96,"total_supply":100000000,"platform":null,"cmc_rank":138,"last_updated":"2020-04-26T23:59:08.000Z","quote":{"USD":{"price":0.270466527408,"volume_24h":34606484.3414417,"percent_change_1h":-0.41642,"percent_change_24h":0.731656,"percent_change_7d":0.288845,"market_cap":21522520.77099732,"last_updated":"2020-04-26T23:59:08.000Z"}}},{"id":1104,"name":"Augur","symbol":"REP","slug":"augur","num_market_pairs":73,"date_added":"2015-10-27T00:00:00.000Z","tags":[],"max_supply":null,"circulating_supply":11000000,"total_supply":11000000,"platform":{"id":1027,"name":"Ethereum","symbol":"ETH","slug":"ethereum","token_address":"0x1985365e9f78359a9b6ad760e32412f4a445e862"},"cmc_rank":50,"last_updated":"2020-04-26T23:59:06.000Z","quote":{"USD":{"price":10.4345809491,"volume_24h":34226157.4319301,"percent_change_1h":-0.000269811,"percent_change_24h":1.86929,"percent_change_7d":3.03216,"market_cap":114780390.44010001,"last_updated":"2020-04-26T23:59:06.000Z"}}},{"id":2405,"name":"IOST","symbol":"IOST","slug":"iostoken","num_market_pairs":85,"date_added":"2018-01-16T00:00:00.000Z","tags":[],"max_supply":null,"circulating_supply":12013965608.8475,"total_supply":21000000000,"platform":null,"cmc_rank":94,"last_updated":"2020-04-26T23:59:09.000Z","quote":{"USD":{"price":0.00356905097918,"volume_24h":33847898.6478992,"percent_change_1h":0.44274,"percent_change_24h":0.660166,"percent_change_7d":6.95522,"market_cap":42878455.72009201,"last_updated":"2020-04-26T23:59:09.000Z"}}},{"id":624,"name":"bitCNY","symbol":"BITCNY","slug":"bitcny","num_market_pairs":23,"date_added":"2014-09-23T00:00:00.000Z","tags":[],"max_supply":null,"circulating_supply":31244400,"total_supply":31244400,"platform":{"id":463,"name":"BitShares","symbol":"BTS","slug":"bitshares","token_address":"CNY"},"cmc_rank":487,"last_updated":"2020-04-26T23:59:05.000Z","quote":{"USD":{"price":0.139799583853,"volume_24h":33752830.8334991,"percent_change_1h":-0.646591,"percent_change_24h":-0.742229,"percent_change_7d":-0.716951,"market_cap":4367954.117736674,"last_updated":"2020-04-26T23:59:05.000Z"}}},{"id":2577,"name":"Ravencoin","symbol":"RVN","slug":"ravencoin","num_market_pairs":50,"date_added":"2018-03-10T00:00:00.000Z","tags":["mineable"],"max_supply":21000000000,"circulating_supply":6028925000,"total_supply":6028925000,"platform":null,"cmc_rank":49,"last_updated":"2020-04-26T23:59:09.000Z","quote":{"USD":{"price":0.0200912023173,"volume_24h":31766586.2229423,"percent_change_1h":0.872378,"percent_change_24h":4.3367,"percent_change_7d":16.8961,"market_cap":121128351.93082792,"last_updated":"2020-04-26T23:59:09.000Z"}}},{"id":1896,"name":"0x","symbol":"ZRX","slug":"0x","num_market_pairs":179,"date_added":"2017-08-16T00:00:00.000Z","tags":[],"max_supply":null,"circulating_supply":652285423.432216,"total_supply":1000000000,"platform":{"id":1027,"name":"Ethereum","symbol":"ETH","slug":"ethereum","token_address":"0xe41d2489571d322189246dafa5ebde1f4699f498"},"cmc_rank":46,"last_updated":"2020-04-26T23:59:08.000Z","quote":{"USD":{"price":0.198395207832,"volume_24h":31690386.572103,"percent_change_1h":1.008,"percent_change_24h":6.88465,"percent_change_7d":13.4053,"market_cap":129410302.14761862,"last_updated":"2020-04-26T23:59:08.000Z"}}},{"id":2130,"name":"Enjin Coin","symbol":"ENJ","slug":"enjin-coin","num_market_pairs":61,"date_added":"2017-11-01T00:00:00.000Z","tags":[],"max_supply":null,"circulating_supply":814772129.064264,"total_supply":1000000000,"platform":{"id":1027,"name":"Ethereum","symbol":"ETH","slug":"ethereum","token_address":"0xf629cbd94d3791c9250152bd8dfbdf380e2a3b9c"},"cmc_rank":51,"last_updated":"2020-04-26T23:59:07.000Z","quote":{"USD":{"price":0.140843877153,"volume_24h":29521705.5186192,"percent_change_1h":0.0549958,"percent_change_24h":-6.4889,"percent_change_7d":38.05,"market_cap":114755665.65361547,"last_updated":"2020-04-26T23:59:07.000Z"}}},{"id":109,"name":"DigiByte","symbol":"DGB","slug":"digibyte","num_market_pairs":77,"date_added":"2014-02-06T00:00:00.000Z","tags":["mineable"],"max_supply":21000000000,"circulating_supply":13075439874.0191,"total_supply":13075439874.0191,"platform":null,"cmc_rank":37,"last_updated":"2020-04-26T23:59:05.000Z","quote":{"USD":{"price":0.0143574079601,"volume_24h":25950418.9144164,"percent_change_1h":-2.24161,"percent_change_24h":-11.0197,"percent_change_7d":78.1152,"market_cap":187729424.52905077,"last_updated":"2020-04-26T23:59:05.000Z"}}},{"id":3945,"name":"Harmony","symbol":"ONE","slug":"harmony","num_market_pairs":20,"date_added":"2019-06-01T00:00:00.000Z","tags":[],"max_supply":null,"circulating_supply":4596807869,"total_supply":12600000000,"platform":null,"cmc_rank":192,"last_updated":"2020-04-26T23:59:14.000Z","quote":{"USD":{"price":0.00267962244585,"volume_24h":25380715.2358666,"percent_change_1h":-0.373005,"percent_change_24h":-1.04781,"percent_change_7d":12.8661,"market_cap":12317709.545032308,"last_updated":"2020-04-26T23:59:14.000Z"}}},{"id":3890,"name":"Matic Network","symbol":"MATIC","slug":"matic-network","num_market_pairs":51,"date_added":"2019-04-28T00:00:00.000Z","tags":[],"max_supply":null,"circulating_supply":3433504398,"total_supply":10000000000,"platform":{"id":1027,"name":"Ethereum","symbol":"ETH","slug":"ethereum","token_address":"0x7D1AfA7B718fb893dB30A3aBc0Cfc608AaCfeBB0"},"cmc_rank":79,"last_updated":"2020-04-26T23:59:14.000Z","quote":{"USD":{"price":0.0156258693814,"volume_24h":24761362.2935876,"percent_change_1h":0.381181,"percent_change_24h":3.43337,"percent_change_7d":18.6802,"market_cap":53651491.243610434,"last_updated":"2020-04-26T23:59:14.000Z"}}},{"id":2588,"name":"Loom Network","symbol":"LOOM","slug":"loom-network","num_market_pairs":65,"date_added":"2018-03-14T00:00:00.000Z","tags":[],"max_supply":null,"circulating_supply":970066177.429225,"total_supply":1000000000,"platform":{"id":1027,"name":"Ethereum","symbol":"ETH","slug":"ethereum","token_address":"0xa4e8c3ec456107ea67d3075bf9e3df3a75823db0"},"cmc_rank":168,"last_updated":"2020-04-26T23:59:10.000Z","quote":{"USD":{"price":0.0157478983093,"volume_24h":24319078.172978,"percent_change_1h":0.665215,"percent_change_24h":4.9284,"percent_change_7d":8.26063,"market_cap":15276503.515446804,"last_updated":"2020-04-26T23:59:10.000Z"}}},{"id":5217,"name":"3X Long Ethereum Token","symbol":"ETHBULL","slug":"3x-long-ethereum-token","num_market_pairs":7,"date_added":"2020-02-11T00:00:00.000Z","tags":[],"max_supply":null,"circulating_supply":null,"total_supply":2688.70054275,"platform":{"id":1027,"name":"Ethereum","symbol":"ETH","slug":"ethereum","token_address":"0x871baed4088b863fd6407159f3672d70cd34837d"},"cmc_rank":2032,"last_updated":"2020-04-26T23:59:16.000Z","quote":{"USD":{"price":213.422475933,"volume_24h":22336077.2255157,"percent_change_1h":3.30798,"percent_change_24h":4.74972,"percent_change_7d":22.4127,"market_cap":null,"last_updated":"2020-04-26T23:59:16.000Z"}}},{"id":2299,"name":"aelf","symbol":"ELF","slug":"aelf","num_market_pairs":79,"date_added":"2017-12-21T00:00:00.000Z","tags":[],"max_supply":1000000000,"circulating_supply":544480199.986466,"total_supply":879999999.986466,"platform":{"id":1027,"name":"Ethereum","symbol":"ETH","slug":"ethereum","token_address":"0xbf2179859fc6d5bee9bf9158632dc51678a4100e"},"cmc_rank":98,"last_updated":"2020-04-26T23:59:08.000Z","quote":{"USD":{"price":0.0690352151958,"volume_24h":21170871.9787259,"percent_change_1h":0.957288,"percent_change_24h":5.9322,"percent_change_7d":9.5763,"market_cap":37588307.7759179,"last_updated":"2020-04-26T23:59:08.000Z"}}},{"id":1903,"name":"HyperCash","symbol":"HC","slug":"hypercash","num_market_pairs":32,"date_added":"2017-08-20T00:00:00.000Z","tags":["mineable"],"max_supply":84000000,"circulating_supply":44590401.329052,"total_supply":44590401.329052,"platform":null,"cmc_rank":86,"last_updated":"2020-04-26T23:59:07.000Z","quote":{"USD":{"price":1.10166795813,"volume_24h":20904208.952712,"percent_change_1h":0.510632,"percent_change_24h":3.28245,"percent_change_7d":6.16877,"market_cap":49123816.384373955,"last_updated":"2020-04-26T23:59:07.000Z"}}},{"id":2830,"name":"Seele","symbol":"SEELE","slug":"seele","num_market_pairs":18,"date_added":"2018-05-31T00:00:00.000Z","tags":[],"max_supply":null,"circulating_supply":699592066.289478,"total_supply":1000000000,"platform":{"id":1027,"name":"Ethereum","symbol":"ETH","slug":"ethereum","token_address":"0xb1eef147028e9f480dbc5ccaa3277d417d1b85f0"},"cmc_rank":73,"last_updated":"2020-04-26T23:59:12.000Z","quote":{"USD":{"price":0.0888618768035,"volume_24h":20748757.8675643,"percent_change_1h":0.0510108,"percent_change_24h":0.949786,"percent_change_7d":15.4053,"market_cap":62167064.00732159,"last_updated":"2020-04-26T23:59:12.000Z"}}},{"id":5429,"name":"DEAPcoin","symbol":"DEP","slug":"deapcoin","num_market_pairs":2,"date_added":"2020-04-10T00:00:00.000Z","tags":[],"max_supply":30000000000,"circulating_supply":null,"total_supply":30000000000,"platform":{"id":1027,"name":"Ethereum","symbol":"ETH","slug":"ethereum","token_address":"0x1a3496c18d558bd9c6c8f609e1b129f67ab08163"},"cmc_rank":2033,"last_updated":"2020-04-26T23:59:15.000Z","quote":{"USD":{"price":0.00539268782028,"volume_24h":19985211.8506799,"percent_change_1h":0.0254471,"percent_change_24h":3.55668,"percent_change_7d":1.15828,"market_cap":null,"last_updated":"2020-04-26T23:59:15.000Z"}}},{"id":5414,"name":"3x Long EOS Token","symbol":"EOSBULL","slug":"3x-long-eos-token","num_market_pairs":5,"date_added":"2020-04-06T00:00:00.000Z","tags":[],"max_supply":null,"circulating_supply":null,"total_supply":1057300.976,"platform":{"id":1027,"name":"Ethereum","symbol":"ETH","slug":"ethereum","token_address":"0xeaD7F3ae4e0Bb0D8785852Cc37CC9d0B5e75c06a"},"cmc_rank":2034,"last_updated":"2020-04-26T23:59:16.000Z","quote":{"USD":{"price":6.10940045872,"volume_24h":19938676.9341385,"percent_change_1h":2.2738,"percent_change_24h":2.57933,"percent_change_7d":10.6145,"market_cap":null,"last_updated":"2020-04-26T23:59:16.000Z"}}},{"id":2341,"name":"SwftCoin","symbol":"SWFTC","slug":"swftcoin","num_market_pairs":13,"date_added":"2018-01-04T00:00:00.000Z","tags":[],"max_supply":null,"circulating_supply":4004999999,"total_supply":10000000000,"platform":{"id":1027,"name":"Ethereum","symbol":"ETH","slug":"ethereum","token_address":"0x0bb217e40f8a5cb79adf04e1aab60e5abd0dfc1e"},"cmc_rank":388,"last_updated":"2020-04-26T23:59:08.000Z","quote":{"USD":{"price":0.00157367103134,"volume_24h":19632755.9168369,"percent_change_1h":1.89147,"percent_change_24h":-0.748461,"percent_change_7d":27.204,"market_cap":6302552.478943029,"last_updated":"2020-04-26T23:59:08.000Z"}}},{"id":5198,"name":"Creditcoin","symbol":"CTC","slug":"creditcoin","num_market_pairs":3,"date_added":"2020-01-31T00:00:00.000Z","tags":[],"max_supply":null,"circulating_supply":null,"total_supply":600000000,"platform":null,"cmc_rank":2035,"last_updated":"2020-04-26T23:59:16.000Z","quote":{"USD":{"price":0.322037845649,"volume_24h":18383000.0025536,"percent_change_1h":0.310651,"percent_change_24h":-12.8107,"percent_change_7d":-23.027,"market_cap":null,"last_updated":"2020-04-26T23:59:16.000Z"}}},{"id":1230,"name":"Steem","symbol":"STEEM","slug":"steem","num_market_pairs":31,"date_added":"2016-04-18T00:00:00.000Z","tags":[],"max_supply":null,"circulating_supply":372630063.5,"total_supply":389604157.5,"platform":null,"cmc_rank":68,"last_updated":"2020-04-26T23:59:06.000Z","quote":{"USD":{"price":0.184051216349,"volume_24h":18213631.8179978,"percent_change_1h":0.0409872,"percent_change_24h":14.1453,"percent_change_7d":19.3157,"market_cap":68583016.43538012,"last_updated":"2020-04-26T23:59:06.000Z"}}},{"id":5221,"name":"Handshake ","symbol":"HNS","slug":"handshake","num_market_pairs":10,"date_added":"2020-02-22T00:00:00.000Z","tags":[],"max_supply":null,"circulating_supply":268078892.322,"total_supply":2040000000,"platform":null,"cmc_rank":246,"last_updated":"2020-04-26T23:59:15.000Z","quote":{"USD":{"price":0.12108984467,"volume_24h":17551415.2104732,"percent_change_1h":-1.28471,"percent_change_24h":1.92393,"percent_change_7d":-0.342592,"market_cap":32461631.430576637,"last_updated":"2020-04-26T23:59:15.000Z"}}},{"id":5117,"name":"Origin Protocol","symbol":"OGN","slug":"origin-protocol","num_market_pairs":15,"date_added":"2020-01-09T00:00:00.000Z","tags":[],"max_supply":null,"circulating_supply":33523273.02,"total_supply":1000000000,"platform":{"id":1027,"name":"Ethereum","symbol":"ETH","slug":"ethereum","token_address":"0x8207c1ffc5b6804f6024322ccf34f29c3541ae26"},"cmc_rank":345,"last_updated":"2020-04-26T23:59:15.000Z","quote":{"USD":{"price":0.238594220719,"volume_24h":16775844.6632013,"percent_change_1h":0.254441,"percent_change_24h":3.52223,"percent_change_7d":2.46894,"market_cap":7998459.202157177,"last_updated":"2020-04-26T23:59:15.000Z"}}},{"id":4779,"name":"HUSD","symbol":"HUSD","slug":"husd","num_market_pairs":18,"date_added":"2019-10-15T00:00:00.000Z","tags":[],"max_supply":null,"circulating_supply":null,"total_supply":87094416.0933887,"platform":{"id":1027,"name":"Ethereum","symbol":"ETH","slug":"ethereum","token_address":"0xdf574c24545e5ffecb9a659c229253d4111d87e1"},"cmc_rank":2036,"last_updated":"2020-04-26T23:59:15.000Z","quote":{"USD":{"price":0.99884338581,"volume_24h":16750349.7585184,"percent_change_1h":-0.578023,"percent_change_24h":-0.475718,"percent_change_7d":-0.67465,"market_cap":null,"last_updated":"2020-04-26T23:59:15.000Z"}}},{"id":1966,"name":"Decentraland","symbol":"MANA","slug":"decentraland","num_market_pairs":75,"date_added":"2017-09-17T00:00:00.000Z","tags":[],"max_supply":null,"circulating_supply":1370181455.67155,"total_supply":2197926065.03415,"platform":{"id":1027,"name":"Ethereum","symbol":"ETH","slug":"ethereum","token_address":"0x0f5d2fb29fb7d3cfee444a200298f468908cc942"},"cmc_rank":95,"last_updated":"2020-04-26T23:59:07.000Z","quote":{"USD":{"price":0.0306045526326,"volume_24h":16705758.7690963,"percent_change_1h":0.451428,"percent_change_24h":4.67026,"percent_change_7d":4.52135,"market_cap":41933790.476312436,"last_updated":"2020-04-26T23:59:07.000Z"}}},{"id":5085,"name":"Building Cities Beyond Blockchain","symbol":"BCB","slug":"building-cities-beyond-blockchain","num_market_pairs":3,"date_added":"2019-12-30T00:00:00.000Z","tags":[],"max_supply":66000000,"circulating_supply":null,"total_supply":66000000,"platform":null,"cmc_rank":2037,"last_updated":"2020-04-26T23:59:15.000Z","quote":{"USD":{"price":2.55256169876,"volume_24h":15813499.6068628,"percent_change_1h":-0.665242,"percent_change_24h":-1.43355,"percent_change_7d":-1.58069,"market_cap":null,"last_updated":"2020-04-26T23:59:15.000Z"}}},{"id":4942,"name":"Digital Gold","symbol":"GOLD","slug":"digital-gold","num_market_pairs":3,"date_added":"2019-11-18T00:00:00.000Z","tags":[],"max_supply":null,"circulating_supply":11545.726,"total_supply":17190.601,"platform":{"id":1027,"name":"Ethereum","symbol":"ETH","slug":"ethereum","token_address":"0x0d16450d347c12c086d6c94c76c5aaac35ea07e0"},"cmc_rank":981,"last_updated":"2020-04-26T23:59:15.000Z","quote":{"USD":{"price":57.3566358878,"volume_24h":15813085.9501641,"percent_change_1h":0.701471,"percent_change_24h":3.7692,"percent_change_7d":4.2481,"market_cap":662224.0022423057,"last_updated":"2020-04-26T23:59:15.000Z"}}},{"id":3217,"name":"Ontology Gas","symbol":"ONG","slug":"ontology-gas","num_market_pairs":53,"date_added":"2018-08-23T00:00:00.000Z","tags":[],"max_supply":null,"circulating_supply":null,"total_supply":1000000000,"platform":{"id":2566,"name":"Ontology","symbol":"ONT","slug":"ontology","token_address":""},"cmc_rank":2038,"last_updated":"2020-04-26T23:59:11.000Z","quote":{"USD":{"price":0.0941459941107,"volume_24h":15190318.0408668,"percent_change_1h":1.25484,"percent_change_24h":5.16542,"percent_change_7d":9.48413,"market_cap":null,"last_updated":"2020-04-26T23:59:11.000Z"}}},{"id":5161,"name":"WazirX","symbol":"WRX","slug":"wazirx","num_market_pairs":12,"date_added":"2020-02-06T00:00:00.000Z","tags":[],"max_supply":null,"circulating_supply":107404950.010102,"total_supply":1000000000,"platform":{"id":1839,"name":"Binance Coin","symbol":"BNB","slug":"binance-coin","token_address":"bnb19cvhgyrxmkw30hlqs9c5lp966drjzyylytl74z"},"cmc_rank":167,"last_updated":"2020-04-26T23:59:16.000Z","quote":{"USD":{"price":0.147246384178,"volume_24h":14502426.9615619,"percent_change_1h":2.95466,"percent_change_24h":6.35562,"percent_change_7d":3.08584,"market_cap":15814990.531806367,"last_updated":"2020-04-26T23:59:16.000Z"}}},{"id":4078,"name":"Super Zero","symbol":"SERO","slug":"super-zero","num_market_pairs":15,"date_added":"2019-07-19T00:00:00.000Z","tags":[],"max_supply":647367590,"circulating_supply":257648696,"total_supply":645110003,"platform":null,"cmc_rank":142,"last_updated":"2020-04-26T23:59:14.000Z","quote":{"USD":{"price":0.0812777425801,"volume_24h":14355671.0774608,"percent_change_1h":0.911551,"percent_change_24h":6.56141,"percent_change_7d":6.71294,"market_cap":20941104.38958644,"last_updated":"2020-04-26T23:59:14.000Z"}}},{"id":4899,"name":"Yap Stone","symbol":"YAP","slug":"yap-stone","num_market_pairs":14,"date_added":"2019-11-09T00:00:00.000Z","tags":[],"max_supply":null,"circulating_supply":150000000,"total_supply":1000000000,"platform":{"id":1027,"name":"Ethereum","symbol":"ETH","slug":"ethereum","token_address":""},"cmc_rank":115,"last_updated":"2020-04-26T23:59:16.000Z","quote":{"USD":{"price":0.205025666236,"volume_24h":14313239.7812146,"percent_change_1h":0.974829,"percent_change_24h":-5.83521,"percent_change_7d":-2.27281,"market_cap":30753849.935399998,"last_updated":"2020-04-26T23:59:16.000Z"}}},{"id":1759,"name":"Status","symbol":"SNT","slug":"status","num_market_pairs":84,"date_added":"2017-06-28T00:00:00.000Z","tags":[],"max_supply":null,"circulating_supply":3470483788,"total_supply":6804870174,"platform":{"id":1027,"name":"Ethereum","symbol":"ETH","slug":"ethereum","token_address":"0x744d70fdbe2ba4cf95131626614a1763df805b9e"},"cmc_rank":70,"last_updated":"2020-04-26T23:59:07.000Z","quote":{"USD":{"price":0.0190871244014,"volume_24h":14256316.2561191,"percent_change_1h":0.866933,"percent_change_24h":-0.307055,"percent_change_7d":10.8758,"market_cap":66241555.79459791,"last_updated":"2020-04-26T23:59:07.000Z"}}},{"id":4846,"name":"Kava","symbol":"KAVA","slug":"kava","num_market_pairs":15,"date_added":"2019-10-25T00:00:00.000Z","tags":[],"max_supply":null,"circulating_supply":35866612.721819,"total_supply":108655931.721819,"platform":{"id":1839,"name":"Binance Coin","symbol":"BNB","slug":"binance-coin","token_address":""},"cmc_rank":137,"last_updated":"2020-04-26T23:59:15.000Z","quote":{"USD":{"price":0.613762100508,"volume_24h":14016134.4818595,"percent_change_1h":0.374662,"percent_change_24h":7.93406,"percent_change_7d":12.1187,"market_cap":22013567.56225058,"last_updated":"2020-04-26T23:59:15.000Z"}}},{"id":5295,"name":"3X Long BNB Token","symbol":"BNBBULL","slug":"3x-long-bnb-token","num_market_pairs":5,"date_added":"2020-03-11T00:00:00.000Z","tags":[],"max_supply":null,"circulating_supply":null,"total_supply":4975.41633724,"platform":{"id":1027,"name":"Ethereum","symbol":"ETH","slug":"ethereum","token_address":"0x9d1a62c2ad99019768b9126fda004a9952853f6e"},"cmc_rank":2039,"last_updated":"2020-04-26T23:59:15.000Z","quote":{"USD":{"price":117.455574464,"volume_24h":13989966.3460805,"percent_change_1h":0.772818,"percent_change_24h":2.09659,"percent_change_7d":1.6106,"market_cap":null,"last_updated":"2020-04-26T23:59:15.000Z"}}},{"id":2469,"name":"Zilliqa","symbol":"ZIL","slug":"zilliqa","num_market_pairs":108,"date_added":"2018-01-25T00:00:00.000Z","tags":["mineable"],"max_supply":21000000000,"circulating_supply":10080877426.2271,"total_supply":13372344579.2271,"platform":null,"cmc_rank":82,"last_updated":"2020-04-26T23:59:10.000Z","quote":{"USD":{"price":0.00506094930549,"volume_24h":13714908.9507228,"percent_change_1h":0.781342,"percent_change_24h":4.91931,"percent_change_7d":17.2973,"market_cap":51018809.608993866,"last_updated":"2020-04-26T23:59:10.000Z"}}},{"id":5477,"name":"ECOChain","symbol":"ECOC","slug":"ecochain","num_market_pairs":1,"date_added":"2020-04-20T00:00:00.000Z","tags":[],"max_supply":2000000000,"circulating_supply":null,"total_supply":223217150,"platform":null,"cmc_rank":2040,"last_updated":"2020-04-26T23:59:16.000Z","quote":{"USD":{"price":2.29331879769,"volume_24h":13639938.5012545,"percent_change_1h":0.926745,"percent_change_24h":24.2855,"percent_change_7d":124.23,"market_cap":null,"last_updated":"2020-04-26T23:59:16.000Z"}}},{"id":4943,"name":"Multi-collateral DAI","symbol":"DAI","slug":"multi-collateral-dai","num_market_pairs":75,"date_added":"2019-11-22T00:00:00.000Z","tags":[],"max_supply":null,"circulating_supply":96616302.3575215,"total_supply":97017192.5696666,"platform":{"id":1027,"name":"Ethereum","symbol":"ETH","slug":"ethereum","token_address":"0x6b175474e89094c44da98b954eedeac495271d0f"},"cmc_rank":55,"last_updated":"2020-04-26T23:59:17.000Z","quote":{"USD":{"price":1.01032185912,"volume_24h":13486351.8227891,"percent_change_1h":0.0832964,"percent_change_24h":-0.84589,"percent_change_7d":-0.343717,"market_cap":97613562.21915117,"last_updated":"2020-04-26T23:59:17.000Z"}}},{"id":2570,"name":"TomoChain","symbol":"TOMO","slug":"tomochain","num_market_pairs":23,"date_added":"2018-03-08T00:00:00.000Z","tags":["mineable"],"max_supply":null,"circulating_supply":70478375,"total_supply":100000000,"platform":null,"cmc_rank":127,"last_updated":"2020-04-26T23:59:09.000Z","quote":{"USD":{"price":0.35028017911,"volume_24h":13084964.4611621,"percent_change_1h":-0.00899859,"percent_change_24h":-1.01359,"percent_change_7d":7.58942,"market_cap":24687177.818381745,"last_updated":"2020-04-26T23:59:09.000Z"}}},{"id":1785,"name":"Gas","symbol":"GAS","slug":"gas","num_market_pairs":52,"date_added":"2017-07-06T00:00:00.000Z","tags":[],"max_supply":100000000,"circulating_supply":10128375.105773,"total_supply":17190378,"platform":{"id":1376,"name":"Neo","symbol":"NEO","slug":"neo","token_address":"602c79718b16e442de58778e148d0b1084e3b2dffd5de6b7b16cee7969282de7"},"cmc_rank":188,"last_updated":"2020-04-26T23:59:07.000Z","quote":{"USD":{"price":1.26201180796,"volume_24h":13047319.9975463,"percent_change_1h":-0.200612,"percent_change_24h":0.459778,"percent_change_7d":8.63889,"market_cap":12782128.97893364,"last_updated":"2020-04-26T23:59:07.000Z"}}},{"id":3029,"name":"Zel","symbol":"ZEL","slug":"zel","num_market_pairs":16,"date_added":"2018-08-02T00:00:00.000Z","tags":["mineable"],"max_supply":210000000,"circulating_supply":100442750,"total_supply":100442750,"platform":null,"cmc_rank":581,"last_updated":"2020-04-26T23:59:10.000Z","quote":{"USD":{"price":0.0291815355911,"volume_24h":12457374.8107411,"percent_change_1h":0.834144,"percent_change_24h":3.81126,"percent_change_7d":1.30227,"market_cap":2931073.6839929596,"last_updated":"2020-04-26T23:59:10.000Z"}}},{"id":1720,"name":"IOTA","symbol":"MIOTA","slug":"iota","num_market_pairs":53,"date_added":"2017-06-13T00:00:00.000Z","tags":[],"max_supply":2779530283,"circulating_supply":2779530283,"total_supply":2779530283,"platform":null,"cmc_rank":25,"last_updated":"2020-04-26T23:59:07.000Z","quote":{"USD":{"price":0.176352572983,"volume_24h":12427828.5579444,"percent_change_1h":0.0964102,"percent_change_24h":3.37346,"percent_change_7d":10.6466,"market_cap":490177317.09121615,"last_updated":"2020-04-26T23:59:07.000Z"}}},{"id":4273,"name":"Sessia","symbol":"KICKS","slug":"sessia","num_market_pairs":2,"date_added":"2019-08-21T00:00:00.000Z","tags":[],"max_supply":null,"circulating_supply":6145759.45571843,"total_supply":100000000,"platform":{"id":1027,"name":"Ethereum","symbol":"ETH","slug":"ethereum","token_address":"0xd91a6162f146ef85922d9a15ee6eb14a00344586"},"cmc_rank":985,"last_updated":"2020-04-26T23:59:15.000Z","quote":{"USD":{"price":0.106880580045,"volume_24h":12371797.6115472,"percent_change_1h":0.112162,"percent_change_24h":0.591122,"percent_change_7d":3.164,"market_cap":656862.3354442293,"last_updated":"2020-04-26T23:59:15.000Z"}}},{"id":3966,"name":"BitcoinHD","symbol":"BHD","slug":"bitcoinhd","num_market_pairs":11,"date_added":"2019-05-27T00:00:00.000Z","tags":[],"max_supply":21000000,"circulating_supply":6083016.35,"total_supply":6339465,"platform":null,"cmc_rank":239,"last_updated":"2020-04-26T23:59:13.000Z","quote":{"USD":{"price":6.75624716271,"volume_24h":12045374.6547018,"percent_change_1h":0.071626,"percent_change_24h":2.06598,"percent_change_7d":12.7415,"market_cap":41098361.95540604,"last_updated":"2020-04-26T23:59:13.000Z"}}},{"id":1414,"name":"Zcoin","symbol":"XZC","slug":"zcoin","num_market_pairs":56,"date_added":"2016-10-06T00:00:00.000Z","tags":["mineable"],"max_supply":21400000,"circulating_supply":9985893.32977796,"total_supply":21400000,"platform":null,"cmc_rank":97,"last_updated":"2020-04-26T23:59:06.000Z","quote":{"USD":{"price":4.05865157917,"volume_24h":11702360.7176667,"percent_change_1h":-0.534761,"percent_change_24h":-2.4841,"percent_change_7d":-3.31037,"market_cap":40529261.732326485,"last_updated":"2020-04-26T23:59:06.000Z"}}},{"id":3957,"name":"UNUS SED LEO","symbol":"LEO","slug":"unus-sed-leo","num_market_pairs":25,"date_added":"2019-05-21T00:00:00.000Z","tags":[],"max_supply":null,"circulating_supply":999498892.9,"total_supply":999498892.9,"platform":{"id":1027,"name":"Ethereum","symbol":"ETH","slug":"ethereum","token_address":"0x2af5d2ad76741191d15dfe7bf6ac92d4bd912ca3"},"cmc_rank":15,"last_updated":"2020-04-26T23:59:14.000Z","quote":{"USD":{"price":1.04677736068,"volume_24h":10755932.3632706,"percent_change_1h":-0.529948,"percent_change_24h":-0.432699,"percent_change_7d":0.467964,"market_cap":1046252813.1124439,"last_updated":"2020-04-26T23:59:14.000Z"}}}]}