{"status":{"timestamp":"2020-04-27T03:00:02.068Z","error_code":0,"error_message":null,"elapsed":202,"credit_count":1,"notice":null},"data":[{"id":825,"name":"Tether","symbol":"USDT","slug":"tether","num_market_pairs":4693,"date_added":"2015-02-25T00:00:00.000Z","tags":[],"max_supply":null,"circulating_supply":6361032509,"total_supply":6998318752.17,"platform":{"id":1027,"name":"Ethereum","symbol":"ETH","slug":"ethereum","token_address":"31"},"cmc_rank":4,"last_updated":"2020-04-27T02:58:30.000Z","quote":{"USD":{"price":1.00387895727,"volume_24h":49341238591.0007,"percent_change_1h":-0.171751,"percent_change_24h":-0.27814,"percent_change_7d":-0.203896,"market_cap":6385706682.295492,"last_updated":"2020-04-27T02:58:30.000Z"}}},{"id":1,"name":"Bitcoin","symbol":"BTC","slug":"bitcoin","num_market_pairs":7972,"date_added":"2013-04-28T00:00:00.000Z","tags":["mineable"],"max_supply":21000000,"circulating_supply":18347337,"total_supply":18347337,"platform":null,"cmc_rank":1,"last_updated":"2020-04-27T02:58:45.000Z","quote":{"USD":{"price":7751.45433144,"volume_24h":35384131955.1314,"percent_change_1h":0.152238,"percent_change_24h":1.90702,"percent_change_7d":7.45874,"market_cap":142218544859.03937,"last_updated":"2020-04-27T02:58:45.000Z"}}},{"id":1027,"name":"Ethereum","symbol":"ETH","slug":"ethereum","num_market_pairs":5182,"date_added":"2015-08-07T00:00:00.000Z","tags":["mineable"],"max_supply":null,"circulating_supply":110686057.374,"total_supply":110686057.374,"platform":null,"cmc_rank":2,"last_updated":"2020-04-27T02:58:30.000Z","quote":{"USD":{"price":198.596449524,"volume_24h":19100604473.4527,"percent_change_1h":0.0887106,"percent_change_24h":1.1373,"percent_change_7d":8.16035,"market_cap":21981858006.28616,"last_updated":"2020-04-27T02:58:30.000Z"}}},{"id":2,"name":"Litecoin","symbol":"LTC","slug":"litecoin","num_market_pairs":600,"date_added":"2013-04-28T00:00:00.000Z","tags":["mineable"],"max_supply":84000000,"circulating_supply":64599518.2265572,"total_supply":64599518.2265572,"platform":null,"cmc_rank":7,"last_updated":"2020-04-27T02:58:10.000Z","quote":{"USD":{"price":45.1810950484,"volume_24h":4748691743.23375,"percent_change_1h":0.146241,"percent_change_24h":0.381861,"percent_change_7d":4.92966,"market_cap":2918676973.074929,"last_updated":"2020-04-27T02:58:10.000Z"}}},{"id":1765,"name":"EOS","symbol":"EOS","slug":"eos","num_market_pairs":378,"date_added":"2017-07-01T00:00:00.000Z","tags":[],"max_supply":null,"circulating_supply":922131698.1119,"total_supply":1018831710.1115,"platform":null,"cmc_rank":8,"last_updated":"2020-04-27T02:58:09.000Z","quote":{"USD":{"price":2.79781790426,"volume_24h":3851133410.72222,"percent_change_1h":0.449666,"percent_change_24h":2.48641,"percent_change_7d":5.96018,"market_cap":2579956575.063151,"last_updated":"2020-04-27T02:58:09.000Z"}}},{"id":1831,"name":"Bitcoin Cash","symbol":"BCH","slug":"bitcoin-cash","num_market_pairs":473,"date_added":"2017-07-23T00:00:00.000Z","tags":["mineable"],"max_supply":21000000,"circulating_supply":18391075,"total_supply":18391075,"platform":null,"cmc_rank":5,"last_updated":"2020-04-27T02:58:09.000Z","quote":{"USD":{"price":247.244385139,"volume_24h":3737465823.49323,"percent_change_1h":0.16887,"percent_change_24h":2.06596,"percent_change_7d":4.60145,"market_cap":4547090030.420235,"last_updated":"2020-04-27T02:58:09.000Z"}}},{"id":1321,"name":"Ethereum Classic","symbol":"ETC","slug":"ethereum-classic","num_market_pairs":246,"date_added":"2016-07-24T00:00:00.000Z","tags":["mineable"],"max_supply":210700000,"circulating_supply":116313299,"total_supply":116313299,"platform":null,"cmc_rank":21,"last_updated":"2020-04-27T02:58:07.000Z","quote":{"USD":{"price":6.22035580646,"volume_24h":2335563563.62324,"percent_change_1h":-0.0156661,"percent_change_24h":5.6331,"percent_change_7d":11.5851,"market_cap":723510104.803168,"last_updated":"2020-04-27T02:58:07.000Z"}}},{"id":3602,"name":"Bitcoin SV","symbol":"BSV","slug":"bitcoin-sv","num_market_pairs":183,"date_added":"2018-11-09T00:00:00.000Z","tags":["mineable"],"max_supply":21000000,"circulating_supply":18389883.3319233,"total_supply":18389883.3319233,"platform":null,"cmc_rank":6,"last_updated":"2020-04-27T02:58:13.000Z","quote":{"USD":{"price":196.473261134,"volume_24h":1933788626.21385,"percent_change_1h":0.0653406,"percent_change_24h":-0.524463,"percent_change_7d":-0.591556,"market_cap":3613120350.0967603,"last_updated":"2020-04-27T02:58:13.000Z"}}},{"id":52,"name":"XRP","symbol":"XRP","slug":"xrp","num_market_pairs":545,"date_added":"2013-08-04T00:00:00.000Z","tags":[],"max_supply":100000000000,"circulating_supply":44089620959,"total_supply":99990980257,"platform":null,"cmc_rank":3,"last_updated":"2020-04-27T02:58:08.000Z","quote":{"USD":{"price":0.197875090695,"volume_24h":1811598689.49541,"percent_change_1h":-0.232182,"percent_change_24h":0.966958,"percent_change_7d":2.39371,"market_cap":8724237745.970299,"last_updated":"2020-04-27T02:58:08.000Z"}}},{"id":1958,"name":"TRON","symbol":"TRX","slug":"tron","num_market_pairs":337,"date_added":"2017-09-13T00:00:00.000Z","tags":["mineable"],"max_supply":null,"circulating_supply":66682072191.4,"total_supply":99281283754.3,"platform":null,"cmc_rank":16,"last_updated":"2020-04-27T02:58:08.000Z","quote":{"USD":{"price":0.0145947311768,"volume_24h":1428706454.58352,"percent_change_1h":0.970599,"percent_change_24h":3.50605,"percent_change_7d":11.1837,"market_cap":973206917.9454539,"last_updated":"2020-04-27T02:58:08.000Z"}}},{"id":131,"name":"Dash","symbol":"DASH","slug":"dash","num_market_pairs":297,"date_added":"2014-02-14T00:00:00.000Z","tags":["mineable"],"max_supply":18900000,"circulating_supply":9459887.87858202,"total_supply":9459887.87858202,"platform":null,"cmc_rank":18,"last_updated":"2020-04-27T02:58:06.000Z","quote":{"USD":{"price":85.1838872997,"volume_24h":934526268.758283,"percent_change_1h":1.23885,"percent_change_24h":-2.04287,"percent_change_7d":3.59647,"market_cap":805830022.9169289,"last_updated":"2020-04-27T02:58:06.000Z"}}},{"id":1376,"name":"Neo","symbol":"NEO","slug":"neo","num_market_pairs":239,"date_added":"2016-09-08T00:00:00.000Z","tags":[],"max_supply":100000000,"circulating_supply":70538831,"total_supply":100000000,"platform":null,"cmc_rank":22,"last_updated":"2020-04-27T02:58:06.000Z","quote":{"USD":{"price":8.60232355358,"volume_24h":625094337.277307,"percent_change_1h":-0.277049,"percent_change_24h":1.02774,"percent_change_7d":10.9726,"market_cap":606797847.353299,"last_updated":"2020-04-27T02:58:06.000Z"}}},{"id":1437,"name":"Zcash","symbol":"ZEC","slug":"zcash","num_market_pairs":238,"date_added":"2016-10-29T00:00:00.000Z","tags":["mineable"],"max_supply":21000000,"circulating_supply":9028181.25,"total_supply":9028181.25,"platform":null,"cmc_rank":26,"last_updated":"2020-04-27T02:58:06.000Z","quote":{"USD":{"price":44.9876371666,"volume_24h":616372478.376629,"percent_change_1h":0.319756,"percent_change_24h":-0.282584,"percent_change_7d":-5.96929,"market_cap":406156542.3493013,"last_updated":"2020-04-27T02:58:06.000Z"}}},{"id":3330,"name":"Paxos Standard","symbol":"PAX","slug":"paxos-standard","num_market_pairs":99,"date_added":"2018-09-27T00:00:00.000Z","tags":[],"max_supply":null,"circulating_supply":244951954.494264,"total_supply":249952064.83,"platform":{"id":1027,"name":"Ethereum","symbol":"ETH","slug":"ethereum","token_address":"0x8e870d67f660d95d5be530380d0ec0bd388289e1"},"cmc_rank":36,"last_updated":"2020-04-27T02:58:12.000Z","quote":{"USD":{"price":1.00325555066,"volume_24h":594797440.910936,"percent_change_1h":-0.0567579,"percent_change_24h":-0.15639,"percent_change_7d":-0.100582,"market_cap":245749407.99138612,"last_updated":"2020-04-27T02:58:12.000Z"}}},{"id":512,"name":"Stellar","symbol":"XLM","slug":"stellar","num_market_pairs":296,"date_added":"2014-08-05T00:00:00.000Z","tags":[],"max_supply":null,"circulating_supply":20295869221.2552,"total_supply":50001803871.8717,"platform":null,"cmc_rank":12,"last_updated":"2020-04-27T02:58:06.000Z","quote":{"USD":{"price":0.0625413302944,"volume_24h":572329941.417845,"percent_change_1h":-0.211112,"percent_change_24h":0.485173,"percent_change_7d":24.2521,"market_cap":1269330660.5784683,"last_updated":"2020-04-27T02:58:06.000Z"}}},{"id":2563,"name":"TrueUSD","symbol":"TUSD","slug":"trueusd","num_market_pairs":155,"date_added":"2018-03-06T00:00:00.000Z","tags":[],"max_supply":null,"circulating_supply":131563069.03,"total_supply":131563069.03,"platform":{"id":1027,"name":"Ethereum","symbol":"ETH","slug":"ethereum","token_address":"0x0000000000085d4780B73119b644AE5ecd22b376"},"cmc_rank":46,"last_updated":"2020-04-27T02:58:10.000Z","quote":{"USD":{"price":1.00302155724,"volume_24h":502246355.893499,"percent_change_1h":-0.0756353,"percent_change_24h":-0.21411,"percent_change_7d":-0.0943001,"market_cap":131960594.37374423,"last_updated":"2020-04-27T02:58:10.000Z"}}},{"id":3408,"name":"USD Coin","symbol":"USDC","slug":"usd-coin","num_market_pairs":219,"date_added":"2018-10-08T00:00:00.000Z","tags":[],"max_supply":null,"circulating_supply":750290102.67873,"total_supply":754279945.37,"platform":{"id":1027,"name":"Ethereum","symbol":"ETH","slug":"ethereum","token_address":"0xa0b86991c6218b36c1d19d4a2e9eb0ce3606eb48"},"cmc_rank":20,"last_updated":"2020-04-27T02:58:14.000Z","quote":{"USD":{"price":1.00187007639,"volume_24h":439323206.601316,"percent_change_1h":-0.203305,"percent_change_24h":-0.369714,"percent_change_7d":-0.24497,"market_cap":751693202.4854001,"last_updated":"2020-04-27T02:58:14.000Z"}}},{"id":1839,"name":"Binance Coin","symbol":"BNB","slug":"binance-coin","num_market_pairs":305,"date_added":"2017-07-25T00:00:00.000Z","tags":[],"max_supply":187536713,"circulating_supply":155536713,"total_supply":187536713,"platform":null,"cmc_rank":9,"last_updated":"2020-04-27T02:58:08.000Z","quote":{"USD":{"price":16.5025972739,"volume_24h":414438074.365215,"percent_change_1h":0.141981,"percent_change_24h":1.07563,"percent_change_7d":1.10663,"market_cap":2566759735.945167,"last_updated":"2020-04-27T02:58:08.000Z"}}},{"id":1684,"name":"Qtum","symbol":"QTUM","slug":"qtum","num_market_pairs":172,"date_added":"2017-05-24T00:00:00.000Z","tags":[],"max_supply":107822406,"circulating_supply":96607300.359,"total_supply":102357300,"platform":null,"cmc_rank":43,"last_updated":"2020-04-27T02:58:07.000Z","quote":{"USD":{"price":1.52830547003,"volume_24h":392994029.036006,"percent_change_1h":-0.663372,"percent_change_24h":1.43535,"percent_change_7d":8.12609,"market_cap":147645465.58349088,"last_updated":"2020-04-27T02:58:07.000Z"}}},{"id":1975,"name":"Chainlink","symbol":"LINK","slug":"chainlink","num_market_pairs":170,"date_added":"2017-09-20T00:00:00.000Z","tags":[],"max_supply":null,"circulating_supply":350000000,"total_supply":1000000000,"platform":{"id":1027,"name":"Ethereum","symbol":"ETH","slug":"ethereum","token_address":"0x514910771af9ca656af840dff83e8264ecf986ca"},"cmc_rank":11,"last_updated":"2020-04-27T02:58:08.000Z","quote":{"USD":{"price":3.72370997962,"volume_24h":390995782.295804,"percent_change_1h":0.1134,"percent_change_24h":-2.40722,"percent_change_7d":0.315051,"market_cap":1303298492.867,"last_updated":"2020-04-27T02:58:08.000Z"}}},{"id":2319,"name":"QCash","symbol":"QC","slug":"qcash","num_market_pairs":91,"date_added":"2019-12-12T00:00:00.000Z","tags":[],"max_supply":10000000000,"circulating_supply":460000200,"total_supply":10000000000,"platform":{"id":1684,"name":"Qtum","symbol":"QTUM","slug":"qtum","token_address":"f2033ede578e17fa6231047265010445bca8cf1c"},"cmc_rank":220,"last_updated":"2020-04-27T02:58:08.000Z","quote":{"USD":{"price":0.140368094755,"volume_24h":310829922.724949,"percent_change_1h":-0.20032,"percent_change_24h":-0.329187,"percent_change_7d":0.138839,"market_cap":64569351.66091895,"last_updated":"2020-04-27T02:58:08.000Z"}}},{"id":2502,"name":"Huobi Token","symbol":"HT","slug":"huobi-token","num_market_pairs":137,"date_added":"2018-02-03T00:00:00.000Z","tags":[],"max_supply":null,"circulating_supply":222668092.971921,"total_supply":500000000,"platform":{"id":1027,"name":"Ethereum","symbol":"ETH","slug":"ethereum","token_address":"0x6f259637dcd74c767781e37bc6133cd6a68aa161"},"cmc_rank":17,"last_updated":"2020-04-27T02:58:10.000Z","quote":{"USD":{"price":4.07179900036,"volume_24h":296789349.057088,"percent_change_1h":-0.0728162,"percent_change_24h":2.0195,"percent_change_7d":4.56506,"market_cap":906659718.3751355,"last_updated":"2020-04-27T02:58:10.000Z"}}},{"id":74,"name":"Dogecoin","symbol":"DOGE","slug":"dogecoin","num_market_pairs":240,"date_added":"2013-12-15T00:00:00.000Z","tags":["mineable"],"max_supply":null,"circulating_supply":124316394253.925,"total_supply":124316394253.925,"platform":null,"cmc_rank":31,"last_updated":"2020-04-27T02:58:05.000Z","quote":{"USD":{"price":0.00238351039774,"volume_24h":286994444.662201,"percent_change_1h":-0.859442,"percent_change_24h":9.9993,"percent_change_7d":16.0413,"market_cap":296309418.3137754,"last_updated":"2020-04-27T02:58:05.000Z"}}},{"id":2011,"name":"Tezos","symbol":"XTZ","slug":"tezos","num_market_pairs":90,"date_added":"2017-10-06T00:00:00.000Z","tags":[],"max_supply":null,"circulating_supply":708483187.093629,"total_supply":708483187.093629,"platform":null,"cmc_rank":10,"last_updated":"2020-04-27T02:58:07.000Z","quote":{"USD":{"price":2.77251608926,"volume_24h":275790132.494771,"percent_change_1h":-0.217559,"percent_change_24h":-2.25003,"percent_change_7d":19.8105,"market_cap":1964281035.187289,"last_updated":"2020-04-27T02:58:07.000Z"}}},{"id":2456,"name":"OFCOIN","symbol":"OF","slug":"ofcoin","num_market_pairs":1,"date_added":"2018-01-24T00:00:00.000Z","tags":[],"max_supply":null,"circulating_supply":null,"total_supply":51200000000,"platform":null,"cmc_rank":2030,"last_updated":"2020-04-27T02:58:09.000Z","quote":{"USD":{"price":0.0000451942022457,"volume_24h":254462974.935917,"percent_change_1h":-0.127977,"percent_change_24h":-0.232039,"percent_change_7d":2.55422,"market_cap":null,"last_updated":"2020-04-27T02:58:09.000Z"}}},{"id":3794,"name":"Cosmos","symbol":"ATOM","slug":"cosmos","num_market_pairs":121,"date_added":"2019-03-14T00:00:00.000Z","tags":[],"max_supply":null,"circulating_supply":190688439.2,"total_supply":237928230.821588,"platform":null,"cmc_rank":24,"last_updated":"2020-04-27T02:58:14.000Z","quote":{"USD":{"price":2.82443639807,"volume_24h":204815487.05143,"percent_change_1h":0.0687509,"percent_change_24h":-2.14841,"percent_change_7d":16.3989,"market_cap":538587368.3676381,"last_updated":"2020-04-27T02:58:14.000Z"}}},{"id":3077,"name":"VeChain","symbol":"VET","slug":"vechain","num_market_pairs":98,"date_added":"2017-08-22T00:00:00.000Z","tags":[],"max_supply":null,"circulating_supply":55454734800,"total_supply":86712634466,"platform":null,"cmc_rank":35,"last_updated":"2020-04-27T02:58:12.000Z","quote":{"USD":{"price":0.00452200711201,"volume_24h":172920420.025682,"percent_change_1h":0.571922,"percent_change_24h":6.8007,"percent_change_7d":13.4107,"market_cap":250766705.16022843,"last_updated":"2020-04-27T02:58:12.000Z"}}},{"id":2010,"name":"Cardano","symbol":"ADA","slug":"cardano","num_market_pairs":131,"date_added":"2017-10-01T00:00:00.000Z","tags":["mineable"],"max_supply":45000000000,"circulating_supply":25927070538,"total_supply":31112483745,"platform":null,"cmc_rank":13,"last_updated":"2020-04-27T02:58:08.000Z","quote":{"USD":{"price":0.0473736983546,"volume_24h":170677711.768312,"percent_change_1h":2.24507,"percent_change_24h":10.8081,"percent_change_7d":30.6636,"market_cap":1228261218.8856487,"last_updated":"2020-04-27T02:58:08.000Z"}}},{"id":2566,"name":"Ontology","symbol":"ONT","slug":"ontology","num_market_pairs":119,"date_added":"2018-03-08T00:00:00.000Z","tags":[],"max_supply":null,"circulating_supply":656746573,"total_supply":1000000000,"platform":null,"cmc_rank":29,"last_updated":"2020-04-27T02:58:10.000Z","quote":{"USD":{"price":0.492511605201,"volume_24h":162759812.180871,"percent_change_1h":0.103368,"percent_change_24h":4.55118,"percent_change_7d":17.5611,"market_cap":323455308.87848574,"last_updated":"2020-04-27T02:58:10.000Z"}}},{"id":3897,"name":"OKB","symbol":"OKB","slug":"okb","num_market_pairs":50,"date_added":"2019-04-30T00:00:00.000Z","tags":[],"max_supply":null,"circulating_supply":60000000,"total_supply":300000000,"platform":{"id":1027,"name":"Ethereum","symbol":"ETH","slug":"ethereum","token_address":"0x75231f58b43240c9718dd58b4967c5114342a86c"},"cmc_rank":30,"last_updated":"2020-04-27T02:58:15.000Z","quote":{"USD":{"price":4.93862243215,"volume_24h":132629860.696637,"percent_change_1h":-0.00970295,"percent_change_24h":0.397274,"percent_change_7d":3.62584,"market_cap":296317345.929,"last_updated":"2020-04-27T02:58:15.000Z"}}},{"id":5370,"name":"Hive","symbol":"HIVE","slug":"hive-blockchain","num_market_pairs":9,"date_added":"2020-03-26T00:00:00.000Z","tags":[],"max_supply":null,"circulating_supply":282987420.69,"total_supply":366357626.562,"platform":null,"cmc_rank":33,"last_updated":"2020-04-27T02:58:17.000Z","quote":{"USD":{"price":0.951500145467,"volume_24h":129195283.076553,"percent_change_1h":-0.541952,"percent_change_24h":75.5652,"percent_change_7d":635.396,"market_cap":269262571.95186615,"last_updated":"2020-04-27T02:58:17.000Z"}}},{"id":1982,"name":"Kyber Network","symbol":"KNC","slug":"kyber-network","num_market_pairs":64,"date_added":"2017-09-24T00:00:00.000Z","tags":[],"max_supply":null,"circulating_supply":180432602.911872,"total_supply":210939151.730736,"platform":{"id":1027,"name":"Ethereum","symbol":"ETH","slug":"ethereum","token_address":"0xdd974d5c2e2928dea5f71b9825b8b646686bd200"},"cmc_rank":49,"last_updated":"2020-04-27T02:58:07.000Z","quote":{"USD":{"price":0.677965125145,"volume_24h":126478551.529471,"percent_change_1h":-0.72251,"percent_change_24h":16.8469,"percent_change_7d":40.8791,"market_cap":122327012.21338539,"last_updated":"2020-04-27T02:58:07.000Z"}}},{"id":1697,"name":"Basic Attention Token","symbol":"BAT","slug":"basic-attention-token","num_market_pairs":183,"date_added":"2017-06-01T00:00:00.000Z","tags":[],"max_supply":null,"circulating_supply":1457527137.0863,"total_supply":1500000000,"platform":{"id":1027,"name":"Ethereum","symbol":"ETH","slug":"ethereum","token_address":"0x0d8775f648430679a709e98d2b0cb6250d2887ef"},"cmc_rank":34,"last_updated":"2020-04-27T02:58:07.000Z","quote":{"USD":{"price":0.184246064768,"volume_24h":113000541.035682,"percent_change_1h":-0.276354,"percent_change_24h":-0.0766169,"percent_change_7d":9.35034,"market_cap":268543639.30072004,"last_updated":"2020-04-27T02:58:07.000Z"}}},{"id":328,"name":"Monero","symbol":"XMR","slug":"monero","num_market_pairs":146,"date_added":"2014-05-21T00:00:00.000Z","tags":["mineable"],"max_supply":null,"circulating_supply":17538285.7668119,"total_supply":17538285.7668119,"platform":null,"cmc_rank":14,"last_updated":"2020-04-27T02:58:06.000Z","quote":{"USD":{"price":62.2857646507,"volume_24h":98471824.8623407,"percent_change_1h":0.771862,"percent_change_24h":1.64449,"percent_change_7d":7.36504,"market_cap":1092385539.6483676,"last_updated":"2020-04-27T02:58:06.000Z"}}},{"id":1168,"name":"Decred","symbol":"DCR","slug":"decred","num_market_pairs":49,"date_added":"2016-02-10T00:00:00.000Z","tags":["mineable"],"max_supply":21000000,"circulating_supply":11411703.1502665,"total_supply":11411703.1502665,"platform":null,"cmc_rank":42,"last_updated":"2020-04-27T02:58:05.000Z","quote":{"USD":{"price":13.1672297541,"volume_24h":95581466.457561,"percent_change_1h":0.527759,"percent_change_24h":1.68334,"percent_change_7d":4.53906,"market_cap":150260517.26514575,"last_updated":"2020-04-27T02:58:05.000Z"}}},{"id":1808,"name":"OmiseGO","symbol":"OMG","slug":"omisego","num_market_pairs":209,"date_added":"2017-07-14T00:00:00.000Z","tags":[],"max_supply":null,"circulating_supply":140245398.245133,"total_supply":140245398.245133,"platform":{"id":1027,"name":"Ethereum","symbol":"ETH","slug":"ethereum","token_address":"0xd26114cd6EE289AccF82350c8d8487fedB8A0C07"},"cmc_rank":58,"last_updated":"2020-04-27T02:58:07.000Z","quote":{"USD":{"price":0.682484611599,"volume_24h":92637527.0343568,"percent_change_1h":1.61357,"percent_change_24h":5.45835,"percent_change_7d":15.7305,"market_cap":95715326.14987668,"last_updated":"2020-04-27T02:58:07.000Z"}}},{"id":5031,"name":"MimbleWimbleCoin","symbol":"MWC","slug":"mimblewimblecoin","num_market_pairs":7,"date_added":"2020-02-24T00:00:00.000Z","tags":[],"max_supply":20000000,"circulating_supply":8012719.0569404,"total_supply":10522362.0569404,"platform":null,"cmc_rank":209,"last_updated":"2020-04-27T02:58:16.000Z","quote":{"USD":{"price":19.5692468394,"volume_24h":87724619.9614491,"percent_change_1h":-1.28561,"percent_change_24h":8.9913,"percent_change_7d":36.0082,"market_cap":156802877.0800311,"last_updated":"2020-04-27T02:58:16.000Z"}}},{"id":3702,"name":"Beam","symbol":"BEAM","slug":"beam","num_market_pairs":32,"date_added":"2019-01-17T00:00:00.000Z","tags":["mineable"],"max_supply":262800000,"circulating_supply":60368800,"total_supply":60368800,"platform":null,"cmc_rank":143,"last_updated":"2020-04-27T02:58:14.000Z","quote":{"USD":{"price":0.352062273767,"volume_24h":82286464.2273194,"percent_change_1h":1.09352,"percent_change_24h":9.83812,"percent_change_7d":28.4469,"market_cap":21253576.992585268,"last_updated":"2020-04-27T02:58:14.000Z"}}},{"id":4030,"name":"Algorand","symbol":"ALGO","slug":"algorand","num_market_pairs":77,"date_added":"2019-06-20T00:00:00.000Z","tags":["mineable"],"max_supply":null,"circulating_supply":709641048.58451,"total_supply":3240912891.58451,"platform":null,"cmc_rank":40,"last_updated":"2020-04-27T02:58:15.000Z","quote":{"USD":{"price":0.224477380247,"volume_24h":77813994.9829759,"percent_change_1h":0.10889,"percent_change_24h":3.13524,"percent_change_7d":16.8927,"market_cap":159298363.50198486,"last_updated":"2020-04-27T02:58:15.000Z"}}},{"id":4687,"name":"Binance USD","symbol":"BUSD","slug":"binance-usd","num_market_pairs":61,"date_added":"2019-09-20T00:00:00.000Z","tags":[],"max_supply":null,"circulating_supply":195255128.41,"total_supply":195255128.41,"platform":{"id":1027,"name":"Ethereum","symbol":"ETH","slug":"ethereum","token_address":"0x4Fabb145d64652a948d72533023f6E7A623C7C53"},"cmc_rank":37,"last_updated":"2020-04-27T02:58:16.000Z","quote":{"USD":{"price":1.00162242903,"volume_24h":69620766.9057515,"percent_change_1h":-0.267742,"percent_change_24h":-0.34424,"percent_change_7d":-0.268113,"market_cap":195571915.99858874,"last_updated":"2020-04-27T02:58:16.000Z"}}},{"id":3718,"name":"BitTorrent","symbol":"BTT","slug":"bittorrent","num_market_pairs":134,"date_added":"2019-01-31T00:00:00.000Z","tags":[],"max_supply":null,"circulating_supply":212116500000,"total_supply":990000000000,"platform":{"id":1958,"name":"TRON","symbol":"TRX","slug":"tron","token_address":"1002000"},"cmc_rank":81,"last_updated":"2020-04-27T02:58:14.000Z","quote":{"USD":{"price":0.000250383039007,"volume_24h":68365891.4275863,"percent_change_1h":0.41316,"percent_change_24h":0.974058,"percent_change_7d":8.49035,"market_cap":53110373.89352832,"last_updated":"2020-04-27T02:58:14.000Z"}}},{"id":1772,"name":"Storj","symbol":"STORJ","slug":"storj","num_market_pairs":32,"date_added":"2017-07-02T00:00:00.000Z","tags":[],"max_supply":null,"circulating_supply":135787438.700013,"total_supply":424999998.000013,"platform":{"id":1027,"name":"Ethereum","symbol":"ETH","slug":"ethereum","token_address":"0xb64ef51c888972c908cfacf59b47c1afbc0ab8ac"},"cmc_rank":179,"last_updated":"2020-04-27T02:58:06.000Z","quote":{"USD":{"price":0.104394274641,"volume_24h":67931192.3948898,"percent_change_1h":1.22724,"percent_change_24h":2.83767,"percent_change_7d":5.82691,"market_cap":14175431.16844711,"last_updated":"2020-04-27T02:58:06.000Z"}}},{"id":4064,"name":"USDK","symbol":"USDK","slug":"usdk","num_market_pairs":37,"date_added":"2019-07-29T00:00:00.000Z","tags":[],"max_supply":null,"circulating_supply":28600072,"total_supply":28600072,"platform":{"id":1027,"name":"Ethereum","symbol":"ETH","slug":"ethereum","token_address":"0x1c48f86ae57291f7686349f12601910bd8d470bb"},"cmc_rank":251,"last_updated":"2020-04-27T02:58:15.000Z","quote":{"USD":{"price":1.00124579016,"volume_24h":58216738.4431521,"percent_change_1h":-0.201737,"percent_change_24h":-0.432247,"percent_change_7d":-0.348755,"market_cap":28635701.688272893,"last_updated":"2020-04-27T02:58:15.000Z"}}},{"id":2307,"name":"Bibox Token","symbol":"BIX","slug":"bibox-token","num_market_pairs":27,"date_added":"2017-12-24T00:00:00.000Z","tags":[],"max_supply":null,"circulating_supply":97882450.27,"total_supply":251424733.27,"platform":{"id":1027,"name":"Ethereum","symbol":"ETH","slug":"ethereum","token_address":"0xb3104b4b9da82025e8b9f8fb28b3553ce2f67069"},"cmc_rank":337,"last_updated":"2020-04-27T02:58:08.000Z","quote":{"USD":{"price":0.0854337666069,"volume_24h":57829170.4260105,"percent_change_1h":0.579899,"percent_change_24h":1.54941,"percent_change_7d":7.48657,"market_cap":8362466.411278675,"last_updated":"2020-04-27T02:58:08.000Z"}}},{"id":2349,"name":"Mixin","symbol":"XIN","slug":"mixin","num_market_pairs":8,"date_added":"2018-01-09T00:00:00.000Z","tags":[],"max_supply":1000000,"circulating_supply":510516.736636976,"total_supply":1000000,"platform":{"id":1027,"name":"Ethereum","symbol":"ETH","slug":"ethereum","token_address":"0xa974c709cfb4566686553a20790685a47aceaa33"},"cmc_rank":216,"last_updated":"2020-04-27T02:58:08.000Z","quote":{"USD":{"price":167.919536831,"volume_24h":57473672.9459452,"percent_change_1h":0.613536,"percent_change_24h":0.679439,"percent_change_7d":-2.03782,"market_cap":85725733.96055461,"last_updated":"2020-04-27T02:58:08.000Z"}}},{"id":1776,"name":"MCO","symbol":"MCO","slug":"crypto-com","num_market_pairs":61,"date_added":"2017-07-03T00:00:00.000Z","tags":[],"max_supply":null,"circulating_supply":15793831.0949625,"total_supply":31587682.3632061,"platform":{"id":1027,"name":"Ethereum","symbol":"ETH","slug":"ethereum","token_address":"0xb63b606ac810a52cca15e44bb630fd42d8d1d83d"},"cmc_rank":61,"last_updated":"2020-04-27T02:58:06.000Z","quote":{"USD":{"price":5.13874244952,"volume_24h":52746993.5344082,"percent_change_1h":0.0259776,"percent_change_24h":0.034224,"percent_change_7d":-0.835492,"market_cap":81160430.28823273,"last_updated":"2020-04-27T02:58:06.000Z"}}},{"id":2280,"name":"Filecoin [Futures]","symbol":"FIL","slug":"filecoin","num_market_pairs":4,"date_added":"2017-12-13T00:00:00.000Z","tags":["mineable"],"max_supply":null,"circulating_supply":null,"total_supply":null,"platform":null,"cmc_rank":2031,"last_updated":"2020-04-27T02:58:08.000Z","quote":{"USD":{"price":5.0724601004,"volume_24h":50004361.0281884,"percent_change_1h":-1.27654,"percent_change_24h":-2.05389,"percent_change_7d":-0.484015,"market_cap":null,"last_updated":"2020-04-27T02:58:08.000Z"}}},{"id":4229,"name":"Yobit Token","symbol":"YO","slug":"yobit-token","num_market_pairs":11,"date_added":"2019-09-03T00:00:00.000Z","tags":[],"max_supply":null,"circulating_supply":null,"total_supply":17000,"platform":{"id":1027,"name":"Ethereum","symbol":"ETH","slug":"ethereum","token_address":"0xebf4ca5319f406602eeff68da16261f1216011b5"},"cmc_rank":2032,"last_updated":"2020-04-27T02:58:15.000Z","quote":{"USD":{"price":787.715178022,"volume_24h":49021764.3819694,"percent_change_1h":0.447331,"percent_change_24h":2.16453,"percent_change_7d":9.12094,"market_cap":null,"last_updated":"2020-04-27T02:58:15.000Z"}}},{"id":1866,"name":"Bytom","symbol":"BTM","slug":"bytom","num_market_pairs":54,"date_added":"2017-08-08T00:00:00.000Z","tags":["mineable"],"max_supply":null,"circulating_supply":1002499275,"total_supply":1407000000,"platform":null,"cmc_rank":68,"last_updated":"2020-04-27T02:58:07.000Z","quote":{"USD":{"price":0.0711106650654,"volume_24h":46612510.8915739,"percent_change_1h":0.358671,"percent_change_24h":15.4304,"percent_change_7d":21.4919,"market_cap":71288390.17283133,"last_updated":"2020-04-27T02:58:07.000Z"}}},{"id":3657,"name":"Lambda","symbol":"LAMB","slug":"lambda","num_market_pairs":41,"date_added":"2019-01-02T00:00:00.000Z","tags":[],"max_supply":10000000000,"circulating_supply":648127175.78715,"total_supply":6000000000,"platform":{"id":1027,"name":"Ethereum","symbol":"ETH","slug":"ethereum","token_address":"0x8971f9fd7196e5cee2c1032b50f656855af7dd26"},"cmc_rank":316,"last_updated":"2020-04-27T02:58:13.000Z","quote":{"USD":{"price":0.0146530887248,"volume_24h":46197436.5833375,"percent_change_1h":-0.386722,"percent_change_24h":5.56177,"percent_change_7d":8.23115,"market_cap":9497065.011763155,"last_updated":"2020-04-27T02:58:13.000Z"}}},{"id":3437,"name":"ABBC Coin","symbol":"ABBC","slug":"abbc-coin","num_market_pairs":42,"date_added":"2018-10-12T00:00:00.000Z","tags":["mineable"],"max_supply":null,"circulating_supply":555416924.350722,"total_supply":1003278750.0109,"platform":null,"cmc_rank":72,"last_updated":"2020-04-27T02:58:13.000Z","quote":{"USD":{"price":0.118162223967,"volume_24h":46094213.2494313,"percent_change_1h":-0.0907327,"percent_change_24h":1.51376,"percent_change_7d":2.69613,"market_cap":65629299.010192305,"last_updated":"2020-04-27T02:58:13.000Z"}}},{"id":2099,"name":"ICON","symbol":"ICX","slug":"icon","num_market_pairs":61,"date_added":"2017-10-27T00:00:00.000Z","tags":[],"max_supply":null,"circulating_supply":538495491.712631,"total_supply":800460000,"platform":null,"cmc_rank":41,"last_updated":"2020-04-27T02:58:07.000Z","quote":{"USD":{"price":0.292423889701,"volume_24h":45922406.6008499,"percent_change_1h":0.0754236,"percent_change_24h":2.82553,"percent_change_7d":20.8111,"market_cap":157468946.27306014,"last_updated":"2020-04-27T02:58:07.000Z"}}},{"id":1274,"name":"Waves","symbol":"WAVES","slug":"waves","num_market_pairs":145,"date_added":"2016-06-02T00:00:00.000Z","tags":[],"max_supply":null,"circulating_supply":101774884,"total_supply":101774884,"platform":null,"cmc_rank":54,"last_updated":"2020-04-27T02:58:06.000Z","quote":{"USD":{"price":1.05550148243,"volume_24h":45090598.002061,"percent_change_1h":0.587962,"percent_change_24h":2.82157,"percent_change_7d":2.01907,"market_cap":107423540.93614128,"last_updated":"2020-04-27T02:58:06.000Z"}}},{"id":3306,"name":"Gemini Dollar","symbol":"GUSD","slug":"gemini-dollar","num_market_pairs":31,"date_added":"2018-10-05T00:00:00.000Z","tags":[],"max_supply":null,"circulating_supply":5884964.1,"total_supply":5884964.1,"platform":{"id":1027,"name":"Ethereum","symbol":"ETH","slug":"ethereum","token_address":"0x056Fd409E1d7A124BD7017459dFEa2F387b6d5Cd"},"cmc_rank":408,"last_updated":"2020-04-27T02:58:12.000Z","quote":{"USD":{"price":1.00145878331,"volume_24h":42120082.4470966,"percent_change_1h":0.0970225,"percent_change_24h":-0.895401,"percent_change_7d":-0.366505,"market_cap":5893548.987409028,"last_updated":"2020-04-27T02:58:12.000Z"}}},{"id":2083,"name":"Bitcoin Gold","symbol":"BTG","slug":"bitcoin-gold","num_market_pairs":73,"date_added":"2017-10-23T00:00:00.000Z","tags":["mineable"],"max_supply":21000000,"circulating_supply":17513923.589,"total_supply":17513923.589,"platform":null,"cmc_rank":39,"last_updated":"2020-04-27T02:58:08.000Z","quote":{"USD":{"price":9.507078885,"volume_24h":41375671.4355804,"percent_change_1h":-0.81639,"percent_change_24h":0.259712,"percent_change_7d":-2.73941,"market_cap":166506253.14648533,"last_updated":"2020-04-27T02:58:08.000Z"}}},{"id":3709,"name":"Grin","symbol":"GRIN","slug":"grin","num_market_pairs":60,"date_added":"2019-01-27T00:00:00.000Z","tags":["mineable"],"max_supply":null,"circulating_supply":40218420,"total_supply":40218420,"platform":null,"cmc_rank":142,"last_updated":"2020-04-27T02:58:14.000Z","quote":{"USD":{"price":0.528603019817,"volume_24h":38971664.044894,"percent_change_1h":0.324176,"percent_change_24h":1.10283,"percent_change_7d":7.39695,"market_cap":21259578.264268428,"last_updated":"2020-04-27T02:58:14.000Z"}}},{"id":3351,"name":"ZB Token","symbol":"ZB","slug":"zb-token","num_market_pairs":11,"date_added":"2018-09-27T00:00:00.000Z","tags":[],"max_supply":null,"circulating_supply":463288810,"total_supply":2100000000,"platform":{"id":1027,"name":"Ethereum","symbol":"ETH","slug":"ethereum","token_address":"0xbd0793332e9fb844a52a205a233ef27a5b34b927"},"cmc_rank":53,"last_updated":"2020-04-27T02:58:12.000Z","quote":{"USD":{"price":0.247473207337,"volume_24h":38672464.3871779,"percent_change_1h":-0.128701,"percent_change_24h":0.152246,"percent_change_7d":3.04038,"market_cap":114651567.734042,"last_updated":"2020-04-27T02:58:12.000Z"}}},{"id":624,"name":"bitCNY","symbol":"BITCNY","slug":"bitcny","num_market_pairs":23,"date_added":"2014-09-23T00:00:00.000Z","tags":[],"max_supply":null,"circulating_supply":31169300,"total_supply":31169300,"platform":{"id":463,"name":"BitShares","symbol":"BTS","slug":"bitshares","token_address":"CNY"},"cmc_rank":489,"last_updated":"2020-04-27T02:58:05.000Z","quote":{"USD":{"price":0.140610837983,"volume_24h":37864453.259546,"percent_change_1h":-0.281073,"percent_change_24h":-0.362792,"percent_change_7d":-0.0502498,"market_cap":4382741.392343522,"last_updated":"2020-04-27T02:58:05.000Z"}}},{"id":1896,"name":"0x","symbol":"ZRX","slug":"0x","num_market_pairs":179,"date_added":"2017-08-16T00:00:00.000Z","tags":[],"max_supply":null,"circulating_supply":652285423.432216,"total_supply":1000000000,"platform":{"id":1027,"name":"Ethereum","symbol":"ETH","slug":"ethereum","token_address":"0xe41d2489571d322189246dafa5ebde1f4699f498"},"cmc_rank":44,"last_updated":"2020-04-27T02:58:07.000Z","quote":{"USD":{"price":0.209651393648,"volume_24h":36735557.3156555,"percent_change_1h":1.54343,"percent_change_24h":11.9748,"percent_change_7d":20.3488,"market_cap":136752548.0788399,"last_updated":"2020-04-27T02:58:07.000Z"}}},{"id":2405,"name":"IOST","symbol":"IOST","slug":"iostoken","num_market_pairs":85,"date_added":"2018-01-16T00:00:00.000Z","tags":[],"max_supply":null,"circulating_supply":12013965608.8475,"total_supply":21000000000,"platform":null,"cmc_rank":95,"last_updated":"2020-04-27T02:58:09.000Z","quote":{"USD":{"price":0.00361586847815,"volume_24h":34695840.4545534,"percent_change_1h":0.399491,"percent_change_24h":1.20084,"percent_change_7d":8.44448,"market_cap":43440919.54260985,"last_updated":"2020-04-27T02:58:09.000Z"}}},{"id":1104,"name":"Augur","symbol":"REP","slug":"augur","num_market_pairs":73,"date_added":"2015-10-27T00:00:00.000Z","tags":[],"max_supply":null,"circulating_supply":11000000,"total_supply":11000000,"platform":{"id":1027,"name":"Ethereum","symbol":"ETH","slug":"ethereum","token_address":"0x1985365e9f78359a9b6ad760e32412f4a445e862"},"cmc_rank":52,"last_updated":"2020-04-27T02:58:05.000Z","quote":{"USD":{"price":10.4262825251,"volume_24h":33704178.9138007,"percent_change_1h":-0.0944049,"percent_change_24h":1.08468,"percent_change_7d":2.8802,"market_cap":114689107.7761,"last_updated":"2020-04-27T02:58:05.000Z"}}},{"id":2457,"name":"TrueChain","symbol":"TRUE","slug":"truechain","num_market_pairs":16,"date_added":"2018-01-24T00:00:00.000Z","tags":[],"max_supply":null,"circulating_supply":79575542.96,"total_supply":100000000,"platform":null,"cmc_rank":133,"last_updated":"2020-04-27T02:58:09.000Z","quote":{"USD":{"price":0.28907330285,"volume_24h":33487246.8850998,"percent_change_1h":2.57111,"percent_change_24h":7.5791,"percent_change_7d":7.29228,"market_cap":23003165.029529262,"last_updated":"2020-04-27T02:58:09.000Z"}}},{"id":2130,"name":"Enjin Coin","symbol":"ENJ","slug":"enjin-coin","num_market_pairs":61,"date_added":"2017-11-01T00:00:00.000Z","tags":[],"max_supply":null,"circulating_supply":814772129.064264,"total_supply":1000000000,"platform":{"id":1027,"name":"Ethereum","symbol":"ETH","slug":"ethereum","token_address":"0xf629cbd94d3791c9250152bd8dfbdf380e2a3b9c"},"cmc_rank":51,"last_updated":"2020-04-27T02:58:08.000Z","quote":{"USD":{"price":0.145306314408,"volume_24h":30752240.8477421,"percent_change_1h":-0.989552,"percent_change_24h":-6.36394,"percent_change_7d":42.0804,"market_cap":118391535.1566875,"last_updated":"2020-04-27T02:58:08.000Z"}}},{"id":2830,"name":"Seele","symbol":"SEELE","slug":"seele","num_market_pairs":18,"date_added":"2018-05-31T00:00:00.000Z","tags":[],"max_supply":null,"circulating_supply":699592066.289478,"total_supply":1000000000,"platform":{"id":1027,"name":"Ethereum","symbol":"ETH","slug":"ethereum","token_address":"0xb1eef147028e9f480dbc5ccaa3277d417d1b85f0"},"cmc_rank":73,"last_updated":"2020-04-27T02:58:10.000Z","quote":{"USD":{"price":0.0910641735974,"volume_24h":27555397.2814858,"percent_change_1h":0.529631,"percent_change_24h":2.88844,"percent_change_7d":18.1146,"market_cap":63707773.37194879,"last_updated":"2020-04-27T02:58:10.000Z"}}},{"id":3945,"name":"Harmony","symbol":"ONE","slug":"harmony","num_market_pairs":20,"date_added":"2019-06-01T00:00:00.000Z","tags":[],"max_supply":null,"circulating_supply":4596807869,"total_supply":12600000000,"platform":null,"cmc_rank":195,"last_updated":"2020-04-27T02:58:15.000Z","quote":{"USD":{"price":0.00266343387123,"volume_24h":27216841.3094555,"percent_change_1h":-0.0764651,"percent_change_24h":-2.07606,"percent_change_7d":12.2589,"market_cap":12243293.777831195,"last_updated":"2020-04-27T02:58:15.000Z"}}},{"id":109,"name":"DigiByte","symbol":"DGB","slug":"digibyte","num_market_pairs":77,"date_added":"2014-02-06T00:00:00.000Z","tags":["mineable"],"max_supply":21000000000,"circulating_supply":13075866471.8863,"total_supply":13075866471.8863,"platform":null,"cmc_rank":38,"last_updated":"2020-04-27T02:58:05.000Z","quote":{"USD":{"price":0.0128903534936,"volume_24h":26632036.1944721,"percent_change_1h":-0.281599,"percent_change_24h":-17.6031,"percent_change_7d":57.6004,"market_cap":168552541.05772665,"last_updated":"2020-04-27T02:58:05.000Z"}}},{"id":3890,"name":"Matic Network","symbol":"MATIC","slug":"matic-network","num_market_pairs":51,"date_added":"2019-04-28T00:00:00.000Z","tags":[],"max_supply":null,"circulating_supply":3433504398,"total_supply":10000000000,"platform":{"id":1027,"name":"Ethereum","symbol":"ETH","slug":"ethereum","token_address":"0x7D1AfA7B718fb893dB30A3aBc0Cfc608AaCfeBB0"},"cmc_rank":80,"last_updated":"2020-04-27T02:58:14.000Z","quote":{"USD":{"price":0.015739326695,"volume_24h":26301126.0091811,"percent_change_1h":-1.412,"percent_change_24h":2.91471,"percent_change_7d":19.4385,"market_cap":54041047.42884131,"last_updated":"2020-04-27T02:58:14.000Z"}}},{"id":2577,"name":"Ravencoin","symbol":"RVN","slug":"ravencoin","num_market_pairs":50,"date_added":"2018-03-10T00:00:00.000Z","tags":["mineable"],"max_supply":21000000000,"circulating_supply":6029750000,"total_supply":6029750000,"platform":null,"cmc_rank":50,"last_updated":"2020-04-27T02:58:09.000Z","quote":{"USD":{"price":0.0200244745631,"volume_24h":26171680.0994373,"percent_change_1h":0.305951,"percent_change_24h":-2.0822,"percent_change_7d":15.9101,"market_cap":120742575.49685223,"last_updated":"2020-04-27T02:58:09.000Z"}}},{"id":2588,"name":"Loom Network","symbol":"LOOM","slug":"loom-network","num_market_pairs":65,"date_added":"2018-03-14T00:00:00.000Z","tags":[],"max_supply":null,"circulating_supply":970066177.429225,"total_supply":1000000000,"platform":{"id":1027,"name":"Ethereum","symbol":"ETH","slug":"ethereum","token_address":"0xa4e8c3ec456107ea67d3075bf9e3df3a75823db0"},"cmc_rank":168,"last_updated":"2020-04-27T02:58:10.000Z","quote":{"USD":{"price":0.0156574280125,"volume_24h":25624443.0070949,"percent_change_1h":0.384196,"percent_change_24h":3.1494,"percent_change_7d":7.65986,"market_cap":15188741.34045914,"last_updated":"2020-04-27T02:58:10.000Z"}}},{"id":5217,"name":"3X Long Ethereum Token","symbol":"ETHBULL","slug":"3x-long-ethereum-token","num_market_pairs":7,"date_added":"2020-02-11T00:00:00.000Z","tags":[],"max_supply":null,"circulating_supply":null,"total_supply":2688.70054275,"platform":{"id":1027,"name":"Ethereum","symbol":"ETH","slug":"ethereum","token_address":"0x871baed4088b863fd6407159f3672d70cd34837d"},"cmc_rank":2033,"last_updated":"2020-04-27T02:58:17.000Z","quote":{"USD":{"price":214.778392761,"volume_24h":22597754.1611023,"percent_change_1h":0.575191,"percent_change_24h":3.78608,"percent_change_7d":22.6288,"market_cap":null,"last_updated":"2020-04-27T02:58:17.000Z"}}},{"id":5414,"name":"3x Long EOS Token","symbol":"EOSBULL","slug":"3x-long-eos-token","num_market_pairs":5,"date_added":"2020-04-06T00:00:00.000Z","tags":[],"max_supply":null,"circulating_supply":null,"total_supply":1057300.976,"platform":{"id":1027,"name":"Ethereum","symbol":"ETH","slug":"ethereum","token_address":"0xeaD7F3ae4e0Bb0D8785852Cc37CC9d0B5e75c06a"},"cmc_rank":2034,"last_updated":"2020-04-27T02:58:17.000Z","quote":{"USD":{"price":6.5171426068,"volume_24h":21392448.6117812,"percent_change_1h":1.82756,"percent_change_24h":7.72361,"percent_change_7d":17.8643,"market_cap":null,"last_updated":"2020-04-27T02:58:17.000Z"}}},{"id":2299,"name":"aelf","symbol":"ELF","slug":"aelf","num_market_pairs":79,"date_added":"2017-12-21T00:00:00.000Z","tags":[],"max_supply":1000000000,"circulating_supply":544480199.986466,"total_supply":879999999.986466,"platform":{"id":1027,"name":"Ethereum","symbol":"ETH","slug":"ethereum","token_address":"0xbf2179859fc6d5bee9bf9158632dc51678a4100e"},"cmc_rank":99,"last_updated":"2020-04-27T02:58:08.000Z","quote":{"USD":{"price":0.0687987137228,"volume_24h":21380912.1606414,"percent_change_1h":-0.0842984,"percent_change_24h":5.26334,"percent_change_7d":9.17241,"market_cap":37459537.40660177,"last_updated":"2020-04-27T02:58:08.000Z"}}},{"id":1903,"name":"HyperCash","symbol":"HC","slug":"hypercash","num_market_pairs":32,"date_added":"2017-08-20T00:00:00.000Z","tags":["mineable"],"max_supply":84000000,"circulating_supply":44590551.873052,"total_supply":44590551.873052,"platform":null,"cmc_rank":87,"last_updated":"2020-04-27T02:58:07.000Z","quote":{"USD":{"price":1.10582808255,"volume_24h":20285632.4879642,"percent_change_1h":0.141522,"percent_change_24h":2.03705,"percent_change_7d":6.7939,"market_cap":49309484.4776234,"last_updated":"2020-04-27T02:58:07.000Z"}}},{"id":1230,"name":"Steem","symbol":"STEEM","slug":"steem","num_market_pairs":31,"date_added":"2016-04-18T00:00:00.000Z","tags":[],"max_supply":null,"circulating_supply":372426334.047,"total_supply":389400428.047,"platform":null,"cmc_rank":69,"last_updated":"2020-04-27T02:58:05.000Z","quote":{"USD":{"price":0.184094081416,"volume_24h":19872271.6036533,"percent_change_1h":1.3995,"percent_change_24h":13.3045,"percent_change_7d":19.2852,"market_cap":68561483.86151083,"last_updated":"2020-04-27T02:58:05.000Z"}}},{"id":2341,"name":"SwftCoin","symbol":"SWFTC","slug":"swftcoin","num_market_pairs":13,"date_added":"2018-01-04T00:00:00.000Z","tags":[],"max_supply":null,"circulating_supply":4004999999,"total_supply":10000000000,"platform":{"id":1027,"name":"Ethereum","symbol":"ETH","slug":"ethereum","token_address":"0x0bb217e40f8a5cb79adf04e1aab60e5abd0dfc1e"},"cmc_rank":394,"last_updated":"2020-04-27T02:58:09.000Z","quote":{"USD":{"price":0.00155489625818,"volume_24h":19423500.4540214,"percent_change_1h":-1.82105,"percent_change_24h":1.60128,"percent_change_7d":25.6516,"market_cap":6227359.512456004,"last_updated":"2020-04-27T02:58:09.000Z"}}},{"id":5161,"name":"WazirX","symbol":"WRX","slug":"wazirx","num_market_pairs":12,"date_added":"2020-02-06T00:00:00.000Z","tags":[],"max_supply":null,"circulating_supply":107404950.010102,"total_supply":1000000000,"platform":{"id":1839,"name":"Binance Coin","symbol":"BNB","slug":"binance-coin","token_address":"bnb19cvhgyrxmkw30hlqs9c5lp966drjzyylytl74z"},"cmc_rank":163,"last_updated":"2020-04-27T02:58:17.000Z","quote":{"USD":{"price":0.149743709187,"volume_24h":18172871.8375853,"percent_change_1h":-1.00211,"percent_change_24h":6.22737,"percent_change_7d":4.63182,"market_cap":16083215.599556988,"last_updated":"2020-04-27T02:58:17.000Z"}}},{"id":5198,"name":"Creditcoin","symbol":"CTC","slug":"creditcoin","num_market_pairs":3,"date_added":"2020-01-31T00:00:00.000Z","tags":[],"max_supply":null,"circulating_supply":null,"total_supply":600000000,"platform":null,"cmc_rank":2035,"last_updated":"2020-04-27T02:58:16.000Z","quote":{"USD":{"price":0.317790636918,"volume_24h":18163951.4070381,"percent_change_1h":-0.876888,"percent_change_24h":-14.133,"percent_change_7d":-24.5359,"market_cap":null,"last_updated":"2020-04-27T02:58:16.000Z"}}},{"id":5221,"name":"Handshake ","symbol":"HNS","slug":"handshake","num_market_pairs":10,"date_added":"2020-02-22T00:00:00.000Z","tags":[],"max_supply":null,"circulating_supply":268078892.322,"total_supply":2040000000,"platform":null,"cmc_rank":245,"last_updated":"2020-04-27T02:58:17.000Z","quote":{"USD":{"price":0.121148257625,"volume_24h":17492886.3795506,"percent_change_1h":0.163239,"percent_change_24h":1.35435,"percent_change_7d":-0.263144,"market_cap":32477290.71085029,"last_updated":"2020-04-27T02:58:17.000Z"}}},{"id":5117,"name":"Origin Protocol","symbol":"OGN","slug":"origin-protocol","num_market_pairs":15,"date_added":"2020-01-09T00:00:00.000Z","tags":[],"max_supply":null,"circulating_supply":33523273.02,"total_supply":1000000000,"platform":{"id":1027,"name":"Ethereum","symbol":"ETH","slug":"ethereum","token_address":"0x8207c1ffc5b6804f6024322ccf34f29c3541ae26"},"cmc_rank":343,"last_updated":"2020-04-27T02:58:16.000Z","quote":{"USD":{"price":0.243565178942,"volume_24h":17291779.0285393,"percent_change_1h":0.866548,"percent_change_24h":4.2794,"percent_change_7d":4.58524,"market_cap":8165101.991837821,"last_updated":"2020-04-27T02:58:16.000Z"}}},{"id":1966,"name":"Decentraland","symbol":"MANA","slug":"decentraland","num_market_pairs":75,"date_added":"2017-09-17T00:00:00.000Z","tags":[],"max_supply":null,"circulating_supply":1370181055.67155,"total_supply":2197925665.03415,"platform":{"id":1027,"name":"Ethereum","symbol":"ETH","slug":"ethereum","token_address":"0x0f5d2fb29fb7d3cfee444a200298f468908cc942"},"cmc_rank":96,"last_updated":"2020-04-27T02:58:07.000Z","quote":{"USD":{"price":0.0305075730606,"volume_24h":16941145.9127348,"percent_change_1h":0.220844,"percent_change_24h":4.35555,"percent_change_7d":4.47157,"market_cap":41800898.66214985,"last_updated":"2020-04-27T02:58:07.000Z"}}},{"id":4779,"name":"HUSD","symbol":"HUSD","slug":"husd","num_market_pairs":18,"date_added":"2019-10-15T00:00:00.000Z","tags":[],"max_supply":null,"circulating_supply":null,"total_supply":87094416.0933887,"platform":{"id":1027,"name":"Ethereum","symbol":"ETH","slug":"ethereum","token_address":"0xdf574c24545e5ffecb9a659c229253d4111d87e1"},"cmc_rank":2036,"last_updated":"2020-04-27T02:58:16.000Z","quote":{"USD":{"price":1.00302491736,"volume_24h":16517029.7554052,"percent_change_1h":-0.139893,"percent_change_24h":-0.243717,"percent_change_7d":-0.138578,"market_cap":null,"last_updated":"2020-04-27T02:58:16.000Z"}}},{"id":4942,"name":"Digital Gold","symbol":"GOLD","slug":"digital-gold","num_market_pairs":3,"date_added":"2019-11-18T00:00:00.000Z","tags":[],"max_supply":null,"circulating_supply":11545.668,"total_supply":17190.543,"platform":{"id":1027,"name":"Ethereum","symbol":"ETH","slug":"ethereum","token_address":"0x0d16450d347c12c086d6c94c76c5aaac35ea07e0"},"cmc_rank":986,"last_updated":"2020-04-27T02:58:16.000Z","quote":{"USD":{"price":56.7605669109,"volume_24h":16208698.6448313,"percent_change_1h":-0.731029,"percent_change_24h":1.85278,"percent_change_7d":3.20061,"market_cap":655338.661045037,"last_updated":"2020-04-27T02:58:16.000Z"}}},{"id":3217,"name":"Ontology Gas","symbol":"ONG","slug":"ontology-gas","num_market_pairs":53,"date_added":"2018-08-23T00:00:00.000Z","tags":[],"max_supply":null,"circulating_supply":null,"total_supply":1000000000,"platform":{"id":2566,"name":"Ontology","symbol":"ONT","slug":"ontology","token_address":""},"cmc_rank":2037,"last_updated":"2020-04-27T02:58:12.000Z","quote":{"USD":{"price":0.0936782854213,"volume_24h":15302944.0523397,"percent_change_1h":0.350956,"percent_change_24h":3.23191,"percent_change_7d":8.87264,"market_cap":null,"last_updated":"2020-04-27T02:58:12.000Z"}}},{"id":5085,"name":"Building Cities Beyond Blockchain","symbol":"BCB","slug":"building-cities-beyond-blockchain","num_market_pairs":3,"date_added":"2019-12-30T00:00:00.000Z","tags":[],"max_supply":66000000,"circulating_supply":null,"total_supply":66000000,"platform":null,"cmc_rank":2038,"last_updated":"2020-04-27T02:58:16.000Z","quote":{"USD":{"price":2.55396475329,"volume_24h":14621500.0990072,"percent_change_1h":-0.187966,"percent_change_24h":-1.73594,"percent_change_7d":-1.43568,"market_cap":null,"last_updated":"2020-04-27T02:58:16.000Z"}}},{"id":1759,"name":"Status","symbol":"SNT","slug":"status","num_market_pairs":84,"date_added":"2017-06-28T00:00:00.000Z","tags":[],"max_supply":null,"circulating_supply":3470483788,"total_supply":6804870174,"platform":{"id":1027,"name":"Ethereum","symbol":"ETH","slug":"ethereum","token_address":"0x744d70fdbe2ba4cf95131626614a1763df805b9e"},"cmc_rank":71,"last_updated":"2020-04-27T02:58:06.000Z","quote":{"USD":{"price":0.0189190348225,"volume_24h":14616912.1840811,"percent_change_1h":-0.398162,"percent_change_24h":-1.56555,"percent_change_7d":8.46103,"market_cap":65658203.636093706,"last_updated":"2020-04-27T02:58:06.000Z"}}},{"id":4846,"name":"Kava","symbol":"KAVA","slug":"kava","num_market_pairs":15,"date_added":"2019-10-25T00:00:00.000Z","tags":[],"max_supply":null,"circulating_supply":35868400.721819,"total_supply":108657719.721819,"platform":{"id":1839,"name":"Binance Coin","symbol":"BNB","slug":"binance-coin","token_address":""},"cmc_rank":135,"last_updated":"2020-04-27T02:58:16.000Z","quote":{"USD":{"price":0.634964546756,"volume_24h":14465020.2248021,"percent_change_1h":0.741955,"percent_change_24h":8.74424,"percent_change_7d":15.5296,"market_cap":22775162.807192385,"last_updated":"2020-04-27T02:58:16.000Z"}}},{"id":4078,"name":"Super Zero","symbol":"SERO","slug":"super-zero","num_market_pairs":15,"date_added":"2019-07-19T00:00:00.000Z","tags":[],"max_supply":647367590,"circulating_supply":257659301,"total_supply":645106564,"platform":null,"cmc_rank":146,"last_updated":"2020-04-27T02:58:15.000Z","quote":{"USD":{"price":0.0810474184264,"volume_24h":14408807.2819198,"percent_change_1h":-0.281042,"percent_change_24h":6.17994,"percent_change_7d":6.2699,"market_cap":20882621.17960074,"last_updated":"2020-04-27T02:58:15.000Z"}}},{"id":5295,"name":"3X Long BNB Token","symbol":"BNBBULL","slug":"3x-long-bnb-token","num_market_pairs":5,"date_added":"2020-03-11T00:00:00.000Z","tags":[],"max_supply":null,"circulating_supply":null,"total_supply":4975.41633724,"platform":{"id":1027,"name":"Ethereum","symbol":"ETH","slug":"ethereum","token_address":"0x9d1a62c2ad99019768b9126fda004a9952853f6e"},"cmc_rank":2039,"last_updated":"2020-04-27T02:58:17.000Z","quote":{"USD":{"price":120.410147293,"volume_24h":14358825.298621,"percent_change_1h":0.590273,"percent_change_24h":3.99458,"percent_change_7d":3.50556,"market_cap":null,"last_updated":"2020-04-27T02:58:17.000Z"}}},{"id":2469,"name":"Zilliqa","symbol":"ZIL","slug":"zilliqa","num_market_pairs":108,"date_added":"2018-01-25T00:00:00.000Z","tags":["mineable"],"max_supply":21000000000,"circulating_supply":10081056723.1393,"total_supply":13372523876.1393,"platform":null,"cmc_rank":83,"last_updated":"2020-04-27T02:58:10.000Z","quote":{"USD":{"price":0.00516112833465,"volume_24h":14088459.9980954,"percent_change_1h":0.580079,"percent_change_24h":5.87313,"percent_change_7d":19.5109,"market_cap":52029627.497008115,"last_updated":"2020-04-27T02:58:10.000Z"}}},{"id":4943,"name":"Multi-collateral DAI","symbol":"DAI","slug":"multi-collateral-dai","num_market_pairs":75,"date_added":"2019-11-22T00:00:00.000Z","tags":[],"max_supply":null,"circulating_supply":96615321.6551929,"total_supply":97016211.867338,"platform":{"id":1027,"name":"Ethereum","symbol":"ETH","slug":"ethereum","token_address":"0x6b175474e89094c44da98b954eedeac495271d0f"},"cmc_rank":57,"last_updated":"2020-04-27T02:58:17.000Z","quote":{"USD":{"price":1.01075139864,"volume_24h":13716915.886968,"percent_change_1h":0.124114,"percent_change_24h":-0.372276,"percent_change_7d":-0.1788,"market_cap":97654071.49303971,"last_updated":"2020-04-27T02:58:17.000Z"}}},{"id":4899,"name":"Yap Stone","symbol":"YAP","slug":"yap-stone","num_market_pairs":14,"date_added":"2019-11-09T00:00:00.000Z","tags":[],"max_supply":null,"circulating_supply":150000000,"total_supply":1000000000,"platform":{"id":1027,"name":"Ethereum","symbol":"ETH","slug":"ethereum","token_address":""},"cmc_rank":117,"last_updated":"2020-04-27T02:58:16.000Z","quote":{"USD":{"price":0.199630536001,"volume_24h":13524441.2347219,"percent_change_1h":-1.44641,"percent_change_24h":-8.81494,"percent_change_7d":-4.96384,"market_cap":29944580.40015,"last_updated":"2020-04-27T02:58:16.000Z"}}},{"id":2570,"name":"TomoChain","symbol":"TOMO","slug":"tomochain","num_market_pairs":23,"date_added":"2018-03-08T00:00:00.000Z","tags":["mineable"],"max_supply":null,"circulating_supply":70479725,"total_supply":100000000,"platform":null,"cmc_rank":127,"last_updated":"2020-04-27T02:58:09.000Z","quote":{"USD":{"price":0.359401212115,"volume_24h":13488001.0693775,"percent_change_1h":1.80304,"percent_change_24h":-0.211992,"percent_change_7d":10.6789,"market_cap":25330498.594531868,"last_updated":"2020-04-27T02:58:09.000Z"}}},{"id":4273,"name":"Sessia","symbol":"KICKS","slug":"sessia","num_market_pairs":2,"date_added":"2019-08-21T00:00:00.000Z","tags":[],"max_supply":null,"circulating_supply":6145759.45571843,"total_supply":100000000,"platform":{"id":1027,"name":"Ethereum","symbol":"ETH","slug":"ethereum","token_address":"0xd91a6162f146ef85922d9a15ee6eb14a00344586"},"cmc_rank":983,"last_updated":"2020-04-27T02:58:15.000Z","quote":{"USD":{"price":0.107957925164,"volume_24h":13011857.0198599,"percent_change_1h":-0.853164,"percent_change_24h":1.41655,"percent_change_7d":4.37992,"market_cap":663483.4393963956,"last_updated":"2020-04-27T02:58:15.000Z"}}},{"id":5429,"name":"DEAPcoin","symbol":"DEP","slug":"deapcoin","num_market_pairs":2,"date_added":"2020-04-10T00:00:00.000Z","tags":[],"max_supply":30000000000,"circulating_supply":null,"total_supply":30000000000,"platform":{"id":1027,"name":"Ethereum","symbol":"ETH","slug":"ethereum","token_address":"0x1a3496c18d558bd9c6c8f609e1b129f67ab08163"},"cmc_rank":2040,"last_updated":"2020-04-27T02:58:17.000Z","quote":{"USD":{"price":0.00539229385124,"volume_24h":12981663.1893431,"percent_change_1h":-0.229202,"percent_change_24h":3.18118,"percent_change_7d":1.48368,"market_cap":null,"last_updated":"2020-04-27T02:58:17.000Z"}}},{"id":1720,"name":"IOTA","symbol":"MIOTA","slug":"iota","num_market_pairs":53,"date_added":"2017-06-13T00:00:00.000Z","tags":[],"max_supply":2779530283,"circulating_supply":2779530283,"total_supply":2779530283,"platform":null,"cmc_rank":25,"last_updated":"2020-04-27T02:58:06.000Z","quote":{"USD":{"price":0.176708556906,"volume_24h":12978322.3630353,"percent_change_1h":0.199433,"percent_change_24h":2.51749,"percent_change_7d":10.8851,"market_cap":491166785.1854558,"last_updated":"2020-04-27T02:58:06.000Z"}}},{"id":5477,"name":"ECOChain","symbol":"ECOC","slug":"ecochain","num_market_pairs":1,"date_added":"2020-04-20T00:00:00.000Z","tags":[],"max_supply":2000000000,"circulating_supply":null,"total_supply":223217150,"platform":null,"cmc_rank":2041,"last_updated":"2020-04-27T02:58:17.000Z","quote":{"USD":{"price":2.13017348549,"volume_24h":12836569.1889991,"percent_change_1h":-2.48758,"percent_change_24h":6.00292,"percent_change_7d":110.047,"market_cap":null,"last_updated":"2020-04-27T02:58:17.000Z"}}},{"id":1785,"name":"Gas","symbol":"GAS","slug":"gas","num_market_pairs":52,"date_added":"2017-07-06T00:00:00.000Z","tags":[],"max_supply":100000000,"circulating_supply":10128375.105773,"total_supply":17190378,"platform":{"id":1376,"name":"Neo","symbol":"NEO","slug":"neo","token_address":"602c79718b16e442de58778e148d0b1084e3b2dffd5de6b7b16cee7969282de7"},"cmc_rank":190,"last_updated":"2020-04-27T02:58:06.000Z","quote":{"USD":{"price":1.25105499519,"volume_24h":12794763.0130372,"percent_change_1h":0.171749,"percent_change_24h":-1.43724,"percent_change_7d":7.34445,"market_cap":12671154.269235358,"last_updated":"2020-04-27T02:58:06.000Z"}}},{"id":3029,"name":"Zel","symbol":"ZEL","slug":"zel","num_market_pairs":16,"date_added":"2018-08-02T00:00:00.000Z","tags":["mineable"],"max_supply":210000000,"circulating_supply":100456100,"total_supply":100456100,"platform":null,"cmc_rank":580,"last_updated":"2020-04-27T02:58:11.000Z","quote":{"USD":{"price":0.0293400221824,"volume_24h":12506614.2948177,"percent_change_1h":1.81154,"percent_change_24h":9.25277,"percent_change_7d":1.34315,"market_cap":2947384.2023573928,"last_updated":"2020-04-27T02:58:11.000Z"}}},{"id":3966,"name":"BitcoinHD","symbol":"BHD","slug":"bitcoinhd","num_market_pairs":11,"date_added":"2019-05-27T00:00:00.000Z","tags":[],"max_supply":21000000,"circulating_supply":6083016.35,"total_supply":6339465,"platform":null,"cmc_rank":234,"last_updated":"2020-04-27T02:58:15.000Z","quote":{"USD":{"price":6.89173979651,"volume_24h":12084132.7306955,"percent_change_1h":-0.121149,"percent_change_24h":3.33455,"percent_change_7d":15.3691,"market_cap":41922565.862115994,"last_updated":"2020-04-27T02:58:15.000Z"}}},{"id":1414,"name":"Zcoin","symbol":"XZC","slug":"zcoin","num_market_pairs":56,"date_added":"2016-10-06T00:00:00.000Z","tags":["mineable"],"max_supply":21400000,"circulating_supply":9986718.32977796,"total_supply":21400000,"platform":null,"cmc_rank":98,"last_updated":"2020-04-27T02:58:06.000Z","quote":{"USD":{"price":4.07754215648,"volume_24h":11915967.7694903,"percent_change_1h":-0.340588,"percent_change_24h":-1.81178,"percent_change_7d":-2.60651,"market_cap":40721264.994561166,"last_updated":"2020-04-27T02:58:06.000Z"}}}]}